201 203 1 1 2 0 0 0 12501 104 103 104 103 40|3157.20 0
201 203 1 1 2 0 0 0 12502 104 103 104 103 40|3157.58 0
201 203 1 1 2 0 0 0 12503 104 103 104 103 40|3157.82 0
201 203 1 1 2 0 0 0 12504 104 103 104 103 40|3158.39 0
201 203 1 1 2 0 0 0 12506 104 103 104 103 40|3158.73 0
201 203 1 1 2 0 0 0 12507 104 103 104 103 40|3159.00 0
201 203 1 1 2 0 0 0 12509 104 103 104 103 40|3159.04 0
201 203 1 1 2 0 0 0 12510 104 103 104 103 40|3159.85 0
201 203 1 1 2 0 0 0 12515 104 103 104 103 40|3160.57 0
201 203 1 1 2 0 0 0 12525 104 103 104 103 40|3160.67 0
201 203 1 1 2 0 0 0 12532 104 103 104 103 40|3160.77 0
201 203 1 1 2 0 0 0 12540 104 103 104 103 40|3160.81 0
201 203 1 1 2 0 0 0 12542 104 103 104 103 40|3160.84 0
201 203 1 1 2 0 0 0 12544 104 103 104 103 40|3160.86 0
201 203 1 1 2 0 0 0 12557 104 103 104 103 40|3160.90 0
201 203 1 1 2 0 0 0 12575 104 103 104 103 40|3160.95 0
201 203 1 1 2 0 0 0 12577 104 103 104 103 40|3160.98 0
201 203 1 1 2 0 0 0 12583 104 103 104 103 40|3161.00 0
201 203 1 1 2 0 0 0 12586 104 103 104 103 40|3162.05 0
201 203 1 1 2 0 0 0 12589 104 103 104 103 40|3162.43 0
201 203 1 1 2 0 0 0 12592 104 103 104 103 40|3162.97 0
201 203 1 1 2 0 0 0 12599 104 103 104 103 40|3162.99 0
201 203 1 1 2 0 0 0 12600 104 103 104 103 40|3163.01 0
201 203 1 1 2 0 0 0 12617 104 103 104 103 40|3163.10 0
201 203 1 1 2 0 0 0 12620 104 103 104 103 40|3163.13 0
201 203 1 1 2 0 0 0 12622 104 103 104 103 40|3163.15 0
201 203 1 1 2 0 0 0 12626 104 103 104 103 40|3163.17 0
201 203 1 1 2 0 0 0 12633 104 103 104 103 40|3163.20 0
201 203 1 1 2 0 0 0 12639 104 103 104 103 40|3163.25 0
201 203 1 1 2 0 0 0 12643 104 103 104 103 40|3163.28 0
201 203 1 1 2 0 0 0 12651 104 103 104 103 40|3163.30 0
201 203 1 1 2 0 0 0 12653 104 103 104 103 40|3163.32 0
201 203 1 1 2 0 0 0 12656 104 103 104 103 40|3163.34 0
201 203 1 1 2 0 0 0 12658 104 103 104 103 40|3163.36 0
201 203 1 1 2 0 0 0 12667 104 103 104 103 40|3163.39 0
201 203 1 1 2 0 0 0 12669 104 103 104 103 40|3163.43 0
201 203 1 1 2 0 0 0 12672 104 103 104 103 40|3163.45 0
201 203 1 1 2 0 0 0 12683 104 103 104 103 40|3163.48 0
201 203 1 1 2 0 0 0 12685 104 103 104 103 40|3163.51 0
201 203 1 1 2 0 0 0 12691 104 103 104 103 40|3163.53 0
201 203 1 1 2 0 0 0 12697 104 103 104 103 40|3163.57 0
201 203 1 1 2 0 0 0 12699 104 103 104 103 40|3163.59 0
201 203 1 1 2 0 0 0 12704 104 103 104 103 40|3163.62 0
201 203 1 1 2 0 0 0 12707 104 103 104 103 40|3163.65 0
201 203 1 1 2 0 0 0 12713 104 103 104 103 40|3163.67 0
201 203 1 1 2 0 0 0 12714 104 103 104 103 40|3163.69 0
201 203 1 1 2 0 0 0 12716 104 103 104 103 40|3163.71 0
201 203 1 1 2 0 0 0 12720 104 103 104 103 40|3163.75 0
201 203 1 1 2 0 0 0 12724 104 103 104 103 40|3163.78 0
201 203 1 1 2 0 0 0 12727 104 103 104 103 40|3163.79 0
201 203 1 1 2 0 0 0 12730 104 103 104 103 40|3163.83 0
201 203 1 1 2 0 0 0 12731 104 103 104 103 40|3163.85 0
201 203 1 1 2 0 0 0 12735 104 103 104 103 40|3163.87 0
201 203 1 1 2 0 0 0 12737 104 103 104 103 40|3163.89 0
201 203 1 1 2 0 0 0 12741 104 103 104 103 40|3163.91 0
201 203 1 1 2 0 0 0 12742 104 103 104 103 40|3163.94 0
201 203 1 1 2 0 0 0 12746 104 103 104 103 40|3163.96 0
201 203 1 1 2 0 0 0 12748 104 103 104 103 40|3163.98 0
201 203 1 1 2 0 0 0 12752 104 103 104 103 40|3164.00 0
201 203 1 1 2 0 0 0 12756 104 103 104 103 40|3164.03 0
201 203 1 1 2 0 0 0 12758 104 103 104 103 40|3164.05 0
201 203 1 1 2 0 0 0 12761 104 103 104 103 40|3164.07 0
201 203 1 1 2 0 0 0 12763 104 103 104 103 40|3164.09 0
201 203 1 1 2 0 0 0 12765 104 103 104 103 40|3164.11 0
201 203 1 1 2 0 0 0 12768 104 103 104 103 40|3164.13 0
201 203 1 1 2 0 0 0 12773 104 103 104 103 40|3164.16 0
201 203 1 1 2 0 0 0 12775 104 103 104 103 40|3164.19 0
201 203 1 1 2 0 0 0 12781 104 103 104 103 40|3164.21 0
201 203 1 1 2 0 0 0 12783 104 103 104 103 40|3164.23 0
201 203 1 1 2 0 0 0 12784 104 103 104 103 40|3164.24 0
201 203 1 1 2 0 0 0 12788 104 103 104 103 40|3164.26 0
201 203 1 1 2 0 0 0 12791 104 103 104 103 40|3164.28 0
201 203 1 1 2 0 0 0 12792 104 103 104 103 40|3164.30 0
201 203 1 1 2 0 0 0 12796 104 103 104 103 40|3164.32 0
201 203 1 1 2 0 0 0 12798 104 103 104 103 40|3164.34 0
201 203 1 1 2 0 0 0 12803 104 103 104 103 40|3164.37 0
201 203 1 1 2 0 0 0 12808 104 103 104 103 40|3164.41 0
201 203 1 1 2 0 0 0 12814 104 103 104 103 40|3164.44 0
201 203 1 1 2 0 0 0 12818 104 103 104 103 40|3164.46 0
201 203 1 1 2 0 0 0 12820 104 103 104 103 40|3164.48 0
201 203 1 1 2 0 0 0 12822 104 103 104 103 40|3164.50 0
201 203 1 1 2 0 0 0 12828 104 103 104 103 40|3164.53 0
201 203 1 1 2 0 0 0 12833 104 103 104 103 40|3164.55 0
201 203 1 1 2 0 0 0 12835 104 103 104 103 40|3164.57 0
201 203 1 1 2 0 0 0 12836 104 103 104 103 40|3164.59 0
201 203 1 1 2 0 0 0 12842 104 103 104 103 40|3164.61 0
201 203 1 1 2 0 0 0 12843 104 103 104 103 40|3164.63 0
201 203 1 1 2 0 0 0 12846 104 103 104 103 40|3164.65 0
201 203 1 1 2 0 0 0 12848 104 103 104 103 40|3164.67 0
201 203 1 1 2 0 0 0 12853 104 103 104 103 40|3164.70 0
201 203 1 1 2 0 0 0 12860 104 103 104 103 40|3164.75 0
201 203 1 1 2 0 0 0 12866 104 103 104 103 40|3164.80 0
201 203 1 1 2 0 0 0 12869 104 103 104 103 40|3164.82 0
201 203 1 1 2 0 0 0 12875 104 103 104 103 40|3164.84 0
201 203 1 1 2 0 0 0 12878 104 103 104 103 40|3164.86 0
201 203 1 1 2 0 0 0 12884 104 103 104 103 40|3164.88 0
201 203 1 1 2 0 0 0 12891 104 103 104 103 40|3164.93 0
201 203 1 1 2 0 0 0 12901 104 103 104 103 40|3164.97 0
201 203 1 1 2 0 0 0 12904 104 103 104 103 40|3165.00 0
201 203 1 1 2 0 0 0 12908 104 103 104 103 40|3165.02 0
201 203 1 1 2 0 0 0 12915 104 103 104 103 40|3165.05 0
201 203 1 1 2 0 0 0 12919 104 103 104 103 40|3165.08 0
201 203 1 1 2 0 0 0 12920 104 103 104 103 40|3165.10 0
201 203 1 1 2 0 0 0 12924 104 103 104 103 40|3165.12 0
201 203 1 1 2 0 0 0 12928 104 103 104 103 40|3165.16 0
201 203 1 1 2 0 0 0 12929 104 103 104 103 40|3165.18 0
201 203 1 1 2 0 0 0 12936 104 103 104 103 40|3165.21 0
201 203 1 1 2 0 0 0 12947 104 103 104 103 40|3165.25 0
201 203 1 1 2 0 0 0 12953 104 103 104 103 40|3165.27 0
201 203 1 1 2 0 0 0 12963 104 103 104 103 40|3165.29 0
201 203 1 1 2 0 0 0 12968 104 103 104 103 40|3165.33 0
201 203 1 1 2 0 0 0 12976 104 103 104 103 40|3165.36 0
201 203 1 1 2 0 0 0 12980 104 103 104 103 40|3165.39 0
201 203 1 1 2 0 0 0 12992 104 103 104 103 40|3165.42 0
201 203 1 1 2 0 0 0 12998 104 103 104 103 40|3165.44 0
201 203 1 1 2 0 0 0 13003 104 103 104 103 40|3165.46 0
201 203 1 1 2 0 0 0 13011 104 103 104 103 40|3165.48 0
201 203 1 1 2 0 0 0 13013 104 103 104 103 40|3165.51 0
201 203 1 1 2 0 0 0 13023 104 103 104 103 40|3165.54 0
201 203 1 1 2 0 0 0 13027 104 103 104 103 40|3165.56 0
201 203 1 1 2 0 0 0 13032 104 103 104 103 40|3165.58 0
201 203 1 1 2 0 0 0 13036 104 103 104 103 40|3165.60 0
201 203 1 1 2 0 0 0 13037 104 103 104 103 40|3165.62 0
201 203 1 1 2 0 0 0 13038 104 103 104 103 40|3165.73 0
201 203 1 1 2 0 0 0 13039 104 103 104 103 40|3165.75 0
201 203 1 1 2 0 0 0 13040 104 103 104 103 40|3166.38 0
201 203 1 1 2 0 0 0 13048 104 103 104 103 40|3166.41 0
201 203 1 1 2 0 0 0 13050 104 103 104 103 40|3166.44 0
201 203 1 1 2 0 0 0 13062 104 103 104 103 40|3166.52 0
201 203 1 1 2 0 0 0 13064 104 103 104 103 40|3166.61 0
201 203 1 1 2 0 0 0 13074 104 103 104 103 40|3166.65 0
201 203 1 1 2 0 0 0 13084 104 103 104 103 40|3166.67 0
201 203 1 1 2 0 0 0 13085 104 103 104 103 40|3166.71 0
201 203 1 1 2 0 0 0 13097 104 103 104 103 40|3166.75 0
201 203 1 1 2 0 0 0 13098 104 103 104 103 40|3166.77 0
201 203 1 1 2 0 0 0 13103 104 103 104 103 40|3166.79 0
201 203 1 1 2 0 0 0 13108 104 103 104 103 40|3166.81 0
201 203 1 1 2 0 0 0 13110 104 103 104 103 40|3166.83 0
201 203 1 1 2 0 0 0 13115 104 103 104 103 40|3166.84 0
201 203 1 1 2 0 0 0 13116 104 103 104 103 40|3167.53 0
201 203 1 1 2 0 0 0 13118 104 103 104 103 40|3168.13 0
201 203 1 1 2 0 0 0 13121 104 103 104 103 40|3168.21 0
201 203 1 1 2 0 0 0 13123 104 103 104 103 40|3168.74 0
201 203 1 1 2 0 0 0 13124 104 103 104 103 40|3168.88 0
201 203 1 1 2 0 0 0 13126 104 103 104 103 40|3168.89 0
201 203 1 1 2 0 0 0 13128 104 103 104 103 40|3168.91 0
201 203 1 1 2 0 0 0 13133 104 103 104 103 40|3168.94 0
201 203 1 1 2 0 0 0 13135 104 103 104 103 40|3168.97 0
201 203 1 1 2 0 0 0 13137 104 103 104 103 40|3168.99 0
201 203 1 1 2 0 0 0 13142 104 103 104 103 40|3169.02 0
201 203 1 1 2 0 0 0 13145 104 103 104 103 40|3169.03 0
201 203 1 1 2 0 0 0 13149 104 103 104 103 40|3169.06 0
201 203 1 1 2 0 0 0 13158 104 103 104 103 40|3169.11 0
201 203 1 1 2 0 0 0 13161 104 103 104 103 40|3169.14 0
201 203 1 1 2 0 0 0 13167 104 103 104 103 40|3169.17 0
201 203 1 1 2 0 0 0 13174 104 103 104 103 40|3169.19 0
201 203 1 1 2 0 0 0 13178 104 103 104 103 40|3169.21 0
201 203 1 1 2 0 0 0 13179 104 103 104 103 40|3169.23 0
201 203 1 1 2 0 0 0 13185 104 103 104 103 40|3169.25 0
201 203 1 1 2 0 0 0 13188 104 103 104 103 40|3169.27 0
201 203 1 1 2 0 0 0 13190 104 103 104 103 40|3169.29 0
201 203 1 1 2 0 0 0 13198 104 103 104 103 40|3169.32 0
201 203 1 1 2 0 0 0 13202 104 103 104 103 40|3169.35 0
201 203 1 1 2 0 0 0 13208 104 103 104 103 40|3169.37 0
201 203 1 1 2 0 0 0 13213 104 103 104 103 40|3169.40 0
201 203 1 1 2 0 0 0 13218 104 103 104 103 40|3169.44 0
201 203 1 1 2 0 0 0 13220 104 103 104 103 40|3169.45 0
201 203 1 1 2 0 0 0 13227 104 103 104 103 40|3169.48 0
201 203 1 1 2 0 0 0 13233 104 103 104 103 40|3169.52 0
201 203 1 1 2 0 0 0 13237 104 103 104 103 40|3169.54 0
201 203 1 1 2 0 0 0 13240 104 103 104 103 40|3169.58 0
201 203 1 1 2 0 0 0 13247 104 103 104 103 40|3169.61 0
201 203 1 1 2 0 0 0 13254 104 103 104 103 40|3169.65 0
201 203 1 1 2 0 0 0 13257 104 103 104 103 40|3169.70 0
201 203 1 1 2 0 0 0 13261 104 103 104 103 40|3169.72 0
201 203 1 1 2 0 0 0 13265 104 103 104 103 40|3169.74 0
201 203 1 1 2 0 0 0 13270 104 103 104 103 40|3169.76 0
201 203 1 1 2 0 0 0 13271 104 103 104 103 40|3169.79 0
201 203 1 1 2 0 0 0 13277 104 103 104 103 40|3169.81 0
201 203 1 1 2 0 0 0 13281 104 103 104 103 40|3169.83 0
201 203 1 1 2 0 0 0 13285 104 103 104 103 40|3169.85 0
201 203 1 1 2 0 0 0 13288 104 103 104 103 40|3169.87 0
201 203 1 1 2 0 0 0 13292 104 103 104 103 40|3169.89 0
201 203 1 1 2 0 0 0 13294 104 103 104 103 40|3169.91 0
201 203 1 1 2 0 0 0 13298 104 103 104 103 40|3169.93 0
201 203 1 1 2 0 0 0 13300 104 103 104 103 40|3169.95 0
201 203 1 1 2 0 0 0 13302 104 103 104 103 40|3169.97 0
201 203 1 1 2 0 0 0 13308 104 103 104 103 40|3170.01 0
201 203 1 1 2 0 0 0 13310 104 103 104 103 40|3170.03 0
201 203 1 1 2 0 0 0 13314 104 103 104 103 40|3170.06 0
201 203 1 1 2 0 0 0 13323 104 103 104 103 40|3170.09 0
201 203 1 1 2 0 0 0 13334 104 103 104 103 40|3170.12 0
201 203 1 1 2 0 0 0 13336 104 103 104 103 40|3170.14 0
201 203 1 1 2 0 0 0 13340 104 103 104 103 40|3170.17 0
201 203 1 1 2 0 0 0 13347 104 103 104 103 40|3170.20 0
201 203 1 1 2 0 0 0 13352 104 103 104 103 40|3170.22 0
201 203 1 1 2 0 0 0 13357 104 103 104 103 40|3170.26 0
201 203 1 1 2 0 0 0 13364 104 103 104 103 40|3170.29 0
201 203 1 1 2 0 0 0 13367 104 103 104 103 40|3170.32 0
201 203 1 1 2 0 0 0 13368 104 103 104 103 40|3170.34 0
201 203 1 1 2 0 0 0 13376 104 103 104 103 40|3170.36 0
201 203 1 1 2 0 0 0 13381 104 103 104 103 40|3170.38 0
201 203 1 1 2 0 0 0 13384 104 103 104 103 40|3170.40 0
201 203 1 1 2 0 0 0 13392 104 103 104 103 40|3170.44 0
201 203 1 1 2 0 0 0 13399 104 103 104 103 40|3170.48 0
201 203 1 1 2 0 0 0 13405 104 103 104 103 40|3170.52 0
201 203 1 1 2 0 0 0 13407 104 103 104 103 40|3170.55 0
201 203 1 1 2 0 0 0 13416 104 103 104 103 40|3170.58 0
201 203 1 1 2 0 0 0 13420 104 103 104 103 40|3170.61 0
201 203 1 1 2 0 0 0 13422 104 103 104 103 40|3170.63 0
201 203 1 1 2 0 0 0 13425 104 103 104 103 40|3170.65 0
201 203 1 1 2 0 0 0 13427 104 103 104 103 40|3170.67 0
201 203 1 1 2 0 0 0 13432 104 103 104 103 40|3170.69 0
201 203 1 1 2 0 0 0 13435 104 103 104 103 40|3170.71 0
201 203 1 1 2 0 0 0 13441 104 103 104 103 40|3170.73 0
201 203 1 1 2 0 0 0 13447 104 103 104 103 40|3170.80 0
201 203 1 1 2 0 0 0 13449 104 103 104 103 40|3170.82 0
201 203 1 1 2 0 0 0 13455 104 103 104 103 40|3170.85 0
201 203 1 1 2 0 0 0 13459 104 103 104 103 40|3170.87 0
201 203 1 1 2 0 0 0 13463 104 103 104 103 40|3170.91 0
201 203 1 1 2 0 0 0 13465 104 103 104 103 40|3170.93 0
201 203 1 1 2 0 0 0 13470 104 103 104 103 40|3170.95 0
201 203 1 1 2 0 0 0 13473 104 103 104 103 40|3170.97 0
201 203 1 1 2 0 0 0 13484 104 103 104 103 40|3171.01 0
201 203 1 1 2 0 0 0 13493 104 103 104 103 40|3171.05 0
201 203 1 1 2 0 0 0 13502 104 103 104 103 40|3171.09 0
201 203 1 1 2 0 0 0 13510 104 103 104 103 40|3171.13 0
201 203 1 1 2 0 0 0 13525 104 103 104 103 40|3171.17 0
201 203 1 1 2 0 0 0 13526 104 103 104 103 40|3171.19 0
201 203 1 1 2 0 0 0 13532 104 103 104 103 40|3171.21 0
201 203 1 1 2 0 0 0 13534 104 103 104 103 40|3171.23 0
201 203 1 1 2 0 0 0 13544 104 103 104 103 40|3171.27 0
201 203 1 1 2 0 0 0 13549 104 103 104 103 40|3171.29 0
201 203 1 1 2 0 0 0 13555 104 103 104 103 40|3171.33 0
201 203 1 1 2 0 0 0 13558 104 103 104 103 40|3171.36 0
201 203 1 1 2 0 0 0 13564 104 103 104 103 40|3171.38 0
201 203 1 1 2 0 0 0 13573 104 103 104 103 40|3171.42 0
201 203 1 1 2 0 0 0 13578 104 103 104 103 40|3171.45 0
201 203 1 1 2 0 0 0 13580 104 103 104 103 40|3171.47 0
201 203 1 1 2 0 0 0 13588 104 103 104 103 40|3171.52 0
201 203 1 1 2 0 0 0 13592 104 103 104 103 40|3171.55 0
201 203 1 1 2 0 0 0 13599 104 103 104 103 40|3171.57 0
201 203 1 1 2 0 0 0 13601 104 103 104 103 40|3171.59 0
201 203 1 1 2 0 0 0 13604 104 103 104 103 40|3171.61 0
201 203 1 1 2 0 0 0 13616 104 103 104 103 40|3171.64 0
201 203 1 1 2 0 0 0 13618 104 103 104 103 40|3171.67 0
201 203 1 1 2 0 0 0 13626 104 103 104 103 40|3171.69 0
201 203 1 1 2 0 0 0 13634 104 103 104 103 40|3171.71 0
201 203 1 1 2 0 0 0 13639 104 103 104 103 40|3171.74 0
201 203 1 1 2 0 0 0 13643 104 103 104 103 40|3171.76 0
201 203 1 1 2 0 0 0 13649 104 103 104 103 40|3171.78 0
201 203 1 1 2 0 0 0 13657 104 103 104 103 40|3171.81 0
201 203 1 1 2 0 0 0 13665 104 103 104 103 40|3171.83 0
201 203 1 1 2 0 0 0 13668 104 103 104 103 40|3171.85 0
201 203 1 1 2 0 0 0 13675 104 103 104 103 40|3171.87 0
201 203 1 1 2 0 0 0 13677 104 103 104 103 40|3171.89 0
201 203 1 1 2 0 0 0 13683 104 103 104 103 40|3171.91 0
201 203 1 1 2 0 0 0 13687 104 103 104 103 40|3171.93 0
201 203 1 1 2 0 0 0 13692 104 103 104 103 40|3171.96 0
201 203 1 1 2 0 0 0 13698 104 103 104 103 40|3171.98 0
201 203 1 1 2 0 0 0 13700 104 103 104 103 40|3171.99 0
201 203 1 1 2 0 0 0 13704 104 103 104 103 40|3172.01 0
201 203 1 1 2 0 0 0 13711 104 103 104 103 40|3172.08 0
201 203 1 1 2 0 0 0 13718 104 103 104 103 40|3172.11 0
201 203 1 1 2 0 0 0 13723 104 103 104 103 40|3172.13 0
201 203 1 1 2 0 0 0 13728 104 103 104 103 40|3172.15 0
201 203 1 1 2 0 0 0 13734 104 103 104 103 40|3172.17 0
201 203 1 1 2 0 0 0 13738 104 103 104 103 40|3172.19 0
201 203 1 1 2 0 0 0 13746 104 103 104 103 40|3172.22 0
201 203 1 1 2 0 0 0 13750 104 103 104 103 40|3172.27 0
201 203 1 1 2 0 0 0 13759 104 103 104 103 40|3172.30 0
201 203 1 1 2 0 0 0 13765 104 103 104 103 40|3172.32 0
201 203 1 1 2 0 0 0 13769 104 103 104 103 40|3172.34 0
201 203 1 1 2 0 0 0 13775 104 103 104 103 40|3172.39 0
201 203 1 1 2 0 0 0 13777 104 103 104 103 40|3172.41 0
201 203 1 1 2 0 0 0 13782 104 103 104 103 40|3172.44 0
201 203 1 1 2 0 0 0 13784 104 103 104 103 40|3172.46 0
201 203 1 1 2 0 0 0 13791 104 103 104 103 40|3172.48 0
201 203 1 1 2 0 0 0 13793 104 103 104 103 40|3172.50 0
201 203 1 1 2 0 0 0 13804 104 103 104 103 40|3172.54 0
201 203 1 1 2 0 0 0 13813 104 103 104 103 40|3172.57 0
201 203 1 1 2 0 0 0 13815 104 103 104 103 40|3172.59 0
201 203 1 1 2 0 0 0 13825 104 103 104 103 40|3172.62 0
201 203 1 1 2 0 0 0 13830 104 103 104 103 40|3172.65 0
201 203 1 1 2 0 0 0 13834 104 103 104 103 40|3172.67 0
201 203 1 1 2 0 0 0 13840 104 103 104 103 40|3172.69 0
201 203 1 1 2 0 0 0 13842 104 103 104 103 40|3172.71 0
201 203 1 1 2 0 0 0 13844 104 103 104 103 40|3172.73 0
201 203 1 1 2 0 0 0 13855 104 103 104 103 40|3172.77 0
201 203 1 1 2 0 0 0 13857 104 103 104 103 40|3172.79 0
201 203 1 1 2 0 0 0 13859 104 103 104 103 40|3172.82 0
201 203 1 1 2 0 0 0 13866 104 103 104 103 40|3172.85 0
201 203 1 1 2 0 0 0 13872 104 103 104 103 40|3172.87 0
201 203 1 1 2 0 0 0 13874 104 103 104 103 40|3172.90 0
201 203 1 1 2 0 0 0 13878 104 103 104 103 40|3172.91 0
201 203 1 1 2 0 0 0 13880 104 103 104 103 40|3172.93 0
201 203 1 1 2 0 0 0 13886 104 103 104 103 40|3172.96 0
201 203 1 1 2 0 0 0 13887 104 103 104 103 40|3172.98 0
201 203 1 1 2 0 0 0 13892 104 103 104 103 40|3173.00 0
201 203 1 1 2 0 0 0 13893 104 103 104 103 40|3173.02 0
201 203 1 1 2 0 0 0 13897 104 103 104 103 40|3173.04 0
201 203 1 1 2 0 0 0 13899 104 103 104 103 40|3173.05 0
201 203 1 1 2 0 0 0 13903 104 103 104 103 40|3173.09 0
201 203 1 1 2 0 0 0 13907 104 103 104 103 40|3173.11 0
201 203 1 1 2 0 0 0 13911 104 103 104 103 40|3173.13 0
201 203 1 1 2 0 0 0 13913 104 103 104 103 40|3173.14 0
201 203 1 1 2 0 0 0 13918 104 103 104 103 40|3173.16 0
201 203 1 1 2 0 0 0 13922 104 103 104 103 40|3173.19 0
201 203 1 1 2 0 0 0 13926 104 103 104 103 40|3173.21 0
201 203 1 1 2 0 0 0 13928 104 103 104 103 40|3173.23 0
201 203 1 1 2 0 0 0 13932 104 103 104 103 40|3173.25 0
201 203 1 1 2 0 0 0 13939 104 103 104 103 40|3173.29 0
201 203 1 1 2 0 0 0 13945 104 103 104 103 40|3173.32 0
201 203 1 1 2 0 0 0 13954 104 103 104 103 40|3173.35 0
201 203 1 1 2 0 0 0 13958 104 103 104 103 40|3173.38 0
201 203 1 1 2 0 0 0 13961 104 103 104 103 40|3173.40 0
201 203 1 1 2 0 0 0 13965 104 103 104 103 40|3173.42 0
201 203 1 1 2 0 0 0 13968 104 103 104 103 40|3173.44 0
201 203 1 1 2 0 0 0 13971 104 103 104 103 40|3173.46 0
201 203 1 1 2 0 0 0 13980 104 103 104 103 40|3173.50 0
201 203 1 1 2 0 0 0 13982 104 103 104 103 40|3173.52 0
201 203 1 1 2 0 0 0 13986 104 103 104 103 40|3173.54 0
201 203 1 1 2 0 0 0 13989 104 103 104 103 40|3173.58 0
201 203 1 1 2 0 0 0 13994 104 103 104 103 40|3173.61 0
201 203 1 1 2 0 0 0 13998 104 103 104 103 40|3173.65 0
201 203 1 1 2 0 0 0 14001 104 103 104 103 40|3173.67 0
201 203 1 1 2 0 0 0 14003 104 103 104 103 40|3173.69 0
201 203 1 1 2 0 0 0 14005 104 103 104 103 40|3173.71 0
201 203 1 1 2 0 0 0 14008 104 103 104 103 40|3173.73 0
201 203 1 1 2 0 0 0 14012 104 103 104 103 40|3173.75 0
201 203 1 1 2 0 0 0 14015 104 103 104 103 40|3173.77 0
201 203 1 1 2 0 0 0 14022 104 103 104 103 40|3173.80 0
201 203 1 1 2 0 0 0 14026 104 103 104 103 40|3173.82 0
201 203 1 1 2 0 0 0 14034 104 103 104 103 40|3173.84 0
201 203 1 1 2 0 0 0 14036 104 103 104 103 40|3173.86 0
201 203 1 1 2 0 0 0 14040 104 103 104 103 40|3173.89 0
201 203 1 1 2 0 0 0 14043 104 103 104 103 40|3173.91 0
201 203 1 1 2 0 0 0 14048 104 103 104 103 40|3173.93 0
201 203 1 1 2 0 0 0 14051 104 103 104 103 40|3173.95 0
201 203 1 1 2 0 0 0 14054 104 103 104 103 40|3173.97 0
201 203 1 1 2 0 0 0 14066 104 103 104 103 40|3174.01 0
201 203 1 1 2 0 0 0 14070 104 103 104 103 40|3174.03 0
201 203 1 1 2 0 0 0 14078 104 103 104 103 40|3174.04 0
201 203 1 1 2 0 0 0 14083 104 103 104 103 40|3174.07 0
201 203 1 1 2 0 0 0 14094 104 103 104 103 40|3174.12 0
201 203 1 1 2 0 0 0 14098 104 103 104 103 40|3174.15 0
201 203 1 1 2 0 0 0 14106 104 103 104 103 40|3174.18 0
201 203 1 1 2 0 0 0 14114 104 103 104 103 40|3174.22 0
201 203 1 1 2 0 0 0 14122 104 103 104 103 40|3174.26 0
201 203 1 1 2 0 0 0 14127 104 103 104 103 40|3174.30 0
201 203 1 1 2 0 0 0 14132 104 103 104 103 40|3174.32 0
201 203 1 1 2 0 0 0 14135 104 103 104 103 40|3174.34 0
201 203 1 1 2 0 0 0 14136 104 103 104 103 40|3174.36 0
201 203 1 1 2 0 0 0 14139 104 103 104 103 40|3174.38 0
201 203 1 1 2 0 0 0 14143 104 103 104 103 40|3174.40 0
201 203 1 1 2 0 0 0 14145 104 103 104 103 40|3174.42 0
201 203 1 1 2 0 0 0 14160 104 103 104 103 40|3174.46 0
201 203 1 1 2 0 0 0 14168 104 103 104 103 40|3174.51 0
201 203 1 1 2 0 0 0 14174 104 103 104 103 40|3174.54 0
201 203 1 1 2 0 0 0 14177 104 103 104 103 40|3174.56 0
201 203 1 1 2 0 0 0 14179 104 103 104 103 40|3174.58 0
201 203 1 1 2 0 0 0 14184 104 103 104 103 40|3174.60 0
201 203 1 1 2 0 0 0 14188 104 103 104 103 40|3174.62 0
201 203 1 1 2 0 0 0 14194 104 103 104 103 40|3174.64 0
201 203 1 1 2 0 0 0 14196 104 103 104 103 40|3174.66 0
201 203 1 1 2 0 0 0 14198 104 103 104 103 40|3174.68 0
201 203 1 1 2 0 0 0 14206 104 103 104 103 40|3174.70 0
201 203 1 1 2 0 0 0 14210 104 103 104 103 40|3174.73 0
201 203 1 1 2 0 0 0 14214 104 103 104 103 40|3174.76 0
201 203 1 1 2 0 0 0 14223 104 103 104 103 40|3174.80 0
201 203 1 1 2 0 0 0 14227 104 103 104 103 40|3174.83 0
201 203 1 1 2 0 0 0 14237 104 103 104 103 40|3174.87 0
201 203 1 1 2 0 0 0 14243 104 103 104 103 40|3174.90 0
201 203 1 1 2 0 0 0 14245 104 103 104 103 40|3174.92 0
201 203 1 1 2 0 0 0 14249 104 103 104 103 40|3174.94 0
201 203 1 1 2 0 0 0 14257 104 103 104 103 40|3174.97 0
201 203 1 1 2 0 0 0 14260 104 103 104 103 40|3175.00 0
201 203 1 1 2 0 0 0 14267 104 103 104 103 40|3175.04 0
201 203 1 1 2 0 0 0 14272 104 103 104 103 40|3175.09 0
201 203 1 1 2 0 0 0 14273 104 103 104 103 40|3175.11 0
201 203 1 1 2 0 0 0 14277 104 103 104 103 40|3175.13 0
201 203 1 1 2 0 0 0 14287 104 103 104 103 40|3175.17 0
201 203 1 1 2 0 0 0 14295 104 103 104 103 40|3175.20 0
201 203 1 1 2 0 0 0 14298 104 103 104 103 40|3175.22 0
201 203 1 1 2 0 0 0 14302 104 103 104 103 40|3175.24 0
201 203 1 1 2 0 0 0 14308 104 103 104 103 40|3175.26 0
201 203 1 1 2 0 0 0 14310 104 103 104 103 40|3175.31 0
201 203 1 1 2 0 0 0 14312 104 103 104 103 40|3175.44 0
201 203 1 1 2 0 0 0 14315 104 103 104 103 40|3175.83 0
201 203 1 1 2 0 0 0 14319 104 103 104 103 40|3175.85 0
201 203 1 1 2 0 0 0 14321 104 103 104 103 40|3175.89 0
201 203 1 1 2 0 0 0 14327 104 103 104 103 40|3175.95 0
201 203 1 1 2 0 0 0 14334 104 103 104 103 40|3175.97 0
201 203 1 1 2 0 0 0 14337 104 103 104 103 40|3176.05 0
201 203 1 1 2 0 0 0 14348 104 103 104 103 40|3176.08 0
201 203 1 1 2 0 0 0 14355 104 103 104 103 40|3176.12 0
201 203 1 1 2 0 0 0 14357 104 103 104 103 40|3176.14 0
201 203 1 1 2 0 0 0 14364 104 103 104 103 40|3176.17 0
201 203 1 1 2 0 0 0 14374 104 103 104 103 40|3176.19 0
201 203 1 1 2 0 0 0 14376 104 103 104 103 40|3176.22 0
201 203 1 1 2 0 0 0 14390 104 103 104 103 40|3176.26 0
201 203 1 1 2 0 0 0 14391 104 103 104 103 40|3176.28 0
201 203 1 1 2 0 0 0 14392 104 103 104 103 40|3176.60 0
201 203 1 1 2 0 0 0 14394 104 103 104 103 40|3176.62 0
201 203 1 1 2 0 0 0 14395 104 103 104 103 40|3176.66 0
201 203 1 1 2 0 0 0 14396 104 103 104 103 40|3176.68 0
201 203 1 1 2 0 0 0 14397 104 103 104 103 40|3177.13 0
201 203 1 1 2 0 0 0 14400 104 103 104 103 40|3177.76 0
201 203 1 1 2 0 0 0 14402 104 103 104 103 40|3178.18 0
201 203 1 1 2 0 0 0 14403 104 103 104 103 40|3178.20 0
201 203 1 1 2 0 0 0 14410 104 103 104 103 40|3178.26 0
201 203 1 1 2 0 0 0 14413 104 103 104 103 40|3178.28 0
201 203 1 1 2 0 0 0 14417 104 103 104 103 40|3178.35 0
201 203 1 1 2 0 0 0 14423 104 103 104 103 40|3178.38 0
201 203 1 1 2 0 0 0 14424 104 103 104 103 40|3178.40 0
201 203 1 1 2 0 0 0 14430 104 103 104 103 40|3178.44 0
201 203 1 1 2 0 0 0 14437 104 103 104 103 40|3178.48 0
201 203 1 1 2 0 0 0 14440 104 103 104 103 40|3178.50 0
201 203 1 1 2 0 0 0 14443 104 103 104 103 40|3178.52 0
201 203 1 1 2 0 0 0 14446 104 103 104 103 40|3178.54 0
201 203 1 1 2 0 0 0 14450 104 103 104 103 40|3178.56 0
201 203 1 1 2 0 0 0 14455 104 103 104 103 40|3178.60 0
201 203 1 1 2 0 0 0 14459 104 103 104 103 40|3178.62 0
201 203 1 1 2 0 0 0 14464 104 103 104 103 40|3178.64 0
201 203 1 1 2 0 0 0 14466 104 103 104 103 40|3178.66 0
201 203 1 1 2 0 0 0 14469 104 103 104 103 40|3178.68 0
201 203 1 1 2 0 0 0 14472 104 103 104 103 40|3178.74 0
201 203 1 1 2 0 0 0 14486 104 103 104 103 40|3178.76 0
201 203 1 1 2 0 0 0 14488 104 103 104 103 40|3178.78 0
201 203 1 1 2 0 0 0 14492 104 103 104 103 40|3178.81 0
201 203 1 1 2 0 0 0 14496 104 103 104 103 40|3178.83 0
201 203 1 1 2 0 0 0 14506 104 103 104 103 40|3178.86 0
201 203 1 1 2 0 0 0 14512 104 103 104 103 40|3178.89 0
201 203 1 1 2 0 0 0 14520 104 103 104 103 40|3178.91 0
201 203 1 1 2 0 0 0 14528 104 103 104 103 40|3178.97 0
201 203 1 1 2 0 0 0 14535 104 103 104 103 40|3178.99 0
201 203 1 1 2 0 0 0 14539 104 103 104 103 40|3179.01 0
201 203 1 1 2 0 0 0 14547 104 103 104 103 40|3179.03 0
201 203 1 1 2 0 0 0 14554 104 103 104 103 40|3179.06 0
201 203 1 1 2 0 0 0 14561 104 103 104 103 40|3179.08 0
201 203 1 1 2 0 0 0 14569 104 103 104 103 40|3179.12 0
201 203 1 1 2 0 0 0 14575 104 103 104 103 40|3179.15 0
201 203 1 1 2 0 0 0 14578 104 103 104 103 40|3179.17 0
201 203 1 1 2 0 0 0 14579 104 103 104 103 40|3179.20 0
201 203 1 1 2 0 0 0 14587 104 103 104 103 40|3179.22 0
201 203 1 1 2 0 0 0 14592 104 103 104 103 40|3179.24 0
201 203 1 1 2 0 0 0 14599 104 103 104 103 40|3179.28 0
201 203 1 1 2 0 0 0 14601 104 103 104 103 40|3179.30 0
201 203 1 1 2 0 0 0 14604 104 103 104 103 40|3179.32 0
201 203 1 1 2 0 0 0 14606 104 103 104 103 40|3179.35 0
201 203 1 1 2 0 0 0 14612 104 103 104 103 40|3179.39 0
201 203 1 1 2 0 0 0 14619 104 103 104 103 40|3179.44 0
201 203 1 1 2 0 0 0 14623 104 103 104 103 40|3179.47 0
201 203 1 1 2 0 0 0 14628 104 103 104 103 40|3179.49 0
201 203 1 1 2 0 0 0 14631 104 103 104 103 40|3179.54 0
201 203 1 1 2 0 0 0 14634 104 103 104 103 40|3179.56 0
201 203 1 1 2 0 0 0 14639 104 103 104 103 40|3179.58 0
201 203 1 1 2 0 0 0 14641 104 103 104 103 40|3179.60 0
201 203 1 1 2 0 0 0 14643 104 103 104 103 40|3179.62 0
201 203 1 1 2 0 0 0 14651 104 103 104 103 40|3179.66 0
201 203 1 1 2 0 0 0 14654 104 103 104 103 40|3179.68 0
201 203 1 1 2 0 0 0 14656 104 103 104 103 40|3179.70 0
201 203 1 1 2 0 0 0 14659 104 103 104 103 40|3179.72 0
201 203 1 1 2 0 0 0 14660 104 103 104 103 40|3179.76 0
201 203 1 1 2 0 0 0 14668 104 103 104 103 40|3179.78 0
201 203 1 1 2 0 0 0 14674 104 103 104 103 40|3179.81 0
201 203 1 1 2 0 0 0 14679 104 103 104 103 40|3179.82 0
201 203 1 1 2 0 0 0 14685 104 103 104 103 40|3179.84 0
201 203 1 1 2 0 0 0 14688 104 103 104 103 40|3179.86 0
201 203 1 1 2 0 0 0 14697 104 103 104 103 40|3179.88 0
201 203 1 1 2 0 0 0 14700 104 103 104 103 40|3179.90 0
201 203 1 1 2 0 0 0 14707 104 103 104 103 40|3179.92 0
201 203 1 1 2 0 0 0 14716 104 103 104 103 40|3179.95 0
201 203 1 1 2 0 0 0 14721 104 103 104 103 40|3179.97 0
201 203 1 1 2 0 0 0 14730 104 103 104 103 40|3180.00 0
201 203 1 1 2 0 0 0 14734 104 103 104 103 40|3180.03 0
201 203 1 1 2 0 0 0 14744 104 103 104 103 40|3180.05 0
201 203 1 1 2 0 0 0 14748 104 103 104 103 40|3180.07 0
201 203 1 1 2 0 0 0 14755 104 103 104 103 40|3180.10 0
201 203 1 1 2 0 0 0 14757 104 103 104 103 40|3180.12 0
201 203 1 1 2 0 0 0 14759 104 103 104 103 40|3180.24 0
201 203 1 1 2 0 0 0 14760 104 103 104 103 40|3180.35 0
201 203 1 1 2 0 0 0 14762 104 103 104 103 40|3180.56 0
201 203 1 1 2 0 0 0 14767 104 103 104 103 40|3180.58 0
201 203 1 1 2 0 0 0 14768 104 103 104 103 40|3180.60 0
201 203 1 1 2 0 0 0 14769 104 103 104 103 40|3180.67 0
201 203 1 1 2 0 0 0 14781 104 103 104 103 40|3180.71 0
201 203 1 1 2 0 0 0 14782 104 103 104 103 40|3180.75 0
201 203 1 1 2 0 0 0 14783 104 103 104 103 40|3180.77 0
201 203 1 1 2 0 0 0 14788 104 103 104 103 40|3180.80 0
201 203 1 1 2 0 0 0 14793 104 103 104 103 40|3180.82 0
201 203 1 1 2 0 0 0 14801 104 103 104 103 40|3180.85 0
201 203 1 1 2 0 0 0 14803 104 103 104 103 40|3180.89 0
201 203 1 1 2 0 0 0 14813 104 103 104 103 40|3180.91 0
201 203 1 1 2 0 0 0 14820 104 103 104 103 40|3180.95 0
201 203 1 1 2 0 0 0 14821 104 103 104 103 40|3180.97 0
201 203 1 1 2 0 0 0 14831 104 103 104 103 40|3180.99 0
201 203 1 1 2 0 0 0 14833 104 103 104 103 40|3181.01 0
201 203 1 1 2 0 0 0 14836 104 103 104 103 40|3181.03 0
201 203 1 1 2 0 0 0 14837 104 103 104 103 40|3181.72 0
201 203 1 1 2 0 0 0 14838 104 103 104 103 40|3182.00 0
201 203 1 1 2 0 0 0 14841 104 103 104 103 40|3182.53 0
201 203 1 1 2 0 0 0 14842 104 103 104 103 40|3182.79 0
201 203 1 1 2 0 0 0 14852 104 103 104 103 40|3183.46 0
201 203 1 1 2 0 0 0 14865 104 103 104 103 40|3183.57 0
201 203 1 1 2 0 0 0 14868 104 103 104 103 40|3183.59 0
201 203 1 1 2 0 0 0 14872 104 103 104 103 40|3183.61 0
201 203 1 1 2 0 0 0 14873 104 103 104 103 40|3183.64 0
201 203 1 1 2 0 0 0 14881 104 103 104 103 40|3183.66 0
201 203 1 1 2 0 0 0 14883 104 103 104 103 40|3183.68 0
201 203 1 1 2 0 0 0 14889 104 103 104 103 40|3183.70 0
201 203 1 1 2 0 0 0 14900 104 103 104 103 40|3183.72 0
201 203 1 1 2 0 0 0 14904 104 103 104 103 40|3183.75 0
201 203 1 1 2 0 0 0 14912 104 103 104 103 40|3183.79 0
201 203 1 1 2 0 0 0 14918 104 103 104 103 40|3183.81 0
201 203 1 1 2 0 0 0 14921 104 103 104 103 40|3183.84 0
201 203 1 1 2 0 0 0 14923 104 103 104 103 40|3183.86 0
201 203 1 1 2 0 0 0 14932 104 103 104 103 40|3183.88 0
201 203 1 1 2 0 0 0 14934 104 103 104 103 40|3183.90 0
201 203 1 1 2 0 0 0 14941 104 103 104 103 40|3183.92 0
201 203 1 1 2 0 0 0 14944 104 103 104 103 40|3183.94 0
201 203 1 1 2 0 0 0 14946 104 103 104 103 40|3183.96 0
201 203 1 1 2 0 0 0 14949 104 103 104 103 40|3184.00 0
201 203 1 1 2 0 0 0 14958 104 103 104 103 40|3184.02 0
201 203 1 1 2 0 0 0 14966 104 103 104 103 40|3184.04 0
201 203 1 1 2 0 0 0 14972 104 103 104 103 40|3184.08 0
201 203 1 1 2 0 0 0 14975 104 103 104 103 40|3184.10 0
201 203 1 1 2 0 0 0 14981 104 103 104 103 40|3184.12 0
201 203 1 1 2 0 0 0 14986 104 103 104 103 40|3184.15 0
201 203 1 1 2 0 0 0 14992 104 103 104 103 40|3184.17 0
201 203 1 1 2 0 0 0 14997 104 103 104 103 40|3184.20 0
201 203 1 1 2 0 0 0 15002 104 103 104 103 40|3184.23 0
201 203 1 1 2 0 0 0 15009 104 103 104 103 40|3184.25 0
201 203 1 1 2 0 0 0 15014 104 103 104 103 40|3184.27 0
201 203 1 1 2 0 0 0 15023 104 103 104 103 40|3184.30 0
201 203 1 1 2 0 0 0 15027 104 103 104 103 40|3184.33 0
201 203 1 1 2 0 0 0 15029 104 103 104 103 40|3184.36 0
201 203 1 1 2 0 0 0 15037 104 103 104 103 40|3184.38 0
201 203 1 1 2 0 0 0 15041 104 103 104 103 40|3184.41 0
201 203 1 1 2 0 0 0 15044 104 103 104 103 40|3184.45 0
201 203 1 1 2 0 0 0 15057 104 103 104 103 40|3184.53 0
201 203 1 1 2 0 0 0 15059 104 103 104 103 40|3184.54 0
201 203 1 1 2 0 0 0 15061 104 103 104 103 40|3184.56 0
201 203 1 1 2 0 0 0 15062 104 103 104 103 40|3184.60 0
201 203 1 1 2 0 0 0 15091 104 103 104 103 40|3184.64 0
201 203 1 1 2 0 0 0 15094 104 103 104 103 40|3184.66 0
201 203 1 1 2 0 0 0 15097 104 103 104 103 40|3184.68 0
201 203 1 1 2 0 0 0 15103 104 103 104 103 40|3184.70 0
201 203 1 1 2 0 0 0 15106 104 103 104 103 40|3184.85 0
201 203 1 1 2 0 0 0 15107 104 103 104 103 40|3184.96 0
201 203 1 1 2 0 0 0 15114 104 103 104 103 40|3184.97 0
201 203 1 1 2 0 0 0 15115 104 103 104 103 40|3184.99 0
201 203 1 1 2 0 0 0 15120 104 103 104 103 40|3185.11 0
201 203 1 1 2 0 0 0 15125 104 103 104 103 40|3185.19 0
201 203 1 1 2 0 0 0 15132 104 103 104 103 40|3185.22 0
201 203 1 1 2 0 0 0 15138 104 103 104 103 40|3185.29 0
201 203 1 1 2 0 0 0 15145 104 103 104 103 40|3185.31 0
201 203 1 1 2 0 0 0 15152 104 103 104 103 40|3185.41 0
201 203 1 1 2 0 0 0 15160 104 103 104 103 40|3185.45 0
201 203 1 1 2 0 0 0 15164 104 103 104 103 40|3185.48 0
201 203 1 1 2 0 0 0 15165 104 103 104 103 40|3185.50 0
201 203 1 1 2 0 0 0 15172 104 103 104 103 40|3185.52 0
201 203 1 1 2 0 0 0 15176 104 103 104 103 40|3185.54 0
201 203 1 1 2 0 0 0 15183 104 103 104 103 40|3185.56 0
201 203 1 1 2 0 0 0 15191 104 103 104 103 40|3185.61 0
201 203 1 1 2 0 0 0 15197 104 103 104 103 40|3185.64 0
201 203 1 1 2 0 0 0 15198 104 103 104 103 40|3186.08 0
201 203 1 1 2 0 0 0 15199 104 103 104 103 40|3186.72 0
201 203 1 1 2 0 0 0 15202 104 103 104 103 40|3187.09 0
201 203 1 1 2 0 0 0 15203 104 103 104 103 40|3187.15 0
201 203 1 1 2 0 0 0 15214 104 103 104 103 40|3187.95 0
201 203 1 1 2 0 0 0 15215 104 103 104 103 40|3188.03 0
201 203 1 1 2 0 0 0 15235 104 103 104 103 40|3188.05 0
201 203 1 1 2 0 0 0 15239 104 103 104 103 40|3188.13 0
201 203 1 1 2 0 0 0 15250 104 103 104 103 40|3188.15 0
201 203 1 1 2 0 0 0 15256 104 103 104 103 40|3188.17 0
201 203 1 1 2 0 0 0 15258 104 103 104 103 40|3188.19 0
201 203 1 1 2 0 0 0 15261 104 103 104 103 40|3188.21 0
201 203 1 1 2 0 0 0 15264 104 103 104 103 40|3188.23 0
201 203 1 1 2 0 0 0 15267 104 103 104 103 40|3188.25 0
201 203 1 1 2 0 0 0 15269 104 103 104 103 40|3188.26 0
201 203 1 1 2 0 0 0 15273 104 103 104 103 40|3188.28 0
201 203 1 1 2 0 0 0 15276 104 103 104 103 40|3188.30 0
201 203 1 1 2 0 0 0 15277 104 103 104 103 40|3188.31 0
201 203 1 1 2 0 0 0 15283 104 103 104 103 40|3188.33 0
201 203 1 1 2 0 0 0 15289 104 103 104 103 40|3188.37 0
201 203 1 1 2 0 0 0 15292 104 103 104 103 40|3188.39 0
201 203 1 1 2 0 0 0 15297 104 103 104 103 40|3188.42 0
201 203 1 1 2 0 0 0 15301 104 103 104 103 40|3188.45 0
201 203 1 1 2 0 0 0 15312 104 103 104 103 40|3188.49 0
201 203 1 1 2 0 0 0 15317 104 103 104 103 40|3188.52 0
201 203 1 1 2 0 0 0 15323 104 103 104 103 40|3188.54 0
201 203 1 1 2 0 0 0 15332 104 103 104 103 40|3188.56 0
201 203 1 1 2 0 0 0 15334 104 103 104 103 40|3188.58 0
201 203 1 1 2 0 0 0 15340 104 103 104 103 40|3188.62 0
201 203 1 1 2 0 0 0 15343 104 103 104 103 40|3188.64 0
201 203 1 1 2 0 0 0 15348 104 103 104 103 40|3188.66 0
201 203 1 1 2 0 0 0 15349 104 103 104 103 40|3188.68 0
201 203 1 1 2 0 0 0 15352 104 103 104 103 40|3188.70 0
201 203 1 1 2 0 0 0 15358 104 103 104 103 40|3188.72 0
201 203 1 1 2 0 0 0 15367 104 103 104 103 40|3188.76 0
201 203 1 1 2 0 0 0 15376 104 103 104 103 40|3188.79 0
201 203 1 1 2 0 0 0 15379 104 103 104 103 40|3188.81 0
201 203 1 1 2 0 0 0 15384 104 103 104 103 40|3188.83 0
201 203 1 1 2 0 0 0 15386 104 103 104 103 40|3188.87 0
201 203 1 1 2 0 0 0 15401 104 103 104 103 40|3188.92 0
201 203 1 1 2 0 0 0 15404 104 103 104 103 40|3188.95 0
201 203 1 1 2 0 0 0 15415 104 103 104 103 40|3188.98 0
201 203 1 1 2 0 0 0 15421 104 103 104 103 40|3189.00 0
201 203 1 1 2 0 0 0 15432 104 103 104 103 40|3189.04 0
201 203 1 1 2 0 0 0 15440 104 103 104 103 40|3189.07 0
201 203 1 1 2 0 0 0 15449 104 103 104 103 40|3189.08 0
201 203 1 1 2 0 0 0 15458 104 103 104 103 40|3189.12 0
201 203 1 1 2 0 0 0 15465 104 103 104 103 40|3189.15 0
201 203 1 1 2 0 0 0 15473 104 103 104 103 40|3189.17 0
201 203 1 1 2 0 0 0 15480 104 103 104 103 40|3189.19 0
201 203 1 1 2 0 0 0 15483 104 103 104 103 40|3189.21 0
201 203 1 1 2 0 0 0 15485 104 103 104 103 40|3189.23 0
201 203 1 1 2 0 0 0 15486 104 103 104 103 40|3189.33 0
201 203 1 1 2 0 0 0 15487 104 103 104 103 40|3189.35 0
201 203 1 1 2 0 0 0 15488 104 103 104 103 40|3189.65 0
201 203 1 1 2 0 0 0 15498 104 103 104 103 40|3189.75 0
201 203 1 1 2 0 0 0 15510 104 103 104 103 40|3189.86 0
201 203 1 1 2 0 0 0 15522 104 103 104 103 40|3189.97 0
201 203 1 1 2 0 0 0 15524 104 103 104 103 40|3189.99 0
201 203 1 1 2 0 0 0 15529 104 103 104 103 40|3190.01 0
201 203 1 1 2 0 0 0 15536 104 103 104 103 40|3190.09 0
201 203 1 1 2 0 0 0 15540 104 103 104 103 40|3190.11 0
201 203 1 1 2 0 0 0 15550 104 103 104 103 40|3190.12 0
201 203 1 1 2 0 0 0 15554 104 103 104 103 40|3190.15 0
201 203 1 1 2 0 0 0 15562 104 103 104 103 40|3190.16 0
201 203 1 1 2 0 0 0 15566 104 103 104 103 40|3190.18 0
201 203 1 1 2 0 0 0 15568 104 103 104 103 40|3190.20 0
201 203 1 1 2 0 0 0 15569 104 103 104 103 40|3190.75 0
201 203 1 1 2 0 0 0 15570 104 103 104 103 40|3191.36 0
201 203 1 1 2 0 0 0 15573 104 103 104 103 40|3191.63 0
201 203 1 1 2 0 0 0 15574 104 103 104 103 40|3191.80 0
201 203 1 1 2 0 0 0 15575 104 103 104 103 40|3191.84 0
201 203 1 1 2 0 0 0 15584 104 103 104 103 40|3191.90 0
201 203 1 1 2 0 0 0 15585 104 103 104 103 40|3191.92 0
201 203 1 1 2 0 0 0 15592 104 103 104 103 40|3192.00 0
201 203 1 1 2 0 0 0 15593 104 103 104 103 40|3192.02 0
201 203 1 1 2 0 0 0 15597 104 103 104 103 40|3192.04 0
201 203 1 1 2 0 0 0 15599 104 103 104 103 40|3192.05 0
201 203 1 1 2 0 0 0 15612 104 103 104 103 40|3192.16 0
201 203 1 1 2 0 0 0 15614 104 103 104 103 40|3192.18 0
201 203 1 1 2 0 0 0 15619 104 103 104 103 40|3192.20 0
201 203 1 1 2 0 0 0 15623 104 103 104 103 40|3192.22 0
201 203 1 1 2 0 0 0 15632 104 103 104 103 40|3192.27 0
201 203 1 1 2 0 0 0 15635 104 103 104 103 40|3192.29 0
201 203 1 1 2 0 0 0 15640 104 103 104 103 40|3192.31 0
201 203 1 1 2 0 0 0 15642 104 103 104 103 40|3192.34 0
201 203 1 1 2 0 0 0 15647 104 103 104 103 40|3192.36 0
201 203 1 1 2 0 0 0 15650 104 103 104 103 40|3192.38 0
201 203 1 1 2 0 0 0 15654 104 103 104 103 40|3192.40 0
201 203 1 1 2 0 0 0 15656 104 103 104 103 40|3192.42 0
201 203 1 1 2 0 0 0 15662 104 103 104 103 40|3192.44 0
201 203 1 1 2 0 0 0 15664 104 103 104 103 40|3192.47 0
201 203 1 1 2 0 0 0 15669 104 103 104 103 40|3192.50 0
201 203 1 1 2 0 0 0 15671 104 103 104 103 40|3192.52 0
201 203 1 1 2 0 0 0 15676 104 103 104 103 40|3192.54 0
201 203 1 1 2 0 0 0 15679 104 103 104 103 40|3192.56 0
201 203 1 1 2 0 0 0 15685 104 103 104 103 40|3192.58 0
201 203 1 1 2 0 0 0 15690 104 103 104 103 40|3192.60 0
201 203 1 1 2 0 0 0 15692 104 103 104 103 40|3192.62 0
201 203 1 1 2 0 0 0 15700 104 103 104 103 40|3192.66 0
201 203 1 1 2 0 0 0 15703 104 103 104 103 40|3192.70 0
201 203 1 1 2 0 0 0 15709 104 103 104 103 40|3192.73 0
201 203 1 1 2 0 0 0 15716 104 103 104 103 40|3192.75 0
201 203 1 1 2 0 0 0 15724 104 103 104 103 40|3192.78 0
201 203 1 1 2 0 0 0 15727 104 103 104 103 40|3192.81 0
201 203 1 1 2 0 0 0 15736 104 103 104 103 40|3192.83 0
201 203 1 1 2 0 0 0 15741 104 103 104 103 40|3192.85 0
201 203 1 1 2 0 0 0 15744 104 103 104 103 40|3192.88 0
201 203 1 1 2 0 0 0 15752 104 103 104 103 40|3192.91 0
201 203 1 1 2 0 0 0 15754 104 103 104 103 40|3192.94 0
201 203 1 1 2 0 0 0 15757 104 103 104 103 40|3193.00 0
201 203 1 1 2 0 0 0 15761 104 103 104 103 40|3193.03 0
201 203 1 1 2 0 0 0 15765 104 103 104 103 40|3193.05 0
201 203 1 1 2 0 0 0 15771 104 103 104 103 40|3193.08 0
201 203 1 1 2 0 0 0 15786 104 103 104 103 40|3193.18 0
201 203 1 1 2 0 0 0 15791 104 103 104 103 40|3193.22 0
201 203 1 1 2 0 0 0 15794 104 103 104 103 40|3193.24 0
201 203 1 1 2 0 0 0 15795 104 103 104 103 40|3193.26 0
201 203 1 1 2 0 0 0 15802 104 103 104 103 40|3193.28 0
201 203 1 1 2 0 0 0 15808 104 103 104 103 40|3193.32 0
201 203 1 1 2 0 0 0 15825 104 103 104 103 40|3193.38 0
201 203 1 1 2 0 0 0 15830 104 103 104 103 40|3193.41 0
201 203 1 1 2 0 0 0 15832 104 103 104 103 40|3193.43 0
201 203 1 1 2 0 0 0 15840 104 103 104 103 40|3193.45 0
201 203 1 1 2 0 0 0 15843 104 103 104 103 40|3193.48 0
201 203 1 1 2 0 0 0 15848 104 103 104 103 40|3193.51 0
201 203 1 1 2 0 0 0 15850 104 103 104 103 40|3193.53 0
201 203 1 1 2 0 0 0 15854 104 103 104 103 40|3193.56 0
201 203 1 1 2 0 0 0 15864 104 103 104 103 40|3193.59 0
201 203 1 1 2 0 0 0 15871 104 103 104 103 40|3193.61 0
201 203 1 1 2 0 0 0 15876 104 103 104 103 40|3193.63 0
201 203 1 1 2 0 0 0 15879 104 103 104 103 40|3193.65 0
201 203 1 1 2 0 0 0 15885 104 103 104 103 40|3193.67 0
201 203 1 1 2 0 0 0 15888 104 103 104 103 40|3193.71 0
201 203 1 1 2 0 0 0 15895 104 103 104 103 40|3193.75 0
201 203 1 1 2 0 0 0 15899 104 103 104 103 40|3193.77 0
201 203 1 1 2 0 0 0 15904 104 103 104 103 40|3193.79 0
201 203 1 1 2 0 0 0 15906 104 103 104 103 40|3193.94 0
201 203 1 1 2 0 0 0 15907 104 103 104 103 40|3194.01 0
201 203 1 1 2 0 0 0 15916 104 103 104 103 40|3194.32 0
201 203 1 1 2 0 0 0 15920 104 103 104 103 40|3194.40 0
201 203 1 1 2 0 0 0 15925 104 103 104 103 40|3194.42 0
201 203 1 1 2 0 0 0 15929 104 103 104 103 40|3194.45 0
201 203 1 1 2 0 0 0 15932 104 103 104 103 40|3194.47 0
201 203 1 1 2 0 0 0 15942 104 103 104 103 40|3194.53 0
201 203 1 1 2 0 0 0 15951 104 103 104 103 40|3194.56 0
201 203 1 1 2 0 0 0 15954 104 103 104 103 40|3194.62 0
201 203 1 1 2 0 0 0 15963 104 103 104 103 40|3194.64 0
201 203 1 1 2 0 0 0 15967 104 103 104 103 40|3194.66 0
201 203 1 1 2 0 0 0 15977 104 103 104 103 40|3194.68 0
201 203 1 1 2 0 0 0 15983 104 103 104 103 40|3194.72 0
201 203 1 1 2 0 0 0 15984 104 103 104 103 40|3195.58 0
201 203 1 1 2 0 0 0 15985 104 103 104 103 40|3195.88 0
201 203 1 1 2 0 0 0 15988 104 103 104 103 40|3196.21 0
201 203 1 1 2 0 0 0 15998 104 103 104 103 40|3196.58 0
201 203 1 1 2 0 0 0 16002 104 103 104 103 40|3196.68 0
201 203 1 1 2 0 0 0 16003 104 103 104 103 40|3196.70 0
201 203 1 1 2 0 0 0 16019 104 103 104 103 40|3196.72 0
201 203 1 1 2 0 0 0 16024 104 103 104 103 40|3196.76 0
201 203 1 1 2 0 0 0 16027 104 103 104 103 40|3196.78 0
201 203 1 1 2 0 0 0 16031 104 103 104 103 40|3196.80 0
201 203 1 1 2 0 0 0 16036 104 103 104 103 40|3196.82 0
201 203 1 1 2 0 0 0 16039 104 103 104 103 40|3196.84 0
201 203 1 1 2 0 0 0 16042 104 103 104 103 40|3196.87 0
201 203 1 1 2 0 0 0 16050 104 103 104 103 40|3196.89 0
201 203 1 1 2 0 0 0 16053 104 103 104 103 40|3196.92 0
201 203 1 1 2 0 0 0 16056 104 103 104 103 40|3196.94 0
201 203 1 1 2 0 0 0 16058 104 103 104 103 40|3196.96 0
201 203 1 1 2 0 0 0 16063 104 103 104 103 40|3196.98 0
201 203 1 1 2 0 0 0 16066 104 103 104 103 40|3197.00 0
201 203 1 1 2 0 0 0 16070 104 103 104 103 40|3197.03 0
201 203 1 1 2 0 0 0 16074 104 103 104 103 40|3197.05 0
201 203 1 1 2 0 0 0 16078 104 103 104 103 40|3197.07 0
201 203 1 1 2 0 0 0 16082 104 103 104 103 40|3197.09 0
201 203 1 1 2 0 0 0 16090 104 103 104 103 40|3197.11 0
201 203 1 1 2 0 0 0 16094 104 103 104 103 40|3197.13 0
201 203 1 1 2 0 0 0 16100 104 103 104 103 40|3197.15 0
201 203 1 1 2 0 0 0 16105 104 103 104 103 40|3197.17 0
201 203 1 1 2 0 0 0 16112 104 103 104 103 40|3197.19 0
201 203 1 1 2 0 0 0 16115 104 103 104 103 40|3197.21 0
201 203 1 1 2 0 0 0 16124 104 103 104 103 40|3197.25 0
201 203 1 1 2 0 0 0 16131 104 103 104 103 40|3197.28 0
201 203 1 1 2 0 0 0 16135 104 103 104 103 40|3197.30 0
201 203 1 1 2 0 0 0 16143 104 103 104 103 40|3197.32 0
201 203 1 1 2 0 0 0 16152 104 103 104 103 40|3197.36 0
201 203 1 1 2 0 0 0 16154 104 103 104 103 40|3197.38 0
201 203 1 1 2 0 0 0 16157 104 103 104 103 40|3197.49 0
201 203 1 1 2 0 0 0 16158 104 103 104 103 40|3197.80 0
201 203 1 1 2 0 0 0 16162 104 103 104 103 40|3197.87 0
201 203 1 1 2 0 0 0 16165 104 103 104 103 40|3197.89 0
201 203 1 1 2 0 0 0 16173 104 103 104 103 40|3197.99 0
201 203 1 1 2 0 0 0 16178 104 103 104 103 40|3198.01 0
201 203 1 1 2 0 0 0 16179 104 103 104 103 40|3198.03 0
201 203 1 1 2 0 0 0 16183 104 103 104 103 40|3198.06 0
201 203 1 1 2 0 0 0 16191 104 103 104 103 40|3198.08 0
201 203 1 1 2 0 0 0 16195 104 103 104 103 40|3198.10 0
201 203 1 1 2 0 0 0 16198 104 103 104 103 40|3198.12 0
201 203 1 1 2 0 0 0 16201 104 103 104 103 40|3198.16 0
201 203 1 1 2 0 0 0 16204 104 103 104 103 40|3198.18 0
201 203 1 1 2 0 0 0 16215 104 103 104 103 40|3198.20 0
201 203 1 1 2 0 0 0 16216 104 103 104 103 40|3198.22 0
201 203 1 1 2 0 0 0 16225 104 103 104 103 40|3198.24 0
201 203 1 1 2 0 0 0 16226 104 103 104 103 40|3198.26 0
201 203 1 1 2 0 0 0 16236 104 103 104 103 40|3198.27 0
201 203 1 1 2 0 0 0 16240 104 103 104 103 40|3198.31 0
201 203 1 1 2 0 0 0 16241 104 103 104 103 40|3198.88 0
201 203 1 1 2 0 0 0 16242 104 103 104 103 40|3199.73 0
201 203 1 1 2 0 0 0 16243 104 103 104 103 40|3199.75 0
201 203 1 1 2 0 0 0 16244 104 103 104 103 40|3199.77 0
201 203 1 1 2 0 0 0 16245 104 103 104 103 40|3199.97 0
201 203 1 1 2 0 0 0 16255 104 103 104 103 40|3200.43 0
201 203 1 1 2 0 0 0 16256 104 103 104 103 40|3200.49 0
201 203 1 1 2 0 0 0 16259 104 103 104 103 40|3200.50 0
201 203 1 1 2 0 0 0 16275 104 103 104 103 40|3200.54 0
201 203 1 1 2 0 0 0 16277 104 103 104 103 40|3200.57 0
201 203 1 1 2 0 0 0 16280 104 103 104 103 40|3200.61 0
201 203 1 1 2 0 0 0 16284 104 103 104 103 40|3200.64 0
201 203 1 1 2 0 0 0 16290 104 103 104 103 40|3200.66 0
201 203 1 1 2 0 0 0 16292 104 103 104 103 40|3200.68 0
201 203 1 1 2 0 0 0 16297 104 103 104 103 40|3200.70 0
201 203 1 1 2 0 0 0 16302 104 103 104 103 40|3200.73 0
201 203 1 1 2 0 0 0 16305 104 103 104 103 40|3200.75 0
201 203 1 1 2 0 0 0 16309 104 103 104 103 40|3200.78 0
201 203 1 1 2 0 0 0 16312 104 103 104 103 40|3200.80 0
201 203 1 1 2 0 0 0 16315 104 103 104 103 40|3200.82 0
201 203 1 1 2 0 0 0 16326 104 103 104 103 40|3200.85 0
201 203 1 1 2 0 0 0 16329 104 103 104 103 40|3200.87 0
201 203 1 1 2 0 0 0 16340 104 103 104 103 40|3200.92 0
201 203 1 1 2 0 0 0 16349 104 103 104 103 40|3200.96 0
201 203 1 1 2 0 0 0 16353 104 103 104 103 40|3200.99 0
201 203 1 1 2 0 0 0 16358 104 103 104 103 40|3201.01 0
201 203 1 1 2 0 0 0 16361 104 103 104 103 40|3201.03 0
201 203 1 1 2 0 0 0 16371 104 103 104 103 40|3201.05 0
201 203 1 1 2 0 0 0 16374 104 103 104 103 40|3201.07 0
201 203 1 1 2 0 0 0 16381 104 103 104 103 40|3201.09 0
201 203 1 1 2 0 0 0 16389 104 103 104 103 40|3201.12 0
201 203 1 1 2 0 0 0 16392 104 103 104 103 40|3201.14 0
201 203 1 1 2 0 0 0 16396 104 103 104 103 40|3201.16 0
201 203 1 1 2 0 0 0 16398 104 103 104 103 40|3201.19 0
201 203 1 1 2 0 0 0 16407 104 103 104 103 40|3201.23 0
201 203 1 1 2 0 0 0 16417 104 103 104 103 40|3201.26 0
201 203 1 1 2 0 0 0 16426 104 103 104 103 40|3201.29 0
201 203 1 1 2 0 0 0 16432 104 103 104 103 40|3201.32 0
201 203 1 1 2 0 0 0 16437 104 103 104 103 40|3201.34 0
201 203 1 1 2 0 0 0 16440 104 103 104 103 40|3201.36 0
201 203 1 1 2 0 0 0 16447 104 103 104 103 40|3201.38 0
201 203 1 1 2 0 0 0 16449 104 103 104 103 40|3201.40 0
201 203 1 1 2 0 0 0 16455 104 103 104 103 40|3201.42 0
201 203 1 1 2 0 0 0 16457 104 103 104 103 40|3201.45 0
201 203 1 1 2 0 0 0 16458 104 103 104 103 40|3201.47 0
201 203 1 1 2 0 0 0 16464 104 103 104 103 40|3201.50 0
201 203 1 1 2 0 0 0 16469 104 103 104 103 40|3201.53 0
201 203 1 1 2 0 0 0 16472 104 103 104 103 40|3201.55 0
201 203 1 1 2 0 0 0 16478 104 103 104 103 40|3201.58 0
201 203 1 1 2 0 0 0 16484 104 103 104 103 40|3201.60 0
201 203 1 1 2 0 0 0 16487 104 103 104 103 40|3201.62 0
201 203 1 1 2 0 0 0 16492 104 103 104 103 40|3201.64 0
201 203 1 1 2 0 0 0 16494 104 103 104 103 40|3201.66 0
201 203 1 1 2 0 0 0 16506 104 103 104 103 40|3201.72 0
201 203 1 1 2 0 0 0 16516 104 103 104 103 40|3201.75 0
201 203 1 1 2 0 0 0 16524 104 103 104 103 40|3201.77 0
201 203 1 1 2 0 0 0 16528 104 103 104 103 40|3201.79 0
201 203 1 1 2 0 0 0 16534 104 103 104 103 40|3201.80 0
201 203 1 1 2 0 0 0 16537 104 103 104 103 40|3201.82 0
201 203 1 1 2 0 0 0 16540 104 103 104 103 40|3201.84 0
201 203 1 1 2 0 0 0 16544 104 103 104 103 40|3201.86 0
201 203 1 1 2 0 0 0 16548 104 103 104 103 40|3201.88 0
201 203 1 1 2 0 0 0 16556 104 103 104 103 40|3201.90 0
201 203 1 1 2 0 0 0 16559 104 103 104 103 40|3201.93 0
201 203 1 1 2 0 0 0 16565 104 103 104 103 40|3201.95 0
201 203 1 1 2 0 0 0 16570 104 103 104 103 40|3201.97 0
201 203 1 1 2 0 0 0 16573 104 103 104 103 40|3201.99 0
201 203 1 1 2 0 0 0 16580 104 103 104 103 40|3202.01 0
201 203 1 1 2 0 0 0 16582 104 103 104 103 40|3202.03 0
201 203 1 1 2 0 0 0 16589 104 103 104 103 40|3202.05 0
201 203 1 1 2 0 0 0 16593 104 103 104 103 40|3202.07 0
201 203 1 1 2 0 0 0 16601 104 103 104 103 40|3202.10 0
201 203 1 1 2 0 0 0 16610 104 103 104 103 40|3202.13 0
201 203 1 1 2 0 0 0 16613 104 103 104 103 40|3202.15 0
201 203 1 1 2 0 0 0 16617 104 103 104 103 40|3202.17 0
201 203 1 1 2 0 0 0 16621 104 103 104 103 40|3202.19 0
201 203 1 1 2 0 0 0 16630 104 103 104 103 40|3202.21 0
201 203 1 1 2 0 0 0 16632 104 103 104 103 40|3202.24 0
201 203 1 1 2 0 0 0 16641 104 103 104 103 40|3202.26 0
201 203 1 1 2 0 0 0 16649 104 103 104 103 40|3202.28 0
201 203 1 1 2 0 0 0 16652 104 103 104 103 40|3202.30 0
201 203 1 1 2 0 0 0 16656 104 103 104 103 40|3202.32 0
201 203 1 1 2 0 0 0 16665 104 103 104 103 40|3202.37 0
201 203 1 1 2 0 0 0 16675 104 103 104 103 40|3202.40 0
201 203 1 1 2 0 0 0 16688 104 103 104 103 40|3202.47 0
201 203 1 1 2 0 0 0 16698 104 103 104 103 40|3202.50 0
201 203 1 1 2 0 0 0 16705 104 103 104 103 40|3202.53 0
201 203 1 1 2 0 0 0 16710 104 103 104 103 40|3202.55 0
201 203 1 1 2 0 0 0 16714 104 103 104 103 40|3202.57 0
201 203 1 1 2 0 0 0 16719 104 103 104 103 40|3202.59 0
201 203 1 1 2 0 0 0 16720 104 103 104 103 40|3202.74 0
201 203 1 1 2 0 0 0 16721 104 103 104 103 40|3202.78 0
201 203 1 1 2 0 0 0 16722 104 103 104 103 40|3202.86 0
201 203 1 1 2 0 0 0 16730 104 103 104 103 40|3203.16 0
201 203 1 1 2 0 0 0 16732 104 103 104 103 40|3203.27 0
201 203 1 1 2 0 0 0 16740 104 103 104 103 40|3203.29 0
201 203 1 1 2 0 0 0 16743 104 103 104 103 40|3203.31 0
201 203 1 1 2 0 0 0 16744 104 103 104 103 40|3203.37 0
201 203 1 1 2 0 0 0 16753 104 103 104 103 40|3203.40 0
201 203 1 1 2 0 0 0 16757 104 103 104 103 40|3203.42 0
201 203 1 1 2 0 0 0 16764 104 103 104 103 40|3203.44 0
201 203 1 1 2 0 0 0 16765 104 103 104 103 40|3203.46 0
201 203 1 1 2 0 0 0 16772 104 103 104 103 40|3203.48 0
201 203 1 1 2 0 0 0 16774 104 103 104 103 40|3203.50 0
201 203 1 1 2 0 0 0 16780 104 103 104 103 40|3203.51 0
201 203 1 1 2 0 0 0 16782 104 103 104 103 40|3203.55 0
201 203 1 1 2 0 0 0 16789 104 103 104 103 40|3203.57 0
201 203 1 1 2 0 0 0 16801 104 103 104 103 40|3203.60 0
201 203 1 1 2 0 0 0 16802 104 103 104 103 40|3203.62 0
201 203 1 1 2 0 0 0 16803 104 103 104 103 40|3203.91 0
201 203 1 1 2 0 0 0 16804 104 103 104 103 40|3203.93 0
201 203 1 1 2 0 0 0 16805 104 103 104 103 40|3204.00 0
201 203 1 1 2 0 0 0 16807 104 103 104 103 40|3205.01 0
201 203 1 1 2 0 0 0 16809 104 103 104 103 40|3205.04 0
201 203 1 1 2 0 0 0 16810 104 103 104 103 40|3206.13 0
201 203 1 1 2 0 0 0 16814 104 103 104 103 40|3206.21 0
201 203 1 1 2 0 0 0 16820 104 103 104 103 40|3206.25 0
201 203 1 1 2 0 0 0 16824 104 103 104 103 40|3206.29 0
201 203 1 1 2 0 0 0 16833 104 103 104 103 40|3206.32 0
201 203 1 1 2 0 0 0 16838 104 103 104 103 40|3206.35 0
201 203 1 1 2 0 0 0 16843 104 103 104 103 40|3206.39 0
201 203 1 1 2 0 0 0 16856 104 103 104 103 40|3206.43 0
201 203 1 1 2 0 0 0 16863 104 103 104 103 40|3206.48 0
201 203 1 1 2 0 0 0 16875 104 103 104 103 40|3206.53 0
201 203 1 1 2 0 0 0 16880 104 103 104 103 40|3206.55 0
201 203 1 1 2 0 0 0 16883 104 103 104 103 40|3206.57 0
201 203 1 1 2 0 0 0 16892 104 103 104 103 40|3206.61 0
201 203 1 1 2 0 0 0 16895 104 103 104 103 40|3206.68 0
201 203 1 1 2 0 0 0 16903 104 103 104 103 40|3206.70 0
201 203 1 1 2 0 0 0 16907 104 103 104 103 40|3206.72 0
201 203 1 1 2 0 0 0 16911 104 103 104 103 40|3206.74 0
201 203 1 1 2 0 0 0 16914 104 103 104 103 40|3206.76 0
201 203 1 1 2 0 0 0 16919 104 103 104 103 40|3206.78 0
201 203 1 1 2 0 0 0 16921 104 103 104 103 40|3206.80 0
201 203 1 1 2 0 0 0 16924 104 103 104 103 40|3206.82 0
201 203 1 1 2 0 0 0 16928 104 103 104 103 40|3206.84 0
201 203 1 1 2 0 0 0 16929 104 103 104 103 40|3206.86 0
201 203 1 1 2 0 0 0 16933 104 103 104 103 40|3206.88 0
201 203 1 1 2 0 0 0 16937 104 103 104 103 40|3206.90 0
201 203 1 1 2 0 0 0 16940 104 103 104 103 40|3206.92 0
201 203 1 1 2 0 0 0 16943 104 103 104 103 40|3206.94 0
201 203 1 1 2 0 0 0 16951 104 103 104 103 40|3206.97 0
201 203 1 1 2 0 0 0 16955 104 103 104 103 40|3207.00 0
201 203 1 1 2 0 0 0 16957 104 103 104 103 40|3207.03 0
201 203 1 1 2 0 0 0 16967 104 103 104 103 40|3207.05 0
201 203 1 1 2 0 0 0 16971 104 103 104 103 40|3207.09 0
201 203 1 1 2 0 0 0 16979 104 103 104 103 40|3207.13 0
201 203 1 1 2 0 0 0 16981 104 103 104 103 40|3207.15 0
201 203 1 1 2 0 0 0 16987 104 103 104 103 40|3207.17 0
201 203 1 1 2 0 0 0 16994 104 103 104 103 40|3207.20 0
201 203 1 1 2 0 0 0 16998 104 103 104 103 40|3207.22 0
201 203 1 1 2 0 0 0 17006 104 103 104 103 40|3207.28 0
201 203 1 1 2 0 0 0 17008 104 103 104 103 40|3207.30 0
201 203 1 1 2 0 0 0 17011 104 103 104 103 40|3207.32 0
201 203 1 1 2 0 0 0 17012 104 103 104 103 40|3207.34 0
201 203 1 1 2 0 0 0 17013 104 103 104 103 40|3207.36 0
201 203 1 1 2 0 0 0 17014 104 103 104 103 40|3207.39 0
201 203 1 1 2 0 0 0 17023 104 103 104 103 40|3207.41 0
201 203 1 1 2 0 0 0 17029 104 103 104 103 40|3207.45 0
201 203 1 1 2 0 0 0 17037 104 103 104 103 40|3207.48 0
201 203 1 1 2 0 0 0 17048 104 103 104 103 40|3207.51 0
201 203 1 1 2 0 0 0 17058 104 103 104 103 40|3207.53 0
201 203 1 1 2 0 0 0 17062 104 103 104 103 40|3207.54 0
201 203 1 1 2 0 0 0 17067 104 103 104 103 40|3207.56 0
201 203 1 1 2 0 0 0 17070 104 103 104 103 40|3207.58 0
201 203 1 1 2 0 0 0 17078 104 103 104 103 40|3207.60 0
201 203 1 1 2 0 0 0 17080 104 103 104 103 40|3207.62 0
201 203 1 1 2 0 0 0 17081 104 103 104 103 40|3207.73 0
201 203 1 1 2 0 0 0 17082 104 103 104 103 40|3207.75 0
201 203 1 1 2 0 0 0 17085 104 103 104 103 40|3207.91 0
201 203 1 1 2 0 0 0 17094 104 103 104 103 40|3208.11 0
201 203 1 1 2 0 0 0 17097 104 103 104 103 40|3208.21 0
201 203 1 1 2 0 0 0 17103 104 103 104 103 40|3208.23 0
201 203 1 1 2 0 0 0 17107 104 103 104 103 40|3208.25 0
201 203 1 1 2 0 0 0 17109 104 103 104 103 40|3208.29 0
201 203 1 1 2 0 0 0 17111 104 103 104 103 40|3208.31 0
201 203 1 1 2 0 0 0 17118 104 103 104 103 40|3208.34 0
201 203 1 1 2 0 0 0 17126 104 103 104 103 40|3208.36 0
201 203 1 1 2 0 0 0 17128 104 103 104 103 40|3208.39 0
201 203 1 1 2 0 0 0 17137 104 103 104 103 40|3208.43 0
201 203 1 1 2 0 0 0 17144 104 103 104 103 40|3208.45 0
201 203 1 1 2 0 0 0 17154 104 103 104 103 40|3208.48 0
201 203 1 1 2 0 0 0 17163 104 103 104 103 40|3208.52 0
201 203 1 1 2 0 0 0 17164 104 103 104 103 40|3209.11 0
201 203 1 1 2 0 0 0 17165 104 103 104 103 40|3209.24 0
201 203 1 1 2 0 0 0 17168 104 103 104 103 40|3210.04 0
201 203 1 1 2 0 0 0 17169 104 103 104 103 40|3210.20 0
201 203 1 1 2 0 0 0 17170 104 103 104 103 40|3210.34 0
201 203 1 1 2 0 0 0 17171 104 103 104 103 40|3210.40 0
201 203 1 1 2 0 0 0 17176 104 103 104 103 40|3210.42 0
201 203 1 1 2 0 0 0 17179 104 103 104 103 40|3210.44 0
201 203 1 1 2 0 0 0 17181 104 103 104 103 40|3210.46 0
201 203 1 1 2 0 0 0 17183 104 103 104 103 40|3210.48 0
201 203 1 1 2 0 0 0 17186 104 103 104 103 40|3210.52 0
201 203 1 1 2 0 0 0 17189 104 103 104 103 40|3210.54 0
201 203 1 1 2 0 0 0 17195 104 103 104 103 40|3210.58 0
201 203 1 1 2 0 0 0 17199 104 103 104 103 40|3210.60 0
201 203 1 1 2 0 0 0 17204 104 103 104 103 40|3210.65 0
201 203 1 1 2 0 0 0 17208 104 103 104 103 40|3210.67 0
201 203 1 1 2 0 0 0 17213 104 103 104 103 40|3210.69 0
201 203 1 1 2 0 0 0 17217 104 103 104 103 40|3210.71 0
201 203 1 1 2 0 0 0 17219 104 103 104 103 40|3210.74 0
201 203 1 1 2 0 0 0 17224 104 103 104 103 40|3210.84 0
201 203 1 1 2 0 0 0 17233 104 103 104 103 40|3210.86 0
201 203 1 1 2 0 0 0 17248 104 103 104 103 40|3210.95 0
201 203 1 1 2 0 0 0 17254 104 103 104 103 40|3210.97 0
201 203 1 1 2 0 0 0 17261 104 103 104 103 40|3210.99 0
201 203 1 1 2 0 0 0 17263 104 103 104 103 40|3211.01 0
201 203 1 1 2 0 0 0 17269 104 103 104 103 40|3211.03 0
201 203 1 1 2 0 0 0 17271 104 103 104 103 40|3211.05 0
201 203 1 1 2 0 0 0 17277 104 103 104 103 40|3211.07 0
201 203 1 1 2 0 0 0 17282 104 103 104 103 40|3211.11 0
201 203 1 1 2 0 0 0 17287 104 103 104 103 40|3211.15 0
201 203 1 1 2 0 0 0 17296 104 103 104 103 40|3211.18 0
201 203 1 1 2 0 0 0 17297 104 103 104 103 40|3211.20 0
201 203 1 1 2 0 0 0 17303 104 103 104 103 40|3211.25 0
201 203 1 1 2 0 0 0 17305 104 103 104 103 40|3211.27 0
201 203 1 1 2 0 0 0 17312 104 103 104 103 40|3211.30 0
201 203 1 1 2 0 0 0 17319 104 103 104 103 40|3211.34 0
201 203 1 1 2 0 0 0 17326 104 103 104 103 40|3211.37 0
201 203 1 1 2 0 0 0 17328 104 103 104 103 40|3211.40 0
201 203 1 1 2 0 0 0 17334 104 103 104 103 40|3211.42 0
201 203 1 1 2 0 0 0 17336 104 103 104 103 40|3211.44 0
201 203 1 1 2 0 0 0 17340 104 103 104 103 40|3211.46 0
201 203 1 1 2 0 0 0 17344 104 103 104 103 40|3211.48 0
201 203 1 1 2 0 0 0 17346 104 103 104 103 40|3211.50 0
201 203 1 1 2 0 0 0 17350 104 103 104 103 40|3211.54 0
201 203 1 1 2 0 0 0 17356 104 103 104 103 40|3211.56 0
201 203 1 1 2 0 0 0 17363 104 103 104 103 40|3211.60 0
201 203 1 1 2 0 0 0 17365 104 103 104 103 40|3211.62 0
201 203 1 1 2 0 0 0 17368 104 103 104 103 40|3211.64 0
201 203 1 1 2 0 0 0 17371 104 103 104 103 40|3211.67 0
201 203 1 1 2 0 0 0 17373 104 103 104 103 40|3211.70 0
201 203 1 1 2 0 0 0 17378 104 103 104 103 40|3211.72 0
201 203 1 1 2 0 0 0 17383 104 103 104 103 40|3211.74 0
201 203 1 1 2 0 0 0 17385 104 103 104 103 40|3211.76 0
201 203 1 1 2 0 0 0 17387 104 103 104 103 40|3211.78 0
201 203 1 1 2 0 0 0 17394 104 103 104 103 40|3211.81 0
201 203 1 1 2 0 0 0 17402 104 103 104 103 40|3211.85 0
201 203 1 1 2 0 0 0 17404 104 103 104 103 40|3211.87 0
201 203 1 1 2 0 0 0 17409 104 103 104 103 40|3211.90 0
201 203 1 1 2 0 0 0 17416 104 103 104 103 40|3211.93 0
201 203 1 1 2 0 0 0 17418 104 103 104 103 40|3211.95 0
201 203 1 1 2 0 0 0 17420 104 103 104 103 40|3211.97 0
201 203 1 1 2 0 0 0 17424 104 103 104 103 40|3211.99 0
201 203 1 1 2 0 0 0 17428 104 103 104 103 40|3212.01 0
201 203 1 1 2 0 0 0 17436 104 103 104 103 40|3212.05 0
201 203 1 1 2 0 0 0 17446 104 103 104 103 40|3212.09 0
201 203 1 1 2 0 0 0 17455 104 103 104 103 40|3212.12 0
201 203 1 1 2 0 0 0 17461 104 103 104 103 40|3212.14 0
201 203 1 1 2 0 0 0 17474 104 103 104 103 40|3212.18 0
201 203 1 1 2 0 0 0 17477 104 103 104 103 40|3212.21 0
201 203 1 1 2 0 0 0 17480 104 103 104 103 40|3212.36 0
201 203 1 1 2 0 0 0 17486 104 103 104 103 40|3212.74 0
201 203 1 1 2 0 0 0 17492 104 103 104 103 40|3212.86 0
201 203 1 1 2 0 0 0 17500 104 103 104 103 40|3212.89 0
201 203 1 1 2 0 0 0 17511 104 103 104 103 40|3212.99 0
201 203 1 1 2 0 0 0 17514 104 103 104 103 40|3213.01 0
201 203 1 1 2 0 0 0 17522 104 103 104 103 40|3213.03 0
201 203 1 1 2 0 0 0 17532 104 103 104 103 40|3213.11 0
201 203 1 1 2 0 0 0 17546 104 103 104 103 40|3213.16 0
201 203 1 1 2 0 0 0 17559 104 103 104 103 40|3213.20 0
201 203 1 1 2 0 0 0 17560 104 103 104 103 40|3214.22 0
201 203 1 1 2 0 0 0 17561 104 103 104 103 40|3214.30 0
201 203 1 1 2 0 0 0 17564 104 103 104 103 40|3214.69 0
201 203 1 1 2 0 0 0 17568 104 103 104 103 40|3215.31 0
201 203 1 1 2 0 0 0 17574 104 103 104 103 40|3215.34 0
201 203 1 1 2 0 0 0 17575 104 103 104 103 40|3215.36 0
201 203 1 1 2 0 0 0 17585 104 103 104 103 40|3215.42 0
201 203 1 1 2 0 0 0 17589 104 103 104 103 40|3215.45 0
201 203 1 1 2 0 0 0 17593 104 103 104 103 40|3215.48 0
201 203 1 1 2 0 0 0 17599 104 103 104 103 40|3215.51 0
201 203 1 1 2 0 0 0 17604 104 103 104 103 40|3215.53 0
201 203 1 1 2 0 0 0 17607 104 103 104 103 40|3215.54 0
201 203 1 1 2 0 0 0 17612 104 103 104 103 40|3215.56 0
201 203 1 1 2 0 0 0 17614 104 103 104 103 40|3215.59 0
201 203 1 1 2 0 0 0 17627 104 103 104 103 40|3215.62 0
201 203 1 1 2 0 0 0 17635 104 103 104 103 40|3215.66 0
201 203 1 1 2 0 0 0 17642 104 103 104 103 40|3215.69 0
201 203 1 1 2 0 0 0 17652 104 103 104 103 40|3215.72 0
201 203 1 1 2 0 0 0 17658 104 103 104 103 40|3215.74 0
201 203 1 1 2 0 0 0 17664 104 103 104 103 40|3215.76 0
201 203 1 1 2 0 0 0 17667 104 103 104 103 40|3215.78 0
201 203 1 1 2 0 0 0 17674 104 103 104 103 40|3215.80 0
201 203 1 1 2 0 0 0 17681 104 103 104 103 40|3215.82 0
201 203 1 1 2 0 0 0 17684 104 103 104 103 40|3215.84 0
201 203 1 1 2 0 0 0 17693 104 103 104 103 40|3215.86 0
201 203 1 1 2 0 0 0 17701 104 103 104 103 40|3215.88 0
201 203 1 1 2 0 0 0 17706 104 103 104 103 40|3215.90 0
201 203 1 1 2 0 0 0 17712 104 103 104 103 40|3215.92 0
201 203 1 1 2 0 0 0 17714 104 103 104 103 40|3215.95 0
201 203 1 1 2 0 0 0 17722 104 103 104 103 40|3215.97 0
201 203 1 1 2 0 0 0 17723 104 103 104 103 40|3215.99 0
201 203 1 1 2 0 0 0 17727 104 103 104 103 40|3216.01 0
201 203 1 1 2 0 0 0 17733 104 103 104 103 40|3216.04 0
201 203 1 1 2 0 0 0 17736 104 103 104 103 40|3216.07 0
201 203 1 1 2 0 0 0 17743 104 103 104 103 40|3216.10 0
201 203 1 1 2 0 0 0 17749 104 103 104 103 40|3216.13 0
201 203 1 1 2 0 0 0 17753 104 103 104 103 40|3216.16 0
201 203 1 1 2 0 0 0 17761 104 103 104 103 40|3216.18 0
201 203 1 1 2 0 0 0 17764 104 103 104 103 40|3216.24 0
201 203 1 1 2 0 0 0 17769 104 103 104 103 40|3216.26 0
201 203 1 1 2 0 0 0 17773 104 103 104 103 40|3216.28 0
201 203 1 1 2 0 0 0 17782 104 103 104 103 40|3216.30 0
201 203 1 1 2 0 0 0 17787 104 103 104 103 40|3216.33 0
201 203 1 1 2 0 0 0 17793 104 103 104 103 40|3216.35 0
201 203 1 1 2 0 0 0 17798 104 103 104 103 40|3216.37 0
201 203 1 1 2 0 0 0 17809 104 103 104 103 40|3216.42 0
201 203 1 1 2 0 0 0 17817 104 103 104 103 40|3216.44 0
201 203 1 1 2 0 0 0 17819 104 103 104 103 40|3216.46 0
201 203 1 1 2 0 0 0 17821 104 103 104 103 40|3216.48 0
201 203 1 1 2 0 0 0 17827 104 103 104 103 40|3216.50 0
201 203 1 1 2 0 0 0 17832 104 103 104 103 40|3216.53 0
201 203 1 1 2 0 0 0 17842 104 103 104 103 40|3216.62 0
201 203 1 1 2 0 0 0 17845 104 103 104 103 40|3216.65 0
201 203 1 1 2 0 0 0 17855 104 103 104 103 40|3216.69 0
201 203 1 1 2 0 0 0 17858 104 103 104 103 40|3216.73 0
201 203 1 1 2 0 0 0 17861 104 103 104 103 40|3216.75 0
201 203 1 1 2 0 0 0 17867 104 103 104 103 40|3216.77 0
201 203 1 1 2 0 0 0 17870 104 103 104 103 40|3216.79 0
201 203 1 1 2 0 0 0 17871 104 103 104 103 40|3216.81 0
201 203 1 1 2 0 0 0 17873 104 103 104 103 40|3216.83 0
201 203 1 1 2 0 0 0 17880 104 103 104 103 40|3216.85 0
201 203 1 1 2 0 0 0 17887 104 103 104 103 40|3216.90 0
201 203 1 1 2 0 0 0 17891 104 103 104 103 40|3216.93 0
201 203 1 1 2 0 0 0 17901 104 103 104 103 40|3216.97 0
201 203 1 1 2 0 0 0 17911 104 103 104 103 40|3216.99 0
201 203 1 1 2 0 0 0 17915 104 103 104 103 40|3217.01 0
201 203 1 1 2 0 0 0 17923 104 103 104 103 40|3217.05 0
201 203 1 1 2 0 0 0 17929 104 103 104 103 40|3217.08 0
201 203 1 1 2 0 0 0 17936 104 103 104 103 40|3217.10 0
201 203 1 1 2 0 0 0 17938 104 103 104 103 40|3217.12 0
201 203 1 1 2 0 0 0 17943 104 103 104 103 40|3217.14 0
201 203 1 1 2 0 0 0 17945 104 103 104 103 40|3217.16 0
201 203 1 1 2 0 0 0 17948 104 103 104 103 40|3217.19 0
201 203 1 1 2 0 0 0 17953 104 103 104 103 40|3217.21 0
201 203 1 1 2 0 0 0 17956 104 103 104 103 40|3217.24 0
201 203 1 1 2 0 0 0 17961 104 103 104 103 40|3217.26 0
201 203 1 1 2 0 0 0 17962 104 103 104 103 40|3217.28 0
201 203 1 1 2 0 0 0 17966 104 103 104 103 40|3217.30 0
201 203 1 1 2 0 0 0 17968 104 103 104 103 40|3217.32 0
201 203 1 1 2 0 0 0 17977 104 103 104 103 40|3217.35 0
201 203 1 1 2 0 0 0 17981 104 103 104 103 40|3217.37 0
201 203 1 1 2 0 0 0 17994 104 103 104 103 40|3217.44 0
201 203 1 1 2 0 0 0 18006 104 103 104 103 40|3217.50 0
201 203 1 1 2 0 0 0 18016 104 103 104 103 40|3217.53 0
201 203 1 1 2 0 0 0 18022 104 103 104 103 40|3217.56 0
201 203 1 1 2 0 0 0 18023 104 103 104 103 40|3217.58 0
201 203 1 1 2 0 0 0 18026 104 103 104 103 40|3217.70 0
201 203 1 1 2 0 0 0 18027 104 103 104 103 40|3217.81 0
201 203 1 1 2 0 0 0 18028 104 103 104 103 40|3217.88 0
201 203 1 1 2 0 0 0 18029 104 103 104 103 40|3217.96 0
201 203 1 1 2 0 0 0 18030 104 103 104 103 40|3217.98 0
201 203 1 1 2 0 0 0 18031 104 103 104 103 40|3218.00 0
201 203 1 1 2 0 0 0 18032 104 103 104 103 40|3218.05 0
201 203 1 1 2 0 0 0 18035 104 103 104 103 40|3218.08 0
201 203 1 1 2 0 0 0 18043 104 103 104 103 40|3218.12 0
201 203 1 1 2 0 0 0 18045 104 103 104 103 40|3218.15 0
201 203 1 1 2 0 0 0 18052 104 103 104 103 40|3218.18 0
201 203 1 1 2 0 0 0 18056 104 103 104 103 40|3218.22 0
201 203 1 1 2 0 0 0 18059 104 103 104 103 40|3218.28 0
201 203 1 1 2 0 0 0 18064 104 103 104 103 40|3218.30 0
201 203 1 1 2 0 0 0 18069 104 103 104 103 40|3218.32 0
201 203 1 1 2 0 0 0 18072 104 103 104 103 40|3218.38 0
201 203 1 1 2 0 0 0 18078 104 103 104 103 40|3218.40 0
201 203 1 1 2 0 0 0 18082 104 103 104 103 40|3218.42 0
201 203 1 1 2 0 0 0 18090 104 103 104 103 40|3218.44 0
201 203 1 1 2 0 0 0 18093 104 103 104 103 40|3218.48 0
201 203 1 1 2 0 0 0 18098 104 103 104 103 40|3218.50 0
201 203 1 1 2 0 0 0 18105 104 103 104 103 40|3218.52 0
201 203 1 1 2 0 0 0 18107 104 103 104 103 40|3218.54 0
201 203 1 1 2 0 0 0 18115 104 103 104 103 40|3218.56 0
201 203 1 1 2 0 0 0 18120 104 103 104 103 40|3218.58 0
201 203 1 1 2 0 0 0 18134 104 103 104 103 40|3218.60 0
201 203 1 1 2 0 0 0 18138 104 103 104 103 40|3218.62 0
201 203 1 1 2 0 0 0 18140 104 103 104 103 40|3218.68 0
201 203 1 1 2 0 0 0 18141 104 103 104 103 40|3218.74 0
201 203 1 1 2 0 0 0 18145 104 103 104 103 40|3218.76 0
201 203 1 1 2 0 0 0 18146 104 103 104 103 40|3218.84 0
201 203 1 1 2 0 0 0 18147 104 103 104 103 40|3218.92 0
201 203 1 1 2 0 0 0 18148 104 103 104 103 40|3219.31 0
201 203 1 1 2 0 0 0 18150 104 103 104 103 40|3219.46 0
201 203 1 1 2 0 0 0 18162 104 103 104 103 40|3219.48 0
201 203 1 1 2 0 0 0 18166 104 103 104 103 40|3219.52 0
201 203 1 1 2 0 0 0 18175 104 103 104 103 40|3219.56 0
201 203 1 1 2 0 0 0 18176 104 103 104 103 40|3219.68 0
201 203 1 1 2 0 0 0 18179 104 103 104 103 40|3220.09 0
201 203 1 1 2 0 0 0 18180 104 103 104 103 40|3220.34 0
201 203 1 1 2 0 0 0 18182 104 103 104 103 40|3220.40 0
201 203 1 1 2 0 0 0 18183 104 103 104 103 40|3220.44 0
201 203 1 1 2 0 0 0 18186 104 103 104 103 40|3220.52 0
201 203 1 1 2 0 0 0 18190 104 103 104 103 40|3220.64 0
201 203 1 1 2 0 0 0 18198 104 103 104 103 40|3220.66 0
201 203 1 1 2 0 0 0 18199 104 103 104 103 40|3220.68 0
201 203 1 1 2 0 0 0 18203 104 103 104 103 40|3220.71 0
201 203 1 1 2 0 0 0 18206 104 103 104 103 40|3220.74 0
201 203 1 1 2 0 0 0 18209 104 103 104 103 40|3220.76 0
201 203 1 1 2 0 0 0 18211 104 103 104 103 40|3220.79 0
201 203 1 1 2 0 0 0 18213 104 103 104 103 40|3220.81 0
201 203 1 1 2 0 0 0 18214 104 103 104 103 40|3220.83 0
201 203 1 1 2 0 0 0 18223 104 103 104 103 40|3220.85 0
201 203 1 1 2 0 0 0 18228 104 103 104 103 40|3220.90 0
201 203 1 1 2 0 0 0 18232 104 103 104 103 40|3220.92 0
201 203 1 1 2 0 0 0 18236 104 103 104 103 40|3220.96 0
201 203 1 1 2 0 0 0 18238 104 103 104 103 40|3220.98 0
201 203 1 1 2 0 0 0 18245 104 103 104 103 40|3221.02 0
201 203 1 1 2 0 0 0 18254 104 103 104 103 40|3221.06 0
201 203 1 1 2 0 0 0 18255 104 103 104 103 40|3221.08 0
201 203 1 1 2 0 0 0 18261 104 103 104 103 40|3221.10 0
201 203 1 1 2 0 0 0 18264 104 103 104 103 40|3221.12 0
201 203 1 1 2 0 0 0 18267 104 103 104 103 40|3221.14 0
201 203 1 1 2 0 0 0 18271 104 103 104 103 40|3221.16 0
201 203 1 1 2 0 0 0 18276 104 103 104 103 40|3221.20 0
201 203 1 1 2 0 0 0 18278 104 103 104 103 40|3221.22 0
201 203 1 1 2 0 0 0 18279 104 103 104 103 40|3221.24 0
201 203 1 1 2 0 0 0 18284 104 103 104 103 40|3221.28 0
201 203 1 1 2 0 0 0 18286 104 103 104 103 40|3221.33 0
201 203 1 1 2 0 0 0 18292 104 103 104 103 40|3221.36 0
201 203 1 1 2 0 0 0 18297 104 103 104 103 40|3221.40 0
201 203 1 1 2 0 0 0 18300 104 103 104 103 40|3221.42 0
201 203 1 1 2 0 0 0 18302 104 103 104 103 40|3221.44 0
201 203 1 1 2 0 0 0 18304 104 103 104 103 40|3221.46 0
201 203 1 1 2 0 0 0 18307 104 103 104 103 40|3221.49 0
201 203 1 1 2 0 0 0 18314 104 103 104 103 40|3221.52 0
201 203 1 1 2 0 0 0 18318 104 103 104 103 40|3221.54 0
201 203 1 1 2 0 0 0 18320 104 103 104 103 40|3221.56 0
201 203 1 1 2 0 0 0 18324 104 103 104 103 40|3221.59 0
201 203 1 1 2 0 0 0 18328 104 103 104 103 40|3221.62 0
201 203 1 1 2 0 0 0 18332 104 103 104 103 40|3221.64 0
201 203 1 1 2 0 0 0 18336 104 103 104 103 40|3221.67 0
201 203 1 1 2 0 0 0 18338 104 103 104 103 40|3221.70 0
201 203 1 1 2 0 0 0 18342 104 103 104 103 40|3221.72 0
201 203 1 1 2 0 0 0 18345 104 103 104 103 40|3221.75 0
201 203 1 1 2 0 0 0 18351 104 103 104 103 40|3221.77 0
201 203 1 1 2 0 0 0 18358 104 103 104 103 40|3221.79 0
201 203 1 1 2 0 0 0 18360 104 103 104 103 40|3221.82 0
201 203 1 1 2 0 0 0 18362 104 103 104 103 40|3221.84 0
201 203 1 1 2 0 0 0 18364 104 103 104 103 40|3221.87 0
201 203 1 1 2 0 0 0 18370 104 103 104 103 40|3221.89 0
201 203 1 1 2 0 0 0 18371 104 103 104 103 40|3221.91 0
201 203 1 1 2 0 0 0 18374 104 103 104 103 40|3221.93 0
201 203 1 1 2 0 0 0 18381 104 103 104 103 40|3221.97 0
201 203 1 1 2 0 0 0 18382 104 103 104 103 40|3221.99 0
201 203 1 1 2 0 0 0 18390 104 103 104 103 40|3222.03 0
201 203 1 1 2 0 0 0 18393 104 103 104 103 40|3222.07 0
201 203 1 1 2 0 0 0 18398 104 103 104 103 40|3222.11 0
201 203 1 1 2 0 0 0 18403 104 103 104 103 40|3222.15 0
201 203 1 1 2 0 0 0 18412 104 103 104 103 40|3222.18 0
201 203 1 1 2 0 0 0 18417 104 103 104 103 40|3222.21 0
201 203 1 1 2 0 0 0 18422 104 103 104 103 40|3222.23 0
201 203 1 1 2 0 0 0 18425 104 103 104 103 40|3222.25 0
201 203 1 1 2 0 0 0 18430 104 103 104 103 40|3222.29 0
201 203 1 1 2 0 0 0 18435 104 103 104 103 40|3222.31 0
201 203 1 1 2 0 0 0 18437 104 103 104 103 40|3222.33 0
201 203 1 1 2 0 0 0 18439 104 103 104 103 40|3222.35 0
201 203 1 1 2 0 0 0 18440 104 103 104 103 40|3222.37 0
201 203 1 1 2 0 0 0 18444 104 103 104 103 40|3222.39 0
201 203 1 1 2 0 0 0 18452 104 103 104 103 40|3222.43 0
201 203 1 1 2 0 0 0 18456 104 103 104 103 40|3222.45 0
201 203 1 1 2 0 0 0 18461 104 103 104 103 40|3222.48 0
201 203 1 1 2 0 0 0 18463 104 103 104 103 40|3222.51 0
201 203 1 1 2 0 0 0 18465 104 103 104 103 40|3222.53 0
201 203 1 1 2 0 0 0 18466 104 103 104 103 40|3222.55 0
201 203 1 1 2 0 0 0 18469 104 103 104 103 40|3222.56 0
201 203 1 1 2 0 0 0 18470 104 103 104 103 40|3222.58 0
201 203 1 1 2 0 0 0 18476 104 103 104 103 40|3222.60 0
201 203 1 1 2 0 0 0 18478 104 103 104 103 40|3222.62 0
201 203 1 1 2 0 0 0 18482 104 103 104 103 40|3222.64 0
201 203 1 1 2 0 0 0 18487 104 103 104 103 40|3222.68 0
201 203 1 1 2 0 0 0 18492 104 103 104 103 40|3222.70 0
201 203 1 1 2 0 0 0 18496 104 103 104 103 40|3222.73 0
201 203 1 1 2 0 0 0 18500 104 103 104 103 40|3222.75 0
201 203 1 1 2 0 0 0 18505 104 103 104 103 40|3222.78 0
201 203 1 1 2 0 0 0 18510 104 103 104 103 40|3222.81 0
201 203 1 1 2 0 0 0 18512 104 103 104 103 40|3222.83 0
201 203 1 1 2 0 0 0 18517 104 103 104 103 40|3222.85 0
201 203 1 1 2 0 0 0 18523 104 103 104 103 40|3222.88 0
201 203 1 1 2 0 0 0 18532 104 103 104 103 40|3222.92 0
201 203 1 1 2 0 0 0 18537 104 103 104 103 40|3222.94 0
201 203 1 1 2 0 0 0 18543 104 103 104 103 40|3222.98 0
201 203 1 1 2 0 0 0 18547 104 103 104 103 40|3223.01 0
201 203 1 1 2 0 0 0 18554 104 103 104 103 40|3223.03 0
201 203 1 1 2 0 0 0 18555 104 103 104 103 40|3223.05 0
201 203 1 1 2 0 0 0 18559 104 103 104 103 40|3223.08 0
201 203 1 1 2 0 0 0 18563 104 103 104 103 40|3223.12 0
201 203 1 1 2 0 0 0 18572 104 103 104 103 40|3223.16 0
201 203 1 1 2 0 0 0 18574 104 103 104 103 40|3223.19 0
201 203 1 1 2 0 0 0 18583 104 103 104 103 40|3223.21 0
201 203 1 1 2 0 0 0 18584 104 103 104 103 40|3223.23 0
201 203 1 1 2 0 0 0 18586 104 103 104 103 40|3223.25 0
201 203 1 1 2 0 0 0 18587 104 103 104 103 40|3223.27 0
201 203 1 1 2 0 0 0 18588 104 103 104 103 40|3223.29 0
201 203 1 1 2 0 0 0 18600 104 103 104 103 40|3223.34 0
201 203 1 1 2 0 0 0 18606 104 103 104 103 40|3223.37 0
201 203 1 1 2 0 0 0 18615 104 103 104 103 40|3223.40 0
201 203 1 1 2 0 0 0 18620 104 103 104 103 40|3223.42 0
201 203 1 1 2 0 0 0 18632 104 103 104 103 40|3223.47 0
201 203 1 1 2 0 0 0 18634 104 103 104 103 40|3223.50 0
201 203 1 1 2 0 0 0 18639 104 103 104 103 40|3223.52 0
201 203 1 1 2 0 0 0 18645 104 103 104 103 40|3223.54 0
201 203 1 1 2 0 0 0 18651 104 103 104 103 40|3223.58 0
201 203 1 1 2 0 0 0 18656 104 103 104 103 40|3223.61 0
201 203 1 1 2 0 0 0 18660 104 103 104 103 40|3223.65 0
201 203 1 1 2 0 0 0 18661 104 103 104 103 40|3223.68 0
201 203 1 1 2 0 0 0 18663 104 103 104 103 40|3223.80 0
201 203 1 1 2 0 0 0 18664 104 103 104 103 40|3224.29 0
201 203 1 1 2 0 0 0 18666 104 103 104 103 40|3224.31 0
201 203 1 1 2 0 0 0 18670 104 103 104 103 40|3224.36 0
201 203 1 1 2 0 0 0 18671 104 103 104 103 40|3224.42 0
201 203 1 1 2 0 0 0 18681 104 103 104 103 40|3224.44 0
201 203 1 1 2 0 0 0 18684 104 103 104 103 40|3224.47 0
201 203 1 1 2 0 0 0 18686 104 103 104 103 40|3224.52 0
201 203 1 1 2 0 0 0 18690 104 103 104 103 40|3224.54 0
201 203 1 1 2 0 0 0 18698 104 103 104 103 40|3224.56 0
201 203 1 1 2 0 0 0 18702 104 103 104 103 40|3224.58 0
201 203 1 1 2 0 0 0 18705 104 103 104 103 40|3224.60 0
201 203 1 1 2 0 0 0 18714 104 103 104 103 40|3224.64 0
201 203 1 1 2 0 0 0 18719 104 103 104 103 40|3224.66 0
201 203 1 1 2 0 0 0 18726 104 103 104 103 40|3224.69 0
201 203 1 1 2 0 0 0 18738 104 103 104 103 40|3224.71 0
201 203 1 1 2 0 0 0 18742 104 103 104 103 40|3224.74 0
201 203 1 1 2 0 0 0 18746 104 103 104 103 40|3224.76 0
201 203 1 1 2 0 0 0 18748 104 103 104 103 40|3225.82 0
201 203 1 1 2 0 0 0 18751 104 103 104 103 40|3226.22 0
201 203 1 1 2 0 0 0 18761 104 103 104 103 40|3226.89 0
201 203 1 1 2 0 0 0 18762 104 103 104 103 40|3226.92 0
201 203 1 1 2 0 0 0 18766 104 103 104 103 40|3226.96 0
201 203 1 1 2 0 0 0 18780 104 103 104 103 40|3227.00 0
201 203 1 1 2 0 0 0 18782 104 103 104 103 40|3227.04 0
201 203 1 1 2 0 0 0 18786 104 103 104 103 40|3227.05 0
201 203 1 1 2 0 0 0 18791 104 103 104 103 40|3227.09 0
201 203 1 1 2 0 0 0 18792 104 103 104 103 40|3227.11 0
201 203 1 1 2 0 0 0 18795 104 103 104 103 40|3227.13 0
201 203 1 1 2 0 0 0 18800 104 103 104 103 40|3227.17 0
201 203 1 1 2 0 0 0 18805 104 103 104 103 40|3227.21 0
201 203 1 1 2 0 0 0 18807 104 103 104 103 40|3227.26 0
201 203 1 1 2 0 0 0 18809 104 103 104 103 40|3227.28 0
201 203 1 1 2 0 0 0 18810 104 103 104 103 40|3227.30 0
201 203 1 1 2 0 0 0 18815 104 103 104 103 40|3227.36 0
201 203 1 1 2 0 0 0 18820 104 103 104 103 40|3227.38 0
201 203 1 1 2 0 0 0 18828 104 103 104 103 40|3227.40 0
201 203 1 1 2 0 0 0 18829 104 103 104 103 40|3227.44 0
201 203 1 1 2 0 0 0 18831 104 103 104 103 40|3227.46 0
201 203 1 1 2 0 0 0 18838 104 103 104 103 40|3227.48 0
201 203 1 1 2 0 0 0 18842 104 103 104 103 40|3227.50 0
201 203 1 1 2 0 0 0 18847 104 103 104 103 40|3227.52 0
201 203 1 1 2 0 0 0 18852 104 103 104 103 40|3227.54 0
201 203 1 1 2 0 0 0 18854 104 103 104 103 40|3227.56 0
201 203 1 1 2 0 0 0 18856 104 103 104 103 40|3227.58 0
201 203 1 1 2 0 0 0 18860 104 103 104 103 40|3227.61 0
201 203 1 1 2 0 0 0 18865 104 103 104 103 40|3227.64 0
201 203 1 1 2 0 0 0 18867 104 103 104 103 40|3227.74 0
201 203 1 1 2 0 0 0 18868 104 103 104 103 40|3228.00 0
201 203 1 1 2 0 0 0 18876 104 103 104 103 40|3228.22 0
201 203 1 1 2 0 0 0 18878 104 103 104 103 40|3228.25 0
201 203 1 1 2 0 0 0 18888 104 103 104 103 40|3228.34 0
201 203 1 1 2 0 0 0 18892 104 103 104 103 40|3228.37 0
201 203 1 1 2 0 0 0 18893 104 103 104 103 40|3228.39 0
201 203 1 1 2 0 0 0 18895 104 103 104 103 40|3228.41 0
201 203 1 1 2 0 0 0 18901 104 103 104 103 40|3228.43 0
201 203 1 1 2 0 0 0 18903 104 103 104 103 40|3228.45 0
201 203 1 1 2 0 0 0 18913 104 103 104 103 40|3228.48 0
201 203 1 1 2 0 0 0 18920 104 103 104 103 40|3228.54 0
201 203 1 1 2 0 0 0 18927 104 103 104 103 40|3228.57 0
201 203 1 1 2 0 0 0 18932 104 103 104 103 40|3228.59 0
201 203 1 1 2 0 0 0 18942 104 103 104 103 40|3228.61 0
201 203 1 1 2 0 0 0 18947 104 103 104 103 40|3228.63 0
201 203 1 1 2 0 0 0 18955 104 103 104 103 40|3228.65 0
201 203 1 1 2 0 0 0 18956 104 103 104 103 40|3229.12 0
201 203 1 1 2 0 0 0 18959 104 103 104 103 40|3230.12 0
201 203 1 1 2 0 0 0 18960 104 103 104 103 40|3230.18 0
201 203 1 1 2 0 0 0 18961 104 103 104 103 40|3230.54 0
201 203 1 1 2 0 0 0 18963 104 103 104 103 40|3230.71 0
201 203 1 1 2 0 0 0 18970 104 103 104 103 40|3230.73 0
201 203 1 1 2 0 0 0 18971 104 103 104 103 40|3230.75 0
201 203 1 1 2 0 0 0 18975 104 103 104 103 40|3230.79 0
201 203 1 1 2 0 0 0 18987 104 103 104 103 40|3230.81 0
201 203 1 1 2 0 0 0 18989 104 103 104 103 40|3230.83 0
201 203 1 1 2 0 0 0 18991 104 103 104 103 40|3230.85 0
201 203 1 1 2 0 0 0 18998 104 103 104 103 40|3230.88 0
201 203 1 1 2 0 0 0 19000 104 103 104 103 40|3230.90 0
201 203 1 1 2 0 0 0 19003 104 103 104 103 40|3230.92 0
201 203 1 1 2 0 0 0 19004 104 103 104 103 40|3230.94 0
201 203 1 1 2 0 0 0 19008 104 103 104 103 40|3230.96 0
201 203 1 1 2 0 0 0 19010 104 103 104 103 40|3230.98 0
201 203 1 1 2 0 0 0 19011 104 103 104 103 40|3231.01 0
201 203 1 1 2 0 0 0 19016 104 103 104 103 40|3231.04 0
201 203 1 1 2 0 0 0 19020 104 103 104 103 40|3231.06 0
201 203 1 1 2 0 0 0 19027 104 103 104 103 40|3231.10 0
201 203 1 1 2 0 0 0 19032 104 103 104 103 40|3231.13 0
201 203 1 1 2 0 0 0 19033 104 103 104 103 40|3231.16 0
201 203 1 1 2 0 0 0 19038 104 103 104 103 40|3231.19 0
201 203 1 1 2 0 0 0 19042 104 103 104 103 40|3231.21 0
201 203 1 1 2 0 0 0 19048 104 103 104 103 40|3231.26 0
201 203 1 1 2 0 0 0 19053 104 103 104 103 40|3231.29 0
201 203 1 1 2 0 0 0 19055 104 103 104 103 40|3231.31 0
201 203 1 1 2 0 0 0 19060 104 103 104 103 40|3231.33 0
201 203 1 1 2 0 0 0 19072 104 103 104 103 40|3231.35 0
201 203 1 1 2 0 0 0 19078 104 103 104 103 40|3231.37 0
201 203 1 1 2 0 0 0 19084 104 103 104 103 40|3231.42 0
201 203 1 1 2 0 0 0 19099 104 103 104 103 40|3231.46 0
201 203 1 1 2 0 0 0 19107 104 103 104 103 40|3231.51 0
201 203 1 1 2 0 0 0 19114 104 103 104 103 40|3231.54 0
201 203 1 1 2 0 0 0 19117 104 103 104 103 40|3231.56 0
201 203 1 1 2 0 0 0 19120 104 103 104 103 40|3231.59 0
201 203 1 1 2 0 0 0 19124 104 103 104 103 40|3231.61 0
201 203 1 1 2 0 0 0 19128 104 103 104 103 40|3231.63 0
201 203 1 1 2 0 0 0 19130 104 103 104 103 40|3231.65 0
201 203 1 1 2 0 0 0 19134 104 103 104 103 40|3231.67 0
201 203 1 1 2 0 0 0 19137 104 103 104 103 40|3231.69 0
201 203 1 1 2 0 0 0 19139 104 103 104 103 40|3231.71 0
201 203 1 1 2 0 0 0 19143 104 103 104 103 40|3231.73 0
201 203 1 1 2 0 0 0 19149 104 103 104 103 40|3231.75 0
201 203 1 1 2 0 0 0 19151 104 103 104 103 40|3231.77 0
201 203 1 1 2 0 0 0 19156 104 103 104 103 40|3231.79 0
201 203 1 1 2 0 0 0 19160 104 103 104 103 40|3231.81 0
201 203 1 1 2 0 0 0 19162 104 103 104 103 40|3231.83 0
201 203 1 1 2 0 0 0 19168 104 103 104 103 40|3231.85 0
201 203 1 1 2 0 0 0 19173 104 103 104 103 40|3231.87 0
201 203 1 1 2 0 0 0 19174 104 103 104 103 40|3231.90 0
201 203 1 1 2 0 0 0 19178 104 103 104 103 40|3231.92 0
201 203 1 1 2 0 0 0 19183 104 103 104 103 40|3231.94 0
201 203 1 1 2 0 0 0 19190 104 103 104 103 40|3231.97 0
201 203 1 1 2 0 0 0 19192 104 103 104 103 40|3231.99 0
201 203 1 1 2 0 0 0 19197 104 103 104 103 40|3232.01 0
201 203 1 1 2 0 0 0 19201 104 103 104 103 40|3232.03 0
201 203 1 1 2 0 0 0 19206 104 103 104 103 40|3232.05 0
201 203 1 1 2 0 0 0 19218 104 103 104 103 40|3232.07 0
201 203 1 1 2 0 0 0 19220 104 103 104 103 40|3232.09 0
201 203 1 1 2 0 0 0 19222 104 103 104 103 40|3232.11 0
201 203 1 1 2 0 0 0 19230 104 103 104 103 40|3232.13 0
201 203 1 1 2 0 0 0 19238 104 103 104 103 40|3232.17 0
201 203 1 1 2 0 0 0 19245 104 103 104 103 40|3232.20 0
201 203 1 1 2 0 0 0 19249 104 103 104 103 40|3232.23 0
201 203 1 1 2 0 0 0 19256 104 103 104 103 40|3232.25 0
201 203 1 1 2 0 0 0 19261 104 103 104 103 40|3232.29 0
201 203 1 1 2 0 0 0 19265 104 103 104 103 40|3232.32 0
201 203 1 1 2 0 0 0 19267 104 103 104 103 40|3232.34 0
201 203 1 1 2 0 0 0 19271 104 103 104 103 40|3232.37 0
201 203 1 1 2 0 0 0 19278 104 103 104 103 40|3232.41 0
201 203 1 1 2 0 0 0 19283 104 103 104 103 40|3232.43 0
201 203 1 1 2 0 0 0 19285 104 103 104 103 40|3232.46 0
201 203 1 1 2 0 0 0 19288 104 103 104 103 40|3232.48 0
201 203 1 1 2 0 0 0 19292 104 103 104 103 40|3232.50 0
201 203 1 1 2 0 0 0 19295 104 103 104 103 40|3232.52 0
201 203 1 1 2 0 0 0 19299 104 103 104 103 40|3232.55 0
201 203 1 1 2 0 0 0 19303 104 103 104 103 40|3232.57 0
201 203 1 1 2 0 0 0 19304 104 103 104 103 40|3232.59 0
201 203 1 1 2 0 0 0 19308 104 103 104 103 40|3232.63 0
201 203 1 1 2 0 0 0 19314 104 103 104 103 40|3232.66 0
201 203 1 1 2 0 0 0 19316 104 103 104 103 40|3232.68 0
201 203 1 1 2 0 0 0 19319 104 103 104 103 40|3232.70 0
201 203 1 1 2 0 0 0 19321 104 103 104 103 40|3232.72 0
201 203 1 1 2 0 0 0 19322 104 103 104 103 40|3232.73 0
201 203 1 1 2 0 0 0 19324 104 103 104 103 40|3232.75 0
201 203 1 1 2 0 0 0 19326 104 103 104 103 40|3232.78 0
201 203 1 1 2 0 0 0 19331 104 103 104 103 40|3232.80 0
201 203 1 1 2 0 0 0 19335 104 103 104 103 40|3232.82 0
201 203 1 1 2 0 0 0 19339 104 103 104 103 40|3232.85 0
201 203 1 1 2 0 0 0 19347 104 103 104 103 40|3232.89 0
201 203 1 1 2 0 0 0 19352 104 103 104 103 40|3232.92 0
201 203 1 1 2 0 0 0 19354 104 103 104 103 40|3232.94 0
201 203 1 1 2 0 0 0 19360 104 103 104 103 40|3232.96 0
201 203 1 1 2 0 0 0 19364 104 103 104 103 40|3233.00 0
201 203 1 1 2 0 0 0 19368 104 103 104 103 40|3233.03 0
201 203 1 1 2 0 0 0 19370 104 103 104 103 40|3233.05 0
201 203 1 1 2 0 0 0 19374 104 103 104 103 40|3233.07 0
201 203 1 1 2 0 0 0 19379 104 103 104 103 40|3233.11 0
201 203 1 1 2 0 0 0 19383 104 103 104 103 40|3233.13 0
201 203 1 1 2 0 0 0 19388 104 103 104 103 40|3233.17 0
201 203 1 1 2 0 0 0 19393 104 103 104 103 40|3233.19 0
201 203 1 1 2 0 0 0 19397 104 103 104 103 40|3233.21 0
201 203 1 1 2 0 0 0 19403 104 103 104 103 40|3233.24 0
201 203 1 1 2 0 0 0 19408 104 103 104 103 40|3233.26 0
201 203 1 1 2 0 0 0 19410 104 103 104 103 40|3233.28 0
201 203 1 1 2 0 0 0 19412 104 103 104 103 40|3233.30 0
201 203 1 1 2 0 0 0 19417 104 103 104 103 40|3233.33 0
201 203 1 1 2 0 0 0 19423 104 103 104 103 40|3233.37 0
201 203 1 1 2 0 0 0 19430 104 103 104 103 40|3233.41 0
201 203 1 1 2 0 0 0 19435 104 103 104 103 40|3233.44 0
201 203 1 1 2 0 0 0 19437 104 103 104 103 40|3233.46 0
201 203 1 1 2 0 0 0 19442 104 103 104 103 40|3233.48 0
201 203 1 1 2 0 0 0 19446 104 103 104 103 40|3233.50 0
201 203 1 1 2 0 0 0 19451 104 103 104 103 40|3233.52 0
201 203 1 1 2 0 0 0 19455 104 103 104 103 40|3233.54 0
201 203 1 1 2 0 0 0 19457 104 103 104 103 40|3233.56 0
201 203 1 1 2 0 0 0 19459 104 103 104 103 40|3233.58 0
201 203 1 1 2 0 0 0 19465 104 103 104 103 40|3233.61 0
201 203 1 1 2 0 0 0 19473 104 103 104 103 40|3233.66 0
201 203 1 1 2 0 0 0 19478 104 103 104 103 40|3233.69 0
201 203 1 1 2 0 0 0 19480 104 103 104 103 40|3233.71 0
201 203 1 1 2 0 0 0 19485 104 103 104 103 40|3233.73 0
201 203 1 1 2 0 0 0 19489 104 103 104 103 40|3233.75 0
201 203 1 1 2 0 0 0 19492 104 103 104 103 40|3233.77 0
201 203 1 1 2 0 0 0 19496 104 103 104 103 40|3233.79 0
201 203 1 1 2 0 0 0 19498 104 103 104 103 40|3233.86 0
201 203 1 1 2 0 0 0 19500 104 103 104 103 40|3233.94 0
201 203 1 1 2 0 0 0 19501 104 103 104 103 40|3234.21 0
201 203 1 1 2 0 0 0 19511 104 103 104 103 40|3234.41 0
201 203 1 1 2 0 0 0 19516 104 103 104 103 40|3234.50 0
201 203 1 1 2 0 0 0 19524 104 103 104 103 40|3234.52 0
201 203 1 1 2 0 0 0 19533 104 103 104 103 40|3234.60 0
201 203 1 1 2 0 0 0 19545 104 103 104 103 40|3234.63 0
201 203 1 1 2 0 0 0 19552 104 103 104 103 40|3234.69 0
201 203 1 1 2 0 0 0 19560 104 103 104 103 40|3234.71 0
201 203 1 1 2 0 0 0 19571 104 103 104 103 40|3234.73 0
201 203 1 1 2 0 0 0 19582 104 103 104 103 40|3234.75 0
201 203 1 1 2 0 0 0 19586 104 103 104 103 40|3234.77 0
201 203 1 1 2 0 0 0 19587 104 103 104 103 40|3235.30 0
201 203 1 1 2 0 0 0 19588 104 103 104 103 40|3236.12 0
201 203 1 1 2 0 0 0 19589 104 103 104 103 40|3236.28 0
201 203 1 1 2 0 0 0 19591 104 103 104 103 40|3236.36 0
201 203 1 1 2 0 0 0 19592 104 103 104 103 40|3236.40 0
201 203 1 1 2 0 0 0 19596 104 103 104 103 40|3236.46 0
201 203 1 1 2 0 0 0 19598 104 103 104 103 40|3236.72 0
201 203 1 1 2 0 0 0 19604 104 103 104 103 40|3236.81 0
201 203 1 1 2 0 0 0 19605 104 103 104 103 40|3236.83 0
201 203 1 1 2 0 0 0 19608 104 103 104 103 40|3236.85 0
201 203 1 1 2 0 0 0 19614 104 103 104 103 40|3236.91 0
201 203 1 1 2 0 0 0 19615 104 103 104 103 40|3236.93 0
201 203 1 1 2 0 0 0 19623 104 103 104 103 40|3236.95 0
201 203 1 1 2 0 0 0 19631 104 103 104 103 40|3236.97 0
201 203 1 1 2 0 0 0 19634 104 103 104 103 40|3236.99 0
201 203 1 1 2 0 0 0 19643 104 103 104 103 40|3237.03 0
201 203 1 1 2 0 0 0 19647 104 103 104 103 40|3237.07 0
201 203 1 1 2 0 0 0 19653 104 103 104 103 40|3237.11 0
201 203 1 1 2 0 0 0 19656 104 103 104 103 40|3237.13 0
201 203 1 1 2 0 0 0 19666 104 103 104 103 40|3237.17 0
201 203 1 1 2 0 0 0 19672 104 103 104 103 40|3237.20 0
201 203 1 1 2 0 0 0 19682 104 103 104 103 40|3237.24 0
201 203 1 1 2 0 0 0 19686 104 103 104 103 40|3237.26 0
201 203 1 1 2 0 0 0 19693 104 103 104 103 40|3237.28 0
201 203 1 1 2 0 0 0 19698 104 103 104 103 40|3237.30 0
201 203 1 1 2 0 0 0 19701 104 103 104 103 40|3237.33 0
201 203 1 1 2 0 0 0 19705 104 103 104 103 40|3237.36 0
201 203 1 1 2 0 0 0 19710 104 103 104 103 40|3237.39 0
201 203 1 1 2 0 0 0 19712 104 103 104 103 40|3237.41 0
201 203 1 1 2 0 0 0 19722 104 103 104 103 40|3237.43 0
201 203 1 1 2 0 0 0 19723 104 103 104 103 40|3237.47 0
201 203 1 1 2 0 0 0 19736 104 103 104 103 40|3237.49 0
201 203 1 1 2 0 0 0 19740 104 103 104 103 40|3237.51 0
201 203 1 1 2 0 0 0 19745 104 103 104 103 40|3237.54 0
201 203 1 1 2 0 0 0 19751 104 103 104 103 40|3237.57 0
201 203 1 1 2 0 0 0 19757 104 103 104 103 40|3237.59 0
201 203 1 1 2 0 0 0 19761 104 103 104 103 40|3237.61 0
201 203 1 1 2 0 0 0 19769 104 103 104 103 40|3237.63 0
201 203 1 1 2 0 0 0 19773 104 103 104 103 40|3237.65 0
201 203 1 1 2 0 0 0 19778 104 103 104 103 40|3237.67 0
201 203 1 1 2 0 0 0 19781 104 103 104 103 40|3237.69 0
201 203 1 1 2 0 0 0 19782 104 103 104 103 40|3237.71 0
201 203 1 1 2 0 0 0 19789 104 103 104 103 40|3237.73 0
201 203 1 1 2 0 0 0 19793 104 103 104 103 40|3237.75 0
201 203 1 1 2 0 0 0 19800 104 103 104 103 40|3237.77 0
201 203 1 1 2 0 0 0 19803 104 103 104 103 40|3237.81 0
201 203 1 1 2 0 0 0 19809 104 103 104 103 40|3237.85 0
201 203 1 1 2 0 0 0 19816 104 103 104 103 40|3237.88 0
201 203 1 1 2 0 0 0 19819 104 103 104 103 40|3237.90 0
201 203 1 1 2 0 0 0 19822 104 103 104 103 40|3237.92 0
201 203 1 1 2 0 0 0 19824 104 103 104 103 40|3237.95 0
201 203 1 1 2 0 0 0 19829 104 103 104 103 40|3237.97 0
201 203 1 1 2 0 0 0 19830 104 103 104 103 40|3237.99 0
201 203 1 1 2 0 0 0 19833 104 103 104 103 40|3238.01 0
201 203 1 1 2 0 0 0 19838 104 103 104 103 40|3238.05 0
201 203 1 1 2 0 0 0 19843 104 103 104 103 40|3238.10 0
201 203 1 1 2 0 0 0 19846 104 103 104 103 40|3238.12 0
201 203 1 1 2 0 0 0 19849 104 103 104 103 40|3238.14 0
201 203 1 1 2 0 0 0 19850 104 103 104 103 40|3238.16 0
201 203 1 1 2 0 0 0 19856 104 103 104 103 40|3238.18 0
201 203 1 1 2 0 0 0 19859 104 103 104 103 40|3238.20 0
201 203 1 1 2 0 0 0 19865 104 103 104 103 40|3238.22 0
201 203 1 1 2 0 0 0 19869 104 103 104 103 40|3238.25 0
201 203 1 1 2 0 0 0 19875 104 103 104 103 40|3238.27 0
201 203 1 1 2 0 0 0 19884 104 103 104 103 40|3238.29 0
201 203 1 1 2 0 0 0 19886 104 103 104 103 40|3238.31 0
201 203 1 1 2 0 0 0 19893 104 103 104 103 40|3238.33 0
201 203 1 1 2 0 0 0 19897 104 103 104 103 40|3238.35 0
201 203 1 1 2 0 0 0 19900 104 103 104 103 40|3238.37 0
201 203 1 1 2 0 0 0 19908 104 103 104 103 40|3238.40 0
201 203 1 1 2 0 0 0 19913 104 103 104 103 40|3238.43 0
201 203 1 1 2 0 0 0 19919 104 103 104 103 40|3238.46 0
201 203 1 1 2 0 0 0 19924 104 103 104 103 40|3238.48 0
201 203 1 1 2 0 0 0 19926 104 103 104 103 40|3238.50 0
201 203 1 1 2 0 0 0 19931 104 103 104 103 40|3238.52 0
201 203 1 1 2 0 0 0 19937 104 103 104 103 40|3238.55 0
201 203 1 1 2 0 0 0 19941 104 103 104 103 40|3238.57 0
201 203 1 1 2 0 0 0 19947 104 103 104 103 40|3238.59 0
201 203 1 1 2 0 0 0 19958 104 103 104 103 40|3238.63 0
201 203 1 1 2 0 0 0 19968 104 103 104 103 40|3238.66 0
201 203 1 1 2 0 0 0 19974 104 103 104 103 40|3238.69 0
201 203 1 1 2 0 0 0 19985 104 103 104 103 40|3238.74 0
201 203 1 1 2 0 0 0 19988 104 103 104 103 40|3238.77 0
201 203 1 1 2 0 0 0 19992 104 103 104 103 40|3238.79 0
201 203 1 1 2 0 0 0 19999 104 103 104 103 40|3238.81 0
201 203 1 1 2 0 0 0 20003 104 103 104 103 40|3238.83 0
201 203 1 1 2 0 0 0 20008 104 103 104 103 40|3238.86 0
201 203 1 1 2 0 0 0 20010 104 103 104 103 40|3238.88 0
201 203 1 1 2 0 0 0 20017 104 103 104 103 40|3238.90 0
201 203 1 1 2 0 0 0 20021 104 103 104 103 40|3238.94 0
201 203 1 1 2 0 0 0 20022 104 103 104 103 40|3239.02 0
201 203 1 1 2 0 0 0 20023 104 103 104 103 40|3239.06 0
201 203 1 1 2 0 0 0 20024 104 103 104 103 40|3239.09 0
201 203 1 1 2 0 0 0 20025 104 103 104 103 40|3239.11 0
201 203 1 1 2 0 0 0 20033 104 103 104 103 40|3239.49 0
201 203 1 1 2 0 0 0 20035 104 103 104 103 40|3239.51 0
201 203 1 1 2 0 0 0 20038 104 103 104 103 40|3239.56 0
201 203 1 1 2 0 0 0 20047 104 103 104 103 40|3239.58 0
201 203 1 1 2 0 0 0 20048 104 103 104 103 40|3239.60 0
201 203 1 1 2 0 0 0 20054 104 103 104 103 40|3239.66 0
201 203 1 1 2 0 0 0 20061 104 103 104 103 40|3239.68 0
201 203 1 1 2 0 0 0 20068 104 103 104 103 40|3239.70 0
201 203 1 1 2 0 0 0 20081 104 103 104 103 40|3239.77 0
201 203 1 1 2 0 0 0 20093 104 103 104 103 40|3239.80 0
201 203 1 1 2 0 0 0 20101 104 103 104 103 40|3239.83 0
201 203 1 1 2 0 0 0 20110 104 103 104 103 40|3239.85 0
201 203 1 1 2 0 0 0 20111 104 103 104 103 40|3240.15 0
201 203 1 1 2 0 0 0 20112 104 103 104 103 40|3240.70 0
201 203 1 1 2 0 0 0 20113 104 103 104 103 40|3241.26 0
201 203 1 1 2 0 0 0 20119 104 103 104 103 40|3241.38 0
201 203 1 1 2 0 0 0 20120 104 103 104 103 40|3241.44 0
201 203 1 1 2 0 0 0 20121 104 103 104 103 40|3241.48 0
201 203 1 1 2 0 0 0 20122 104 103 104 103 40|3241.51 0
201 203 1 1 2 0 0 0 20123 104 103 104 103 40|3241.76 0
201 203 1 1 2 0 0 0 20124 104 103 104 103 40|3241.86 0
201 203 1 1 2 0 0 0 20126 104 103 104 103 40|3241.88 0
201 203 1 1 2 0 0 0 20127 104 103 104 103 40|3241.90 0
201 203 1 1 2 0 0 0 20133 104 103 104 103 40|3241.92 0
201 203 1 1 2 0 0 0 20135 104 103 104 103 40|3241.94 0
201 203 1 1 2 0 0 0 20139 104 103 104 103 40|3241.96 0
201 203 1 1 2 0 0 0 20141 104 103 104 103 40|3241.98 0
201 203 1 1 2 0 0 0 20144 104 103 104 103 40|3242.00 0
201 203 1 1 2 0 0 0 20148 104 103 104 103 40|3242.02 0
201 203 1 1 2 0 0 0 20151 104 103 104 103 40|3242.04 0
201 203 1 1 2 0 0 0 20157 104 103 104 103 40|3242.08 0
201 203 1 1 2 0 0 0 20165 104 103 104 103 40|3242.11 0
201 203 1 1 2 0 0 0 20169 104 103 104 103 40|3242.14 0
201 203 1 1 2 0 0 0 20176 104 103 104 103 40|3242.16 0
201 203 1 1 2 0 0 0 20188 104 103 104 103 40|3242.19 0
201 203 1 1 2 0 0 0 20190 104 103 104 103 40|3242.21 0
201 203 1 1 2 0 0 0 20194 104 103 104 103 40|3242.23 0
201 203 1 1 2 0 0 0 20200 104 103 104 103 40|3242.25 0
201 203 1 1 2 0 0 0 20203 104 103 104 103 40|3242.27 0
201 203 1 1 2 0 0 0 20207 104 103 104 103 40|3242.30 0
201 203 1 1 2 0 0 0 20212 104 103 104 103 40|3242.33 0
201 203 1 1 2 0 0 0 20217 104 103 104 103 40|3242.36 0
201 203 1 1 2 0 0 0 20222 104 103 104 103 40|3242.39 0
201 203 1 1 2 0 0 0 20225 104 103 104 103 40|3242.41 0
201 203 1 1 2 0 0 0 20231 104 103 104 103 40|3242.44 0
201 203 1 1 2 0 0 0 20237 104 103 104 103 40|3242.47 0
201 203 1 1 2 0 0 0 20242 104 103 104 103 40|3242.49 0
201 203 1 1 2 0 0 0 20244 104 103 104 103 40|3242.51 0
201 203 1 1 2 0 0 0 20248 104 103 104 103 40|3242.54 0
201 203 1 1 2 0 0 0 20251 104 103 104 103 40|3242.56 0
201 203 1 1 2 0 0 0 20255 104 103 104 103 40|3242.59 0
201 203 1 1 2 0 0 0 20260 104 103 104 103 40|3242.61 0
201 203 1 1 2 0 0 0 20263 104 103 104 103 40|3242.63 0
201 203 1 1 2 0 0 0 20266 104 103 104 103 40|3242.65 0
201 203 1 1 2 0 0 0 20272 104 103 104 103 40|3242.67 0
201 203 1 1 2 0 0 0 20277 104 103 104 103 40|3242.71 0
201 203 1 1 2 0 0 0 20284 104 103 104 103 40|3242.75 0
201 203 1 1 2 0 0 0 20289 104 103 104 103 40|3242.78 0
201 203 1 1 2 0 0 0 20292 104 103 104 103 40|3242.80 0
201 203 1 1 2 0 0 0 20295 104 103 104 103 40|3242.82 0
201 203 1 1 2 0 0 0 20297 104 103 104 103 40|3242.84 0
201 203 1 1 2 0 0 0 20298 104 103 104 103 40|3242.86 0
201 203 1 1 2 0 0 0 20303 104 103 104 103 40|3242.88 0
201 203 1 1 2 0 0 0 20308 104 103 104 103 40|3242.91 0
201 203 1 1 2 0 0 0 20311 104 103 104 103 40|3242.94 0
201 203 1 1 2 0 0 0 20315 104 103 104 103 40|3242.97 0
201 203 1 1 2 0 0 0 20319 104 103 104 103 40|3243.00 0
201 203 1 1 2 0 0 0 20320 104 103 104 103 40|3243.02 0
201 203 1 1 2 0 0 0 20324 104 103 104 103 40|3243.04 0
201 203 1 1 2 0 0 0 20327 104 103 104 103 40|3243.06 0
201 203 1 1 2 0 0 0 20331 104 103 104 103 40|3243.08 0
201 203 1 1 2 0 0 0 20333 104 103 104 103 40|3243.12 0
201 203 1 1 2 0 0 0 20339 104 103 104 103 40|3243.15 0
201 203 1 1 2 0 0 0 20345 104 103 104 103 40|3243.18 0
201 203 1 1 2 0 0 0 20348 104 103 104 103 40|3243.21 0
201 203 1 1 2 0 0 0 20354 104 103 104 103 40|3243.23 0
201 203 1 1 2 0 0 0 20355 104 103 104 103 40|3243.25 0
201 203 1 1 2 0 0 0 20360 104 103 104 103 40|3243.28 0
201 203 1 1 2 0 0 0 20365 104 103 104 103 40|3243.31 0
201 203 1 1 2 0 0 0 20368 104 103 104 103 40|3243.33 0
201 203 1 1 2 0 0 0 20370 104 103 104 103 40|3243.35 0
201 203 1 1 2 0 0 0 20374 104 103 104 103 40|3243.40 0
201 203 1 1 2 0 0 0 20389 104 103 104 103 40|3243.43 0
201 203 1 1 2 0 0 0 20391 104 103 104 103 40|3243.45 0
201 203 1 1 2 0 0 0 20395 104 103 104 103 40|3243.48 0
201 203 1 1 2 0 0 0 20397 104 103 104 103 40|3243.51 0
201 203 1 1 2 0 0 0 20405 104 103 104 103 40|3243.54 0
201 203 1 1 2 0 0 0 20410 104 103 104 103 40|3243.56 0
201 203 1 1 2 0 0 0 20412 104 103 104 103 40|3243.58 0
201 203 1 1 2 0 0 0 20418 104 103 104 103 40|3243.62 0
201 203 1 1 2 0 0 0 20420 104 103 104 103 40|3243.65 0
201 203 1 1 2 0 0 0 20425 104 103 104 103 40|3243.67 0
201 203 1 1 2 0 0 0 20427 104 103 104 103 40|3243.69 0
201 203 1 1 2 0 0 0 20428 104 103 104 103 40|3243.71 0
201 203 1 1 2 0 0 0 20431 104 103 104 103 40|3243.73 0
201 203 1 1 2 0 0 0 20434 104 103 104 103 40|3243.75 0
201 203 1 1 2 0 0 0 20436 104 103 104 103 40|3243.77 0
201 203 1 1 2 0 0 0 20441 104 103 104 103 40|3243.79 0
201 203 1 1 2 0 0 0 20445 104 103 104 103 40|3243.81 0
201 203 1 1 2 0 0 0 20450 104 103 104 103 40|3243.83 0
201 203 1 1 2 0 0 0 20453 104 103 104 103 40|3243.85 0
201 203 1 1 2 0 0 0 20457 104 103 104 103 40|3243.87 0
201 203 1 1 2 0 0 0 20468 104 103 104 103 40|3243.91 0
201 203 1 1 2 0 0 0 20471 104 103 104 103 40|3243.94 0
201 203 1 1 2 0 0 0 20479 104 103 104 103 40|3243.96 0
201 203 1 1 2 0 0 0 20485 104 103 104 103 40|3243.99 0
201 203 1 1 2 0 0 0 20491 104 103 104 103 40|3244.02 0
201 203 1 1 2 0 0 0 20494 104 103 104 103 40|3244.04 0
201 203 1 1 2 0 0 0 20500 104 103 104 103 40|3244.06 0
201 203 1 1 2 0 0 0 20504 104 103 104 103 40|3244.08 0
201 203 1 1 2 0 0 0 20511 104 103 104 103 40|3244.10 0
201 203 1 1 2 0 0 0 20516 104 103 104 103 40|3244.14 0
201 203 1 1 2 0 0 0 20524 104 103 104 103 40|3244.16 0
201 203 1 1 2 0 0 0 20525 104 103 104 103 40|3244.17 0
201 203 1 1 2 0 0 0 20533 104 103 104 103 40|3244.22 0
201 203 1 1 2 0 0 0 20541 104 103 104 103 40|3244.26 0
201 203 1 1 2 0 0 0 20546 104 103 104 103 40|3244.29 0
201 203 1 1 2 0 0 0 20558 104 103 104 103 40|3244.38 0
201 203 1 1 2 0 0 0 20562 104 103 104 103 40|3244.40 0
201 203 1 1 2 0 0 0 20563 104 103 104 103 40|3244.42 0
201 203 1 1 2 0 0 0 20564 104 103 104 103 40|3244.43 0
201 203 1 1 2 0 0 0 20569 104 103 104 103 40|3244.47 0
201 203 1 1 2 0 0 0 20573 104 103 104 103 40|3244.50 0
201 203 1 1 2 0 0 0 20574 104 103 104 103 40|3244.53 0
201 203 1 1 2 0 0 0 20578 104 103 104 103 40|3244.57 0
201 203 1 1 2 0 0 0 20581 104 103 104 103 40|3244.59 0
201 203 1 1 2 0 0 0 20586 104 103 104 103 40|3244.61 0
201 203 1 1 2 0 0 0 20590 104 103 104 103 40|3244.64 0
201 203 1 1 2 0 0 0 20593 104 103 104 103 40|3244.66 0
201 203 1 1 2 0 0 0 20596 104 103 104 103 40|3244.68 0
201 203 1 1 2 0 0 0 20600 104 103 104 103 40|3244.70 0
201 203 1 1 2 0 0 0 20605 104 103 104 103 40|3244.73 0
201 203 1 1 2 0 0 0 20609 104 103 104 103 40|3244.75 0
201 203 1 1 2 0 0 0 20613 104 103 104 103 40|3244.77 0
201 203 1 1 2 0 0 0 20615 104 103 104 103 40|3244.82 0
201 203 1 1 2 0 0 0 20616 104 103 104 103 40|3244.91 0
201 203 1 1 2 0 0 0 20617 104 103 104 103 40|3244.93 0
201 203 1 1 2 0 0 0 20618 104 103 104 103 40|3245.38 0
201 203 1 1 2 0 0 0 20627 104 103 104 103 40|3245.42 0
201 203 1 1 2 0 0 0 20629 104 103 104 103 40|3245.47 0
201 203 1 1 2 0 0 0 20640 104 103 104 103 40|3245.50 0
201 203 1 1 2 0 0 0 20641 104 103 104 103 40|3245.56 0
201 203 1 1 2 0 0 0 20651 104 103 104 103 40|3245.59 0
201 203 1 1 2 0 0 0 20655 104 103 104 103 40|3245.61 0
201 203 1 1 2 0 0 0 20661 104 103 104 103 40|3245.65 0
201 203 1 1 2 0 0 0 20666 104 103 104 103 40|3245.67 0
201 203 1 1 2 0 0 0 20677 104 103 104 103 40|3245.69 0
201 203 1 1 2 0 0 0 20688 104 103 104 103 40|3245.72 0
201 203 1 1 2 0 0 0 20699 104 103 104 103 40|3245.74 0
201 203 1 1 2 0 0 0 20702 104 103 104 103 40|3245.76 0
201 203 1 1 2 0 0 0 20703 104 103 104 103 40|3246.49 0
201 203 1 1 2 0 0 0 20706 104 103 104 103 40|3247.25 0
201 203 1 1 2 0 0 0 20707 104 103 104 103 40|3247.59 0
201 203 1 1 2 0 0 0 20708 104 103 104 103 40|3247.61 0
201 203 1 1 2 0 0 0 20709 104 103 104 103 40|3247.67 0
201 203 1 1 2 0 0 0 20718 104 103 104 103 40|3247.73 0
201 203 1 1 2 0 0 0 20720 104 103 104 103 40|3247.76 0
201 203 1 1 2 0 0 0 20722 104 103 104 103 40|3247.80 0
201 203 1 1 2 0 0 0 20727 104 103 104 103 40|3247.82 0
201 203 1 1 2 0 0 0 20733 104 103 104 103 40|3247.87 0
201 203 1 1 2 0 0 0 20738 104 103 104 103 40|3247.89 0
201 203 1 1 2 0 0 0 20739 104 103 104 103 40|3247.91 0
201 203 1 1 2 0 0 0 20742 104 103 104 103 40|3247.93 0
201 203 1 1 2 0 0 0 20748 104 103 104 103 40|3247.95 0
201 203 1 1 2 0 0 0 20751 104 103 104 103 40|3247.97 0
201 203 1 1 2 0 0 0 20756 104 103 104 103 40|3247.99 0
201 203 1 1 2 0 0 0 20757 104 103 104 103 40|3248.01 0
201 203 1 1 2 0 0 0 20760 104 103 104 103 40|3248.03 0
201 203 1 1 2 0 0 0 20769 104 103 104 103 40|3248.08 0
201 203 1 1 2 0 0 0 20775 104 103 104 103 40|3248.11 0
201 203 1 1 2 0 0 0 20777 104 103 104 103 40|3248.13 0
201 203 1 1 2 0 0 0 20784 104 103 104 103 40|3248.15 0
201 203 1 1 2 0 0 0 20788 104 103 104 103 40|3248.18 0
201 203 1 1 2 0 0 0 20798 104 103 104 103 40|3248.21 0
201 203 1 1 2 0 0 0 20809 104 103 104 103 40|3248.25 0
201 203 1 1 2 0 0 0 20811 104 103 104 103 40|3248.27 0
201 203 1 1 2 0 0 0 20817 104 103 104 103 40|3248.38 0
201 203 1 1 2 0 0 0 20832 104 103 104 103 40|3248.40 0
201 203 1 1 2 0 0 0 20834 104 103 104 103 40|3248.42 0
201 203 1 1 2 0 0 0 20839 104 103 104 103 40|3248.45 0
201 203 1 1 2 0 0 0 20843 104 103 104 103 40|3248.47 0
201 203 1 1 2 0 0 0 20848 104 103 104 103 40|3248.49 0
201 203 1 1 2 0 0 0 20854 104 103 104 103 40|3248.51 0
201 203 1 1 2 0 0 0 20856 104 103 104 103 40|3248.53 0
201 203 1 1 2 0 0 0 20864 104 103 104 103 40|3248.55 0
201 203 1 1 2 0 0 0 20867 104 103 104 103 40|3248.57 0
201 203 1 1 2 0 0 0 20874 104 103 104 103 40|3248.59 0
201 203 1 1 2 0 0 0 20877 104 103 104 103 40|3248.61 0
201 203 1 1 2 0 0 0 20881 104 103 104 103 40|3248.63 0
201 203 1 1 2 0 0 0 20882 104 103 104 103 40|3248.65 0
201 203 1 1 2 0 0 0 20888 104 103 104 103 40|3248.68 0
201 203 1 1 2 0 0 0 20893 104 103 104 103 40|3248.70 0
201 203 1 1 2 0 0 0 20895 104 103 104 103 40|3248.72 0
201 203 1 1 2 0 0 0 20899 104 103 104 103 40|3248.75 0
201 203 1 1 2 0 0 0 20903 104 103 104 103 40|3248.77 0
201 203 1 1 2 0 0 0 20911 104 103 104 103 40|3248.81 0
201 203 1 1 2 0 0 0 20915 104 103 104 103 40|3248.84 0
201 203 1 1 2 0 0 0 20921 104 103 104 103 40|3248.87 0
201 203 1 1 2 0 0 0 20925 104 103 104 103 40|3248.90 0
201 203 1 1 2 0 0 0 20927 104 103 104 103 40|3248.92 0
201 203 1 1 2 0 0 0 20931 104 103 104 103 40|3248.94 0
201 203 1 1 2 0 0 0 20932 104 103 104 103 40|3248.96 0
201 203 1 1 2 0 0 0 20935 104 103 104 103 40|3248.98 0
201 203 1 1 2 0 0 0 20936 104 103 104 103 40|3249.00 0
201 203 1 1 2 0 0 0 20944 104 103 104 103 40|3249.03 0
201 203 1 1 2 0 0 0 20946 104 103 104 103 40|3249.06 0
201 203 1 1 2 0 0 0 20953 104 103 104 103 40|3249.08 0
201 203 1 1 2 0 0 0 20955 104 103 104 103 40|3249.10 0
201 203 1 1 2 0 0 0 20959 104 103 104 103 40|3249.12 0
201 203 1 1 2 0 0 0 20963 104 103 104 103 40|3249.14 0
201 203 1 1 2 0 0 0 20965 104 103 104 103 40|3249.16 0
201 203 1 1 2 0 0 0 20972 104 103 104 103 40|3249.18 0
201 203 1 1 2 0 0 0 20974 104 103 104 103 40|3249.20 0
201 203 1 1 2 0 0 0 20977 104 103 104 103 40|3249.22 0
201 203 1 1 2 0 0 0 20983 104 103 104 103 40|3249.24 0
201 203 1 1 2 0 0 0 20989 104 103 104 103 40|3249.25 0
201 203 1 1 2 0 0 0 20991 104 103 104 103 40|3249.27 0
201 203 1 1 2 0 0 0 20993 104 103 104 103 40|3249.29 0
201 203 1 1 2 0 0 0 20999 104 103 104 103 40|3249.31 0
201 203 1 1 2 0 0 0 21002 104 103 104 103 40|3249.33 0
201 203 1 1 2 0 0 0 21006 104 103 104 103 40|3249.34 0
201 203 1 1 2 0 0 0 21012 104 103 104 103 40|3249.37 0
201 203 1 1 2 0 0 0 21017 104 103 104 103 40|3249.39 0
201 203 1 1 2 0 0 0 21018 104 103 104 103 40|3249.41 0
201 203 1 1 2 0 0 0 21020 104 103 104 103 40|3249.42 0
201 203 1 1 2 0 0 0 21026 104 103 104 103 40|3249.45 0
201 203 1 1 2 0 0 0 21028 104 103 104 103 40|3249.46 0
201 203 1 1 2 0 0 0 21031 104 103 104 103 40|3249.48 0
201 203 1 1 2 0 0 0 21034 104 103 104 103 40|3249.50 0
201 203 1 1 2 0 0 0 21039 104 103 104 103 40|3249.52 0
201 203 1 1 2 0 0 0 21041 104 103 104 103 40|3249.54 0
201 203 1 1 2 0 0 0 21043 104 103 104 103 40|3249.56 0
201 203 1 1 2 0 0 0 21046 104 103 104 103 40|3249.58 0
201 203 1 1 2 0 0 0 21049 104 103 104 103 40|3249.60 0
201 203 1 1 2 0 0 0 21055 104 103 104 103 40|3249.62 0
201 203 1 1 2 0 0 0 21061 104 103 104 103 40|3249.65 0
201 203 1 1 2 0 0 0 21063 104 103 104 103 40|3249.66 0
201 203 1 1 2 0 0 0 21068 104 103 104 103 40|3249.68 0
201 203 1 1 2 0 0 0 21075 104 103 104 103 40|3249.72 0
201 203 1 1 2 0 0 0 21084 104 103 104 103 40|3249.75 0
201 203 1 1 2 0 0 0 21085 104 103 104 103 40|3249.77 0
201 203 1 1 2 0 0 0 21092 104 103 104 103 40|3249.79 0
201 203 1 1 2 0 0 0 21095 104 103 104 103 40|3249.81 0
201 203 1 1 2 0 0 0 21104 104 103 104 103 40|3249.83 0
201 203 1 1 2 0 0 0 21106 104 103 104 103 40|3249.85 0
201 203 1 1 2 0 0 0 21114 104 103 104 103 40|3249.87 0
201 203 1 1 2 0 0 0 21117 104 103 104 103 40|3249.89 0
201 203 1 1 2 0 0 0 21124 104 103 104 103 40|3249.91 0
201 203 1 1 2 0 0 0 21129 104 103 104 103 40|3249.94 0
201 203 1 1 2 0 0 0 21136 104 103 104 103 40|3249.98 0
201 203 1 1 2 0 0 0 21151 104 103 104 103 40|3250.03 0
201 203 1 1 2 0 0 0 21153 104 103 104 103 40|3250.06 0
201 203 1 1 2 0 0 0 21156 104 103 104 103 40|3250.08 0
201 203 1 1 2 0 0 0 21160 104 103 104 103 40|3250.10 0
201 203 1 1 2 0 0 0 21164 104 103 104 103 40|3250.13 0
201 203 1 1 2 0 0 0 21166 104 103 104 103 40|3250.15 0
201 203 1 1 2 0 0 0 21172 104 103 104 103 40|3250.17 0
201 203 1 1 2 0 0 0 21176 104 103 104 103 40|3250.19 0
201 203 1 1 2 0 0 0 21182 104 103 104 103 40|3250.22 0
201 203 1 1 2 0 0 0 21186 104 103 104 103 40|3250.26 0
201 203 1 1 2 0 0 0 21193 104 103 104 103 40|3250.31 0
201 203 1 1 2 0 0 0 21198 104 103 104 103 40|3250.34 0
201 203 1 1 2 0 0 0 21202 104 103 104 103 40|3250.36 0
201 203 1 1 2 0 0 0 21204 104 103 104 103 40|3250.38 0
201 203 1 1 2 0 0 0 21208 104 103 104 103 40|3250.40 0
201 203 1 1 2 0 0 0 21210 104 103 104 103 40|3250.42 0
201 203 1 1 2 0 0 0 21217 104 103 104 103 40|3250.45 0
201 203 1 1 2 0 0 0 21221 104 103 104 103 40|3250.49 0
201 203 1 1 2 0 0 0 21225 104 103 104 103 40|3250.51 0
201 203 1 1 2 0 0 0 21229 104 103 104 103 40|3250.54 0
201 203 1 1 2 0 0 0 21233 104 103 104 103 40|3250.56 0
201 203 1 1 2 0 0 0 21235 104 103 104 103 40|3250.58 0
201 203 1 1 2 0 0 0 21237 104 103 104 103 40|3250.60 0
201 203 1 1 2 0 0 0 21239 104 103 104 103 40|3250.62 0
201 203 1 1 2 0 0 0 21241 104 103 104 103 40|3250.64 0
201 203 1 1 2 0 0 0 21246 104 103 104 103 40|3250.67 0
201 203 1 1 2 0 0 0 21250 104 103 104 103 40|3250.69 0
201 203 1 1 2 0 0 0 21254 104 103 104 103 40|3250.72 0
201 203 1 1 2 0 0 0 21258 104 103 104 103 40|3250.74 0
201 203 1 1 2 0 0 0 21263 104 103 104 103 40|3250.78 0
201 203 1 1 2 0 0 0 21267 104 103 104 103 40|3250.81 0
201 203 1 1 2 0 0 0 21269 104 103 104 103 40|3250.83 0
201 203 1 1 2 0 0 0 21275 104 103 104 103 40|3250.86 0
201 203 1 1 2 0 0 0 21281 104 103 104 103 40|3250.88 0
201 203 1 1 2 0 0 0 21286 104 103 104 103 40|3250.91 0
201 203 1 1 2 0 0 0 21289 104 103 104 103 40|3250.93 0
201 203 1 1 2 0 0 0 21294 104 103 104 103 40|3250.95 0
201 203 1 1 2 0 0 0 21300 104 103 104 103 40|3250.98 0
201 203 1 1 2 0 0 0 21304 104 103 104 103 40|3251.00 0
201 203 1 1 2 0 0 0 21309 104 103 104 103 40|3251.03 0
201 203 1 1 2 0 0 0 21314 104 103 104 103 40|3251.07 0
201 203 1 1 2 0 0 0 21323 104 103 104 103 40|3251.11 0
201 203 1 1 2 0 0 0 21325 104 103 104 103 40|3251.18 0
201 203 1 1 2 0 0 0 21342 104 103 104 103 40|3251.21 0
201 203 1 1 2 0 0 0 21348 104 103 104 103 40|3251.24 0
201 203 1 1 2 0 0 0 21355 104 103 104 103 40|3251.26 0
201 203 1 1 2 0 0 0 21361 104 103 104 103 40|3251.28 0
201 203 1 1 2 0 0 0 21367 104 103 104 103 40|3251.31 0
201 203 1 1 2 0 0 0 21371 104 103 104 103 40|3251.33 0
201 203 1 1 2 0 0 0 21377 104 103 104 103 40|3251.35 0
201 203 1 1 2 0 0 0 21385 104 103 104 103 40|3251.39 0
201 203 1 1 2 0 0 0 21389 104 103 104 103 40|3251.42 0
201 203 1 1 2 0 0 0 21393 104 103 104 103 40|3251.44 0
201 203 1 1 2 0 0 0 21395 104 103 104 103 40|3251.46 0
201 203 1 1 2 0 0 0 21398 104 103 104 103 40|3251.48 0
201 203 1 1 2 0 0 0 21402 104 103 104 103 40|3251.51 0
201 203 1 1 2 0 0 0 21408 104 103 104 103 40|3251.54 0
201 203 1 1 2 0 0 0 21414 104 103 104 103 40|3251.57 0
201 203 1 1 2 0 0 0 21419 104 103 104 103 40|3251.60 0
201 203 1 1 2 0 0 0 21424 104 103 104 103 40|3251.62 0
201 203 1 1 2 0 0 0 21433 104 103 104 103 40|3251.66 0
201 203 1 1 2 0 0 0 21440 104 103 104 103 40|3251.69 0
201 203 1 1 2 0 0 0 21443 104 103 104 103 40|3251.71 0
201 203 1 1 2 0 0 0 21446 104 103 104 103 40|3251.73 0
201 203 1 1 2 0 0 0 21450 104 103 104 103 40|3251.75 0
201 203 1 1 2 0 0 0 21454 104 103 104 103 40|3251.78 0
201 203 1 1 2 0 0 0 21457 104 103 104 103 40|3251.79 0
201 203 1 1 2 0 0 0 21459 104 103 104 103 40|3251.81 0
201 203 1 1 2 0 0 0 21464 104 103 104 103 40|3251.83 0
201 203 1 1 2 0 0 0 21471 104 103 104 103 40|3251.85 0
201 203 1 1 2 0 0 0 21480 104 103 104 103 40|3251.89 0
201 203 1 1 2 0 0 0 21485 104 103 104 103 40|3251.92 0
201 203 1 1 2 0 0 0 21492 104 103 104 103 40|3251.96 0
201 203 1 1 2 0 0 0 21499 104 103 104 103 40|3251.99 0
201 203 1 1 2 0 0 0 21506 104 103 104 103 40|3252.01 0
201 203 1 1 2 0 0 0 21508 104 103 104 103 40|3252.03 0
201 203 1 1 2 0 0 0 21512 104 103 104 103 40|3252.05 0
201 203 1 1 2 0 0 0 21517 104 103 104 103 40|3252.09 0
201 203 1 1 2 0 0 0 21520 104 103 104 103 40|3252.11 0
201 203 1 1 2 0 0 0 21525 104 103 104 103 40|3252.13 0
201 203 1 1 2 0 0 0 21529 104 103 104 103 40|3252.15 0
201 203 1 1 2 0 0 0 21534 104 103 104 103 40|3252.16 0
201 203 1 1 2 0 0 0 21538 104 103 104 103 40|3252.18 0
201 203 1 1 2 0 0 0 21541 104 103 104 103 40|3252.20 0
201 203 1 1 2 0 0 0 21548 104 103 104 103 40|3252.24 0
201 203 1 1 2 0 0 0 21550 104 103 104 103 40|3252.27 0
201 203 1 1 2 0 0 0 21562 104 103 104 103 40|3252.30 0
201 203 1 1 2 0 0 0 21567 104 103 104 103 40|3252.33 0
201 203 1 1 2 0 0 0 21573 104 103 104 103 40|3252.35 0
201 203 1 1 2 0 0 0 21577 104 103 104 103 40|3252.37 0
201 203 1 1 2 0 0 0 21581 104 103 104 103 40|3252.39 0
201 203 1 1 2 0 0 0 21584 104 103 104 103 40|3252.41 0
201 203 1 1 2 0 0 0 21588 104 103 104 103 40|3252.43 0
201 203 1 1 2 0 0 0 21592 104 103 104 103 40|3252.46 0
201 203 1 1 2 0 0 0 21602 104 103 104 103 40|3252.51 0
201 203 1 1 2 0 0 0 21609 104 103 104 103 40|3252.56 0
201 203 1 1 2 0 0 0 21613 104 103 104 103 40|3252.59 0
201 203 1 1 2 0 0 0 21619 104 103 104 103 40|3252.61 0
201 203 1 1 2 0 0 0 21621 104 103 104 103 40|3252.63 0
201 203 1 1 2 0 0 0 21625 104 103 104 103 40|3252.65 0
201 203 1 1 2 0 0 0 21630 104 103 104 103 40|3252.68 0
201 203 1 1 2 0 0 0 21636 104 103 104 103 40|3252.70 0
201 203 1 1 2 0 0 0 21639 104 103 104 103 40|3252.72 0
201 203 1 1 2 0 0 0 21641 104 103 104 103 40|3252.74 0
201 203 1 1 2 0 0 0 21644 104 103 104 103 40|3252.76 0
201 203 1 1 2 0 0 0 21648 104 103 104 103 40|3252.78 0
201 203 1 1 2 0 0 0 21656 104 103 104 103 40|3252.82 0
201 203 1 1 2 0 0 0 21662 104 103 104 103 40|3252.85 0
201 203 1 1 2 0 0 0 21664 104 103 104 103 40|3252.87 0
201 203 1 1 2 0 0 0 21668 104 103 104 103 40|3252.89 0
201 203 1 1 2 0 0 0 21672 104 103 104 103 40|3252.91 0
201 203 1 1 2 0 0 0 21674 104 103 104 103 40|3252.93 0
201 203 1 1 2 0 0 0 21678 104 103 104 103 40|3252.95 0
201 203 1 1 2 0 0 0 21680 104 103 104 103 40|3252.97 0
201 203 1 1 2 0 0 0 21683 104 103 104 103 40|3252.98 0
201 203 1 1 2 0 0 0 21687 104 103 104 103 40|3253.01 0
201 203 1 1 2 0 0 0 21690 104 103 104 103 40|3253.03 0
201 203 1 1 2 0 0 0 21696 104 103 104 103 40|3253.05 0
201 203 1 1 2 0 0 0 21698 104 103 104 103 40|3253.07 0
201 203 1 1 2 0 0 0 21702 104 103 104 103 40|3253.09 0
201 203 1 1 2 0 0 0 21703 104 103 104 103 40|3253.10 0
201 203 1 1 2 0 0 0 21707 104 103 104 103 40|3253.12 0
201 203 1 1 2 0 0 0 21709 104 103 104 103 40|3253.14 0
201 203 1 1 2 0 0 0 21712 104 103 104 103 40|3253.16 0
201 203 1 1 2 0 0 0 21716 104 103 104 103 40|3253.18 0
201 203 1 1 2 0 0 0 21724 104 103 104 103 40|3253.20 0
201 203 1 1 2 0 0 0 21729 104 103 104 103 40|3253.22 0
201 203 1 1 2 0 0 0 21731 104 103 104 103 40|3253.24 0
201 203 1 1 2 0 0 0 21736 104 103 104 103 40|3253.26 0
201 203 1 1 2 0 0 0 21738 104 103 104 103 40|3253.28 0
201 203 1 1 2 0 0 0 21745 104 103 104 103 40|3253.32 0
201 203 1 1 2 0 0 0 21749 104 103 104 103 40|3253.35 0
201 203 1 1 2 0 0 0 21759 104 103 104 103 40|3253.38 0
201 203 1 1 2 0 0 0 21762 104 103 104 103 40|3253.41 0
201 203 1 1 2 0 0 0 21763 104 103 104 103 40|3253.43 0
201 203 1 1 2 0 0 0 21765 104 103 104 103 40|3253.45 0
201 203 1 1 2 0 0 0 21768 104 103 104 103 40|3253.47 0
201 203 1 1 2 0 0 0 21772 104 103 104 103 40|3253.50 0
201 203 1 1 2 0 0 0 21778 104 103 104 103 40|3253.54 0
201 203 1 1 2 0 0 0 21781 104 103 104 103 40|3253.57 0
201 203 1 1 2 0 0 0 21786 104 103 104 103 40|3253.59 0
201 203 1 1 2 0 0 0 21793 104 103 104 103 40|3253.64 0
201 203 1 1 2 0 0 0 21799 104 103 104 103 40|3253.68 0
201 203 1 1 2 0 0 0 21809 104 103 104 103 40|3253.70 0
201 203 1 1 2 0 0 0 21812 104 103 104 103 40|3253.72 0
201 203 1 1 2 0 0 0 21818 104 103 104 103 40|3253.74 0
201 203 1 1 2 0 0 0 21820 104 103 104 103 40|3253.91 0
201 203 1 1 2 0 0 0 21830 104 103 104 103 40|3254.35 0
201 203 1 1 2 0 0 0 21842 104 103 104 103 40|3254.43 0
201 203 1 1 2 0 0 0 21843 104 103 104 103 40|3254.46 0
201 203 1 1 2 0 0 0 21848 104 103 104 103 40|3254.51 0
201 203 1 1 2 0 0 0 21857 104 103 104 103 40|3254.53 0
201 203 1 1 2 0 0 0 21860 104 103 104 103 40|3254.57 0
201 203 1 1 2 0 0 0 21863 104 103 104 103 40|3254.59 0
201 203 1 1 2 0 0 0 21876 104 103 104 103 40|3254.62 0
201 203 1 1 2 0 0 0 21883 104 103 104 103 40|3254.64 0
201 203 1 1 2 0 0 0 21901 104 103 104 103 40|3254.67 0
201 203 1 1 2 0 0 0 21902 104 103 104 103 40|3254.70 0
201 203 1 1 2 0 0 0 21903 104 103 104 103 40|3255.45 0
201 203 1 1 2 0 0 0 21904 104 103 104 103 40|3255.70 0
201 203 1 1 2 0 0 0 21906 104 103 104 103 40|3256.26 0
201 203 1 1 2 0 0 0 21907 104 103 104 103 40|3256.28 0
201 203 1 1 2 0 0 0 21908 104 103 104 103 40|3256.53 0
201 203 1 1 2 0 0 0 21909 104 103 104 103 40|3256.74 0
201 203 1 1 2 0 0 0 21917 104 103 104 103 40|3256.91 0
201 203 1 1 2 0 0 0 21919 104 103 104 103 40|3256.93 0
201 203 1 1 2 0 0 0 21922 104 103 104 103 40|3256.97 0
201 203 1 1 2 0 0 0 21923 104 103 104 103 40|3256.99 0
201 203 1 1 2 0 0 0 21926 104 103 104 103 40|3257.01 0
201 203 1 1 2 0 0 0 21935 104 103 104 103 40|3257.04 0
201 203 1 1 2 0 0 0 21936 104 103 104 103 40|3257.07 0
201 203 1 1 2 0 0 0 21940 104 103 104 103 40|3257.09 0
201 203 1 1 2 0 0 0 21947 104 103 104 103 40|3257.11 0
201 203 1 1 2 0 0 0 21952 104 103 104 103 40|3257.13 0
201 203 1 1 2 0 0 0 21960 104 103 104 103 40|3257.15 0
201 203 1 1 2 0 0 0 21967 104 103 104 103 40|3257.19 0
201 203 1 1 2 0 0 0 21973 104 103 104 103 40|3257.22 0
201 203 1 1 2 0 0 0 21975 104 103 104 103 40|3257.24 0
201 203 1 1 2 0 0 0 21984 104 103 104 103 40|3257.28 0
201 203 1 1 2 0 0 0 21987 104 103 104 103 40|3257.31 0
201 203 1 1 2 0 0 0 21996 104 103 104 103 40|3257.34 0
201 203 1 1 2 0 0 0 22000 104 103 104 103 40|3257.36 0
201 203 1 1 2 0 0 0 22004 104 103 104 103 40|3257.38 0
201 203 1 1 2 0 0 0 22005 104 103 104 103 40|3257.40 0
201 203 1 1 2 0 0 0 22012 104 103 104 103 40|3257.45 0
201 203 1 1 2 0 0 0 22021 104 103 104 103 40|3257.49 0
201 203 1 1 2 0 0 0 22024 104 103 104 103 40|3257.52 0
201 203 1 1 2 0 0 0 22030 104 103 104 103 40|3257.54 0
201 203 1 1 2 0 0 0 22032 104 103 104 103 40|3257.56 0
201 203 1 1 2 0 0 0 22039 104 103 104 103 40|3257.58 0
201 203 1 1 2 0 0 0 22043 104 103 104 103 40|3257.60 0
201 203 1 1 2 0 0 0 22045 104 103 104 103 40|3257.62 0
201 203 1 1 2 0 0 0 22050 104 103 104 103 40|3257.65 0
201 203 1 1 2 0 0 0 22052 104 103 104 103 40|3257.67 0
201 203 1 1 2 0 0 0 22060 104 103 104 103 40|3257.70 0
201 203 1 1 2 0 0 0 22070 104 103 104 103 40|3257.74 0
201 203 1 1 2 0 0 0 22077 104 103 104 103 40|3257.78 0
201 203 1 1 2 0 0 0 22081 104 103 104 103 40|3257.80 0
201 203 1 1 2 0 0 0 22083 104 103 104 103 40|3257.82 0
201 203 1 1 2 0 0 0 22091 104 103 104 103 40|3257.85 0
201 203 1 1 2 0 0 0 22096 104 103 104 103 40|3257.88 0
201 203 1 1 2 0 0 0 22103 104 103 104 103 40|3257.92 0
201 203 1 1 2 0 0 0 22109 104 103 104 103 40|3257.95 0
201 203 1 1 2 0 0 0 22114 104 103 104 103 40|3257.97 0
201 203 1 1 2 0 0 0 22116 104 103 104 103 40|3257.99 0
201 203 1 1 2 0 0 0 22122 104 103 104 103 40|3258.01 0
201 203 1 1 2 0 0 0 22125 104 103 104 103 40|3258.03 0
201 203 1 1 2 0 0 0 22127 104 103 104 103 40|3258.05 0
201 203 1 1 2 0 0 0 22133 104 103 104 103 40|3258.07 0
201 203 1 1 2 0 0 0 22139 104 103 104 103 40|3258.11 0
201 203 1 1 2 0 0 0 22143 104 103 104 103 40|3258.14 0
201 203 1 1 2 0 0 0 22146 104 103 104 103 40|3258.17 0
201 203 1 1 2 0 0 0 22151 104 103 104 103 40|3258.19 0
201 203 1 1 2 0 0 0 22157 104 103 104 103 40|3258.21 0
201 203 1 1 2 0 0 0 22161 104 103 104 103 40|3258.23 0
201 203 1 1 2 0 0 0 22167 104 103 104 103 40|3258.25 0
201 203 1 1 2 0 0 0 22173 104 103 104 103 40|3258.29 0
201 203 1 1 2 0 0 0 22180 104 103 104 103 40|3258.32 0
201 203 1 1 2 0 0 0 22185 104 103 104 103 40|3258.36 0
201 203 1 1 2 0 0 0 22189 104 103 104 103 40|3258.39 0
201 203 1 1 2 0 0 0 22192 104 103 104 103 40|3258.41 0
201 203 1 1 2 0 0 0 22198 104 103 104 103 40|3258.46 0
201 203 1 1 2 0 0 0 22204 104 103 104 103 40|3258.48 0
201 203 1 1 2 0 0 0 22207 104 103 104 103 40|3258.50 0
201 203 1 1 2 0 0 0 22210 104 103 104 103 40|3258.54 0
201 203 1 1 2 0 0 0 22215 104 103 104 103 40|3258.56 0
201 203 1 1 2 0 0 0 22218 104 103 104 103 40|3258.58 0
201 203 1 1 2 0 0 0 22219 104 103 104 103 40|3258.59 0
201 203 1 1 2 0 0 0 22220 104 103 104 103 40|3258.61 0
201 203 1 1 2 0 0 0 22227 104 103 104 103 40|3258.63 0
201 203 1 1 2 0 0 0 22235 104 103 104 103 40|3258.67 0
201 203 1 1 2 0 0 0 22238 104 103 104 103 40|3258.69 0
201 203 1 1 2 0 0 0 22241 104 103 104 103 40|3258.71 0
201 203 1 1 2 0 0 0 22247 104 103 104 103 40|3258.73 0
201 203 1 1 2 0 0 0 22249 104 103 104 103 40|3258.75 0
201 203 1 1 2 0 0 0 22253 104 103 104 103 40|3258.77 0
201 203 1 1 2 0 0 0 22254 104 103 104 103 40|3258.80 0
201 203 1 1 2 0 0 0 22261 104 103 104 103 40|3258.82 0
201 203 1 1 2 0 0 0 22263 104 103 104 103 40|3258.84 0
201 203 1 1 2 0 0 0 22271 104 103 104 103 40|3258.87 0
201 203 1 1 2 0 0 0 22275 104 103 104 103 40|3258.91 0
201 203 1 1 2 0 0 0 22287 104 103 104 103 40|3258.95 0
201 203 1 1 2 0 0 0 22294 104 103 104 103 40|3258.98 0
201 203 1 1 2 0 0 0 22296 104 103 104 103 40|3259.00 0
201 203 1 1 2 0 0 0 22301 104 103 104 103 40|3259.02 0
201 203 1 1 2 0 0 0 22305 104 103 104 103 40|3259.04 0
201 203 1 1 2 0 0 0 22308 104 103 104 103 40|3259.06 0
201 203 1 1 2 0 0 0 22311 104 103 104 103 40|3259.08 0
201 203 1 1 2 0 0 0 22313 104 103 104 103 40|3259.10 0
201 203 1 1 2 0 0 0 22318 104 103 104 103 40|3259.12 0
201 203 1 1 2 0 0 0 22325 104 103 104 103 40|3259.14 0
201 203 1 1 2 0 0 0 22332 104 103 104 103 40|3259.17 0
201 203 1 1 2 0 0 0 22335 104 103 104 103 40|3259.19 0
201 203 1 1 2 0 0 0 22337 104 103 104 103 40|3259.21 0
201 203 1 1 2 0 0 0 22341 104 103 104 103 40|3259.23 0
201 203 1 1 2 0 0 0 22345 104 103 104 103 40|3259.25 0
201 203 1 1 2 0 0 0 22348 104 103 104 103 40|3259.27 0
201 203 1 1 2 0 0 0 22353 104 103 104 103 40|3259.29 0
201 203 1 1 2 0 0 0 22355 104 103 104 103 40|3259.31 0
201 203 1 1 2 0 0 0 22357 104 103 104 103 40|3259.33 0
201 203 1 1 2 0 0 0 22361 104 103 104 103 40|3259.35 0
201 203 1 1 2 0 0 0 22363 104 103 104 103 40|3259.37 0
201 203 1 1 2 0 0 0 22367 104 103 104 103 40|3259.39 0
201 203 1 1 2 0 0 0 22372 104 103 104 103 40|3259.49 0
201 203 1 1 2 0 0 0 22387 104 103 104 103 40|3259.51 0
201 203 1 1 2 0 0 0 22389 104 103 104 103 40|3259.53 0
201 203 1 1 2 0 0 0 22394 104 103 104 103 40|3259.56 0
201 203 1 1 2 0 0 0 22397 104 103 104 103 40|3259.58 0
201 203 1 1 2 0 0 0 22401 104 103 104 103 40|3259.60 0
201 203 1 1 2 0 0 0 22406 104 103 104 103 40|3259.63 0
201 203 1 1 2 0 0 0 22409 104 103 104 103 40|3259.65 0
201 203 1 1 2 0 0 0 22412 104 103 104 103 40|3259.67 0
201 203 1 1 2 0 0 0 22417 104 103 104 103 40|3259.70 0
201 203 1 1 2 0 0 0 22420 104 103 104 103 40|3259.72 0
201 203 1 1 2 0 0 0 22422 104 103 104 103 40|3259.74 0
201 203 1 1 2 0 0 0 22427 104 103 104 103 40|3259.76 0
201 203 1 1 2 0 0 0 22433 104 103 104 103 40|3259.78 0
201 203 1 1 2 0 0 0 22442 104 103 104 103 40|3259.84 0
201 203 1 1 2 0 0 0 22447 104 103 104 103 40|3259.87 0
201 203 1 1 2 0 0 0 22448 104 103 104 103 40|3259.90 0
201 203 1 1 2 0 0 0 22454 104 103 104 103 40|3259.92 0
201 203 1 1 2 0 0 0 22463 104 103 104 103 40|3259.95 0
201 203 1 1 2 0 0 0 22471 104 103 104 103 40|3259.98 0
201 203 1 1 2 0 0 0 22474 104 103 104 103 40|3260.00 0
201 203 1 1 2 0 0 0 22477 104 103 104 103 40|3260.02 0
201 203 1 1 2 0 0 0 22487 104 103 104 103 40|3260.06 0
201 203 1 1 2 0 0 0 22495 104 103 104 103 40|3260.09 0
201 203 1 1 2 0 0 0 22506 104 103 104 103 40|3260.13 0
201 203 1 1 2 0 0 0 22512 104 103 104 103 40|3260.16 0
201 203 1 1 2 0 0 0 22517 104 103 104 103 40|3260.19 0
201 203 1 1 2 0 0 0 22522 104 103 104 103 40|3260.21 0
201 203 1 1 2 0 0 0 22526 104 103 104 103 40|3260.25 0
201 203 1 1 2 0 0 0 22533 104 103 104 103 40|3260.27 0
201 203 1 1 2 0 0 0 22536 104 103 104 103 40|3260.29 0
201 203 1 1 2 0 0 0 22540 104 103 104 103 40|3260.31 0
201 203 1 1 2 0 0 0 22545 104 103 104 103 40|3260.33 0
201 203 1 1 2 0 0 0 22551 104 103 104 103 40|3260.36 0
201 203 1 1 2 0 0 0 22552 104 103 104 103 40|3260.38 0
201 203 1 1 2 0 0 0 22557 104 103 104 103 40|3260.42 0
201 203 1 1 2 0 0 0 22561 104 103 104 103 40|3260.45 0
201 203 1 1 2 0 0 0 22565 104 103 104 103 40|3260.47 0
201 203 1 1 2 0 0 0 22572 104 103 104 103 40|3260.49 0
201 203 1 1 2 0 0 0 22575 104 103 104 103 40|3260.52 0
201 203 1 1 2 0 0 0 22583 104 103 104 103 40|3260.54 0
201 203 1 1 2 0 0 0 22589 104 103 104 103 40|3260.57 0
201 203 1 1 2 0 0 0 22592 104 103 104 103 40|3260.61 0
201 203 1 1 2 0 0 0 22603 104 103 104 103 40|3260.64 0
201 203 1 1 2 0 0 0 22610 104 103 104 103 40|3260.66 0
201 203 1 1 2 0 0 0 22611 104 103 104 103 40|3260.68 0
201 203 1 1 2 0 0 0 22617 104 103 104 103 40|3260.70 0
201 203 1 1 2 0 0 0 22622 104 103 104 103 40|3260.72 0
201 203 1 1 2 0 0 0 22624 104 103 104 103 40|3260.74 0
201 203 1 1 2 0 0 0 22625 104 103 104 103 40|3260.87 0
201 203 1 1 2 0 0 0 22626 104 103 104 103 40|3260.90 0
201 203 1 1 2 0 0 0 22627 104 103 104 103 40|3261.17 0
201 203 1 1 2 0 0 0 22637 104 103 104 103 40|3261.35 0
201 203 1 1 2 0 0 0 22647 104 103 104 103 40|3261.42 0
201 203 1 1 2 0 0 0 22650 104 103 104 103 40|3261.44 0
201 203 1 1 2 0 0 0 22651 104 103 104 103 40|3261.51 0
201 203 1 1 2 0 0 0 22658 104 103 104 103 40|3261.53 0
201 203 1 1 2 0 0 0 22669 104 103 104 103 40|3261.55 0
201 203 1 1 2 0 0 0 22670 104 103 104 103 40|3261.59 0
201 203 1 1 2 0 0 0 22680 104 103 104 103 40|3261.62 0
201 203 1 1 2 0 0 0 22690 104 103 104 103 40|3261.64 0
201 203 1 1 2 0 0 0 22700 104 103 104 103 40|3261.66 0
201 203 1 1 2 0 0 0 22707 104 103 104 103 40|3261.68 0
201 203 1 1 2 0 0 0 22709 104 103 104 103 40|3261.70 0
201 203 1 1 2 0 0 0 22712 104 103 104 103 40|3261.74 0
201 203 1 1 2 0 0 0 22713 104 103 104 103 40|3262.24 0
201 203 1 1 2 0 0 0 22714 104 103 104 103 40|3262.67 0
201 203 1 1 2 0 0 0 22716 104 103 104 103 40|3263.21 0
201 203 1 1 2 0 0 0 22717 104 103 104 103 40|3263.23 0
201 203 1 1 2 0 0 0 22718 104 103 104 103 40|3263.33 0
201 203 1 1 2 0 0 0 22728 104 103 104 103 40|3263.79 0
201 203 1 1 2 0 0 0 22729 104 103 104 103 40|3263.83 0
201 203 1 1 2 0 0 0 22732 104 103 104 103 40|3263.86 0
201 203 1 1 2 0 0 0 22748 104 103 104 103 40|3263.89 0
201 203 1 1 2 0 0 0 22750 104 103 104 103 40|3263.91 0
201 203 1 1 2 0 0 0 22756 104 103 104 103 40|3263.95 0
201 203 1 1 2 0 0 0 22758 104 103 104 103 40|3263.97 0
201 203 1 1 2 0 0 0 22769 104 103 104 103 40|3264.01 0
201 203 1 1 2 0 0 0 22777 104 103 104 103 40|3264.06 0
201 203 1 1 2 0 0 0 22785 104 103 104 103 40|3264.09 0
201 203 1 1 2 0 0 0 22787 104 103 104 103 40|3264.11 0
201 203 1 1 2 0 0 0 22793 104 103 104 103 40|3264.13 0
201 203 1 1 2 0 0 0 22798 104 103 104 103 40|3264.15 0
201 203 1 1 2 0 0 0 22800 104 103 104 103 40|3264.17 0
201 203 1 1 2 0 0 0 22804 104 103 104 103 40|3264.19 0
201 203 1 1 2 0 0 0 22806 104 103 104 103 40|3264.21 0
201 203 1 1 2 0 0 0 22813 104 103 104 103 40|3264.25 0
201 203 1 1 2 0 0 0 22822 104 103 104 103 40|3264.36 0
201 203 1 1 2 0 0 0 22827 104 103 104 103 40|3264.38 0
201 203 1 1 2 0 0 0 22829 104 103 104 103 40|3264.40 0
201 203 1 1 2 0 0 0 22836 104 103 104 103 40|3264.41 0
201 203 1 1 2 0 0 0 22838 104 103 104 103 40|3264.43 0
201 203 1 1 2 0 0 0 22840 104 103 104 103 40|3264.45 0
201 203 1 1 2 0 0 0 22842 104 103 104 103 40|3264.47 0
201 203 1 1 2 0 0 0 22844 104 103 104 103 40|3264.48 0
201 203 1 1 2 0 0 0 22856 104 103 104 103 40|3264.56 0
201 203 1 1 2 0 0 0 22858 104 103 104 103 40|3264.57 0
201 203 1 1 2 0 0 0 22861 104 103 104 103 40|3264.59 0
201 203 1 1 2 0 0 0 22866 104 103 104 103 40|3264.61 0
201 203 1 1 2 0 0 0 22869 104 103 104 103 40|3264.64 0
201 203 1 1 2 0 0 0 22873 104 103 104 103 40|3264.66 0
201 203 1 1 2 0 0 0 22875 104 103 104 103 40|3264.67 0
201 203 1 1 2 0 0 0 22884 104 103 104 103 40|3264.69 0
201 203 1 1 2 0 0 0 22886 104 103 104 103 40|3264.71 0
201 203 1 1 2 0 0 0 22888 104 103 104 103 40|3264.73 0
201 203 1 1 2 0 0 0 22891 104 103 104 103 40|3264.74 0
201 203 1 1 2 0 0 0 22895 104 103 104 103 40|3264.76 0
201 203 1 1 2 0 0 0 22897 104 103 104 103 40|3264.78 0
201 203 1 1 2 0 0 0 22900 104 103 104 103 40|3264.79 0
201 203 1 1 2 0 0 0 22903 104 103 104 103 40|3264.81 0
201 203 1 1 2 0 0 0 22905 104 103 104 103 40|3264.83 0
201 203 1 1 2 0 0 0 22907 104 103 104 103 40|3264.84 0
201 203 1 1 2 0 0 0 22913 104 103 104 103 40|3264.87 0
201 203 1 1 2 0 0 0 22915 104 103 104 103 40|3264.89 0
201 203 1 1 2 0 0 0 22917 104 103 104 103 40|3264.91 0
201 203 1 1 2 0 0 0 22920 104 103 104 103 40|3264.93 0
201 203 1 1 2 0 0 0 22925 104 103 104 103 40|3264.95 0
201 203 1 1 2 0 0 0 22928 104 103 104 103 40|3264.97 0
201 203 1 1 2 0 0 0 22930 104 103 104 103 40|3264.99 0
201 203 1 1 2 0 0 0 22931 104 103 104 103 40|3265.01 0
201 203 1 1 2 0 0 0 22936 104 103 104 103 40|3265.03 0
201 203 1 1 2 0 0 0 22938 104 103 104 103 40|3265.05 0
201 203 1 1 2 0 0 0 22947 104 103 104 103 40|3265.07 0
201 203 1 1 2 0 0 0 22949 104 103 104 103 40|3265.10 0
201 203 1 1 2 0 0 0 22951 104 103 104 103 40|3265.12 0
201 203 1 1 2 0 0 0 22959 104 103 104 103 40|3265.14 0
201 203 1 1 2 0 0 0 22962 104 103 104 103 40|3265.16 0
201 203 1 1 2 0 0 0 22972 104 103 104 103 40|3265.18 0
201 203 1 1 2 0 0 0 22976 104 103 104 103 40|3265.21 0
201 203 1 1 2 0 0 0 22982 104 103 104 103 40|3265.23 0
201 203 1 1 2 0 0 0 22987 104 103 104 103 40|3265.25 0
201 203 1 1 2 0 0 0 22989 104 103 104 103 40|3265.27 0
201 203 1 1 2 0 0 0 22994 104 103 104 103 40|3265.30 0
201 203 1 1 2 0 0 0 22998 104 103 104 103 40|3265.32 0
201 203 1 1 2 0 0 0 23001 104 103 104 103 40|3265.35 0
201 203 1 1 2 0 0 0 23002 104 103 104 103 40|3265.39 0
201 203 1 1 2 0 0 0 23004 104 103 104 103 40|3265.48 0
201 203 1 1 2 0 0 0 23006 104 103 104 103 40|3265.50 0
201 203 1 1 2 0 0 0 23008 104 103 104 103 40|3266.03 0
201 203 1 1 2 0 0 0 23009 104 103 104 103 40|3266.05 0
201 203 1 1 2 0 0 0 23019 104 103 104 103 40|3266.10 0
201 203 1 1 2 0 0 0 23026 104 103 104 103 40|3266.18 0
201 203 1 1 2 0 0 0 23031 104 103 104 103 40|3266.21 0
201 203 1 1 2 0 0 0 23032 104 103 104 103 40|3266.24 0
201 203 1 1 2 0 0 0 23037 104 103 104 103 40|3266.27 0
201 203 1 1 2 0 0 0 23045 104 103 104 103 40|3266.29 0
201 203 1 1 2 0 0 0 23050 104 103 104 103 40|3266.31 0
201 203 1 1 2 0 0 0 23051 104 103 104 103 40|3266.33 0
201 203 1 1 2 0 0 0 23055 104 103 104 103 40|3266.35 0
201 203 1 1 2 0 0 0 23065 104 103 104 103 40|3266.37 0
201 203 1 1 2 0 0 0 23073 104 103 104 103 40|3266.39 0
201 203 1 1 2 0 0 0 23083 104 103 104 103 40|3266.41 0
201 203 1 1 2 0 0 0 23091 104 103 104 103 40|3266.43 0
201 203 1 1 2 0 0 0 23094 104 103 104 103 40|3266.45 0
201 203 1 1 2 0 0 0 23095 104 103 104 103 40|3266.95 0
201 203 1 1 2 0 0 0 23096 104 103 104 103 40|3267.03 0
201 203 1 1 2 0 0 0 23097 104 103 104 103 40|3267.18 0
201 203 1 1 2 0 0 0 23098 104 103 104 103 40|3267.42 0
201 203 1 1 2 0 0 0 23099 104 103 104 103 40|3267.50 0
201 203 1 1 2 0 0 0 23102 104 103 104 103 40|3267.99 0
201 203 1 1 2 0 0 0 23103 104 103 104 103 40|3268.24 0
201 203 1 1 2 0 0 0 23105 104 103 104 103 40|3268.90 0
201 203 1 1 2 0 0 0 23109 104 103 104 103 40|3268.96 0
201 203 1 1 2 0 0 0 23111 104 103 104 103 40|3268.98 0
201 203 1 1 2 0 0 0 23117 104 103 104 103 40|3269.00 0
201 203 1 1 2 0 0 0 23123 104 103 104 103 40|3269.04 0
201 203 1 1 2 0 0 0 23126 104 103 104 103 40|3269.06 0
201 203 1 1 2 0 0 0 23134 104 103 104 103 40|3269.09 0
201 203 1 1 2 0 0 0 23138 104 103 104 103 40|3269.12 0
201 203 1 1 2 0 0 0 23150 104 103 104 103 40|3269.23 0
201 203 1 1 2 0 0 0 23154 104 103 104 103 40|3269.26 0
201 203 1 1 2 0 0 0 23156 104 103 104 103 40|3269.28 0
201 203 1 1 2 0 0 0 23158 104 103 104 103 40|3269.30 0
201 203 1 1 2 0 0 0 23165 104 103 104 103 40|3269.32 0
201 203 1 1 2 0 0 0 23167 104 103 104 103 40|3269.34 0
201 203 1 1 2 0 0 0 23172 104 103 104 103 40|3269.36 0
201 203 1 1 2 0 0 0 23177 104 103 104 103 40|3269.38 0
201 203 1 1 2 0 0 0 23180 104 103 104 103 40|3269.40 0
201 203 1 1 2 0 0 0 23186 104 103 104 103 40|3269.42 0
201 203 1 1 2 0 0 0 23194 104 103 104 103 40|3269.45 0
201 203 1 1 2 0 0 0 23196 104 103 104 103 40|3269.47 0
201 203 1 1 2 0 0 0 23201 104 103 104 103 40|3269.49 0
201 203 1 1 2 0 0 0 23202 104 103 104 103 40|3269.51 0
201 203 1 1 2 0 0 0 23205 104 103 104 103 40|3269.53 0
201 203 1 1 2 0 0 0 23213 104 103 104 103 40|3269.57 0
201 203 1 1 2 0 0 0 23217 104 103 104 103 40|3269.60 0
201 203 1 1 2 0 0 0 23219 104 103 104 103 40|3269.64 0
201 203 1 1 2 0 0 0 23235 104 103 104 103 40|3269.69 0
201 203 1 1 2 0 0 0 23239 104 103 104 103 40|3269.71 0
201 203 1 1 2 0 0 0 23246 104 103 104 103 40|3269.74 0
201 203 1 1 2 0 0 0 23251 104 103 104 103 40|3269.76 0
201 203 1 1 2 0 0 0 23258 104 103 104 103 40|3269.79 0
201 203 1 1 2 0 0 0 23264 104 103 104 103 40|3269.81 0
201 203 1 1 2 0 0 0 23267 104 103 104 103 40|3269.84 0
201 203 1 1 2 0 0 0 23271 104 103 104 103 40|3269.87 0
201 203 1 1 2 0 0 0 23274 104 103 104 103 40|3269.89 0
201 203 1 1 2 0 0 0 23277 104 103 104 103 40|3269.91 0
201 203 1 1 2 0 0 0 23279 104 103 104 103 40|3269.93 0
201 203 1 1 2 0 0 0 23284 104 103 104 103 40|3269.95 0
201 203 1 1 2 0 0 0 23290 104 103 104 103 40|3269.99 0
201 203 1 1 2 0 0 0 23295 104 103 104 103 40|3270.01 0
201 203 1 1 2 0 0 0 23301 104 103 104 103 40|3270.03 0
201 203 1 1 2 0 0 0 23304 104 103 104 103 40|3270.05 0
201 203 1 1 2 0 0 0 23313 104 103 104 103 40|3270.07 0
201 203 1 1 2 0 0 0 23319 104 103 104 103 40|3270.10 0
201 203 1 1 2 0 0 0 23327 104 103 104 103 40|3270.13 0
201 203 1 1 2 0 0 0 23329 104 103 104 103 40|3270.15 0
201 203 1 1 2 0 0 0 23334 104 103 104 103 40|3270.17 0
201 203 1 1 2 0 0 0 23336 104 103 104 103 40|3270.19 0
201 203 1 1 2 0 0 0 23340 104 103 104 103 40|3270.21 0
201 203 1 1 2 0 0 0 23343 104 103 104 103 40|3270.23 0
201 203 1 1 2 0 0 0 23349 104 103 104 103 40|3270.25 0
201 203 1 1 2 0 0 0 23350 104 103 104 103 40|3270.27 0
201 203 1 1 2 0 0 0 23355 104 103 104 103 40|3270.29 0
201 203 1 1 2 0 0 0 23356 104 103 104 103 40|3270.31 0
201 203 1 1 2 0 0 0 23362 104 103 104 103 40|3270.33 0
201 203 1 1 2 0 0 0 23365 104 103 104 103 40|3270.35 0
201 203 1 1 2 0 0 0 23370 104 103 104 103 40|3270.38 0
201 203 1 1 2 0 0 0 23377 104 103 104 103 40|3270.41 0
201 203 1 1 2 0 0 0 23383 104 103 104 103 40|3270.44 0
201 203 1 1 2 0 0 0 23386 104 103 104 103 40|3270.46 0
201 203 1 1 2 0 0 0 23390 104 103 104 103 40|3270.48 0
201 203 1 1 2 0 0 0 23396 104 103 104 103 40|3270.51 0
201 203 1 1 2 0 0 0 23403 104 103 104 103 40|3270.56 0
201 203 1 1 2 0 0 0 23409 104 103 104 103 40|3270.59 0
201 203 1 1 2 0 0 0 23413 104 103 104 103 40|3270.60 0
201 203 1 1 2 0 0 0 23418 104 103 104 103 40|3270.63 0
201 203 1 1 2 0 0 0 23421 104 103 104 103 40|3270.65 0
201 203 1 1 2 0 0 0 23427 104 103 104 103 40|3270.67 0
201 203 1 1 2 0 0 0 23432 104 103 104 103 40|3270.69 0
201 203 1 1 2 0 0 0 23436 104 103 104 103 40|3270.71 0
201 203 1 1 2 0 0 0 23438 104 103 104 103 40|3270.73 0
201 203 1 1 2 0 0 0 23442 104 103 104 103 40|3270.75 0
201 203 1 1 2 0 0 0 23449 104 103 104 103 40|3270.77 0
201 203 1 1 2 0 0 0 23452 104 103 104 103 40|3270.79 0
201 203 1 1 2 0 0 0 23458 104 103 104 103 40|3270.81 0
201 203 1 1 2 0 0 0 23462 104 103 104 103 40|3270.83 0
201 203 1 1 2 0 0 0 23466 104 103 104 103 40|3270.86 0
201 203 1 1 2 0 0 0 23473 104 103 104 103 40|3270.90 0
201 203 1 1 2 0 0 0 23479 104 103 104 103 40|3270.93 0
201 203 1 1 2 0 0 0 23483 104 103 104 103 40|3270.96 0
201 203 1 1 2 0 0 0 23489 104 103 104 103 40|3270.99 0
201 203 1 1 2 0 0 0 23498 104 103 104 103 40|3271.04 0
201 203 1 1 2 0 0 0 23504 104 103 104 103 40|3271.07 0
201 203 1 1 2 0 0 0 23506 104 103 104 103 40|3271.09 0
201 203 1 1 2 0 0 0 23511 104 103 104 103 40|3271.11 0
201 203 1 1 2 0 0 0 23516 104 103 104 103 40|3271.12 0
201 203 1 1 2 0 0 0 23518 104 103 104 103 40|3271.15 0
201 203 1 1 2 0 0 0 23526 104 103 104 103 40|3271.17 0
201 203 1 1 2 0 0 0 23534 104 103 104 103 40|3271.20 0
201 203 1 1 2 0 0 0 23538 104 103 104 103 40|3271.22 0
201 203 1 1 2 0 0 0 23544 104 103 104 103 40|3271.24 0
201 203 1 1 2 0 0 0 23546 104 103 104 103 40|3271.26 0
201 203 1 1 2 0 0 0 23550 104 103 104 103 40|3271.28 0
201 203 1 1 2 0 0 0 23553 104 103 104 103 40|3271.30 0
201 203 1 1 2 0 0 0 23560 104 103 104 103 40|3271.32 0
201 203 1 1 2 0 0 0 23564 104 103 104 103 40|3271.36 0
201 203 1 1 2 0 0 0 23570 104 103 104 103 40|3271.40 0
201 203 1 1 2 0 0 0 23574 104 103 104 103 40|3271.42 0
201 203 1 1 2 0 0 0 23578 104 103 104 103 40|3271.44 0
201 203 1 1 2 0 0 0 23584 104 103 104 103 40|3271.49 0
201 203 1 1 2 0 0 0 23590 104 103 104 103 40|3271.51 0
201 203 1 1 2 0 0 0 23597 104 103 104 103 40|3271.53 0
201 203 1 1 2 0 0 0 23600 104 103 104 103 40|3271.55 0
201 203 1 1 2 0 0 0 23604 104 103 104 103 40|3271.58 0
201 203 1 1 2 0 0 0 23610 104 103 104 103 40|3271.61 0
201 203 1 1 2 0 0 0 23616 104 103 104 103 40|3271.63 0
201 203 1 1 2 0 0 0 23619 104 103 104 103 40|3271.65 0
201 203 1 1 2 0 0 0 23625 104 103 104 103 40|3271.67 0
201 203 1 1 2 0 0 0 23631 104 103 104 103 40|3271.71 0
201 203 1 1 2 0 0 0 23638 104 103 104 103 40|3271.74 0
201 203 1 1 2 0 0 0 23641 104 103 104 103 40|3271.77 0
201 203 1 1 2 0 0 0 23646 104 103 104 103 40|3271.80 0
201 203 1 1 2 0 0 0 23648 104 103 104 103 40|3271.82 0
201 203 1 1 2 0 0 0 23649 104 103 104 103 40|3271.84 0
201 203 1 1 2 0 0 0 23654 104 103 104 103 40|3271.86 0
201 203 1 1 2 0 0 0 23670 104 103 104 103 40|3271.91 0
201 203 1 1 2 0 0 0 23676 104 103 104 103 40|3271.94 0
201 203 1 1 2 0 0 0 23680 104 103 104 103 40|3271.96 0
201 203 1 1 2 0 0 0 23687 104 103 104 103 40|3271.98 0
201 203 1 1 2 0 0 0 23690 104 103 104 103 40|3272.00 0
201 203 1 1 2 0 0 0 23697 104 103 104 103 40|3272.04 0
201 203 1 1 2 0 0 0 23701 104 103 104 103 40|3272.07 0
201 203 1 1 2 0 0 0 23703 104 103 104 103 40|3272.16 0
201 203 1 1 2 0 0 0 23704 104 103 104 103 40|3272.18 0
201 203 1 1 2 0 0 0 23705 104 103 104 103 40|3272.22 0
201 203 1 1 2 0 0 0 23706 104 103 104 103 40|3272.61 0
201 203 1 1 2 0 0 0 23713 104 103 104 103 40|3272.68 0
201 203 1 1 2 0 0 0 23725 104 103 104 103 40|3272.78 0
201 203 1 1 2 0 0 0 23727 104 103 104 103 40|3272.80 0
201 203 1 1 2 0 0 0 23728 104 103 104 103 40|3272.84 0
201 203 1 1 2 0 0 0 23731 104 103 104 103 40|3272.86 0
201 203 1 1 2 0 0 0 23737 104 103 104 103 40|3272.88 0
201 203 1 1 2 0 0 0 23744 104 103 104 103 40|3272.90 0
201 203 1 1 2 0 0 0 23745 104 103 104 103 40|3272.93 0
201 203 1 1 2 0 0 0 23750 104 103 104 103 40|3272.95 0
201 203 1 1 2 0 0 0 23757 104 103 104 103 40|3272.97 0
201 203 1 1 2 0 0 0 23764 104 103 104 103 40|3272.99 0
201 203 1 1 2 0 0 0 23773 104 103 104 103 40|3273.01 0
201 203 1 1 2 0 0 0 23783 104 103 104 103 40|3273.04 0
201 203 1 1 2 0 0 0 23786 104 103 104 103 40|3273.07 0
201 203 1 1 2 0 0 0 23787 104 103 104 103 40|3273.73 0
201 203 1 1 2 0 0 0 23789 104 103 104 103 40|3273.99 0
201 203 1 1 2 0 0 0 23790 104 103 104 103 40|3274.37 0
201 203 1 1 2 0 0 0 23793 104 103 104 103 40|3274.53 0
201 203 1 1 2 0 0 0 23794 104 103 104 103 40|3275.12 0
201 203 1 1 2 0 0 0 23795 104 103 104 103 40|3275.19 0
201 203 1 1 2 0 0 0 23799 104 103 104 103 40|3275.31 0
201 203 1 1 2 0 0 0 23803 104 103 104 103 40|3275.33 0
201 203 1 1 2 0 0 0 23804 104 103 104 103 40|3275.35 0
201 203 1 1 2 0 0 0 23807 104 103 104 103 40|3275.37 0
201 203 1 1 2 0 0 0 23811 104 103 104 103 40|3275.41 0
201 203 1 1 2 0 0 0 23813 104 103 104 103 40|3275.44 0
201 203 1 1 2 0 0 0 23814 104 103 104 103 40|3275.46 0
201 203 1 1 2 0 0 0 23817 104 103 104 103 40|3275.48 0
201 203 1 1 2 0 0 0 23825 104 103 104 103 40|3275.50 0
201 203 1 1 2 0 0 0 23827 104 103 104 103 40|3275.52 0
201 203 1 1 2 0 0 0 23831 104 103 104 103 40|3275.54 0
201 203 1 1 2 0 0 0 23836 104 103 104 103 40|3275.56 0
201 203 1 1 2 0 0 0 23840 104 103 104 103 40|3275.58 0
201 203 1 1 2 0 0 0 23845 104 103 104 103 40|3275.60 0
201 203 1 1 2 0 0 0 23849 104 103 104 103 40|3275.63 0
201 203 1 1 2 0 0 0 23853 104 103 104 103 40|3275.65 0
201 203 1 1 2 0 0 0 23861 104 103 104 103 40|3275.67 0
201 203 1 1 2 0 0 0 23865 104 103 104 103 40|3275.69 0
201 203 1 1 2 0 0 0 23868 104 103 104 103 40|3275.71 0
201 203 1 1 2 0 0 0 23872 104 103 104 103 40|3275.73 0
201 203 1 1 2 0 0 0 23875 104 103 104 103 40|3275.90 0
201 203 1 1 2 0 0 0 23876 104 103 104 103 40|3276.19 0
201 203 1 1 2 0 0 0 23877 104 103 104 103 40|3276.37 0
201 203 1 1 2 0 0 0 23886 104 103 104 103 40|3276.39 0
201 203 1 1 2 0 0 0 23891 104 103 104 103 40|3276.46 0
201 203 1 1 2 0 0 0 23895 104 103 104 103 40|3276.48 0
201 203 1 1 2 0 0 0 23898 104 103 104 103 40|3276.50 0
201 203 1 1 2 0 0 0 23906 104 103 104 103 40|3276.56 0
201 203 1 1 2 0 0 0 23914 104 103 104 103 40|3276.58 0
201 203 1 1 2 0 0 0 23918 104 103 104 103 40|3276.62 0
201 203 1 1 2 0 0 0 23923 104 103 104 103 40|3276.64 0
201 203 1 1 2 0 0 0 23936 104 103 104 103 40|3276.68 0
201 203 1 1 2 0 0 0 23948 104 103 104 103 40|3276.70 0
201 203 1 1 2 0 0 0 23955 104 103 104 103 40|3276.72 0
201 203 1 1 2 0 0 0 23961 104 103 104 103 40|3276.75 0
201 203 1 1 2 0 0 0 23963 104 103 104 103 40|3276.76 0
201 203 1 1 2 0 0 0 23964 104 103 104 103 40|3277.30 0
201 203 1 1 2 0 0 0 23965 104 103 104 103 40|3278.17 0
201 203 1 1 2 0 0 0 23967 104 103 104 103 40|3278.21 0
201 203 1 1 2 0 0 0 23968 104 103 104 103 40|3278.24 0
201 203 1 1 2 0 0 0 23969 104 103 104 103 40|3278.37 0
201 203 1 1 2 0 0 0 23970 104 103 104 103 40|3278.51 0
201 203 1 1 2 0 0 0 23971 104 103 104 103 40|3278.61 0
201 203 1 1 2 0 0 0 23975 104 103 104 103 40|3278.63 0
201 203 1 1 2 0 0 0 23978 104 103 104 103 40|3278.65 0
201 203 1 1 2 0 0 0 23980 104 103 104 103 40|3278.67 0
201 203 1 1 2 0 0 0 23982 104 103 104 103 40|3278.69 0
201 203 1 1 2 0 0 0 23988 104 103 104 103 40|3278.72 0
201 203 1 1 2 0 0 0 23994 104 103 104 103 40|3278.76 0
201 203 1 1 2 0 0 0 23995 104 103 104 103 40|3278.78 0
201 203 1 1 2 0 0 0 23999 104 103 104 103 40|3278.80 0
201 203 1 1 2 0 0 0 24001 104 103 104 103 40|3278.81 0
201 203 1 1 2 0 0 0 24008 104 103 104 103 40|3278.85 0
201 203 1 1 2 0 0 0 24014 104 103 104 103 40|3278.87 0
201 203 1 1 2 0 0 0 24016 104 103 104 103 40|3278.89 0
201 203 1 1 2 0 0 0 24019 104 103 104 103 40|3278.91 0
201 203 1 1 2 0 0 0 24022 104 103 104 103 40|3278.94 0
201 203 1 1 2 0 0 0 24028 104 103 104 103 40|3278.96 0
201 203 1 1 2 0 0 0 24031 104 103 104 103 40|3278.98 0
201 203 1 1 2 0 0 0 24035 104 103 104 103 40|3279.00 0
201 203 1 1 2 0 0 0 24040 104 103 104 103 40|3279.02 0
201 203 1 1 2 0 0 0 24042 104 103 104 103 40|3279.06 0
201 203 1 1 2 0 0 0 24044 104 103 104 103 40|3279.08 0
201 203 1 1 2 0 0 0 24046 104 103 104 103 40|3279.10 0
201 203 1 1 2 0 0 0 24053 104 103 104 103 40|3279.12 0
201 203 1 1 2 0 0 0 24062 104 103 104 103 40|3279.14 0
201 203 1 1 2 0 0 0 24068 104 103 104 103 40|3279.16 0
201 203 1 1 2 0 0 0 24074 104 103 104 103 40|3279.18 0
201 203 1 1 2 0 0 0 24078 104 103 104 103 40|3279.20 0
201 203 1 1 2 0 0 0 24087 104 103 104 103 40|3279.24 0
201 203 1 1 2 0 0 0 24088 104 103 104 103 40|3279.26 0
201 203 1 1 2 0 0 0 24090 104 103 104 103 40|3279.38 0
201 203 1 1 2 0 0 0 24091 104 103 104 103 40|3279.44 0
201 203 1 1 2 0 0 0 24099 104 103 104 103 40|3279.86 0
201 203 1 1 2 0 0 0 24101 104 103 104 103 40|3279.88 0
201 203 1 1 2 0 0 0 24102 104 103 104 103 40|3279.93 0
201 203 1 1 2 0 0 0 24111 104 103 104 103 40|3279.95 0
201 203 1 1 2 0 0 0 24114 104 103 104 103 40|3279.97 0
201 203 1 1 2 0 0 0 24119 104 103 104 103 40|3280.03 0
201 203 1 1 2 0 0 0 24126 104 103 104 103 40|3280.05 0
201 203 1 1 2 0 0 0 24134 104 103 104 103 40|3280.07 0
201 203 1 1 2 0 0 0 24139 104 103 104 103 40|3280.12 0
201 203 1 1 2 0 0 0 24148 104 103 104 103 40|3280.14 0
201 203 1 1 2 0 0 0 24156 104 103 104 103 40|3280.15 0
201 203 1 1 2 0 0 0 24160 104 103 104 103 40|3280.17 0
201 203 1 1 2 0 0 0 24172 104 103 104 103 40|3280.19 0
201 203 1 1 2 0 0 0 24180 104 103 104 103 40|3280.21 0
201 203 1 1 2 0 0 0 24183 104 103 104 103 40|3280.27 0
201 203 1 1 2 0 0 0 24184 104 103 104 103 40|3280.29 0
201 203 1 1 2 0 0 0 24185 104 103 104 103 40|3280.33 0
201 203 1 1 2 0 0 0 24186 104 103 104 103 40|3280.74 0
201 203 1 1 2 0 0 0 24187 104 103 104 103 40|3281.40 0
201 203 1 1 2 0 0 0 24189 104 103 104 103 40|3281.69 0
201 203 1 1 2 0 0 0 24190 104 103 104 103 40|3281.71 0
201 203 1 1 2 0 0 0 24191 104 103 104 103 40|3282.33 0
201 203 1 1 2 0 0 0 24193 104 103 104 103 40|3282.40 0
201 203 1 1 2 0 0 0 24195 104 103 104 103 40|3282.48 0
201 203 1 1 2 0 0 0 24206 104 103 104 103 40|3282.56 0
201 203 1 1 2 0 0 0 24220 104 103 104 103 40|3282.64 0
201 203 1 1 2 0 0 0 24242 104 103 104 103 40|3282.72 0
201 203 1 1 2 0 0 0 24256 104 103 104 103 40|3282.80 0
201 203 1 1 2 0 0 0 24268 104 103 104 103 40|3282.88 0
201 203 1 1 2 0 0 0 24285 104 103 104 103 40|3282.96 0
201 203 1 1 2 0 0 0 24309 104 103 104 103 40|3283.04 0
201 203 1 1 2 0 0 0 24324 104 103 104 103 40|3283.12 0
201 203 1 1 2 0 0 0 24343 104 103 104 103 40|3283.19 0
201 203 1 1 2 0 0 0 24359 104 103 104 103 40|3283.27 0
201 203 1 1 2 0 0 0 24375 104 103 104 103 40|3283.34 0
201 203 1 1 2 0 0 0 24382 104 103 104 103 40|3283.38 0
201 203 1 1 2 0 0 0 24388 104 103 104 103 40|3283.42 0
201 203 1 1 2 0 0 0 24396 104 103 104 103 40|3283.46 0
201 203 1 1 2 0 0 0 24406 104 103 104 103 40|3283.50 0
201 203 1 1 2 0 0 0 24413 104 103 104 103 40|3283.54 0
201 203 1 1 2 0 0 0 24420 104 103 104 103 40|3283.58 0
201 203 1 1 2 0 0 0 24427 104 103 104 103 40|3283.62 0
201 203 1 1 2 0 0 0 24440 104 103 104 103 40|3283.66 0
201 203 1 1 2 0 0 0 24447 104 103 104 103 40|3283.70 0
201 203 1 1 2 0 0 0 24456 104 103 104 103 40|3283.74 0
201 203 1 1 2 0 0 0 24464 104 103 104 103 40|3283.78 0
201 203 1 1 2 0 0 0 24474 104 103 104 103 40|3283.82 0
201 203 1 1 2 0 0 0 24481 104 103 104 103 40|3283.86 0
201 203 1 1 2 0 0 0 24494 104 103 104 103 40|3283.90 0
201 203 1 1 2 0 0 0 24501 104 103 104 103 40|3283.94 0
201 203 1 1 2 0 0 0 24505 104 103 104 103 40|3283.98 0
201 203 1 1 2 0 0 0 24514 104 103 104 103 40|3284.02 0
201 203 1 1 2 0 0 0 24518 104 103 104 103 40|3284.06 0
201 203 1 1 2 0 0 0 24526 104 103 104 103 40|3284.09 0
201 203 1 1 2 0 0 0 24530 104 103 104 103 40|3284.13 0
201 203 1 1 2 0 0 0 24543 104 103 104 103 40|3284.17 0
201 203 1 1 2 0 0 0 24553 104 103 104 103 40|3284.21 0
201 203 1 1 2 0 0 0 24561 104 103 104 103 40|3284.25 0
201 203 1 1 2 0 0 0 24566 104 103 104 103 40|3284.29 0
201 203 1 1 2 0 0 0 24571 104 103 104 103 40|3284.33 0
201 203 1 1 2 0 0 0 24578 104 103 104 103 40|3284.37 0
201 203 1 1 2 0 0 0 24587 104 103 104 103 40|3284.41 0
201 203 1 1 2 0 0 0 24590 104 103 104 103 40|3284.45 0
201 203 1 1 2 0 0 0 24606 104 103 104 103 40|3284.49 0
201 203 1 1 2 0 0 0 24615 104 103 104 103 40|3284.53 0
201 203 1 1 2 0 0 0 24622 104 103 104 103 40|3284.57 0
201 203 1 1 2 0 0 0 24634 104 103 104 103 40|3284.61 0
201 203 1 1 2 0 0 0 24644 104 103 104 103 40|3284.65 0
201 203 1 1 2 0 0 0 24649 104 103 104 103 40|3284.69 0
201 203 1 1 2 0 0 0 24653 104 103 104 103 40|3284.77 0
201 203 1 1 2 0 0 0 24661 104 103 104 103 40|3284.81 0
201 203 1 1 2 0 0 0 24673 104 103 104 103 40|3284.85 0
201 203 1 1 2 0 0 0 24684 104 103 104 103 40|3284.89 0
201 203 1 1 2 0 0 0 24694 104 103 104 103 40|3284.93 0
201 203 1 1 2 0 0 0 24702 104 103 104 103 40|3284.97 0
201 203 1 1 2 0 0 0 24709 104 103 104 103 40|3285.01 0
201 203 1 1 2 0 0 0 24714 104 103 104 103 40|3285.05 0
201 203 1 1 2 0 0 0 24723 104 103 104 103 40|3285.09 0
201 203 1 1 2 0 0 0 24728 104 103 104 103 40|3285.13 0
201 203 1 1 2 0 0 0 24740 104 103 104 103 40|3285.17 0
201 203 1 1 2 0 0 0 24750 104 103 104 103 40|3285.20 0
201 203 1 1 2 0 0 0 24754 104 103 104 103 40|3285.24 0
201 203 1 1 2 0 0 0 24765 104 103 104 103 40|3285.28 0
201 203 1 1 2 0 0 0 24770 104 103 104 103 40|3285.32 0
201 203 1 1 2 0 0 0 24782 104 103 104 103 40|3285.36 0
201 203 1 1 2 0 0 0 24791 104 103 104 103 40|3285.40 0
201 203 1 1 2 0 0 0 24799 104 103 104 103 40|3285.44 0
201 203 1 1 2 0 0 0 24807 104 103 104 103 40|3285.48 0
201 203 1 1 2 0 0 0 24818 104 103 104 103 40|3285.52 0
201 203 1 1 2 0 0 0 24829 104 103 104 103 40|3285.56 0
201 203 1 1 2 0 0 0 24840 104 103 104 103 40|3285.60 0
201 203 1 1 2 0 0 0 24845 104 103 104 103 40|3285.64 0
201 203 1 1 2 0 0 0 24857 104 103 104 103 40|3285.68 0
201 203 1 1 2 0 0 0 24863 104 103 104 103 40|3285.72 0
201 203 1 1 2 0 0 0 24870 104 103 104 103 40|3285.76 0
201 203 1 1 2 0 0 0 24879 104 103 104 103 40|3285.80 0
201 203 1 1 2 0 0 0 24889 104 103 104 103 40|3285.84 0
201 203 1 1 2 0 0 0 24895 104 103 104 103 40|3285.88 0
201 203 1 1 2 0 0 0 24907 104 103 104 103 40|3285.92 0
201 203 1 1 2 0 0 0 24918 104 103 104 103 40|3285.96 0
201 203 1 1 2 0 0 0 24925 104 103 104 103 40|3286.00 0
201 203 1 1 2 0 0 0 24933 104 103 104 103 40|3286.03 0
201 203 1 1 2 0 0 0 24941 104 103 104 103 40|3286.07 0
201 203 1 1 2 0 0 0 24948 104 103 104 103 40|3286.11 0
201 203 1 1 2 0 0 0 24958 104 103 104 103 40|3286.15 0
201 203 1 1 2 0 0 0 24966 104 103 104 103 40|3286.19 0
201 203 1 1 2 0 0 0 24974 104 103 104 103 40|3286.23 0
201 203 1 1 2 0 0 0 24983 104 103 104 103 40|3286.27 0
201 203 1 1 2 0 0 0 24989 104 103 104 103 40|3286.31 0
201 203 1 1 2 0 0 0 24992 104 103 104 103 40|3286.35 0
201 203 1 1 2 0 0 0 25002 104 103 104 103 40|3286.39 0
201 203 1 1 2 0 0 0 25010 104 103 104 103 40|3286.43 0
201 203 1 1 2 0 0 0 25013 104 103 104 103 40|3286.47 0
201 203 1 1 2 0 0 0 25021 104 103 104 103 40|3286.51 0
201 203 1 1 2 0 0 0 25028 104 103 104 103 40|3286.55 0
201 203 1 1 2 0 0 0 25036 104 103 104 103 40|3286.59 0
201 203 1 1 2 0 0 0 25046 104 103 104 103 40|3286.63 0
201 203 1 1 2 0 0 0 25056 104 103 104 103 40|3286.67 0
201 203 1 1 2 0 0 0 25066 104 103 104 103 40|3286.71 0
201 203 1 1 2 0 0 0 25075 104 103 104 103 40|3286.75 0
201 203 1 1 2 0 0 0 25079 104 103 104 103 40|3286.79 0
201 203 1 1 2 0 0 0 25094 104 103 104 103 40|3286.83 0
201 203 1 1 2 0 0 0 25099 104 103 104 103 40|3286.87 0
201 203 1 1 2 0 0 0 25111 104 103 104 103 40|3286.91 0
201 203 1 1 2 0 0 0 25117 104 103 104 103 40|3286.95 0
201 203 1 1 2 0 0 0 25122 104 103 104 103 40|3287.00 0
201 203 1 1 2 0 0 0 25131 104 103 104 103 40|3287.04 0
201 203 1 1 2 0 0 0 25138 104 103 104 103 40|3287.08 0
201 203 1 1 2 0 0 0 25149 104 103 104 103 40|3287.12 0
201 203 1 1 2 0 0 0 25154 104 103 104 103 40|3287.15 0
201 203 1 1 2 0 0 0 25163 104 103 104 103 40|3287.19 0
201 203 1 1 2 0 0 0 25172 104 103 104 103 40|3287.23 0
201 203 1 1 2 0 0 0 25182 104 103 104 103 40|3287.27 0
201 203 1 1 2 0 0 0 25186 104 103 104 103 40|3287.31 0
201 203 1 1 2 0 0 0 25193 104 103 104 103 40|3287.35 0
201 203 1 1 2 0 0 0 25202 104 103 104 103 40|3287.39 0
201 203 1 1 2 0 0 0 25209 104 103 104 103 40|3287.43 0
201 203 1 1 2 0 0 0 25215 104 103 104 103 40|3287.47 0
201 203 1 1 2 0 0 0 25223 104 103 104 103 40|3287.51 0
201 203 1 1 2 0 0 0 25229 104 103 104 103 40|3287.55 0
201 203 1 1 2 0 0 0 25233 104 103 104 103 40|3287.59 0
201 203 1 1 2 0 0 0 25238 104 103 104 103 40|3287.63 0
201 203 1 1 2 0 0 0 25246 104 103 104 103 40|3287.67 0
201 203 1 1 2 0 0 0 25252 104 103 104 103 40|3287.71 0
201 203 1 1 2 0 0 0 25259 104 103 104 103 40|3287.75 0
201 203 1 1 2 0 0 0 25267 104 103 104 103 40|3287.79 0
201 203 1 1 2 0 0 0 25272 104 103 104 103 40|3287.83 0
201 203 1 1 2 0 0 0 25281 104 103 104 103 40|3287.87 0
201 203 1 1 2 0 0 0 25291 104 103 104 103 40|3287.91 0
201 203 1 1 2 0 0 0 25296 104 103 104 103 40|3287.95 0
201 203 1 1 2 0 0 0 25302 104 103 104 103 40|3287.99 0
201 203 1 1 2 0 0 0 25310 104 103 104 103 40|3288.04 0
201 203 1 1 2 0 0 0 25330 104 103 104 103 40|3288.12 0
201 203 1 1 2 0 0 0 25351 104 103 104 103 40|3288.20 0
201 203 1 1 2 0 0 0 25369 104 103 104 103 40|3288.28 0
201 203 1 1 2 0 0 0 25379 104 103 104 103 40|3288.36 0
201 203 1 1 2 0 0 0 25381 104 103 104 103 40|3288.52 0
201 203 1 1 2 0 0 0 25382 104 103 104 103 40|3288.61 0
201 203 1 1 2 0 0 0 25386 104 103 104 103 40|3289.08 0
201 203 1 1 2 0 0 0 25392 104 103 104 103 40|3289.10 0
201 203 1 1 2 0 0 0 25400 104 103 104 103 40|3289.18 0
201 203 1 1 2 0 0 0 25404 104 103 104 103 40|3289.19 0
201 203 1 1 2 0 0 0 25405 104 103 104 103 40|3289.23 0
201 203 1 1 2 0 0 0 25415 104 103 104 103 40|3289.27 0
201 203 1 1 2 0 0 0 25423 104 103 104 103 40|3289.30 0
201 203 1 1 2 0 0 0 25424 104 103 104 103 40|3289.33 0
201 203 1 1 2 0 0 0 25427 104 103 104 103 40|3289.35 0
201 203 1 1 2 0 0 0 25432 104 103 104 103 40|3289.36 0
201 203 1 1 2 0 0 0 25440 104 103 104 103 40|3289.38 0
201 203 1 1 2 0 0 0 25448 104 103 104 103 40|3289.40 0
201 203 1 1 2 0 0 0 25455 104 103 104 103 40|3289.42 0
201 203 1 1 2 0 0 0 25461 104 103 104 103 40|3289.43 0
201 203 1 1 2 0 0 0 25465 104 103 104 103 40|3289.45 0
201 203 1 1 2 0 0 0 25466 104 103 104 103 40|3289.47 0
201 203 1 1 2 0 0 0 25467 104 103 104 103 40|3289.68 0
201 203 1 1 2 0 0 0 25468 104 103 104 103 40|3290.17 0
201 203 1 1 2 0 0 0 25469 104 103 104 103 40|3290.76 0
201 203 1 1 2 0 0 0 25472 104 103 104 103 40|3290.90 0
201 203 1 1 2 0 0 0 25474 104 103 104 103 40|3291.08 0
201 203 1 1 2 0 0 0 25476 104 103 104 103 40|3291.25 0
201 203 1 1 2 0 0 0 25482 104 103 104 103 40|3291.32 0
201 203 1 1 2 0 0 0 25494 104 103 104 103 40|3291.40 0
201 203 1 1 2 0 0 0 25508 104 103 104 103 40|3291.48 0
201 203 1 1 2 0 0 0 25524 104 103 104 103 40|3291.56 0
201 203 1 1 2 0 0 0 25536 104 103 104 103 40|3291.64 0
201 203 1 1 2 0 0 0 25550 104 103 104 103 40|3291.71 0
201 203 1 1 2 0 0 0 25555 104 103 104 103 40|3291.75 0
201 203 1 1 2 0 0 0 25560 104 103 104 103 40|3291.79 0
201 203 1 1 2 0 0 0 25565 104 103 104 103 40|3291.83 0
201 203 1 1 2 0 0 0 25576 104 103 104 103 40|3291.87 0
201 203 1 1 2 0 0 0 25579 104 103 104 103 40|3291.91 0
201 203 1 1 2 0 0 0 25582 104 103 104 103 40|3291.95 0
201 203 1 1 2 0 0 0 25587 104 103 104 103 40|3291.99 0
201 203 1 1 2 0 0 0 25594 104 103 104 103 40|3292.03 0
201 203 1 1 2 0 0 0 25599 104 103 104 103 40|3292.07 0
201 203 1 1 2 0 0 0 25607 104 103 104 103 40|3292.11 0
201 203 1 1 2 0 0 0 25614 104 103 104 103 40|3292.15 0
201 203 1 1 2 0 0 0 25617 104 103 104 103 40|3292.19 0
201 203 1 1 2 0 0 0 25624 104 103 104 103 40|3292.23 0
201 203 1 1 2 0 0 0 25631 104 103 104 103 40|3292.27 0
201 203 1 1 2 0 0 0 25640 104 103 104 103 40|3292.31 0
201 203 1 1 2 0 0 0 25643 104 103 104 103 40|3292.35 0
201 203 1 1 2 0 0 0 25653 104 103 104 103 40|3292.39 0
201 203 1 1 2 0 0 0 25663 104 103 104 103 40|3292.43 0
201 203 1 1 2 0 0 0 25669 104 103 104 103 40|3292.47 0
201 203 1 1 2 0 0 0 25675 104 103 104 103 40|3292.51 0
201 203 1 1 2 0 0 0 25681 104 103 104 103 40|3292.55 0
201 203 1 1 2 0 0 0 25683 104 103 104 103 40|3292.59 0
201 203 1 1 2 0 0 0 25694 104 103 104 103 40|3292.67 0
201 203 1 1 2 0 0 0 25700 104 103 104 103 40|3292.70 0
201 203 1 1 2 0 0 0 25711 104 103 104 103 40|3292.74 0
201 203 1 1 2 0 0 0 25719 104 103 104 103 40|3292.78 0
201 203 1 1 2 0 0 0 25731 104 103 104 103 40|3292.82 0
201 203 1 1 2 0 0 0 25741 104 103 104 103 40|3292.86 0
201 203 1 1 2 0 0 0 25751 104 103 104 103 40|3292.90 0
201 203 1 1 2 0 0 0 25763 104 103 104 103 40|3292.94 0
201 203 1 1 2 0 0 0 25768 104 103 104 103 40|3292.98 0
201 203 1 1 2 0 0 0 25778 104 103 104 103 40|3293.02 0
201 203 1 1 2 0 0 0 25787 104 103 104 103 40|3293.08 0
201 203 1 1 2 0 0 0 25802 104 103 104 103 40|3293.16 0
201 203 1 1 2 0 0 0 25819 104 103 104 103 40|3293.24 0
201 203 1 1 2 0 0 0 25835 104 103 104 103 40|3293.32 0
201 203 1 1 2 0 0 0 25841 104 103 104 103 40|3293.38 0
201 203 1 1 2 0 0 0 25860 104 103 104 103 40|3293.42 0
201 203 1 1 2 0 0 0 25866 104 103 104 103 40|3293.46 0
201 203 1 1 2 0 0 0 25877 104 103 104 103 40|3293.50 0
201 203 1 1 2 0 0 0 25882 104 103 104 103 40|3293.54 0
201 203 1 1 2 0 0 0 25893 104 103 104 103 40|3293.58 0
201 203 1 1 2 0 0 0 25904 104 103 104 103 40|3293.62 0
201 203 1 1 2 0 0 0 25914 104 103 104 103 40|3293.66 0
201 203 1 1 2 0 0 0 25922 104 103 104 103 40|3293.70 0
201 203 1 1 2 0 0 0 25934 104 103 104 103 40|3293.74 0
201 203 1 1 2 0 0 0 25945 104 103 104 103 40|3293.78 0
201 203 1 1 2 0 0 0 25952 104 103 104 103 40|3293.82 0
201 203 1 1 2 0 0 0 25958 104 103 104 103 40|3293.86 0
201 203 1 1 2 0 0 0 25965 104 103 104 103 40|3293.90 0
201 203 1 1 2 0 0 0 25977 104 103 104 103 40|3293.94 0
201 203 1 1 2 0 0 0 25980 104 103 104 103 40|3293.97 0
201 203 1 1 2 0 0 0 25986 104 103 104 103 40|3294.01 0
201 203 1 1 2 0 0 0 25995 104 103 104 103 40|3294.05 0
201 203 1 1 2 0 0 0 26007 104 103 104 103 40|3294.09 0
201 203 1 1 2 0 0 0 26011 104 103 104 103 40|3294.13 0
201 203 1 1 2 0 0 0 26027 104 103 104 103 40|3294.17 0
201 203 1 1 2 0 0 0 26033 104 103 104 103 40|3294.21 0
201 203 1 1 2 0 0 0 26038 104 103 104 103 40|3294.25 0
201 203 1 1 2 0 0 0 26056 104 103 104 103 40|3294.29 0
201 203 1 1 2 0 0 0 26070 104 103 104 103 40|3294.36 0
201 203 1 1 2 0 0 0 26088 104 103 104 103 40|3294.44 0
201 203 1 1 2 0 0 0 26108 104 103 104 103 40|3294.52 0
201 203 1 1 2 0 0 0 26121 104 103 104 103 40|3294.58 0
201 203 1 1 2 0 0 0 26128 104 103 104 103 40|3294.62 0
201 203 1 1 2 0 0 0 26139 104 103 104 103 40|3294.66 0
201 203 1 1 2 0 0 0 26150 104 103 104 103 40|3294.70 0
201 203 1 1 2 0 0 0 26159 104 103 104 103 40|3294.74 0
201 203 1 1 2 0 0 0 26165 104 103 104 103 40|3294.78 0
201 203 1 1 2 0 0 0 26171 104 103 104 103 40|3294.82 0
201 203 1 1 2 0 0 0 26178 104 103 104 103 40|3294.86 0
201 203 1 1 2 0 0 0 26183 104 103 104 103 40|3294.90 0
201 203 1 1 2 0 0 0 26192 104 103 104 103 40|3294.93 0
201 203 1 1 2 0 0 0 26203 104 103 104 103 40|3294.97 0
201 203 1 1 2 0 0 0 26213 104 103 104 103 40|3295.02 0
201 203 1 1 2 0 0 0 26218 104 103 104 103 40|3295.06 0
201 203 1 1 2 0 0 0 26223 104 103 104 103 40|3295.09 0
201 203 1 1 2 0 0 0 26237 104 103 104 103 40|3295.14 0
201 203 1 1 2 0 0 0 26239 104 103 104 103 40|3295.18 0
201 203 1 1 2 0 0 0 26247 104 103 104 103 40|3295.22 0
201 203 1 1 2 0 0 0 26262 104 103 104 103 40|3295.26 0
201 203 1 1 2 0 0 0 26269 104 103 104 103 40|3295.30 0
201 203 1 1 2 0 0 0 26275 104 103 104 103 40|3295.34 0
201 203 1 1 2 0 0 0 26286 104 103 104 103 40|3295.38 0
201 203 1 1 2 0 0 0 26297 104 103 104 103 40|3295.42 0
201 203 1 1 2 0 0 0 26302 104 103 104 103 40|3295.46 0
201 203 1 1 2 0 0 0 26310 104 103 104 103 40|3295.50 0
201 203 1 1 2 0 0 0 26319 104 103 104 103 40|3295.54 0
201 203 1 1 2 0 0 0 26339 104 103 104 103 40|3295.60 0
201 203 1 1 2 0 0 0 26362 104 103 104 103 40|3295.68 0
201 203 1 1 2 0 0 0 26376 104 103 104 103 40|3295.76 0
201 203 1 1 2 0 0 0 26393 104 103 104 103 40|3295.84 0
201 203 1 1 2 0 0 0 26415 104 103 104 103 40|3295.92 0
201 203 1 1 2 0 0 0 26434 104 103 104 103 40|3296.00 0
201 203 1 1 2 0 0 0 26458 104 103 104 103 40|3296.08 0
201 203 1 1 2 0 0 0 26482 104 103 104 103 40|3296.16 0
201 203 1 1 2 0 0 0 26503 104 103 104 103 40|3296.24 0
201 203 1 1 2 0 0 0 26518 104 103 104 103 40|3296.32 0
201 203 1 1 2 0 0 0 26534 104 103 104 103 40|3296.40 0
201 203 1 1 2 0 0 0 26561 104 103 104 103 40|3296.48 0
201 203 1 1 2 0 0 0 26584 104 103 104 103 40|3296.56 0
201 203 1 1 2 0 0 0 26606 104 103 104 103 40|3296.64 0
201 203 1 1 2 0 0 0 26616 104 103 104 103 40|3296.68 0
201 203 1 1 2 0 0 0 26624 104 103 104 103 40|3296.72 0
201 203 1 1 2 0 0 0 26632 104 103 104 103 40|3296.76 0
201 203 1 1 2 0 0 0 26637 104 103 104 103 40|3296.80 0
201 203 1 1 2 0 0 0 26650 104 103 104 103 40|3296.84 0
201 203 1 1 2 0 0 0 26656 104 103 104 103 40|3296.88 0
201 203 1 1 2 0 0 0 26662 104 103 104 103 40|3296.92 0
201 203 1 1 2 0 0 0 26676 104 103 104 103 40|3296.96 0
201 203 1 1 2 0 0 0 26678 104 103 104 103 40|3297.00 0
201 203 1 1 2 0 0 0 26689 104 103 104 103 40|3297.04 0
201 203 1 1 2 0 0 0 26691 104 103 104 103 40|3297.07 0
201 203 1 1 2 0 0 0 26693 104 103 104 103 40|3297.19 0
201 203 1 1 2 0 0 0 26694 104 103 104 103 40|3297.23 0
201 203 1 1 2 0 0 0 26695 104 103 104 103 40|3297.74 0
201 203 1 1 2 0 0 0 26703 104 103 104 103 40|3297.81 0
201 203 1 1 2 0 0 0 26712 104 103 104 103 40|3297.89 0
201 203 1 1 2 0 0 0 26716 104 103 104 103 40|3297.93 0
201 203 1 1 2 0 0 0 26732 104 103 104 103 40|3298.07 0
201 203 1 1 2 0 0 0 26737 104 103 104 103 40|3298.11 0
201 203 1 1 2 0 0 0 26751 104 103 104 103 40|3298.15 0
201 203 1 1 2 0 0 0 26772 104 103 104 103 40|3298.19 0
201 203 1 1 2 0 0 0 26785 104 103 104 103 40|3298.23 0
201 203 1 1 2 0 0 0 26786 104 103 104 103 40|3299.18 0
201 203 1 1 2 0 0 0 26787 104 103 104 103 40|3299.38 0
201 203 1 1 2 0 0 0 26790 104 103 104 103 40|3299.54 0
201 203 1 1 2 0 0 0 26791 104 103 104 103 40|3299.93 0
201 203 1 1 2 0 0 0 26795 104 103 104 103 40|3299.98 0
201 203 1 1 2 0 0 0 26802 104 103 104 103 40|3300.01 0
201 203 1 1 2 0 0 0 26806 104 103 104 103 40|3300.05 0
201 203 1 1 2 0 0 0 26815 104 103 104 103 40|3300.09 0
201 203 1 1 2 0 0 0 26824 104 103 104 103 40|3300.13 0
201 203 1 1 2 0 0 0 26832 104 103 104 103 40|3300.17 0
201 203 1 1 2 0 0 0 26836 104 103 104 103 40|3300.21 0
201 203 1 1 2 0 0 0 26843 104 103 104 103 40|3300.25 0
201 203 1 1 2 0 0 0 26850 104 103 104 103 40|3300.29 0
201 203 1 1 2 0 0 0 26855 104 103 104 103 40|3300.33 0
201 203 1 1 2 0 0 0 26857 104 103 104 103 40|3300.37 0
201 203 1 1 2 0 0 0 26865 104 103 104 103 40|3300.41 0
201 203 1 1 2 0 0 0 26871 104 103 104 103 40|3300.45 0
201 203 1 1 2 0 0 0 26878 104 103 104 103 40|3300.49 0
201 203 1 1 2 0 0 0 26886 104 103 104 103 40|3300.53 0
201 203 1 1 2 0 0 0 26896 104 103 104 103 40|3300.57 0
201 203 1 1 2 0 0 0 26904 104 103 104 103 40|3300.61 0
201 203 1 1 2 0 0 0 26913 104 103 104 103 40|3300.65 0
201 203 1 1 2 0 0 0 26915 104 103 104 103 40|3300.69 0
201 203 1 1 2 0 0 0 26917 104 103 104 103 40|3300.76 0
201 203 1 1 2 0 0 0 26928 104 103 104 103 40|3301.31 0
201 203 1 1 2 0 0 0 26933 104 103 104 103 40|3301.39 0
201 203 1 1 2 0 0 0 26942 104 103 104 103 40|3301.43 0
201 203 1 1 2 0 0 0 26943 104 103 104 103 40|3301.46 0
201 203 1 1 2 0 0 0 26961 104 103 104 103 40|3301.51 0
201 203 1 1 2 0 0 0 26979 104 103 104 103 40|3301.59 0
201 203 1 1 2 0 0 0 26996 104 103 104 103 40|3301.63 0
201 203 1 1 2 0 0 0 27011 104 103 104 103 40|3301.67 0
201 203 1 1 2 0 0 0 27013 104 103 104 103 40|3301.71 0
201 203 1 1 2 0 0 0 27018 104 103 104 103 40|3301.82 0
201 203 1 1 2 0 0 0 27019 104 103 104 103 40|3302.06 0
201 203 1 1 2 0 0 0 27022 104 103 104 103 40|3302.29 0
201 203 1 1 2 0 0 0 27025 104 103 104 103 40|3303.14 0
201 203 1 1 2 0 0 0 27027 104 103 104 103 40|3303.41 0
201 203 1 1 2 0 0 0 27034 104 103 104 103 40|3303.54 0
201 203 1 1 2 0 0 0 27037 104 103 104 103 40|3303.58 0
201 203 1 1 2 0 0 0 27045 104 103 104 103 40|3303.61 0
201 203 1 1 2 0 0 0 27049 104 103 104 103 40|3303.63 0
201 203 1 1 2 0 0 0 27055 104 103 104 103 40|3303.65 0
201 203 1 1 2 0 0 0 27058 104 103 104 103 40|3303.67 0
201 203 1 1 2 0 0 0 27059 104 103 104 103 40|3303.69 0
201 203 1 1 2 0 0 0 27064 104 103 104 103 40|3303.70 0
201 203 1 1 2 0 0 0 27068 104 103 104 103 40|3303.72 0
201 203 1 1 2 0 0 0 27072 104 103 104 103 40|3303.74 0
201 203 1 1 2 0 0 0 27075 104 103 104 103 40|3303.77 0
201 203 1 1 2 0 0 0 27080 104 103 104 103 40|3303.79 0
201 203 1 1 2 0 0 0 27086 104 103 104 103 40|3303.81 0
201 203 1 1 2 0 0 0 27091 104 103 104 103 40|3303.83 0
201 203 1 1 2 0 0 0 27093 104 103 104 103 40|3303.85 0
201 203 1 1 2 0 0 0 27099 104 103 104 103 40|3303.87 0
201 203 1 1 2 0 0 0 27103 104 103 104 103 40|3303.89 0
201 203 1 1 2 0 0 0 27111 104 103 104 103 40|3303.93 0
201 203 1 1 2 0 0 0 27118 104 103 104 103 40|3303.96 0
201 203 1 1 2 0 0 0 27122 104 103 104 103 40|3303.99 0
201 203 1 1 2 0 0 0 27126 104 103 104 103 40|3304.02 0
201 203 1 1 2 0 0 0 27131 104 103 104 103 40|3304.04 0
201 203 1 1 2 0 0 0 27133 104 103 104 103 40|3304.06 0
201 203 1 1 2 0 0 0 27137 104 103 104 103 40|3304.08 0
201 203 1 1 2 0 0 0 27140 104 103 104 103 40|3304.10 0
201 203 1 1 2 0 0 0 27149 104 103 104 103 40|3304.14 0
201 203 1 1 2 0 0 0 27158 104 103 104 103 40|3304.20 0
201 203 1 1 2 0 0 0 27163 104 103 104 103 40|3304.23 0
201 203 1 1 2 0 0 0 27166 104 103 104 103 40|3304.25 0
201 203 1 1 2 0 0 0 27168 104 103 104 103 40|3304.27 0
201 203 1 1 2 0 0 0 27173 104 103 104 103 40|3304.29 0
201 203 1 1 2 0 0 0 27179 104 103 104 103 40|3304.33 0
201 203 1 1 2 0 0 0 27183 104 103 104 103 40|3304.35 0
201 203 1 1 2 0 0 0 27190 104 103 104 103 40|3304.37 0
201 203 1 1 2 0 0 0 27191 104 103 104 103 40|3304.46 0
201 203 1 1 2 0 0 0 27211 104 103 104 103 40|3304.54 0
201 203 1 1 2 0 0 0 27220 104 103 104 103 40|3304.59 0
201 203 1 1 2 0 0 0 27224 104 103 104 103 40|3304.62 0
201 203 1 1 2 0 0 0 27227 104 103 104 103 40|3304.64 0
201 203 1 1 2 0 0 0 27232 104 103 104 103 40|3304.67 0
201 203 1 1 2 0 0 0 27235 104 103 104 103 40|3304.70 0
201 203 1 1 2 0 0 0 27237 104 103 104 103 40|3304.72 0
201 203 1 1 2 0 0 0 27240 104 103 104 103 40|3304.74 0
201 203 1 1 2 0 0 0 27246 104 103 104 103 40|3304.76 0
201 203 1 1 2 0 0 0 27248 104 103 104 103 40|3304.78 0
201 203 1 1 2 0 0 0 27257 104 103 104 103 40|3304.81 0
201 203 1 1 2 0 0 0 27268 104 103 104 103 40|3304.85 0
201 203 1 1 2 0 0 0 27275 104 103 104 103 40|3304.88 0
201 203 1 1 2 0 0 0 27276 104 103 104 103 40|3304.91 0
201 203 1 1 2 0 0 0 27278 104 103 104 103 40|3305.00 0
201 203 1 1 2 0 0 0 27279 104 103 104 103 40|3305.23 0
201 203 1 1 2 0 0 0 27289 104 103 104 103 40|3305.52 0
201 203 1 1 2 0 0 0 27290 104 103 104 103 40|3305.55 0
201 203 1 1 2 0 0 0 27296 104 103 104 103 40|3305.59 0
201 203 1 1 2 0 0 0 27303 104 103 104 103 40|3305.62 0
201 203 1 1 2 0 0 0 27312 104 103 104 103 40|3305.68 0
201 203 1 1 2 0 0 0 27323 104 103 104 103 40|3305.73 0
201 203 1 1 2 0 0 0 27333 104 103 104 103 40|3305.78 0
201 203 1 1 2 0 0 0 27343 104 103 104 103 40|3305.80 0
201 203 1 1 2 0 0 0 27355 104 103 104 103 40|3305.82 0
201 203 1 1 2 0 0 0 27361 104 103 104 103 40|3305.84 0
201 203 1 1 2 0 0 0 27368 104 103 104 103 40|3305.87 0
201 203 1 1 2 0 0 0 27369 104 103 104 103 40|3306.66 0
201 203 1 1 2 0 0 0 27372 104 103 104 103 40|3307.39 0
201 203 1 1 2 0 0 0 27373 104 103 104 103 40|3307.78 0
201 203 1 1 2 0 0 0 27376 104 103 104 103 40|3308.25 0
201 203 1 1 2 0 0 0 27381 104 103 104 103 40|3308.31 0
201 203 1 1 2 0 0 0 27383 104 103 104 103 40|3308.33 0
201 203 1 1 2 0 0 0 27392 104 103 104 103 40|3308.36 0
201 203 1 1 2 0 0 0 27396 104 103 104 103 40|3308.39 0
201 203 1 1 2 0 0 0 27405 104 103 104 103 40|3308.42 0
201 203 1 1 2 0 0 0 27410 104 103 104 103 40|3308.45 0
201 203 1 1 2 0 0 0 27418 104 103 104 103 40|3308.47 0
201 203 1 1 2 0 0 0 27430 104 103 104 103 40|3308.51 0
201 203 1 1 2 0 0 0 27435 104 103 104 103 40|3308.53 0
201 203 1 1 2 0 0 0 27440 104 103 104 103 40|3308.56 0
201 203 1 1 2 0 0 0 27446 104 103 104 103 40|3308.58 0
201 203 1 1 2 0 0 0 27449 104 103 104 103 40|3308.60 0
201 203 1 1 2 0 0 0 27453 104 103 104 103 40|3308.62 0
201 203 1 1 2 0 0 0 27455 104 103 104 103 40|3308.64 0
201 203 1 1 2 0 0 0 27467 104 103 104 103 40|3308.68 0
201 203 1 1 2 0 0 0 27473 104 103 104 103 40|3308.71 0
201 203 1 1 2 0 0 0 27476 104 103 104 103 40|3308.73 0
201 203 1 1 2 0 0 0 27484 104 103 104 103 40|3308.75 0
201 203 1 1 2 0 0 0 27487 104 103 104 103 40|3308.77 0
201 203 1 1 2 0 0 0 27492 104 103 104 103 40|3308.79 0
201 203 1 1 2 0 0 0 27499 104 103 104 103 40|3308.81 0
201 203 1 1 2 0 0 0 27508 104 103 104 103 40|3308.85 0
201 203 1 1 2 0 0 0 27511 104 103 104 103 40|3308.88 0
201 203 1 1 2 0 0 0 27519 104 103 104 103 40|3308.90 0
201 203 1 1 2 0 0 0 27527 104 103 104 103 40|3308.93 0
201 203 1 1 2 0 0 0 27532 104 103 104 103 40|3308.94 0
201 203 1 1 2 0 0 0 27535 104 103 104 103 40|3308.97 0
201 203 1 1 2 0 0 0 27540 104 103 104 103 40|3308.99 0
201 203 1 1 2 0 0 0 27547 104 103 104 103 40|3309.01 0
201 203 1 1 2 0 0 0 27554 104 103 104 103 40|3309.06 0
201 203 1 1 2 0 0 0 27556 104 103 104 103 40|3309.08 0
201 203 1 1 2 0 0 0 27567 104 103 104 103 40|3309.10 0
201 203 1 1 2 0 0 0 27571 104 103 104 103 40|3309.12 0
201 203 1 1 2 0 0 0 27581 104 103 104 103 40|3309.16 0
201 203 1 1 2 0 0 0 27590 104 103 104 103 40|3309.19 0
201 203 1 1 2 0 0 0 27592 104 103 104 103 40|3309.21 0
201 203 1 1 2 0 0 0 27599 104 103 104 103 40|3309.23 0
201 203 1 1 2 0 0 0 27601 104 103 104 103 40|3309.25 0
201 203 1 1 2 0 0 0 27606 104 103 104 103 40|3309.28 0
201 203 1 1 2 0 0 0 27609 104 103 104 103 40|3309.31 0
201 203 1 1 2 0 0 0 27618 104 103 104 103 40|3309.33 0
201 203 1 1 2 0 0 0 27621 104 103 104 103 40|3309.35 0
201 203 1 1 2 0 0 0 27624 104 103 104 103 40|3309.37 0
201 203 1 1 2 0 0 0 27629 104 103 104 103 40|3309.40 0
201 203 1 1 2 0 0 0 27632 104 103 104 103 40|3309.42 0
201 203 1 1 2 0 0 0 27640 104 103 104 103 40|3309.44 0
201 203 1 1 2 0 0 0 27645 104 103 104 103 40|3309.46 0
201 203 1 1 2 0 0 0 27648 104 103 104 103 40|3309.48 0
201 203 1 1 2 0 0 0 27653 104 103 104 103 40|3309.50 0
201 203 1 1 2 0 0 0 27657 104 103 104 103 40|3309.54 0
201 203 1 1 2 0 0 0 27660 104 103 104 103 40|3309.58 0
201 203 1 1 2 0 0 0 27666 104 103 104 103 40|3309.60 0
201 203 1 1 2 0 0 0 27668 104 103 104 103 40|3309.63 0
201 203 1 1 2 0 0 0 27679 104 103 104 103 40|3309.66 0
201 203 1 1 2 0 0 0 27683 104 103 104 103 40|3309.68 0
201 203 1 1 2 0 0 0 27692 104 103 104 103 40|3309.70 0
201 203 1 1 2 0 0 0 27698 104 103 104 103 40|3309.72 0
201 203 1 1 2 0 0 0 27716 104 103 104 103 40|3309.79 0
201 203 1 1 2 0 0 0 27717 104 103 104 103 40|3309.81 0
201 203 1 1 2 0 0 0 27721 104 103 104 103 40|3309.83 0
201 203 1 1 2 0 0 0 27726 104 103 104 103 40|3309.85 0
201 203 1 1 2 0 0 0 27736 104 103 104 103 40|3309.87 0
201 203 1 1 2 0 0 0 27742 104 103 104 103 40|3309.89 0
201 203 1 1 2 0 0 0 27753 104 103 104 103 40|3309.96 0
201 203 1 1 2 0 0 0 27765 104 103 104 103 40|3310.00 0
201 203 1 1 2 0 0 0 27773 104 103 104 103 40|3310.03 0
201 203 1 1 2 0 0 0 27781 104 103 104 103 40|3310.05 0
201 203 1 1 2 0 0 0 27789 104 103 104 103 40|3310.08 0
201 203 1 1 2 0 0 0 27803 104 103 104 103 40|3310.12 0
201 203 1 1 2 0 0 0 27807 104 103 104 103 40|3310.16 0
201 203 1 1 2 0 0 0 27826 104 103 104 103 40|3310.23 0
201 203 1 1 2 0 0 0 27837 104 103 104 103 40|3310.28 0
201 203 1 1 2 0 0 0 27844 104 103 104 103 40|3310.31 0
201 203 1 1 2 0 0 0 27849 104 103 104 103 40|3310.33 0
201 203 1 1 2 0 0 0 27857 104 103 104 103 40|3310.35 0
201 203 1 1 2 0 0 0 27861 104 103 104 103 40|3310.36 0
201 203 1 1 2 0 0 0 27865 104 103 104 103 40|3310.38 0
201 203 1 1 2 0 0 0 27872 104 103 104 103 40|3310.42 0
201 203 1 1 2 0 0 0 27874 104 103 104 103 40|3310.43 0
201 203 1 1 2 0 0 0 27878 104 103 104 103 40|3310.45 0
201 203 1 1 2 0 0 0 27886 104 103 104 103 40|3310.47 0
201 203 1 1 2 0 0 0 27891 104 103 104 103 40|3310.48 0
201 203 1 1 2 0 0 0 27897 104 103 104 103 40|3310.50 0
201 203 1 1 2 0 0 0 27903 104 103 104 103 40|3310.52 0
201 203 1 1 2 0 0 0 27905 104 103 104 103 40|3310.54 0
201 203 1 1 2 0 0 0 27915 104 103 104 103 40|3310.57 0
201 203 1 1 2 0 0 0 27921 104 103 104 103 40|3310.59 0
201 203 1 1 2 0 0 0 27926 104 103 104 103 40|3310.61 0
201 203 1 1 2 0 0 0 27929 104 103 104 103 40|3310.63 0
201 203 1 1 2 0 0 0 27936 104 103 104 103 40|3310.64 0
201 203 1 1 2 0 0 0 27942 104 103 104 103 40|3310.68 0
201 203 1 1 2 0 0 0 27946 104 103 104 103 40|3310.69 0
201 203 1 1 2 0 0 0 27955 104 103 104 103 40|3310.71 0
201 203 1 1 2 0 0 0 27957 104 103 104 103 40|3310.73 0
201 203 1 1 2 0 0 0 27960 104 103 104 103 40|3310.74 0
201 203 1 1 2 0 0 0 27963 104 103 104 103 40|3310.76 0
201 203 1 1 2 0 0 0 27968 104 103 104 103 40|3310.78 0
201 203 1 1 2 0 0 0 27972 104 103 104 103 40|3310.80 0
201 203 1 1 2 0 0 0 27976 104 103 104 103 40|3310.81 0
201 203 1 1 2 0 0 0 27978 104 103 104 103 40|3310.83 0
201 203 1 1 2 0 0 0 27980 104 103 104 103 40|3310.84 0
201 203 1 1 2 0 0 0 27985 104 103 104 103 40|3310.86 0
201 203 1 1 2 0 0 0 27987 104 103 104 103 40|3310.88 0
201 203 1 1 2 0 0 0 27989 104 103 104 103 40|3310.99 0
201 203 1 1 2 0 0 0 27990 104 103 104 103 40|3311.45 0
201 203 1 1 2 0 0 0 28001 104 103 104 103 40|3311.57 0
201 203 1 1 2 0 0 0 28014 104 103 104 103 40|3311.67 0
201 203 1 1 2 0 0 0 28015 104 103 104 103 40|3311.74 0
201 203 1 1 2 0 0 0 28022 104 103 104 103 40|3311.76 0
201 203 1 1 2 0 0 0 28025 104 103 104 103 40|3311.78 0
201 203 1 1 2 0 0 0 28035 104 103 104 103 40|3311.80 0
201 203 1 1 2 0 0 0 28037 104 103 104 103 40|3311.82 0
201 203 1 1 2 0 0 0 28044 104 103 104 103 40|3311.84 0
201 203 1 1 2 0 0 0 28054 104 103 104 103 40|3311.86 0
201 203 1 1 2 0 0 0 28061 104 103 104 103 40|3311.89 0
201 203 1 1 2 0 0 0 28070 104 103 104 103 40|3311.91 0
201 203 1 1 2 0 0 0 28085 104 103 104 103 40|3311.94 0
201 203 1 1 2 0 0 0 28086 104 103 104 103 40|3312.00 0
201 203 1 1 2 0 0 0 28088 104 103 104 103 40|3312.02 0
201 203 1 1 2 0 0 0 28089 104 103 104 103 40|3312.04 0
201 203 1 1 2 0 0 0 28090 104 103 104 103 40|3312.83 0
201 203 1 1 2 0 0 0 28091 104 103 104 103 40|3312.87 0
201 203 1 1 2 0 0 0 28092 104 103 104 103 40|3312.95 0
201 203 1 1 2 0 0 0 28095 104 103 104 103 40|3313.45 0
201 203 1 1 2 0 0 0 28096 104 103 104 103 40|3314.00 0
201 203 1 1 2 0 0 0 28106 104 103 104 103 40|3314.68 0
201 203 1 1 2 0 0 0 28110 104 103 104 103 40|3314.74 0
201 203 1 1 2 0 0 0 28119 104 103 104 103 40|3314.76 0
201 203 1 1 2 0 0 0 28122 104 103 104 103 40|3314.78 0
201 203 1 1 2 0 0 0 28126 104 103 104 103 40|3314.80 0
201 203 1 1 2 0 0 0 28129 104 103 104 103 40|3314.82 0
201 203 1 1 2 0 0 0 28136 104 103 104 103 40|3314.86 0
201 203 1 1 2 0 0 0 28138 104 103 104 103 40|3314.88 0
201 203 1 1 2 0 0 0 28140 104 103 104 103 40|3314.90 0
201 203 1 1 2 0 0 0 28143 104 103 104 103 40|3314.92 0
201 203 1 1 2 0 0 0 28148 104 103 104 103 40|3314.95 0
201 203 1 1 2 0 0 0 28151 104 103 104 103 40|3314.97 0
201 203 1 1 2 0 0 0 28155 104 103 104 103 40|3314.99 0
201 203 1 1 2 0 0 0 28156 104 103 104 103 40|3315.01 0
201 203 1 1 2 0 0 0 28160 104 103 104 103 40|3315.03 0
201 203 1 1 2 0 0 0 28163 104 103 104 103 40|3315.05 0
201 203 1 1 2 0 0 0 28167 104 103 104 103 40|3315.07 0
201 203 1 1 2 0 0 0 28171 104 103 104 103 40|3315.09 0
201 203 1 1 2 0 0 0 28175 104 103 104 103 40|3315.11 0
201 203 1 1 2 0 0 0 28177 104 103 104 103 40|3315.13 0
201 203 1 1 2 0 0 0 28179 104 103 104 103 40|3315.15 0
201 203 1 1 2 0 0 0 28185 104 103 104 103 40|3315.17 0
201 203 1 1 2 0 0 0 28187 104 103 104 103 40|3315.19 0
201 203 1 1 2 0 0 0 28188 104 103 104 103 40|3315.21 0
201 203 1 1 2 0 0 0 28193 104 103 104 103 40|3315.23 0
201 203 1 1 2 0 0 0 28197 104 103 104 103 40|3315.25 0
201 203 1 1 2 0 0 0 28203 104 103 104 103 40|3315.27 0
201 203 1 1 2 0 0 0 28205 104 103 104 103 40|3315.29 0
201 203 1 1 2 0 0 0 28215 104 103 104 103 40|3315.33 0
201 203 1 1 2 0 0 0 28225 104 103 104 103 40|3315.37 0
201 203 1 1 2 0 0 0 28234 104 103 104 103 40|3315.41 0
201 203 1 1 2 0 0 0 28238 104 103 104 103 40|3315.45 0
201 203 1 1 2 0 0 0 28246 104 103 104 103 40|3315.49 0
201 203 1 1 2 0 0 0 28247 104 103 104 103 40|3315.53 0
201 203 1 1 2 0 0 0 28250 104 103 104 103 40|3315.65 0
201 203 1 1 2 0 0 0 28263 104 103 104 103 40|3316.18 0
201 203 1 1 2 0 0 0 28267 104 103 104 103 40|3316.25 0
201 203 1 1 2 0 0 0 28276 104 103 104 103 40|3316.29 0
201 203 1 1 2 0 0 0 28277 104 103 104 103 40|3316.33 0
201 203 1 1 2 0 0 0 28296 104 103 104 103 40|3316.38 0
201 203 1 1 2 0 0 0 28313 104 103 104 103 40|3316.46 0
201 203 1 1 2 0 0 0 28327 104 103 104 103 40|3316.50 0
201 203 1 1 2 0 0 0 28342 104 103 104 103 40|3316.54 0
201 203 1 1 2 0 0 0 28343 104 103 104 103 40|3317.29 0
201 203 1 1 2 0 0 0 28344 104 103 104 103 40|3317.66 0
201 203 1 1 2 0 0 0 28346 104 103 104 103 40|3318.02 0
201 203 1 1 2 0 0 0 28347 104 103 104 103 40|3318.04 0
201 203 1 1 2 0 0 0 28348 104 103 104 103 40|3318.37 0
201 203 1 1 2 0 0 0 28358 104 103 104 103 40|3318.83 0
201 203 1 1 2 0 0 0 28373 104 103 104 103 40|3318.92 0
201 203 1 1 2 0 0 0 28378 104 103 104 103 40|3318.95 0
201 203 1 1 2 0 0 0 28379 104 103 104 103 40|3318.97 0
201 203 1 1 2 0 0 0 28384 104 103 104 103 40|3318.99 0
201 203 1 1 2 0 0 0 28392 104 103 104 103 40|3319.04 0
201 203 1 1 2 0 0 0 28402 104 103 104 103 40|3319.06 0
201 203 1 1 2 0 0 0 28410 104 103 104 103 40|3319.11 0
201 203 1 1 2 0 0 0 28417 104 103 104 103 40|3319.13 0
201 203 1 1 2 0 0 0 28421 104 103 104 103 40|3319.16 0
201 203 1 1 2 0 0 0 28429 104 103 104 103 40|3319.23 0
201 203 1 1 2 0 0 0 28437 104 103 104 103 40|3319.27 0
201 203 1 1 2 0 0 0 28443 104 103 104 103 40|3319.29 0
201 203 1 1 2 0 0 0 28456 104 103 104 103 40|3319.34 0
201 203 1 1 2 0 0 0 28461 104 103 104 103 40|3319.37 0
201 203 1 1 2 0 0 0 28468 104 103 104 103 40|3319.39 0
201 203 1 1 2 0 0 0 28473 104 103 104 103 40|3319.42 0
201 203 1 1 2 0 0 0 28477 104 103 104 103 40|3319.44 0
201 203 1 1 2 0 0 0 28479 104 103 104 103 40|3319.46 0
201 203 1 1 2 0 0 0 28485 104 103 104 103 40|3319.49 0
201 203 1 1 2 0 0 0 28487 104 103 104 103 40|3319.52 0
201 203 1 1 2 0 0 0 28492 104 103 104 103 40|3319.54 0
201 203 1 1 2 0 0 0 28499 104 103 104 103 40|3319.57 0
201 203 1 1 2 0 0 0 28502 104 103 104 103 40|3319.59 0
201 203 1 1 2 0 0 0 28507 104 103 104 103 40|3319.62 0
201 203 1 1 2 0 0 0 28511 104 103 104 103 40|3319.64 0
201 203 1 1 2 0 0 0 28520 104 103 104 103 40|3319.67 0
201 203 1 1 2 0 0 0 28525 104 103 104 103 40|3319.69 0
201 203 1 1 2 0 0 0 28529 104 103 104 103 40|3319.71 0
201 203 1 1 2 0 0 0 28536 104 103 104 103 40|3319.73 0
201 203 1 1 2 0 0 0 28542 104 103 104 103 40|3319.76 0
201 203 1 1 2 0 0 0 28545 104 103 104 103 40|3319.78 0
201 203 1 1 2 0 0 0 28552 104 103 104 103 40|3319.81 0
201 203 1 1 2 0 0 0 28556 104 103 104 103 40|3319.83 0
201 203 1 1 2 0 0 0 28563 104 103 104 103 40|3319.85 0
201 203 1 1 2 0 0 0 28566 104 103 104 103 40|3319.87 0
201 203 1 1 2 0 0 0 28569 104 103 104 103 40|3319.89 0
201 203 1 1 2 0 0 0 28578 104 103 104 103 40|3319.95 0
201 203 1 1 2 0 0 0 28579 104 103 104 103 40|3319.97 0
201 203 1 1 2 0 0 0 28583 104 103 104 103 40|3319.99 0
201 203 1 1 2 0 0 0 28587 104 103 104 103 40|3320.01 0
201 203 1 1 2 0 0 0 28589 104 103 104 103 40|3320.02 0
201 203 1 1 2 0 0 0 28590 104 103 104 103 40|3320.04 0
201 203 1 1 2 0 0 0 28592 104 103 104 103 40|3320.06 0
201 203 1 1 2 0 0 0 28598 104 103 104 103 40|3320.07 0
201 203 1 1 2 0 0 0 28602 104 103 104 103 40|3320.11 0
201 203 1 1 2 0 0 0 28607 104 103 104 103 40|3320.12 0
201 203 1 1 2 0 0 0 28610 104 103 104 103 40|3320.14 0
201 203 1 1 2 0 0 0 28612 104 103 104 103 40|3320.16 0
201 203 1 1 2 0 0 0 28615 104 103 104 103 40|3320.18 0
201 203 1 1 2 0 0 0 28617 104 103 104 103 40|3320.19 0
201 203 1 1 2 0 0 0 28621 104 103 104 103 40|3320.21 0
201 203 1 1 2 0 0 0 28623 104 103 104 103 40|3320.24 0
201 203 1 1 2 0 0 0 28628 104 103 104 103 40|3320.28 0
201 203 1 1 2 0 0 0 28636 104 103 104 103 40|3320.30 0
201 203 1 1 2 0 0 0 28638 104 103 104 103 40|3320.31 0
201 203 1 1 2 0 0 0 28647 104 103 104 103 40|3320.35 0
201 203 1 1 2 0 0 0 28656 104 103 104 103 40|3320.39 0
201 203 1 1 2 0 0 0 28668 104 103 104 103 40|3320.43 0
201 203 1 1 2 0 0 0 28674 104 103 104 103 40|3320.47 0
201 203 1 1 2 0 0 0 28678 104 103 104 103 40|3320.51 0
201 203 1 1 2 0 0 0 28680 104 103 104 103 40|3320.63 0
201 203 1 1 2 0 0 0 28689 104 103 104 103 40|3321.13 0
201 203 1 1 2 0 0 0 28690 104 103 104 103 40|3321.15 0
201 203 1 1 2 0 0 0 28701 104 103 104 103 40|3321.24 0
201 203 1 1 2 0 0 0 28703 104 103 104 103 40|3321.26 0
201 203 1 1 2 0 0 0 28708 104 103 104 103 40|3321.32 0
201 203 1 1 2 0 0 0 28720 104 103 104 103 40|3321.34 0
201 203 1 1 2 0 0 0 28723 104 103 104 103 40|3321.37 0
201 203 1 1 2 0 0 0 28726 104 103 104 103 40|3321.42 0
201 203 1 1 2 0 0 0 28731 104 103 104 103 40|3321.44 0
201 203 1 1 2 0 0 0 28738 104 103 104 103 40|3321.46 0
201 203 1 1 2 0 0 0 28744 104 103 104 103 40|3321.48 0
201 203 1 1 2 0 0 0 28756 104 103 104 103 40|3321.50 0
201 203 1 1 2 0 0 0 28764 104 103 104 103 40|3321.52 0
201 203 1 1 2 0 0 0 28768 104 103 104 103 40|3321.55 0
201 203 1 1 2 0 0 0 28769 104 103 104 103 40|3321.60 0
201 203 1 1 2 0 0 0 28770 104 103 104 103 40|3322.30 0
201 203 1 1 2 0 0 0 28771 104 103 104 103 40|3322.68 0
201 203 1 1 2 0 0 0 28774 104 103 104 103 40|3322.94 0
201 203 1 1 2 0 0 0 28775 104 103 104 103 40|3323.26 0
201 203 1 1 2 0 0 0 28776 104 103 104 103 40|3323.82 0
201 203 1 1 2 0 0 0 28778 104 103 104 103 40|3323.93 0
201 203 1 1 2 0 0 0 28780 104 103 104 103 40|3323.97 0
201 203 1 1 2 0 0 0 28781 104 103 104 103 40|3324.05 0
201 203 1 1 2 0 0 0 28787 104 103 104 103 40|3324.09 0
201 203 1 1 2 0 0 0 28792 104 103 104 103 40|3324.13 0
201 203 1 1 2 0 0 0 28800 104 103 104 103 40|3324.17 0
201 203 1 1 2 0 0 0 28809 104 103 104 103 40|3324.21 0
201 203 1 1 2 0 0 0 28813 104 103 104 103 40|3324.25 0
201 203 1 1 2 0 0 0 28819 104 103 104 103 40|3324.29 0
201 203 1 1 2 0 0 0 28823 104 103 104 103 40|3324.33 0
201 203 1 1 2 0 0 0 28832 104 103 104 103 40|3324.37 0
201 203 1 1 2 0 0 0 28835 104 103 104 103 40|3324.41 0
201 203 1 1 2 0 0 0 28840 104 103 104 103 40|3324.45 0
201 203 1 1 2 0 0 0 28846 104 103 104 103 40|3324.48 0
201 203 1 1 2 0 0 0 28854 104 103 104 103 40|3324.52 0
201 203 1 1 2 0 0 0 28859 104 103 104 103 40|3324.56 0
201 203 1 1 2 0 0 0 28862 104 103 104 103 40|3324.60 0
201 203 1 1 2 0 0 0 28869 104 103 104 103 40|3324.64 0
201 203 1 1 2 0 0 0 28875 104 103 104 103 40|3324.68 0
201 203 1 1 2 0 0 0 28886 104 103 104 103 40|3324.74 0
201 203 1 1 2 0 0 0 28894 104 103 104 103 40|3324.81 0
201 203 1 1 2 0 0 0 28907 104 103 104 103 40|3324.89 0
201 203 1 1 2 0 0 0 28920 104 103 104 103 40|3324.97 0
201 203 1 1 2 0 0 0 28925 104 103 104 103 40|3325.03 0
201 203 1 1 2 0 0 0 28934 104 103 104 103 40|3325.07 0
201 203 1 1 2 0 0 0 28944 104 103 104 103 40|3325.11 0
201 203 1 1 2 0 0 0 28953 104 103 104 103 40|3325.15 0
201 203 1 1 2 0 0 0 28962 104 103 104 103 40|3325.19 0
201 203 1 1 2 0 0 0 28973 104 103 104 103 40|3325.24 0
201 203 1 1 2 0 0 0 28978 104 103 104 103 40|3325.28 0
201 203 1 1 2 0 0 0 28980 104 103 104 103 40|3325.32 0
201 203 1 1 2 0 0 0 28982 104 103 104 103 40|3325.48 0
201 203 1 1 2 0 0 0 28992 104 103 104 103 40|3325.95 0
201 203 1 1 2 0 0 0 28994 104 103 104 103 40|3326.02 0
201 203 1 1 2 0 0 0 29006 104 103 104 103 40|3326.10 0
201 203 1 1 2 0 0 0 29023 104 103 104 103 40|3326.19 0
201 203 1 1 2 0 0 0 29050 104 103 104 103 40|3326.27 0
201 203 1 1 2 0 0 0 29068 104 103 104 103 40|3326.35 0
201 203 1 1 2 0 0 0 29069 104 103 104 103 40|3326.82 0
201 203 1 1 2 0 0 0 29070 104 103 104 103 40|3327.13 0
201 203 1 1 2 0 0 0 29072 104 103 104 103 40|3327.20 0
201 203 1 1 2 0 0 0 29073 104 103 104 103 40|3327.48 0
201 203 1 1 2 0 0 0 29076 104 103 104 103 40|3327.86 0
201 203 1 1 2 0 0 0 29078 104 103 104 103 40|3328.25 0
201 203 1 1 2 0 0 0 29084 104 103 104 103 40|3328.29 0
201 203 1 1 2 0 0 0 29092 104 103 104 103 40|3328.33 0
201 203 1 1 2 0 0 0 29100 104 103 104 103 40|3328.37 0
201 203 1 1 2 0 0 0 29102 104 103 104 103 40|3328.41 0
201 203 1 1 2 0 0 0 29107 104 103 104 103 40|3328.49 0
201 203 1 1 2 0 0 0 29114 104 103 104 103 40|3328.53 0
201 203 1 1 2 0 0 0 29118 104 103 104 103 40|3328.57 0
201 203 1 1 2 0 0 0 29126 104 103 104 103 40|3328.61 0
201 203 1 1 2 0 0 0 29129 104 103 104 103 40|3328.65 0
201 203 1 1 2 0 0 0 29131 104 103 104 103 40|3328.69 0
201 203 1 1 2 0 0 0 29137 104 103 104 103 40|3328.73 0
201 203 1 1 2 0 0 0 29145 104 103 104 103 40|3328.77 0
201 203 1 1 2 0 0 0 29153 104 103 104 103 40|3328.81 0
201 203 1 1 2 0 0 0 29159 104 103 104 103 40|3328.85 0
201 203 1 1 2 0 0 0 29162 104 103 104 103 40|3328.89 0
201 203 1 1 2 0 0 0 29164 104 103 104 103 40|3329.04 0
201 203 1 1 2 0 0 0 29167 104 103 104 103 40|3329.08 0
201 203 1 1 2 0 0 0 29177 104 103 104 103 40|3329.62 0
201 203 1 1 2 0 0 0 29190 104 103 104 103 40|3329.70 0
201 203 1 1 2 0 0 0 29197 104 103 104 103 40|3329.75 0
201 203 1 1 2 0 0 0 29204 104 103 104 103 40|3329.78 0
201 203 1 1 2 0 0 0 29208 104 103 104 103 40|3329.82 0
201 203 1 1 2 0 0 0 29218 104 103 104 103 40|3329.86 0
201 203 1 1 2 0 0 0 29225 104 103 104 103 40|3329.88 0
201 203 1 1 2 0 0 0 29236 104 103 104 103 40|3329.90 0
201 203 1 1 2 0 0 0 29244 104 103 104 103 40|3329.93 0
201 203 1 1 2 0 0 0 29252 104 103 104 103 40|3329.96 0
201 203 1 1 2 0 0 0 29256 104 103 104 103 40|3329.99 0
201 203 1 1 2 0 0 0 29257 104 103 104 103 40|3330.19 0
201 203 1 1 2 0 0 0 29258 104 103 104 103 40|3331.32 0
201 203 1 1 2 0 0 0 29261 104 103 104 103 40|3331.37 0
201 203 1 1 2 0 0 0 29272 104 103 104 103 40|3332.26 0
201 203 1 1 2 0 0 0 29293 104 103 104 103 40|3332.35 0
201 203 1 1 2 0 0 0 29294 104 103 104 103 40|3332.40 0
201 203 1 1 2 0 0 0 29304 104 103 104 103 40|3332.44 0
201 203 1 1 2 0 0 0 29310 104 103 104 103 40|3332.47 0
201 203 1 1 2 0 0 0 29315 104 103 104 103 40|3332.49 0
201 203 1 1 2 0 0 0 29321 104 103 104 103 40|3332.51 0
201 203 1 1 2 0 0 0 29326 104 103 104 103 40|3332.53 0
201 203 1 1 2 0 0 0 29334 104 103 104 103 40|3332.57 0
201 203 1 1 2 0 0 0 29340 104 103 104 103 40|3332.60 0
201 203 1 1 2 0 0 0 29344 104 103 104 103 40|3332.62 0
201 203 1 1 2 0 0 0 29362 104 103 104 103 40|3332.70 0
201 203 1 1 2 0 0 0 29370 104 103 104 103 40|3332.74 0
201 203 1 1 2 0 0 0 29377 104 103 104 103 40|3332.76 0
201 203 1 1 2 0 0 0 29380 104 103 104 103 40|3332.78 0
201 203 1 1 2 0 0 0 29385 104 103 104 103 40|3332.80 0
201 203 1 1 2 0 0 0 29387 104 103 104 103 40|3332.82 0
201 203 1 1 2 0 0 0 29393 104 103 104 103 40|3332.84 0
201 203 1 1 2 0 0 0 29397 104 103 104 103 40|3332.86 0
201 203 1 1 2 0 0 0 29399 104 103 104 103 40|3332.88 0
201 203 1 1 2 0 0 0 29404 104 103 104 103 40|3332.90 0
201 203 1 1 2 0 0 0 29407 104 103 104 103 40|3332.92 0
201 203 1 1 2 0 0 0 29414 104 103 104 103 40|3332.94 0
201 203 1 1 2 0 0 0 29418 104 103 104 103 40|3332.96 0
201 203 1 1 2 0 0 0 29427 104 103 104 103 40|3332.98 0
201 203 1 1 2 0 0 0 29432 104 103 104 103 40|3333.00 0
201 203 1 1 2 0 0 0 29438 104 103 104 103 40|3333.03 0
201 203 1 1 2 0 0 0 29442 104 103 104 103 40|3333.05 0
201 203 1 1 2 0 0 0 29449 104 103 104 103 40|3333.08 0
201 203 1 1 2 0 0 0 29454 104 103 104 103 40|3333.11 0
201 203 1 1 2 0 0 0 29458 104 103 104 103 40|3333.14 0
201 203 1 1 2 0 0 0 29462 104 103 104 103 40|3333.16 0
201 203 1 1 2 0 0 0 29465 104 103 104 103 40|3333.18 0
201 203 1 1 2 0 0 0 29468 104 103 104 103 40|3333.20 0
201 203 1 1 2 0 0 0 29476 104 103 104 103 40|3333.23 0
201 203 1 1 2 0 0 0 29485 104 103 104 103 40|3333.26 0
201 203 1 1 2 0 0 0 29489 104 103 104 103 40|3333.29 0
201 203 1 1 2 0 0 0 29492 104 103 104 103 40|3333.32 0
201 203 1 1 2 0 0 0 29499 104 103 104 103 40|3333.36 0
201 203 1 1 2 0 0 0 29505 104 103 104 103 40|3333.38 0
201 203 1 1 2 0 0 0 29508 104 103 104 103 40|3333.41 0
201 203 1 1 2 0 0 0 29512 104 103 104 103 40|3333.45 0
201 203 1 1 2 0 0 0 29528 104 103 104 103 40|3333.49 0
201 203 1 1 2 0 0 0 29532 104 103 104 103 40|3333.52 0
201 203 1 1 2 0 0 0 29540 104 103 104 103 40|3333.55 0
201 203 1 1 2 0 0 0 29545 104 103 104 103 40|3333.58 0
201 203 1 1 2 0 0 0 29552 104 103 104 103 40|3333.60 0
201 203 1 1 2 0 0 0 29556 104 103 104 103 40|3333.62 0
201 203 1 1 2 0 0 0 29565 104 103 104 103 40|3333.64 0
201 203 1 1 2 0 0 0 29568 104 103 104 103 40|3333.66 0
201 203 1 1 2 0 0 0 29572 104 103 104 103 40|3333.68 0
201 203 1 1 2 0 0 0 29574 104 103 104 103 40|3333.70 0
201 203 1 1 2 0 0 0 29578 104 103 104 103 40|3333.72 0
201 203 1 1 2 0 0 0 29580 104 103 104 103 40|3333.74 0
201 203 1 1 2 0 0 0 29588 104 103 104 103 40|3333.76 0
201 203 1 1 2 0 0 0 29590 104 103 104 103 40|3333.78 0
201 203 1 1 2 0 0 0 29595 104 103 104 103 40|3333.81 0
201 203 1 1 2 0 0 0 29608 104 103 104 103 40|3333.87 0
201 203 1 1 2 0 0 0 29618 104 103 104 103 40|3333.90 0
201 203 1 1 2 0 0 0 29620 104 103 104 103 40|3333.92 0
201 203 1 1 2 0 0 0 29626 104 103 104 103 40|3333.94 0
201 203 1 1 2 0 0 0 29628 104 103 104 103 40|3333.96 0
201 203 1 1 2 0 0 0 29633 104 103 104 103 40|3333.98 0
201 203 1 1 2 0 0 0 29637 104 103 104 103 40|3334.00 0
201 203 1 1 2 0 0 0 29643 104 103 104 103 40|3334.03 0
201 203 1 1 2 0 0 0 29648 104 103 104 103 40|3334.05 0
201 203 1 1 2 0 0 0 29656 104 103 104 103 40|3334.07 0
201 203 1 1 2 0 0 0 29664 104 103 104 103 40|3334.09 0
201 203 1 1 2 0 0 0 29667 104 103 104 103 40|3334.11 0
201 203 1 1 2 0 0 0 29669 104 103 104 103 40|3334.12 0
201 203 1 1 2 0 0 0 29671 104 103 104 103 40|3334.14 0
201 203 1 1 2 0 0 0 29681 104 103 104 103 40|3334.17 0
201 203 1 1 2 0 0 0 29690 104 103 104 103 40|3334.19 0
201 203 1 1 2 0 0 0 29696 104 103 104 103 40|3334.21 0
201 203 1 1 2 0 0 0 29705 104 103 104 103 40|3334.25 0
201 203 1 1 2 0 0 0 29728 104 103 104 103 40|3334.38 0
201 203 1 1 2 0 0 0 29736 104 103 104 103 40|3334.41 0
201 203 1 1 2 0 0 0 29742 104 103 104 103 40|3334.44 0
201 203 1 1 2 0 0 0 29753 104 103 104 103 40|3334.48 0
201 203 1 1 2 0 0 0 29760 104 103 104 103 40|3334.51 0
201 203 1 1 2 0 0 0 29767 104 103 104 103 40|3334.55 0
201 203 1 1 2 0 0 0 29778 104 103 104 103 40|3334.59 0
201 203 1 1 2 0 0 0 29784 104 103 104 103 40|3334.61 0
201 203 1 1 2 0 0 0 29786 104 103 104 103 40|3334.63 0
201 203 1 1 2 0 0 0 29792 104 103 104 103 40|3334.65 0
201 203 1 1 2 0 0 0 29799 104 103 104 103 40|3334.68 0
201 203 1 1 2 0 0 0 29808 104 103 104 103 40|3334.69 0
201 203 1 1 2 0 0 0 29813 104 103 104 103 40|3334.72 0
201 203 1 1 2 0 0 0 29815 104 103 104 103 40|3334.73 0
201 203 1 1 2 0 0 0 29823 104 103 104 103 40|3334.76 0
201 203 1 1 2 0 0 0 29828 104 103 104 103 40|3334.78 0
201 203 1 1 2 0 0 0 29838 104 103 104 103 40|3334.79 0
201 203 1 1 2 0 0 0 29844 104 103 104 103 40|3334.82 0
201 203 1 1 2 0 0 0 29846 104 103 104 103 40|3334.84 0
201 203 1 1 2 0 0 0 29849 104 103 104 103 40|3334.86 0
201 203 1 1 2 0 0 0 29859 104 103 104 103 40|3334.88 0
201 203 1 1 2 0 0 0 29867 104 103 104 103 40|3334.90 0
201 203 1 1 2 0 0 0 29873 104 103 104 103 40|3334.93 0
201 203 1 1 2 0 0 0 29879 104 103 104 103 40|3334.95 0
201 203 1 1 2 0 0 0 29886 104 103 104 103 40|3334.98 0
201 203 1 1 2 0 0 0 29894 104 103 104 103 40|3335.00 0
201 203 1 1 2 0 0 0 29900 104 103 104 103 40|3335.03 0
201 203 1 1 2 0 0 0 29904 104 103 104 103 40|3335.06 0
201 203 1 1 2 0 0 0 29913 104 103 104 103 40|3335.08 0
201 203 1 1 2 0 0 0 29916 104 103 104 103 40|3335.10 0
201 203 1 1 2 0 0 0 29922 104 103 104 103 40|3335.12 0
201 203 1 1 2 0 0 0 29929 104 103 104 103 40|3335.15 0
201 203 1 1 2 0 0 0 29937 104 103 104 103 40|3335.17 0
201 203 1 1 2 0 0 0 29950 104 103 104 103 40|3335.21 0
201 203 1 1 2 0 0 0 29955 104 103 104 103 40|3335.24 0
201 203 1 1 2 0 0 0 29959 104 103 104 103 40|3335.26 0
201 203 1 1 2 0 0 0 29964 104 103 104 103 40|3335.28 0
201 203 1 1 2 0 0 0 29966 104 103 104 103 40|3335.30 0
201 203 1 1 2 0 0 0 29980 104 103 104 103 40|3335.35 0
201 203 1 1 2 0 0 0 29989 104 103 104 103 40|3335.39 0
201 203 1 1 2 0 0 0 29995 104 103 104 103 40|3335.42 0
201 203 1 1 2 0 0 0 29998 104 103 104 103 40|3335.44 0
201 203 1 1 2 0 0 0 29999 104 103 104 103 40|3335.50 0
201 203 1 1 2 0 0 0 30001 104 103 104 103 40|3335.66 0
201 203 1 1 2 0 0 0 30032 104 103 104 103 40|3335.70 0
201 203 1 1 2 0 0 0 30035 104 103 104 103 40|3335.72 0
201 203 1 1 2 0 0 0 30042 104 103 104 103 40|3335.74 0
201 203 1 1 2 0 0 0 30046 104 103 104 103 40|3335.76 0
201 203 1 1 2 0 0 0 30054 104 103 104 103 40|3335.78 0
201 203 1 1 2 0 0 0 30058 104 103 104 103 40|3335.80 0
201 203 1 1 2 0 0 0 30067 104 103 104 103 40|3335.83 0
201 203 1 1 2 0 0 0 30071 104 103 104 103 40|3335.85 0
201 203 1 1 2 0 0 0 30074 104 103 104 103 40|3335.88 0
201 203 1 1 2 0 0 0 30080 104 103 104 103 40|3335.90 0
201 203 1 1 2 0 0 0 30088 104 103 104 103 40|3335.93 0
201 203 1 1 2 0 0 0 30098 104 103 104 103 40|3335.96 0
201 203 1 1 2 0 0 0 30105 104 103 104 103 40|3335.98 0
201 203 1 1 2 0 0 0 30115 104 103 104 103 40|3336.01 0
201 203 1 1 2 0 0 0 30120 104 103 104 103 40|3336.03 0
201 203 1 1 2 0 0 0 30129 104 103 104 103 40|3336.06 0
201 203 1 1 2 0 0 0 30132 104 103 104 103 40|3336.08 0
201 203 1 1 2 0 0 0 30137 104 103 104 103 40|3336.10 0
201 203 1 1 2 0 0 0 30143 104 103 104 103 40|3336.12 0
201 203 1 1 2 0 0 0 30147 104 103 104 103 40|3336.14 0
201 203 1 1 2 0 0 0 30158 104 103 104 103 40|3336.18 0
201 203 1 1 2 0 0 0 30163 104 103 104 103 40|3336.21 0
201 203 1 1 2 0 0 0 30165 104 103 104 103 40|3336.24 0
201 203 1 1 2 0 0 0 30170 104 103 104 103 40|3336.26 0
201 203 1 1 2 0 0 0 30175 104 103 104 103 40|3336.30 0
201 203 1 1 2 0 0 0 30184 104 103 104 103 40|3336.33 0
201 203 1 1 2 0 0 0 30187 104 103 104 103 40|3336.35 0
201 203 1 1 2 0 0 0 30195 104 103 104 103 40|3336.37 0
201 203 1 1 2 0 0 0 30199 104 103 104 103 40|3336.39 0
201 203 1 1 2 0 0 0 30207 104 103 104 103 40|3336.41 0
201 203 1 1 2 0 0 0 30211 104 103 104 103 40|3336.43 0
201 203 1 1 2 0 0 0 30216 104 103 104 103 40|3336.47 0
201 203 1 1 2 0 0 0 30219 104 103 104 103 40|3336.51 0
201 203 1 1 2 0 0 0 30222 104 103 104 103 40|3336.62 0
201 203 1 1 2 0 0 0 30223 104 103 104 103 40|3336.77 0
201 203 1 1 2 0 0 0 30233 104 103 104 103 40|3337.24 0
201 203 1 1 2 0 0 0 30246 104 103 104 103 40|3337.34 0
201 203 1 1 2 0 0 0 30251 104 103 104 103 40|3337.41 0
201 203 1 1 2 0 0 0 30259 104 103 104 103 40|3337.43 0
201 203 1 1 2 0 0 0 30265 104 103 104 103 40|3337.46 0
201 203 1 1 2 0 0 0 30270 104 103 104 103 40|3337.52 0
201 203 1 1 2 0 0 0 30283 104 103 104 103 40|3337.54 0
201 203 1 1 2 0 0 0 30294 104 103 104 103 40|3337.57 0
201 203 1 1 2 0 0 0 30308 104 103 104 103 40|3337.60 0
201 203 1 1 2 0 0 0 30312 104 103 104 103 40|3337.62 0
201 203 1 1 2 0 0 0 30313 104 103 104 103 40|3337.76 0
201 203 1 1 2 0 0 0 30314 104 103 104 103 40|3337.83 0
201 203 1 1 2 0 0 0 30315 104 103 104 103 40|3338.94 0
201 203 1 1 2 0 0 0 30318 104 103 104 103 40|3339.00 0
201 203 1 1 2 0 0 0 30319 104 103 104 103 40|3340.09 0
201 203 1 1 2 0 0 0 30320 104 103 104 103 40|3340.13 0
201 203 1 1 2 0 0 0 30323 104 103 104 103 40|3340.34 0
201 203 1 1 2 0 0 0 30326 104 103 104 103 40|3340.36 0
201 203 1 1 2 0 0 0 30330 104 103 104 103 40|3340.38 0
201 203 1 1 2 0 0 0 30333 104 103 104 103 40|3340.41 0
201 203 1 1 2 0 0 0 30337 104 103 104 103 40|3340.45 0
201 203 1 1 2 0 0 0 30342 104 103 104 103 40|3340.47 0
201 203 1 1 2 0 0 0 30344 104 103 104 103 40|3340.48 0
201 203 1 1 2 0 0 0 30346 104 103 104 103 40|3340.50 0
201 203 1 1 2 0 0 0 30349 104 103 104 103 40|3340.52 0
201 203 1 1 2 0 0 0 30351 104 103 104 103 40|3340.55 0
201 203 1 1 2 0 0 0 30353 104 103 104 103 40|3340.58 0
201 203 1 1 2 0 0 0 30358 104 103 104 103 40|3340.60 0
201 203 1 1 2 0 0 0 30362 104 103 104 103 40|3340.62 0
201 203 1 1 2 0 0 0 30367 104 103 104 103 40|3340.64 0
201 203 1 1 2 0 0 0 30370 104 103 104 103 40|3340.65 0
201 203 1 1 2 0 0 0 30373 104 103 104 103 40|3340.67 0
201 203 1 1 2 0 0 0 30380 104 103 104 103 40|3340.69 0
201 203 1 1 2 0 0 0 30388 104 103 104 103 40|3340.72 0
201 203 1 1 2 0 0 0 30397 104 103 104 103 40|3340.76 0
201 203 1 1 2 0 0 0 30407 104 103 104 103 40|3340.80 0
201 203 1 1 2 0 0 0 30414 104 103 104 103 40|3340.84 0
201 203 1 1 2 0 0 0 30429 104 103 104 103 40|3340.88 0
201 203 1 1 2 0 0 0 30438 104 103 104 103 40|3340.92 0
201 203 1 1 2 0 0 0 30447 104 103 104 103 40|3340.97 0
201 203 1 1 2 0 0 0 30453 104 103 104 103 40|3341.01 0
201 203 1 1 2 0 0 0 30466 104 103 104 103 40|3341.05 0
201 203 1 1 2 0 0 0 30473 104 103 104 103 40|3341.09 0
201 203 1 1 2 0 0 0 30484 104 103 104 103 40|3341.13 0
201 203 1 1 2 0 0 0 30491 104 103 104 103 40|3341.17 0
201 203 1 1 2 0 0 0 30502 104 103 104 103 40|3341.21 0
201 203 1 1 2 0 0 0 30507 104 103 104 103 40|3341.23 0
201 203 1 1 2 0 0 0 30509 104 103 104 103 40|3341.25 0
201 203 1 1 2 0 0 0 30515 104 103 104 103 40|3341.28 0
201 203 1 1 2 0 0 0 30518 104 103 104 103 40|3341.30 0
201 203 1 1 2 0 0 0 30522 104 103 104 103 40|3341.34 0
201 203 1 1 2 0 0 0 30526 104 103 104 103 40|3341.36 0
201 203 1 1 2 0 0 0 30534 104 103 104 103 40|3341.40 0
201 203 1 1 2 0 0 0 30540 104 103 104 103 40|3341.42 0
201 203 1 1 2 0 0 0 30541 104 103 104 103 40|3341.44 0
201 203 1 1 2 0 0 0 30547 104 103 104 103 40|3341.46 0
201 203 1 1 2 0 0 0 30554 104 103 104 103 40|3341.49 0
201 203 1 1 2 0 0 0 30567 104 103 104 103 40|3341.53 0
201 203 1 1 2 0 0 0 30580 104 103 104 103 40|3341.58 0
201 203 1 1 2 0 0 0 30590 104 103 104 103 40|3341.62 0
201 203 1 1 2 0 0 0 30601 104 103 104 103 40|3341.67 0
201 203 1 1 2 0 0 0 30607 104 103 104 103 40|3341.70 0
201 203 1 1 2 0 0 0 30619 104 103 104 103 40|3341.75 0
201 203 1 1 2 0 0 0 30625 104 103 104 103 40|3341.77 0
201 203 1 1 2 0 0 0 30628 104 103 104 103 40|3341.79 0
201 203 1 1 2 0 0 0 30635 104 103 104 103 40|3341.82 0
201 203 1 1 2 0 0 0 30637 104 103 104 103 40|3341.84 0
201 203 1 1 2 0 0 0 30643 104 103 104 103 40|3341.87 0
201 203 1 1 2 0 0 0 30648 104 103 104 103 40|3341.89 0
201 203 1 1 2 0 0 0 30651 104 103 104 103 40|3341.92 0
201 203 1 1 2 0 0 0 30653 104 103 104 103 40|3341.94 0
201 203 1 1 2 0 0 0 30654 104 103 104 103 40|3342.02 0
201 203 1 1 2 0 0 0 30655 104 103 104 103 40|3342.05 0
201 203 1 1 2 0 0 0 30656 104 103 104 103 40|3342.13 0
201 203 1 1 2 0 0 0 30660 104 103 104 103 40|3342.66 0
201 203 1 1 2 0 0 0 30663 104 103 104 103 40|3342.70 0
201 203 1 1 2 0 0 0 30677 104 103 104 103 40|3342.76 0
201 203 1 1 2 0 0 0 30679 104 103 104 103 40|3342.81 0
201 203 1 1 2 0 0 0 30681 104 103 104 103 40|3342.83 0
201 203 1 1 2 0 0 0 30690 104 103 104 103 40|3342.86 0
201 203 1 1 2 0 0 0 30699 104 103 104 103 40|3342.88 0
201 203 1 1 2 0 0 0 30708 104 103 104 103 40|3342.94 0
201 203 1 1 2 0 0 0 30715 104 103 104 103 40|3342.96 0
201 203 1 1 2 0 0 0 30725 104 103 104 103 40|3342.98 0
201 203 1 1 2 0 0 0 30732 104 103 104 103 40|3343.00 0
201 203 1 1 2 0 0 0 30743 104 103 104 103 40|3343.02 0
201 203 1 1 2 0 0 0 30744 104 103 104 103 40|3343.04 0
201 203 1 1 2 0 0 0 30745 104 103 104 103 40|3343.18 0
201 203 1 1 2 0 0 0 30746 104 103 104 103 40|3343.75 0
201 203 1 1 2 0 0 0 30747 104 103 104 103 40|3343.91 0
201 203 1 1 2 0 0 0 30750 104 103 104 103 40|3344.49 0
201 203 1 1 2 0 0 0 30760 104 103 104 103 40|3344.96 0
201 203 1 1 2 0 0 0 30761 104 103 104 103 40|3345.00 0
201 203 1 1 2 0 0 0 30765 104 103 104 103 40|3345.04 0
201 203 1 1 2 0 0 0 30773 104 103 104 103 40|3345.08 0
201 203 1 1 2 0 0 0 30778 104 103 104 103 40|3345.12 0
201 203 1 1 2 0 0 0 30784 104 103 104 103 40|3345.16 0
201 203 1 1 2 0 0 0 30791 104 103 104 103 40|3345.20 0
201 203 1 1 2 0 0 0 30803 104 103 104 103 40|3345.24 0
201 203 1 1 2 0 0 0 30807 104 103 104 103 40|3345.28 0
201 203 1 1 2 0 0 0 30817 104 103 104 103 40|3345.32 0
201 203 1 1 2 0 0 0 30821 104 103 104 103 40|3345.36 0
201 203 1 1 2 0 0 0 30831 104 103 104 103 40|3345.40 0
201 203 1 1 2 0 0 0 30838 104 103 104 103 40|3345.44 0
201 203 1 1 2 0 0 0 30858 104 103 104 103 40|3345.48 0
201 203 1 1 2 0 0 0 30870 104 103 104 103 40|3345.52 0
201 203 1 1 2 0 0 0 30882 104 103 104 103 40|3345.56 0
201 203 1 1 2 0 0 0 30895 104 103 104 103 40|3345.60 0
201 203 1 1 2 0 0 0 30902 104 103 104 103 40|3345.64 0
201 203 1 1 2 0 0 0 30908 104 103 104 103 40|3345.67 0
201 203 1 1 2 0 0 0 30916 104 103 104 103 40|3345.72 0
201 203 1 1 2 0 0 0 30927 104 103 104 103 40|3345.76 0
201 203 1 1 2 0 0 0 30938 104 103 104 103 40|3345.80 0
201 203 1 1 2 0 0 0 30948 104 103 104 103 40|3345.84 0
201 203 1 1 2 0 0 0 30954 104 103 104 103 40|3345.88 0
201 203 1 1 2 0 0 0 30963 104 103 104 103 40|3345.92 0
201 203 1 1 2 0 0 0 30969 104 103 104 103 40|3345.96 0
201 203 1 1 2 0 0 0 30979 104 103 104 103 40|3346.00 0
201 203 1 1 2 0 0 0 30985 104 103 104 103 40|3346.03 0
201 203 1 1 2 0 0 0 30989 104 103 104 103 40|3346.07 0
201 203 1 1 2 0 0 0 30990 104 103 104 103 40|3346.11 0
201 203 1 1 2 0 0 0 30992 104 103 104 103 40|3346.19 0
201 203 1 1 2 0 0 0 30993 104 103 104 103 40|3346.62 0
201 203 1 1 2 0 0 0 31003 104 103 104 103 40|3347.11 0
201 203 1 1 2 0 0 0 31006 104 103 104 103 40|3347.15 0
201 203 1 1 2 0 0 0 31019 104 103 104 103 40|3347.19 0
201 203 1 1 2 0 0 0 31028 104 103 104 103 40|3347.27 0
201 203 1 1 2 0 0 0 31035 104 103 104 103 40|3347.31 0
201 203 1 1 2 0 0 0 31038 104 103 104 103 40|3347.35 0
201 203 1 1 2 0 0 0 31056 104 103 104 103 40|3347.39 0
201 203 1 1 2 0 0 0 31074 104 103 104 103 40|3347.43 0
201 203 1 1 2 0 0 0 31084 104 103 104 103 40|3347.47 0
201 203 1 1 2 0 0 0 31085 104 103 104 103 40|3348.25 0
201 203 1 1 2 0 0 0 31086 104 103 104 103 40|3348.80 0
201 203 1 1 2 0 0 0 31089 104 103 104 103 40|3348.91 0
201 203 1 1 2 0 0 0 31090 104 103 104 103 40|3349.38 0
201 203 1 1 2 0 0 0 31092 104 103 104 103 40|3349.42 0
201 203 1 1 2 0 0 0 31094 104 103 104 103 40|3349.46 0
201 203 1 1 2 0 0 0 31098 104 103 104 103 40|3349.50 0
201 203 1 1 2 0 0 0 31108 104 103 104 103 40|3349.54 0
201 203 1 1 2 0 0 0 31111 104 103 104 103 40|3349.58 0
201 203 1 1 2 0 0 0 31116 104 103 104 103 40|3349.61 0
201 203 1 1 2 0 0 0 31123 104 103 104 103 40|3349.65 0
201 203 1 1 2 0 0 0 31131 104 103 104 103 40|3349.69 0
201 203 1 1 2 0 0 0 31137 104 103 104 103 40|3349.73 0
201 203 1 1 2 0 0 0 31143 104 103 104 103 40|3349.77 0
201 203 1 1 2 0 0 0 31149 104 103 104 103 40|3349.81 0
201 203 1 1 2 0 0 0 31156 104 103 104 103 40|3349.85 0
201 203 1 1 2 0 0 0 31162 104 103 104 103 40|3349.89 0
201 203 1 1 2 0 0 0 31166 104 103 104 103 40|3349.93 0
201 203 1 1 2 0 0 0 31170 104 103 104 103 40|3349.97 0
201 203 1 1 2 0 0 0 31183 104 103 104 103 40|3350.08 0
201 203 1 1 2 0 0 0 31195 104 103 104 103 40|3350.12 0
201 203 1 1 2 0 0 0 31202 104 103 104 103 40|3350.16 0
201 203 1 1 2 0 0 0 31209 104 103 104 103 40|3350.20 0
201 203 1 1 2 0 0 0 31216 104 103 104 103 40|3350.24 0
201 203 1 1 2 0 0 0 31225 104 103 104 103 40|3350.28 0
201 203 1 1 2 0 0 0 31231 104 103 104 103 40|3350.32 0
201 203 1 1 2 0 0 0 31239 104 103 104 103 40|3350.36 0
201 203 1 1 2 0 0 0 31244 104 103 104 103 40|3350.40 0
201 203 1 1 2 0 0 0 31258 104 103 104 103 40|3350.47 0
201 203 1 1 2 0 0 0 31266 104 103 104 103 40|3350.55 0
201 203 1 1 2 0 0 0 31280 104 103 104 103 40|3350.63 0
201 203 1 1 2 0 0 0 31295 104 103 104 103 40|3350.71 0
201 203 1 1 2 0 0 0 31302 104 103 104 103 40|3350.75 0
201 203 1 1 2 0 0 0 31310 104 103 104 103 40|3350.79 0
201 203 1 1 2 0 0 0 31316 104 103 104 103 40|3350.83 0
201 203 1 1 2 0 0 0 31326 104 103 104 103 40|3350.88 0
201 203 1 1 2 0 0 0 31333 104 103 104 103 40|3350.92 0
201 203 1 1 2 0 0 0 31339 104 103 104 103 40|3350.96 0
201 203 1 1 2 0 0 0 31348 104 103 104 103 40|3351.00 0
201 203 1 1 2 0 0 0 31359 104 103 104 103 40|3351.04 0
201 203 1 1 2 0 0 0 31363 104 103 104 103 40|3351.08 0
201 203 1 1 2 0 0 0 31371 104 103 104 103 40|3351.12 0
201 203 1 1 2 0 0 0 31376 104 103 104 103 40|3351.16 0
201 203 1 1 2 0 0 0 31388 104 103 104 103 40|3351.19 0
201 203 1 1 2 0 0 0 31394 104 103 104 103 40|3351.24 0
201 203 1 1 2 0 0 0 31403 104 103 104 103 40|3351.27 0
201 203 1 1 2 0 0 0 31412 104 103 104 103 40|3351.31 0
201 203 1 1 2 0 0 0 31424 104 103 104 103 40|3351.36 0
201 203 1 1 2 0 0 0 31434 104 103 104 103 40|3351.44 0
201 203 1 1 2 0 0 0 31452 104 103 104 103 40|3351.52 0
201 203 1 1 2 0 0 0 31464 104 103 104 103 40|3351.60 0
201 203 1 1 2 0 0 0 31474 104 103 104 103 40|3351.68 0
201 203 1 1 2 0 0 0 31492 104 103 104 103 40|3351.76 0
201 203 1 1 2 0 0 0 31505 104 103 104 103 40|3351.84 0
201 203 1 1 2 0 0 0 31517 104 103 104 103 40|3351.90 0
201 203 1 1 2 0 0 0 31522 104 103 104 103 40|3351.94 0
201 203 1 1 2 0 0 0 31530 104 103 104 103 40|3351.99 0
201 203 1 1 2 0 0 0 31538 104 103 104 103 40|3352.02 0
201 203 1 1 2 0 0 0 31545 104 103 104 103 40|3352.06 0
201 203 1 1 2 0 0 0 31553 104 103 104 103 40|3352.10 0
201 203 1 1 2 0 0 0 31564 104 103 104 103 40|3352.14 0
201 203 1 1 2 0 0 0 31570 104 103 104 103 40|3352.18 0
201 203 1 1 2 0 0 0 31578 104 103 104 103 40|3352.22 0
201 203 1 1 2 0 0 0 31584 104 103 104 103 40|3352.26 0
201 203 1 1 2 0 0 0 31593 104 103 104 103 40|3352.30 0
201 203 1 1 2 0 0 0 31599 104 103 104 103 40|3352.34 0
201 203 1 1 2 0 0 0 31607 104 103 104 103 40|3352.38 0
201 203 1 1 2 0 0 0 31617 104 103 104 103 40|3352.42 0
201 203 1 1 2 0 0 0 31624 104 103 104 103 40|3352.46 0
201 203 1 1 2 0 0 0 31631 104 103 104 103 40|3352.50 0
201 203 1 1 2 0 0 0 31637 104 103 104 103 40|3352.54 0
201 203 1 1 2 0 0 0 31644 104 103 104 103 40|3352.57 0
201 203 1 1 2 0 0 0 31649 104 103 104 103 40|3352.61 0
201 203 1 1 2 0 0 0 31654 104 103 104 103 40|3352.65 0
201 203 1 1 2 0 0 0 31658 104 103 104 103 40|3352.69 0
201 203 1 1 2 0 0 0 31665 104 103 104 103 40|3352.73 0
201 203 1 1 2 0 0 0 31672 104 103 104 103 40|3352.77 0
201 203 1 1 2 0 0 0 31675 104 103 104 103 40|3352.81 0
201 203 1 1 2 0 0 0 31681 104 103 104 103 40|3352.85 0
201 203 1 1 2 0 0 0 31689 104 103 104 103 40|3352.89 0
201 203 1 1 2 0 0 0 31694 104 103 104 103 40|3352.93 0
201 203 1 1 2 0 0 0 31700 104 103 104 103 40|3352.97 0
201 203 1 1 2 0 0 0 31704 104 103 104 103 40|3353.01 0
201 203 1 1 2 0 0 0 31709 104 103 104 103 40|3353.05 0
201 203 1 1 2 0 0 0 31713 104 103 104 103 40|3353.09 0
201 203 1 1 2 0 0 0 31721 104 103 104 103 40|3353.13 0
201 203 1 1 2 0 0 0 31730 104 103 104 103 40|3353.16 0
201 203 1 1 2 0 0 0 31737 104 103 104 103 40|3353.20 0
201 203 1 1 2 0 0 0 31746 104 103 104 103 40|3353.24 0
201 203 1 1 2 0 0 0 31753 104 103 104 103 40|3353.28 0
201 203 1 1 2 0 0 0 31761 104 103 104 103 40|3353.32 0
201 203 1 1 2 0 0 0 31766 104 103 104 103 40|3353.36 0
201 203 1 1 2 0 0 0 31777 104 103 104 103 40|3353.40 0
201 203 1 1 2 0 0 0 31782 104 103 104 103 40|3353.44 0
201 203 1 1 2 0 0 0 31791 104 103 104 103 40|3353.48 0
201 203 1 1 2 0 0 0 31797 104 103 104 103 40|3353.52 0
201 203 1 1 2 0 0 0 31802 104 103 104 103 40|3353.56 0
201 203 1 1 2 0 0 0 31811 104 103 104 103 40|3353.60 0
201 203 1 1 2 0 0 0 31817 104 103 104 103 40|3353.64 0
201 203 1 1 2 0 0 0 31827 104 103 104 103 40|3353.68 0
201 203 1 1 2 0 0 0 31830 104 103 104 103 40|3353.72 0
201 203 1 1 2 0 0 0 31838 104 103 104 103 40|3353.76 0
201 203 1 1 2 0 0 0 31846 104 103 104 103 40|3353.80 0
201 203 1 1 2 0 0 0 31852 104 103 104 103 40|3353.83 0
201 203 1 1 2 0 0 0 31861 104 103 104 103 40|3353.90 0
201 203 1 1 2 0 0 0 31876 104 103 104 103 40|3353.98 0
201 203 1 1 2 0 0 0 31890 104 103 104 103 40|3354.06 0
201 203 1 1 2 0 0 0 31896 104 103 104 103 40|3354.13 0
201 203 1 1 2 0 0 0 31903 104 103 104 103 40|3354.19 0
201 203 1 1 2 0 0 0 31909 104 103 104 103 40|3354.23 0
201 203 1 1 2 0 0 0 31916 104 103 104 103 40|3354.27 0
201 203 1 1 2 0 0 0 31921 104 103 104 103 40|3354.31 0
201 203 1 1 2 0 0 0 31927 104 103 104 103 40|3354.35 0
201 203 1 1 2 0 0 0 31933 104 103 104 103 40|3354.39 0
201 203 1 1 2 0 0 0 31937 104 103 104 103 40|3354.43 0
201 203 1 1 2 0 0 0 31946 104 103 104 103 40|3354.47 0
201 203 1 1 2 0 0 0 31954 104 103 104 103 40|3354.51 0
201 203 1 1 2 0 0 0 31961 104 103 104 103 40|3354.55 0
201 203 1 1 2 0 0 0 31969 104 103 104 103 40|3354.59 0
201 203 1 1 2 0 0 0 31977 104 103 104 103 40|3354.63 0
201 203 1 1 2 0 0 0 31985 104 103 104 103 40|3354.67 0
201 203 1 1 2 0 0 0 31991 104 103 104 103 40|3354.71 0
201 203 1 1 2 0 0 0 31994 104 103 104 103 40|3354.75 0
201 203 1 1 2 0 0 0 32000 104 103 104 103 40|3354.79 0
201 203 1 1 2 0 0 0 32007 104 103 104 103 40|3354.83 0
201 203 1 1 2 0 0 0 32014 104 103 104 103 40|3354.87 0
201 203 1 1 2 0 0 0 32020 104 103 104 103 40|3354.91 0
201 203 1 1 2 0 0 0 32027 104 103 104 103 40|3354.94 0
201 203 1 1 2 0 0 0 32034 104 103 104 103 40|3354.98 0
201 203 1 1 2 0 0 0 32042 104 103 104 103 40|3355.02 0
201 203 1 1 2 0 0 0 32046 104 103 104 103 40|3355.06 0
201 203 1 1 2 0 0 0 32051 104 103 104 103 40|3355.10 0
201 203 1 1 2 0 0 0 32061 104 103 104 103 40|3355.14 0
201 203 1 1 2 0 0 0 32069 104 103 104 103 40|3355.18 0
201 203 1 1 2 0 0 0 32074 104 103 104 103 40|3355.22 0
201 203 1 1 2 0 0 0 32086 104 103 104 103 40|3355.26 0
201 203 1 1 2 0 0 0 32090 104 103 104 103 40|3355.30 0
201 203 1 1 2 0 0 0 32098 104 103 104 103 40|3355.34 0
201 203 1 1 2 0 0 0 32105 104 103 104 103 40|3355.38 0
201 203 1 1 2 0 0 0 32113 104 103 104 103 40|3355.42 0
201 203 1 1 2 0 0 0 32126 104 103 104 103 40|3355.50 0
201 203 1 1 2 0 0 0 32151 104 103 104 103 40|3355.58 0
201 203 1 1 2 0 0 0 32168 104 103 104 103 40|3355.66 0
201 203 1 1 2 0 0 0 32184 104 103 104 103 40|3355.74 0
201 203 1 1 2 0 0 0 32195 104 103 104 103 40|3355.78 0
201 203 1 1 2 0 0 0 32200 104 103 104 103 40|3355.81 0
201 203 1 1 2 0 0 0 32202 104 103 104 103 40|3355.98 0
201 203 1 1 2 0 0 0 32203 104 103 104 103 40|3356.01 0
201 203 1 1 2 0 0 0 32214 104 103 104 103 40|3356.79 0
201 203 1 1 2 0 0 0 32227 104 103 104 103 40|3356.87 0
201 203 1 1 2 0 0 0 32236 104 103 104 103 40|3356.96 0
201 203 1 1 2 0 0 0 32249 104 103 104 103 40|3357.04 0
201 203 1 1 2 0 0 0 32284 104 103 104 103 40|3357.13 0
201 203 1 1 2 0 0 0 32296 104 103 104 103 40|3357.20 0
201 203 1 1 2 0 0 0 32297 104 103 104 103 40|3357.36 0
201 203 1 1 2 0 0 0 32298 104 103 104 103 40|3357.87 0
201 203 1 1 2 0 0 0 32301 104 103 104 103 40|3358.60 0
201 203 1 1 2 0 0 0 32302 104 103 104 103 40|3358.96 0
201 203 1 1 2 0 0 0 32304 104 103 104 103 40|3359.15 0
201 203 1 1 2 0 0 0 32308 104 103 104 103 40|3359.24 0
201 203 1 1 2 0 0 0 32310 104 103 104 103 40|3359.26 0
201 203 1 1 2 0 0 0 32313 104 103 104 103 40|3359.28 0
201 203 1 1 2 0 0 0 32315 104 103 104 103 40|3359.30 0
201 203 1 1 2 0 0 0 32320 104 103 104 103 40|3359.32 0
201 203 1 1 2 0 0 0 32323 104 103 104 103 40|3359.34 0
201 203 1 1 2 0 0 0 32325 104 103 104 103 40|3359.36 0
201 203 1 1 2 0 0 0 32334 104 103 104 103 40|3359.40 0
201 203 1 1 2 0 0 0 32338 104 103 104 103 40|3359.43 0
201 203 1 1 2 0 0 0 32344 104 103 104 103 40|3359.45 0
201 203 1 1 2 0 0 0 32347 104 103 104 103 40|3359.47 0
201 203 1 1 2 0 0 0 32349 104 103 104 103 40|3359.49 0
201 203 1 1 2 0 0 0 32353 104 103 104 103 40|3359.51 0
201 203 1 1 2 0 0 0 32357 104 103 104 103 40|3359.53 0
201 203 1 1 2 0 0 0 32358 104 103 104 103 40|3359.55 0
201 203 1 1 2 0 0 0 32361 104 103 104 103 40|3359.57 0
201 203 1 1 2 0 0 0 32363 104 103 104 103 40|3359.59 0
201 203 1 1 2 0 0 0 32367 104 103 104 103 40|3359.62 0
201 203 1 1 2 0 0 0 32375 104 103 104 103 40|3359.65 0
201 203 1 1 2 0 0 0 32381 104 103 104 103 40|3359.68 0
201 203 1 1 2 0 0 0 32387 104 103 104 103 40|3359.71 0
201 203 1 1 2 0 0 0 32390 104 103 104 103 40|3359.73 0
201 203 1 1 2 0 0 0 32394 104 103 104 103 40|3359.75 0
201 203 1 1 2 0 0 0 32398 104 103 104 103 40|3359.77 0
201 203 1 1 2 0 0 0 32401 104 103 104 103 40|3359.79 0
201 203 1 1 2 0 0 0 32404 104 103 104 103 40|3359.84 0
201 203 1 1 2 0 0 0 32408 104 103 104 103 40|3359.86 0
201 203 1 1 2 0 0 0 32412 104 103 104 103 40|3359.88 0
201 203 1 1 2 0 0 0 32417 104 103 104 103 40|3359.91 0
201 203 1 1 2 0 0 0 32422 104 103 104 103 40|3359.94 0
201 203 1 1 2 0 0 0 32425 104 103 104 103 40|3359.96 0
201 203 1 1 2 0 0 0 32429 104 103 104 103 40|3359.98 0
201 203 1 1 2 0 0 0 32435 104 103 104 103 40|3360.02 0
201 203 1 1 2 0 0 0 32438 104 103 104 103 40|3360.05 0
201 203 1 1 2 0 0 0 32443 104 103 104 103 40|3360.07 0
201 203 1 1 2 0 0 0 32447 104 103 104 103 40|3360.09 0
201 203 1 1 2 0 0 0 32450 104 103 104 103 40|3360.12 0
201 203 1 1 2 0 0 0 32453 104 103 104 103 40|3360.14 0
201 203 1 1 2 0 0 0 32456 104 103 104 103 40|3360.18 0
201 203 1 1 2 0 0 0 32462 104 103 104 103 40|3360.21 0
201 203 1 1 2 0 0 0 32468 104 103 104 103 40|3360.24 0
201 203 1 1 2 0 0 0 32472 104 103 104 103 40|3360.28 0
201 203 1 1 2 0 0 0 32475 104 103 104 103 40|3360.30 0
201 203 1 1 2 0 0 0 32480 104 103 104 103 40|3360.32 0
201 203 1 1 2 0 0 0 32482 104 103 104 103 40|3360.34 0
201 203 1 1 2 0 0 0 32486 104 103 104 103 40|3360.36 0
201 203 1 1 2 0 0 0 32488 104 103 104 103 40|3360.39 0
201 203 1 1 2 0 0 0 32495 104 103 104 103 40|3360.41 0
201 203 1 1 2 0 0 0 32499 104 103 104 103 40|3360.43 0
201 203 1 1 2 0 0 0 32501 104 103 104 103 40|3360.45 0
201 203 1 1 2 0 0 0 32506 104 103 104 103 40|3360.47 0
201 203 1 1 2 0 0 0 32508 104 103 104 103 40|3360.49 0
201 203 1 1 2 0 0 0 32510 104 103 104 103 40|3360.51 0
201 203 1 1 2 0 0 0 32514 104 103 104 103 40|3360.53 0
201 203 1 1 2 0 0 0 32517 104 103 104 103 40|3360.55 0
201 203 1 1 2 0 0 0 32520 104 103 104 103 40|3360.59 0
201 203 1 1 2 0 0 0 32525 104 103 104 103 40|3360.63 0
201 203 1 1 2 0 0 0 32534 104 103 104 103 40|3360.68 0
201 203 1 1 2 0 0 0 32538 104 103 104 103 40|3360.71 0
201 203 1 1 2 0 0 0 32544 104 103 104 103 40|3360.76 0
201 203 1 1 2 0 0 0 32553 104 103 104 103 40|3360.80 0
201 203 1 1 2 0 0 0 32561 104 103 104 103 40|3360.84 0
201 203 1 1 2 0 0 0 32566 104 103 104 103 40|3360.88 0
201 203 1 1 2 0 0 0 32570 104 103 104 103 40|3360.90 0
201 203 1 1 2 0 0 0 32574 104 103 104 103 40|3360.94 0
201 203 1 1 2 0 0 0 32580 104 103 104 103 40|3360.97 0
201 203 1 1 2 0 0 0 32582 104 103 104 103 40|3360.99 0
201 203 1 1 2 0 0 0 32586 104 103 104 103 40|3361.04 0
201 203 1 1 2 0 0 0 32591 104 103 104 103 40|3361.06 0
201 203 1 1 2 0 0 0 32597 104 103 104 103 40|3361.08 0
201 203 1 1 2 0 0 0 32607 104 103 104 103 40|3361.11 0
201 203 1 1 2 0 0 0 32613 104 103 104 103 40|3361.15 0
201 203 1 1 2 0 0 0 32622 104 103 104 103 40|3361.19 0
201 203 1 1 2 0 0 0 32628 104 103 104 103 40|3361.23 0
201 203 1 1 2 0 0 0 32635 104 103 104 103 40|3361.27 0
201 203 1 1 2 0 0 0 32640 104 103 104 103 40|3361.31 0
201 203 1 1 2 0 0 0 32649 104 103 104 103 40|3361.35 0
201 203 1 1 2 0 0 0 32654 104 103 104 103 40|3361.39 0
201 203 1 1 2 0 0 0 32656 104 103 104 103 40|3361.43 0
201 203 1 1 2 0 0 0 32664 104 103 104 103 40|3361.47 0
201 203 1 1 2 0 0 0 32675 104 103 104 103 40|3361.52 0
201 203 1 1 2 0 0 0 32684 104 103 104 103 40|3361.56 0
201 203 1 1 2 0 0 0 32689 104 103 104 103 40|3361.59 0
201 203 1 1 2 0 0 0 32693 104 103 104 103 40|3361.63 0
201 203 1 1 2 0 0 0 32700 104 103 104 103 40|3361.66 0
201 203 1 1 2 0 0 0 32705 104 103 104 103 40|3361.69 0
201 203 1 1 2 0 0 0 32710 104 103 104 103 40|3361.72 0
201 203 1 1 2 0 0 0 32715 104 103 104 103 40|3361.74 0
201 203 1 1 2 0 0 0 32720 104 103 104 103 40|3361.76 0
201 203 1 1 2 0 0 0 32723 104 103 104 103 40|3361.78 0
201 203 1 1 2 0 0 0 32728 104 103 104 103 40|3361.83 0
201 203 1 1 2 0 0 0 32735 104 103 104 103 40|3361.86 0
201 203 1 1 2 0 0 0 32742 104 103 104 103 40|3361.90 0
201 203 1 1 2 0 0 0 32748 104 103 104 103 40|3361.94 0
201 203 1 1 2 0 0 0 32753 104 103 104 103 40|3361.97 0
201 203 1 1 2 0 0 0 32757 104 103 104 103 40|3361.99 0
201 203 1 1 2 0 0 0 32762 104 103 104 103 40|3362.01 0
201 203 1 1 2 0 0 0 32764 104 103 104 103 40|3362.03 0
201 203 1 1 2 0 0 0 32768 104 103 104 103 40|3362.05 0
201 203 1 1 2 0 0 0 32772 104 103 104 103 40|3362.09 0
201 203 1 1 2 0 0 0 32774 104 103 104 103 40|3362.11 0
201 203 1 1 2 0 0 0 32780 104 103 104 103 40|3362.14 0
201 203 1 1 2 0 0 0 32781 104 103 104 103 40|3362.16 0
201 203 1 1 2 0 0 0 32786 104 103 104 103 40|3362.18 0
201 203 1 1 2 0 0 0 32787 104 103 104 103 40|3362.20 0
201 203 1 1 2 0 0 0 32792 104 103 104 103 40|3362.23 0
201 203 1 1 2 0 0 0 32796 104 103 104 103 40|3362.26 0
201 203 1 1 2 0 0 0 32799 104 103 104 103 40|3362.28 0
201 203 1 1 2 0 0 0 32802 104 103 104 103 40|3362.30 0
201 203 1 1 2 0 0 0 32805 104 103 104 103 40|3362.32 0
201 203 1 1 2 0 0 0 32807 104 103 104 103 40|3362.34 0
201 203 1 1 2 0 0 0 32811 104 103 104 103 40|3362.36 0
201 203 1 1 2 0 0 0 32813 104 103 104 103 40|3362.39 0
201 203 1 1 2 0 0 0 32818 104 103 104 103 40|3362.41 0
201 203 1 1 2 0 0 0 32821 104 103 104 103 40|3362.43 0
201 203 1 1 2 0 0 0 32824 104 103 104 103 40|3362.45 0
201 203 1 1 2 0 0 0 32825 104 103 104 103 40|3362.47 0
201 203 1 1 2 0 0 0 32826 104 103 104 103 40|3362.49 0
201 203 1 1 2 0 0 0 32833 104 103 104 103 40|3362.51 0
201 203 1 1 2 0 0 0 32837 104 103 104 103 40|3362.53 0
201 203 1 1 2 0 0 0 32841 104 103 104 103 40|3362.55 0
201 203 1 1 2 0 0 0 32845 104 103 104 103 40|3362.59 0
201 203 1 1 2 0 0 0 32849 104 103 104 103 40|3362.62 0
201 203 1 1 2 0 0 0 32852 104 103 104 103 40|3362.64 0
201 203 1 1 2 0 0 0 32856 104 103 104 103 40|3362.66 0
201 203 1 1 2 0 0 0 32861 104 103 104 103 40|3362.68 0
201 203 1 1 2 0 0 0 32863 104 103 104 103 40|3362.70 0
201 203 1 1 2 0 0 0 32867 104 103 104 103 40|3362.72 0
201 203 1 1 2 0 0 0 32869 104 103 104 103 40|3362.74 0
201 203 1 1 2 0 0 0 32871 104 103 104 103 40|3362.77 0
201 203 1 1 2 0 0 0 32874 104 103 104 103 40|3362.79 0
201 203 1 1 2 0 0 0 32878 104 103 104 103 40|3362.81 0
201 203 1 1 2 0 0 0 32880 104 103 104 103 40|3362.85 0
201 203 1 1 2 0 0 0 32885 104 103 104 103 40|3362.88 0
201 203 1 1 2 0 0 0 32888 104 103 104 103 40|3362.91 0
201 203 1 1 2 0 0 0 32891 104 103 104 103 40|3362.93 0
201 203 1 1 2 0 0 0 32899 104 103 104 103 40|3362.96 0
201 203 1 1 2 0 0 0 32901 104 103 104 103 40|3362.98 0
201 203 1 1 2 0 0 0 32909 104 103 104 103 40|3363.03 0
201 203 1 1 2 0 0 0 32912 104 103 104 103 40|3363.06 0
201 203 1 1 2 0 0 0 32921 104 103 104 103 40|3363.09 0
201 203 1 1 2 0 0 0 32926 104 103 104 103 40|3363.12 0
201 203 1 1 2 0 0 0 32934 104 103 104 103 40|3363.16 0
201 203 1 1 2 0 0 0 32938 104 103 104 103 40|3363.19 0
201 203 1 1 2 0 0 0 32942 104 103 104 103 40|3363.21 0
201 203 1 1 2 0 0 0 32947 104 103 104 103 40|3363.24 0
201 203 1 1 2 0 0 0 32950 104 103 104 103 40|3363.26 0
201 203 1 1 2 0 0 0 32952 104 103 104 103 40|3363.28 0
201 203 1 1 2 0 0 0 32956 104 103 104 103 40|3363.30 0
201 203 1 1 2 0 0 0 32958 104 103 104 103 40|3363.32 0
201 203 1 1 2 0 0 0 32960 104 103 104 103 40|3363.34 0
201 203 1 1 2 0 0 0 32964 104 103 104 103 40|3363.36 0
201 203 1 1 2 0 0 0 32970 104 103 104 103 40|3363.38 0
201 203 1 1 2 0 0 0 32972 104 103 104 103 40|3363.40 0
201 203 1 1 2 0 0 0 32974 104 103 104 103 40|3363.42 0
201 203 1 1 2 0 0 0 32975 104 103 104 103 40|3363.44 0
201 203 1 1 2 0 0 0 32979 104 103 104 103 40|3363.47 0
201 203 1 1 2 0 0 0 32982 104 103 104 103 40|3363.50 0
201 203 1 1 2 0 0 0 32985 104 103 104 103 40|3363.52 0
201 203 1 1 2 0 0 0 32987 104 103 104 103 40|3363.54 0
201 203 1 1 2 0 0 0 32990 104 103 104 103 40|3363.56 0
201 203 1 1 2 0 0 0 32994 104 103 104 103 40|3363.58 0
201 203 1 1 2 0 0 0 32999 104 103 104 103 40|3363.60 0
201 203 1 1 2 0 0 0 33001 104 103 104 103 40|3363.62 0
201 203 1 1 2 0 0 0 33002 104 103 104 103 40|3363.64 0
201 203 1 1 2 0 0 0 33005 104 103 104 103 40|3363.66 0
201 203 1 1 2 0 0 0 33011 104 103 104 103 40|3363.70 0
201 203 1 1 2 0 0 0 33016 104 103 104 103 40|3363.72 0
201 203 1 1 2 0 0 0 33018 104 103 104 103 40|3363.75 0
201 203 1 1 2 0 0 0 33025 104 103 104 103 40|3363.78 0
201 203 1 1 2 0 0 0 33031 104 103 104 103 40|3363.82 0
201 203 1 1 2 0 0 0 33035 104 103 104 103 40|3363.85 0
201 203 1 1 2 0 0 0 33037 104 103 104 103 40|3363.87 0
201 203 1 1 2 0 0 0 33042 104 103 104 103 40|3363.89 0
201 203 1 1 2 0 0 0 33047 104 103 104 103 40|3363.91 0
201 203 1 1 2 0 0 0 33055 104 103 104 103 40|3363.94 0
201 203 1 1 2 0 0 0 33060 104 103 104 103 40|3363.96 0
201 203 1 1 2 0 0 0 33062 104 103 104 103 40|3363.98 0
201 203 1 1 2 0 0 0 33064 104 103 104 103 40|3364.00 0
201 203 1 1 2 0 0 0 33068 104 103 104 103 40|3364.02 0
201 203 1 1 2 0 0 0 33072 104 103 104 103 40|3364.04 0
201 203 1 1 2 0 0 0 33075 104 103 104 103 40|3364.06 0
201 203 1 1 2 0 0 0 33077 104 103 104 103 40|3364.08 0
201 203 1 1 2 0 0 0 33087 104 103 104 103 40|3364.12 0
201 203 1 1 2 0 0 0 33091 104 103 104 103 40|3364.14 0
201 203 1 1 2 0 0 0 33096 104 103 104 103 40|3364.16 0
201 203 1 1 2 0 0 0 33097 104 103 104 103 40|3364.18 0
201 203 1 1 2 0 0 0 33103 104 103 104 103 40|3364.22 0
201 203 1 1 2 0 0 0 33107 104 103 104 103 40|3364.25 0
201 203 1 1 2 0 0 0 33113 104 103 104 103 40|3364.29 0
201 203 1 1 2 0 0 0 33121 104 103 104 103 40|3364.33 0
201 203 1 1 2 0 0 0 33128 104 103 104 103 40|3364.37 0
201 203 1 1 2 0 0 0 33135 104 103 104 103 40|3364.42 0
201 203 1 1 2 0 0 0 33141 104 103 104 103 40|3364.46 0
201 203 1 1 2 0 0 0 33148 104 103 104 103 40|3364.50 0
201 203 1 1 2 0 0 0 33156 104 103 104 103 40|3364.54 0
201 203 1 1 2 0 0 0 33165 104 103 104 103 40|3364.57 0
201 203 1 1 2 0 0 0 33168 104 103 104 103 40|3364.59 0
201 203 1 1 2 0 0 0 33170 104 103 104 103 40|3364.61 0
201 203 1 1 2 0 0 0 33173 104 103 104 103 40|3364.63 0
201 203 1 1 2 0 0 0 33175 104 103 104 103 40|3364.65 0
201 203 1 1 2 0 0 0 33180 104 103 104 103 40|3364.67 0
201 203 1 1 2 0 0 0 33184 104 103 104 103 40|3364.70 0
201 203 1 1 2 0 0 0 33188 104 103 104 103 40|3364.72 0
201 203 1 1 2 0 0 0 33190 104 103 104 103 40|3364.75 0
201 203 1 1 2 0 0 0 33195 104 103 104 103 40|3364.77 0
201 203 1 1 2 0 0 0 33201 104 103 104 103 40|3364.81 0
201 203 1 1 2 0 0 0 33205 104 103 104 103 40|3364.83 0
201 203 1 1 2 0 0 0 33210 104 103 104 103 40|3364.87 0
201 203 1 1 2 0 0 0 33216 104 103 104 103 40|3364.91 0
201 203 1 1 2 0 0 0 33222 104 103 104 103 40|3364.93 0
201 203 1 1 2 0 0 0 33225 104 103 104 103 40|3364.95 0
201 203 1 1 2 0 0 0 33232 104 103 104 103 40|3364.97 0
201 203 1 1 2 0 0 0 33235 104 103 104 103 40|3364.99 0
201 203 1 1 2 0 0 0 33243 104 103 104 103 40|3365.01 0
201 203 1 1 2 0 0 0 33247 104 103 104 103 40|3365.03 0
201 203 1 1 2 0 0 0 33249 104 103 104 103 40|3365.05 0
201 203 1 1 2 0 0 0 33252 104 103 104 103 40|3365.08 0
201 203 1 1 2 0 0 0 33258 104 103 104 103 40|3365.10 0
201 203 1 1 2 0 0 0 33264 104 103 104 103 40|3365.12 0
201 203 1 1 2 0 0 0 33273 104 103 104 103 40|3365.16 0
201 203 1 1 2 0 0 0 33275 104 103 104 103 40|3365.18 0
201 203 1 1 2 0 0 0 33277 104 103 104 103 40|3365.20 0
201 203 1 1 2 0 0 0 33280 104 103 104 103 40|3365.23 0
201 203 1 1 2 0 0 0 33282 104 103 104 103 40|3365.25 0
201 203 1 1 2 0 0 0 33286 104 103 104 103 40|3365.40 0
201 203 1 1 2 0 0 0 33296 104 103 104 103 40|3365.94 0
201 203 1 1 2 0 0 0 33309 104 103 104 103 40|3366.06 0
201 203 1 1 2 0 0 0 33319 104 103 104 103 40|3366.13 0
201 203 1 1 2 0 0 0 33328 104 103 104 103 40|3366.17 0
201 203 1 1 2 0 0 0 33338 104 103 104 103 40|3366.23 0
201 203 1 1 2 0 0 0 33356 104 103 104 103 40|3366.27 0
201 203 1 1 2 0 0 0 33364 104 103 104 103 40|3366.29 0
201 203 1 1 2 0 0 0 33372 104 103 104 103 40|3366.31 0
201 203 1 1 2 0 0 0 33376 104 103 104 103 40|3366.33 0
201 203 1 1 2 0 0 0 33377 104 103 104 103 40|3366.46 0
201 203 1 1 2 0 0 0 33378 104 103 104 103 40|3367.09 0
201 203 1 1 2 0 0 0 33379 104 103 104 103 40|3367.56 0
201 203 1 1 2 0 0 0 33381 104 103 104 103 40|3367.79 0
201 203 1 1 2 0 0 0 33382 104 103 104 103 40|3368.02 0
201 203 1 1 2 0 0 0 33391 104 103 104 103 40|3368.10 0
201 203 1 1 2 0 0 0 33402 104 103 104 103 40|3368.18 0
201 203 1 1 2 0 0 0 33413 104 103 104 103 40|3368.26 0
201 203 1 1 2 0 0 0 33434 104 103 104 103 40|3368.34 0
201 203 1 1 2 0 0 0 33446 104 103 104 103 40|3368.42 0
201 203 1 1 2 0 0 0 33459 104 103 104 103 40|3368.50 0
201 203 1 1 2 0 0 0 33469 104 103 104 103 40|3368.54 0
201 203 1 1 2 0 0 0 33475 104 103 104 103 40|3368.58 0
201 203 1 1 2 0 0 0 33482 104 103 104 103 40|3368.62 0
201 203 1 1 2 0 0 0 33484 104 103 104 103 40|3368.66 0
201 203 1 1 2 0 0 0 33492 104 103 104 103 40|3368.70 0
201 203 1 1 2 0 0 0 33496 104 103 104 103 40|3368.74 0
201 203 1 1 2 0 0 0 33504 104 103 104 103 40|3368.78 0
201 203 1 1 2 0 0 0 33512 104 103 104 103 40|3368.82 0
201 203 1 1 2 0 0 0 33521 104 103 104 103 40|3368.86 0
201 203 1 1 2 0 0 0 33525 104 103 104 103 40|3368.90 0
201 203 1 1 2 0 0 0 33533 104 103 104 103 40|3368.94 0
201 203 1 1 2 0 0 0 33535 104 103 104 103 40|3368.98 0
201 203 1 1 2 0 0 0 33543 104 103 104 103 40|3369.02 0
201 203 1 1 2 0 0 0 33547 104 103 104 103 40|3369.06 0
201 203 1 1 2 0 0 0 33554 104 103 104 103 40|3369.09 0
201 203 1 1 2 0 0 0 33560 104 103 104 103 40|3369.13 0
201 203 1 1 2 0 0 0 33567 104 103 104 103 40|3369.17 0
201 203 1 1 2 0 0 0 33576 104 103 104 103 40|3369.21 0
201 203 1 1 2 0 0 0 33577 104 103 104 103 40|3369.33 0
201 203 1 1 2 0 0 0 33578 104 103 104 103 40|3369.37 0
201 203 1 1 2 0 0 0 33579 104 103 104 103 40|3369.76 0
201 203 1 1 2 0 0 0 33589 104 103 104 103 40|3369.84 0
201 203 1 1 2 0 0 0 33601 104 103 104 103 40|3369.92 0
201 203 1 1 2 0 0 0 33610 104 103 104 103 40|3370.00 0
201 203 1 1 2 0 0 0 33621 104 103 104 103 40|3370.08 0
201 203 1 1 2 0 0 0 33650 104 103 104 103 40|3370.16 0
201 203 1 1 2 0 0 0 33669 104 103 104 103 40|3370.24 0
201 203 1 1 2 0 0 0 33672 104 103 104 103 40|3370.55 0
201 203 1 1 2 0 0 0 33673 104 103 104 103 40|3371.65 0
201 203 1 1 2 0 0 0 33676 104 103 104 103 40|3371.69 0
201 203 1 1 2 0 0 0 33677 104 103 104 103 40|3372.55 0
201 203 1 1 2 0 0 0 33682 104 103 104 103 40|3372.63 0
201 203 1 1 2 0 0 0 33687 104 103 104 103 40|3372.67 0
201 203 1 1 2 0 0 0 33692 104 103 104 103 40|3372.71 0
201 203 1 1 2 0 0 0 33702 104 103 104 103 40|3372.75 0
201 203 1 1 2 0 0 0 33708 104 103 104 103 40|3372.79 0
201 203 1 1 2 0 0 0 33715 104 103 104 103 40|3372.83 0
201 203 1 1 2 0 0 0 33724 104 103 104 103 40|3372.87 0
201 203 1 1 2 0 0 0 33733 104 103 104 103 40|3372.91 0
201 203 1 1 2 0 0 0 33739 104 103 104 103 40|3372.95 0
201 203 1 1 2 0 0 0 33750 104 103 104 103 40|3372.99 0
201 203 1 1 2 0 0 0 33759 104 103 104 103 40|3373.03 0
201 203 1 1 2 0 0 0 33766 104 103 104 103 40|3373.07 0
201 203 1 1 2 0 0 0 33771 104 103 104 103 40|3373.11 0
201 203 1 1 2 0 0 0 33780 104 103 104 103 40|3373.15 0
201 203 1 1 2 0 0 0 33786 104 103 104 103 40|3373.18 0
201 203 1 1 2 0 0 0 33793 104 103 104 103 40|3373.22 0
201 203 1 1 2 0 0 0 33799 104 103 104 103 40|3373.26 0
201 203 1 1 2 0 0 0 33805 104 103 104 103 40|3373.30 0
201 203 1 1 2 0 0 0 33813 104 103 104 103 40|3373.34 0
201 203 1 1 2 0 0 0 33820 104 103 104 103 40|3373.38 0
201 203 1 1 2 0 0 0 33823 104 103 104 103 40|3373.42 0
201 203 1 1 2 0 0 0 33826 104 103 104 103 40|3373.46 0
201 203 1 1 2 0 0 0 33833 104 103 104 103 40|3373.50 0
201 203 1 1 2 0 0 0 33843 104 103 104 103 40|3373.54 0
201 203 1 1 2 0 0 0 33852 104 103 104 103 40|3373.58 0
201 203 1 1 2 0 0 0 33859 104 103 104 103 40|3373.62 0
201 203 1 1 2 0 0 0 33866 104 103 104 103 40|3373.66 0
201 203 1 1 2 0 0 0 33874 104 103 104 103 40|3373.70 0
201 203 1 1 2 0 0 0 33879 104 103 104 103 40|3373.74 0
201 203 1 1 2 0 0 0 33886 104 103 104 103 40|3373.78 0
201 203 1 1 2 0 0 0 33893 104 103 104 103 40|3373.82 0
201 203 1 1 2 0 0 0 33903 104 103 104 103 40|3373.86 0
201 203 1 1 2 0 0 0 33910 104 103 104 103 40|3373.90 0
201 203 1 1 2 0 0 0 33932 104 103 104 103 40|3373.97 0
201 203 1 1 2 0 0 0 33954 104 103 104 103 40|3374.05 0
201 203 1 1 2 0 0 0 33969 104 103 104 103 40|3374.13 0
201 203 1 1 2 0 0 0 33985 104 103 104 103 40|3374.21 0
201 203 1 1 2 0 0 0 33995 104 103 104 103 40|3374.26 0
201 203 1 1 2 0 0 0 34001 104 103 104 103 40|3374.30 0
201 203 1 1 2 0 0 0 34016 104 103 104 103 40|3374.34 0
201 203 1 1 2 0 0 0 34031 104 103 104 103 40|3374.39 0
201 203 1 1 2 0 0 0 34039 104 103 104 103 40|3374.44 0
201 203 1 1 2 0 0 0 34049 104 103 104 103 40|3374.48 0
201 203 1 1 2 0 0 0 34061 104 103 104 103 40|3374.52 0
201 203 1 1 2 0 0 0 34071 104 103 104 103 40|3374.56 0
201 203 1 1 2 0 0 0 34078 104 103 104 103 40|3374.61 0
201 203 1 1 2 0 0 0 34088 104 103 104 103 40|3374.65 0
201 203 1 1 2 0 0 0 34095 104 103 104 103 40|3374.68 0
201 203 1 1 2 0 0 0 34103 104 103 104 103 40|3374.73 0
201 203 1 1 2 0 0 0 34110 104 103 104 103 40|3374.77 0
201 203 1 1 2 0 0 0 34119 104 103 104 103 40|3374.80 0
201 203 1 1 2 0 0 0 34123 104 103 104 103 40|3374.85 0
201 203 1 1 2 0 0 0 34131 104 103 104 103 40|3374.89 0
201 203 1 1 2 0 0 0 34139 104 103 104 103 40|3374.92 0
201 203 1 1 2 0 0 0 34144 104 103 104 103 40|3374.96 0
201 203 1 1 2 0 0 0 34153 104 103 104 103 40|3375.00 0
201 203 1 1 2 0 0 0 34160 104 103 104 103 40|3375.04 0
201 203 1 1 2 0 0 0 34166 104 103 104 103 40|3375.08 0
201 203 1 1 2 0 0 0 34176 104 103 104 103 40|3375.12 0
201 203 1 1 2 0 0 0 34185 104 103 104 103 40|3375.16 0
201 203 1 1 2 0 0 0 34197 104 103 104 103 40|3375.23 0
201 203 1 1 2 0 0 0 34216 104 103 104 103 40|3375.31 0
201 203 1 1 2 0 0 0 34234 104 103 104 103 40|3375.39 0
201 203 1 1 2 0 0 0 34246 104 103 104 103 40|3375.47 0
201 203 1 1 2 0 0 0 34264 104 103 104 103 40|3375.55 0
201 203 1 1 2 0 0 0 34279 104 103 104 103 40|3375.63 0
201 203 1 1 2 0 0 0 34296 104 103 104 103 40|3375.71 0
201 203 1 1 2 0 0 0 34308 104 103 104 103 40|3375.79 0
201 203 1 1 2 0 0 0 34323 104 103 104 103 40|3375.87 0
201 203 1 1 2 0 0 0 34337 104 103 104 103 40|3375.95 0
201 203 1 1 2 0 0 0 34353 104 103 104 103 40|3376.03 0
201 203 1 1 2 0 0 0 34369 104 103 104 103 40|3376.11 0
201 203 1 1 2 0 0 0 34381 104 103 104 103 40|3376.19 0
201 203 1 1 2 0 0 0 34393 104 103 104 103 40|3376.27 0
201 203 1 1 2 0 0 0 34410 104 103 104 103 40|3376.35 0
201 203 1 1 2 0 0 0 34425 104 103 104 103 40|3376.43 0
201 203 1 1 2 0 0 0 34432 104 103 104 103 40|3376.47 0
201 203 1 1 2 0 0 0 34440 104 103 104 103 40|3376.51 0
201 203 1 1 2 0 0 0 34450 104 103 104 103 40|3376.55 0
201 203 1 1 2 0 0 0 34458 104 103 104 103 40|3376.59 0
201 203 1 1 2 0 0 0 34465 104 103 104 103 40|3376.63 0
201 203 1 1 2 0 0 0 34473 104 103 104 103 40|3376.67 0
201 203 1 1 2 0 0 0 34479 104 103 104 103 40|3376.70 0
201 203 1 1 2 0 0 0 34490 104 103 104 103 40|3376.74 0
201 203 1 1 2 0 0 0 34497 104 103 104 103 40|3376.78 0
201 203 1 1 2 0 0 0 34502 104 103 104 103 40|3376.82 0
201 203 1 1 2 0 0 0 34510 104 103 104 103 40|3376.86 0
201 203 1 1 2 0 0 0 34514 104 103 104 103 40|3376.90 0
201 203 1 1 2 0 0 0 34521 104 103 104 103 40|3376.94 0
201 203 1 1 2 0 0 0 34527 104 103 104 103 40|3376.98 0
201 203 1 1 2 0 0 0 34535 104 103 104 103 40|3377.02 0
201 203 1 1 2 0 0 0 34542 104 103 104 103 40|3377.06 0
201 203 1 1 2 0 0 0 34547 104 103 104 103 40|3377.10 0
201 203 1 1 2 0 0 0 34556 104 103 104 103 40|3377.14 0
201 203 1 1 2 0 0 0 34563 104 103 104 103 40|3377.18 0
201 203 1 1 2 0 0 0 34570 104 103 104 103 40|3377.22 0
201 203 1 1 2 0 0 0 34577 104 103 104 103 40|3377.26 0
201 203 1 1 2 0 0 0 34587 104 103 104 103 40|3377.30 0
201 203 1 1 2 0 0 0 34592 104 103 104 103 40|3377.34 0
201 203 1 1 2 0 0 0 34596 104 103 104 103 40|3377.38 0
201 203 1 1 2 0 0 0 34598 104 103 104 103 40|3377.46 0
201 203 1 1 2 0 0 0 34603 104 103 104 103 40|3377.65 0
201 203 1 1 2 0 0 0 34608 104 103 104 103 40|3377.73 0
201 203 1 1 2 0 0 0 34612 104 103 104 103 40|3377.77 0
201 203 1 1 2 0 0 0 34613 104 103 104 103 40|3378.00 0
201 203 1 1 2 0 0 0 34621 104 103 104 103 40|3378.67 0
201 203 1 1 2 0 0 0 34623 104 103 104 103 40|3378.71 0
201 203 1 1 2 0 0 0 34624 104 103 104 103 40|3378.86 0
201 203 1 1 2 0 0 0 34627 104 103 104 103 40|3379.87 0
201 203 1 1 2 0 0 0 34629 104 103 104 103 40|3379.91 0
201 203 1 1 2 0 0 0 34630 104 103 104 103 40|3380.15 0
201 203 1 1 2 0 0 0 34631 104 103 104 103 40|3381.04 0
201 203 1 1 2 0 0 0 34632 104 103 104 103 40|3381.98 0
201 203 1 1 2 0 0 0 34633 104 103 104 103 40|3382.14 0
201 203 1 1 2 0 0 0 34634 104 103 104 103 40|3382.26 0
201 203 1 1 2 0 0 0 34635 104 103 104 103 40|3383.20 0
201 203 1 1 2 0 0 0 34637 104 103 104 103 40|3383.78 0
201 203 1 1 2 0 0 0 34638 104 103 104 103 40|3384.10 0
201 203 1 1 2 0 0 0 34639 104 103 104 103 40|3384.33 0
201 203 1 1 2 0 0 0 34640 104 103 104 103 40|3384.96 0
201 203 1 1 2 0 0 0 34641 104 103 104 103 40|3386.08 0
201 203 1 1 2 0 0 0 34642 104 103 104 103 40|3386.20 0
201 203 1 1 2 0 0 0 34643 104 103 104 103 40|3386.47 0
201 203 1 1 2 0 0 0 34644 104 103 104 103 40|3387.13 0
201 203 1 1 2 0 0 0 34645 104 103 104 103 40|3387.21 0
201 203 1 1 2 0 0 0 34646 104 103 104 103 40|3387.64 0
201 203 1 1 2 0 0 0 34648 104 103 104 103 40|3388.34 0
201 203 1 1 2 0 0 0 34649 104 103 104 103 40|3388.57 0
201 203 1 1 2 0 0 0 34650 104 103 104 103 40|3389.44 0
201 203 1 1 2 0 0 0 34651 104 103 104 103 40|3390.45 0
201 203 1 1 2 0 0 0 34652 104 103 104 103 40|3390.51 0
201 203 1 1 2 0 0 0 34653 104 103 104 103 40|3390.67 0
201 203 1 1 2 0 0 0 34654 104 103 104 103 40|3391.58 0
201 203 1 1 2 0 0 0 34656 104 103 104 103 40|3391.70 0
201 203 1 1 2 0 0 0 34657 104 103 104 103 40|3391.78 0
201 203 1 1 2 0 0 0 34658 104 103 104 103 40|3392.64 0
201 203 1 1 2 0 0 0 34659 104 103 104 103 40|3392.66 0
201 203 1 1 2 0 0 0 34660 104 103 104 103 40|3393.76 0
201 203 1 1 2 0 0 0 34661 104 103 104 103 40|3394.80 0
201 203 1 1 2 0 0 0 34662 104 103 104 103 40|3394.84 0
201 203 1 1 2 0 0 0 34663 104 103 104 103 40|3395.93 0
201 203 1 1 2 0 0 0 34664 104 103 104 103 40|3396.92 0
201 203 1 1 2 0 0 0 34665 104 103 104 103 40|3397.00 0
201 203 1 1 2 0 0 0 34666 104 103 104 103 40|3398.09 0
201 203 1 1 2 0 0 0 34667 104 103 104 103 40|3399.11 0
201 203 1 1 2 0 0 0 34668 104 103 104 103 40|3399.17 0
201 203 1 1 2 0 0 0 34670 104 103 104 103 40|3400.11 0
201 203 1 1 2 0 0 0 34671 104 103 104 103 40|3400.13 0
201 203 1 1 2 0 0 0 34672 104 103 104 103 40|3400.17 0
201 203 1 1 2 0 0 0 34673 104 103 104 103 40|3400.25 0
201 203 1 1 2 0 0 0 34674 104 103 104 103 40|3401.32 0
201 203 1 1 2 0 0 0 34679 104 103 104 103 40|3402.16 0
201 203 1 1 2 0 0 0 34680 104 103 104 103 40|3402.20 0
201 203 1 1 2 0 0 0 34681 104 103 104 103 40|3402.37 0
201 203 1 1 2 0 0 0 34682 104 103 104 103 40|3402.41 0
201 203 1 1 2 0 0 0 34688 104 103 104 103 40|3402.56 0
201 203 1 1 2 0 0 0 34689 104 103 104 103 40|3402.78 0
201 203 1 1 2 0 0 0 34698 104 103 104 103 40|3402.80 0
201 203 1 1 2 0 0 0 34699 104 103 104 103 40|3403.05 0
201 203 1 1 2 0 0 0 34700 104 103 104 103 40|3403.52 0
201 203 1 1 2 0 0 0 34702 104 103 104 103 40|3403.76 0
201 203 1 1 2 0 0 0 34704 104 103 104 103 40|3403.80 0
201 203 1 1 2 0 0 0 34705 104 103 104 103 40|3403.88 0
201 203 1 1 2 0 0 0 34706 104 103 104 103 40|3404.26 0
201 203 1 1 2 0 0 0 34707 104 103 104 103 40|3404.45 0
201 203 1 1 2 0 0 0 34708 104 103 104 103 40|3405.23 0
201 204 1 1 2 0 0 0 34708 104 104 104 104 40|3406.48 0
202 204 0 0 2 0 0 1 34708 104 104 104 104 40|3406.65 1
203 204 1 1 2 0 0 0 34710 104 104 104 104 40|3412.89 0
203 205 1 1 2 0 0 0 34710 105 104 105 104 40|3412.98 0
203 205 1 1 2 0 0 0 34711 105 104 105 104 40|3413.16 0
203 205 1 1 2 0 0 0 34714 105 104 105 104 40|3413.20 0
203 206 1 1 2 0 0 0 34714 105 105 105 105 40|3414.25 0
204 206 0 0 2 0 0 1 34714 105 105 105 105 40|3414.90 11
205 207 1 1 2 0 0 0 34714 106 105 106 105 40|3432.72 0
205 207 1 1 2 0 0 0 34715 106 105 106 105 40|3433.20 0
205 208 1 1 2 0 0 0 34715 106 106 106 106 40|3434.45 0
205 209 1 1 2 0 0 0 34715 107 106 107 106 40|3434.77 0
205 209 1 1 2 0 0 0 34716 107 106 107 106 40|3434.88 0
205 210 1 1 2 0 0 0 34716 107 107 107 107 40|3436.01 0
206 210 0 0 2 0 0 1 34716 107 107 107 107 40|3436.20 3
207 210 1 1 2 0 0 0 34718 107 107 107 107 40|3448.33 0
207 211 1 1 2 0 0 0 34718 108 107 108 107 40|3448.53 0
207 211 1 1 2 0 0 0 34719 108 107 108 107 40|3449.08 0
208 212 0 0 2 0 0 1 34719 108 108 108 108 40|3451.38 12
209 213 1 1 2 0 0 0 34719 109 108 109 108 40|3464.31 0
209 213 1 1 2 0 0 0 34723 109 108 109 108 40|3464.54 0
209 213 1 1 2 0 0 0 34724 109 108 109 108 40|3464.62 0
209 214 1 1 2 0 0 0 34724 109 109 109 109 40|3465.88 0
210 214 0 0 2 0 0 1 34724 109 109 109 109 40|3466.54 8
211 215 1 1 2 0 0 0 34724 110 109 110 109 40|3479.84 0
211 215 1 1 2 0 0 0 34725 110 109 110 109 40|3480.05 0
211 216 1 1 2 0 0 0 34725 110 110 110 110 40|3481.09 0
212 216 0 0 2 0 0 1 34725 110 110 110 110 40|3482.05 16
213 217 1 1 2 0 0 0 34725 111 110 111 110 40|3488.05 0
213 217 1 1 2 0 0 0 34726 111 110 111 110 40|3488.15 0
213 218 1 1 2 0 0 0 34726 111 111 111 111 40|3489.34 0
214 218 0 0 2 0 0 1 34726 111 111 111 111 40|3490.13 1
215 219 1 1 2 0 0 0 34726 112 111 112 111 40|3494.15 0
215 219 1 1 2 0 0 0 34727 112 111 112 111 40|3494.81 0
215 220 1 1 2 0 0 0 34727 112 112 112 112 40|3496.43 0
216 220 0 0 2 0 0 1 34727 112 112 112 112 40|3496.81 10
217 220 1 1 2 0 0 0 34729 112 112 112 112 40|3508.49 0
217 221 1 1 2 0 0 0 34729 113 112 113 112 40|3508.52 0
217 221 1 1 2 0 0 0 34730 113 112 113 112 40|3509.54 0
217 221 1 1 2 0 0 0 34731 113 112 113 112 40|3510.18 0
217 222 1 1 2 0 0 0 34731 113 113 113 113 40|3511.41 0
218 222 0 0 2 0 0 1 34731 113 113 113 113 40|3511.50 10
219 223 1 1 2 0 0 1 34731 114 113 114 113 40|3524.17 0
219 223 1 1 2 0 0 0 34731 114 113 114 113 40|3524.19 0
219 223 1 1 2 0 0 0 34732 114 113 114 113 40|3524.41 0
219 224 1 1 2 0 0 0 34732 114 114 114 114 40|3525.42 0
220 224 0 0 2 0 0 1 34732 114 114 114 114 40|3526.42 24
221 225 1 1 2 0 0 0 34732 115 114 115 114 40|3549.21 0
221 225 1 1 2 0 0 0 34738 115 114 115 114 40|3549.38 0
221 225 1 1 2 0 0 0 34746 115 114 115 114 40|3549.46 0
221 225 1 1 2 0 0 0 34747 115 114 115 114 40|3549.48 0
221 225 1 1 2 0 0 0 34752 115 114 115 114 40|3549.55 0
221 225 1 1 2 0 0 0 34756 115 114 115 114 40|3549.68 0
221 225 1 1 2 0 0 0 34757 115 114 115 114 40|3549.77 0
221 226 1 1 2 0 0 0 34757 115 115 115 115 40|3551.01 0
222 226 0 0 2 0 0 1 34757 115 115 115 115 40|3551.37 1
223 227 1 1 2 0 0 0 34757 116 115 116 115 40|3555.60 0
223 227 1 1 2 0 0 0 34758 116 115 116 115 40|3556.24 0
223 228 1 1 2 0 0 0 34758 116 116 116 116 40|3557.48 0
224 228 0 0 2 0 0 1 34758 116 116 116 116 40|3558.24 9
225 228 1 1 2 0 0 0 34761 116 116 116 116 40|3569.94 0
225 229 1 1 2 0 0 0 34761 117 116 117 116 40|3570.06 0
225 229 1 1 2 0 0 0 34762 117 116 117 116 40|3570.64 0
225 230 1 1 2 0 0 0 34762 117 117 117 117 40|3571.89 0
226 230 0 0 2 0 0 1 34762 117 117 117 117 40|3571.93 11
227 231 1 1 2 0 0 0 34762 118 117 118 117 40|3573.01 0
228 232 0 0 2 0 0 1 34762 118 118 118 118 40|3574.26 10
229 233 1 1 2 0 0 0 34762 119 118 119 118 40|3604.19 0
229 233 1 1 2 0 0 0 34763 119 118 119 118 40|3604.50 0
229 233 1 1 2 0 0 0 34764 119 118 119 118 40|3604.58 0
229 233 1 1 2 0 0 0 34771 119 118 119 118 40|3604.69 0
229 233 1 1 2 0 0 0 34772 119 118 119 118 40|3604.92 0
229 233 1 1 2 0 0 0 34781 119 118 119 118 40|3604.94 0
229 233 1 1 2 0 0 0 34782 119 118 119 118 40|3605.17 0
229 234 1 1 2 0 0 0 34782 119 119 119 119 40|3606.41 0
230 234 0 0 2 0 0 1 34782 119 119 119 119 40|3606.50 8
231 235 1 1 2 0 0 0 34782 120 119 120 119 40|3609.27 0
231 235 1 1 2 0 0 0 34786 120 119 120 119 40|3609.36 0
231 235 1 1 2 0 0 0 34787 120 119 120 119 40|3609.39 0
231 235 1 1 2 0 0 0 34788 120 119 120 119 40|3609.43 0
231 235 1 1 2 0 0 0 34791 120 119 120 119 40|3609.49 0
231 235 1 1 2 0 0 0 34792 120 119 120 119 40|3609.56 0
231 235 1 1 2 0 0 0 34793 120 119 120 119 40|3609.65 0
231 235 1 1 2 0 0 0 34794 120 119 120 119 40|3609.84 0
231 235 1 1 2 0 0 0 34797 120 119 120 119 40|3609.93 0
231 235 1 1 2 0 0 0 34798 120 119 120 119 40|3610.35 0
232 236 0 0 2 0 0 1 34798 120 120 120 120 40|3611.58 3
233 237 1 1 2 0 0 0 34800 121 120 121 120 40|3615.14 0
233 237 1 1 2 0 0 0 34801 121 120 121 120 40|3615.31 0
233 237 1 1 2 0 0 0 34804 121 120 121 120 40|3615.33 0
233 237 1 1 2 0 0 0 34805 121 120 121 120 40|3616.42 0
233 238 1 1 2 0 0 0 34805 121 121 121 121 40|3617.67 0
233 239 1 1 2 0 0 0 34805 122 121 122 121 40|3618.06 0
234 240 0 0 2 0 0 1 34805 122 122 122 122 40|3619.32 17
235 240 1 1 2 0 0 0 34806 122 122 122 122 40|3627.31 0
235 241 1 1 2 0 0 0 34806 123 122 123 122 40|3627.51 0
235 241 1 1 2 0 0 0 34807 123 122 123 122 40|3627.94 0
235 242 1 1 2 0 0 0 34807 123 123 123 123 40|3629.18 0
236 242 0 0 2 0 0 1 34807 123 123 123 123 40|3629.29 8
237 243 1 1 2 0 0 0 34807 124 123 124 123 40|3673.38 0
237 243 1 1 2 0 0 0 34808 124 123 124 123 40|3674.00 0
237 244 1 1 2 0 0 0 34808 124 124 124 124 40|3675.25 0
238 244 0 0 2 0 0 1 34808 124 124 124 124 40|3676.01 17
239 244 1 1 2 0 0 0 34809 124 124 124 124 40|3687.82 0
239 245 1 1 2 0 0 0 34809 125 124 125 124 40|3687.94 0
239 245 1 1 2 0 0 0 34810 125 124 125 124 40|3689.04 0
239 245 1 1 2 0 0 0 34811 125 124 125 124 40|3689.36 0
239 246 1 1 2 0 0 0 34811 125 125 125 125 40|3690.52 0
240 246 0 0 2 0 0 1 34811 125 125 125 125 40|3690.82 14
241 247 1 1 2 0 0 0 34811 126 125 126 125 40|3695.89 0
242 248 0 0 2 0 0 1 34811 126 126 126 126 40|3697.13 3
243 249 1 1 2 0 0 0 34811 127 126 127 126 40|3734.79 0
243 249 1 1 2 0 0 0 34812 127 126 127 126 40|3735.27 0
243 250 1 1 2 0 0 0 34812 127 127 127 127 40|3736.51 0
244 250 0 0 2 0 0 1 34812 127 127 127 127 40|3737.27 1
245 251 1 1 2 0 0 0 34812 128 127 128 127 40|3740.94 0
246 252 0 0 2 0 0 1 34812 128 128 128 128 40|3742.05 6
247 252 1 1 2 0 0 1 34812 129 128 129 128 40|3743.50 0
247 253 1 1 2 0 0 0 34812 129 128 129 128 40|3743.52 0
247 253 1 1 2 0 0 0 34813 129 128 129 128 40|3743.60 0
247 254 1 1 2 0 0 0 34813 129 129 129 129 40|3744.76 0
248 254 0 0 2 0 0 1 34813 129 129 129 129 40|3745.60 8
249 254 1 1 2 0 0 0 34814 129 129 129 129 40|3747.30 0
249 255 1 1 2 0 0 0 34814 130 129 130 129 40|3747.42 0
249 255 1 1 2 0 0 0 34815 130 129 130 129 40|3747.94 0
249 256 1 1 2 0 0 0 34815 130 130 130 130 40|3749.13 0
250 256 0 0 2 0 0 1 34815 130 130 130 130 40|3749.31 16
251 256 1 1 2 0 0 1 34815 131 130 131 130 40|3756.17 0
251 257 1 1 2 0 0 0 34815 131 130 131 130 40|3756.19 0
251 257 1 1 2 0 0 0 34820 131 130 131 130 40|3756.27 0
251 257 1 1 2 0 0 0 34822 131 130 131 130 40|3756.29 0
251 257 1 1 2 0 0 0 34825 131 130 131 130 40|3756.35 0
251 257 1 1 2 0 0 0 34828 131 130 131 130 40|3756.38 0
251 257 1 1 2 0 0 0 34832 131 130 131 130 40|3756.44 0
251 257 1 1 2 0 0 0 34836 131 130 131 130 40|3756.58 0
251 257 1 1 2 0 0 0 34837 131 130 131 130 40|3756.64 0
251 258 1 1 2 0 0 0 34837 131 131 131 131 40|3757.89 0
252 258 0 0 2 0 0 1 34837 131 131 131 131 40|3758.26 3
253 259 1 1 2 0 0 0 34837 132 131 132 131 40|3793.18 0
253 259 1 1 2 0 0 0 34838 132 131 132 131 40|3793.65 0
253 260 1 1 2 0 0 0 34838 132 132 132 132 40|3794.90 0
254 260 0 0 2 0 0 1 34838 132 132 132 132 40|3795.66 26
255 260 1 1 2 0 0 0 34839 132 132 132 132 40|3808.11 0
255 261 1 1 2 0 0 0 34839 133 132 133 132 40|3808.24 0
255 261 1 1 2 0 0 0 34840 133 132 133 132 40|3808.64 0
255 262 1 1 2 0 0 0 34840 133 133 133 133 40|3809.90 0
256 262 0 0 2 0 0 1 34840 133 133 133 133 40|3810.10 13
257 263 1 1 2 0 0 1 34840 134 133 134 133 40|3818.76 0
257 263 1 1 2 0 0 0 34840 134 133 134 133 40|3818.78 0
258 264 0 0 2 0 0 1 34840 134 134 134 134 40|3820.02 12
259 265 1 1 2 0 0 0 34840 135 134 135 134 40|3854.11 0
259 265 1 1 2 0 0 0 34841 135 134 135 134 40|3854.59 0
259 266 1 1 2 0 0 0 34841 135 135 135 135 40|3855.84 0
260 266 0 0 2 0 0 1 34841 135 135 135 135 40|3856.59 6
261 267 1 1 2 0 0 0 34841 136 135 136 135 40|3863.86 0
261 267 1 1 2 0 0 0 34845 136 135 136 135 40|3863.92 0
261 267 1 1 2 0 0 0 34848 136 135 136 135 40|3863.97 0
261 267 1 1 2 0 0 0 34849 136 135 136 135 40|3863.99 0
261 267 1 1 2 0 0 0 34851 136 135 136 135 40|3864.02 0
261 267 1 1 2 0 0 0 34865 136 135 136 135 40|3864.06 0
261 267 1 1 2 0 0 0 34869 136 135 136 135 40|3864.12 0
261 267 1 1 2 0 0 0 34877 136 135 136 135 40|3865.06 0
261 267 1 1 2 0 0 0 34879 136 135 136 135 40|3865.10 0
261 267 1 1 2 0 0 0 34880 136 135 136 135 40|3865.19 0
261 267 1 1 2 0 0 0 34886 136 135 136 135 40|3865.25 0
261 267 1 1 2 0 0 0 34888 136 135 136 135 40|3865.35 0
261 267 1 1 2 0 0 0 34891 136 135 136 135 40|3865.70 0
261 267 1 1 2 0 0 0 34903 136 135 136 135 40|3865.72 0
261 267 1 1 2 0 0 0 34908 136 135 136 135 40|3865.77 0
261 267 1 1 2 0 0 0 34917 136 135 136 135 40|3866.98 0
261 267 1 1 2 0 0 0 34920 136 135 136 135 40|3867.02 0
261 267 1 1 2 0 0 0 34924 136 135 136 135 40|3867.04 0
261 267 1 1 2 0 0 0 34925 136 135 136 135 40|3867.06 0
261 267 1 1 2 0 0 0 34926 136 135 136 135 40|3867.12 0
261 267 1 1 2 0 0 0 34930 136 135 136 135 40|3867.14 0
261 267 1 1 2 0 0 0 34931 136 135 136 135 40|3867.22 0
261 267 1 1 2 0 0 0 34933 136 135 136 135 40|3867.29 0
261 267 1 1 2 0 0 0 34934 136 135 136 135 40|3867.31 0
261 267 1 1 2 0 0 0 34935 136 135 136 135 40|3867.34 0
261 267 1 1 2 0 0 0 34937 136 135 136 135 40|3867.38 0
261 267 1 1 2 0 0 0 34948 136 135 136 135 40|3867.45 0
261 267 1 1 2 0 0 0 34950 136 135 136 135 40|3867.54 0
261 267 1 1 2 0 0 0 34952 136 135 136 135 40|3867.56 0
261 267 1 1 2 0 0 0 34958 136 135 136 135 40|3867.59 0
261 267 1 1 2 0 0 0 34959 136 135 136 135 40|3867.67 0
261 268 1 1 2 0 0 0 34959 136 136 136 136 40|3868.92 0
262 268 0 0 2 0 0 1 34959 136 136 136 136 40|3868.98 6
263 269 1 1 2 0 0 1 34959 137 136 137 136 40|3869.37 0
263 269 1 1 2 0 0 0 34959 137 136 137 136 40|3869.40 0
263 269 1 1 2 0 0 0 34961 137 136 137 136 40|3869.42 0
263 269 1 1 2 0 0 0 34962 137 136 137 136 40|3869.49 0
263 269 1 1 2 0 0 0 34964 137 136 137 136 40|3869.54 0
263 269 1 1 2 0 0 0 34968 137 136 137 136 40|3869.59 0
263 269 1 1 2 0 0 0 34970 137 136 137 136 40|3869.64 0
263 269 1 1 2 0 0 0 34971 137 136 137 136 40|3869.71 0
263 269 1 1 2 0 0 0 34976 137 136 137 136 40|3870.17 0
263 269 1 1 2 0 0 0 34977 137 136 137 136 40|3870.23 0
264 270 0 0 2 0 0 1 34977 137 137 137 137 40|3871.48 2
265 271 1 1 2 0 0 0 34977 138 137 138 137 40|3872.91 0
265 271 1 1 2 0 0 0 34978 138 137 138 137 40|3873.03 0
265 271 1 1 2 0 0 0 34980 138 137 138 137 40|3873.89 0
265 271 1 1 2 0 0 0 34985 138 137 138 137 40|3873.91 0
265 271 1 1 2 0 0 0 34986 138 137 138 137 40|3873.96 0
265 271 1 1 2 0 0 0 34991 138 137 138 137 40|3874.34 0
265 271 1 1 2 0 0 0 34993 138 137 138 137 40|3875.27 0
265 271 1 1 2 0 0 0 34997 138 137 138 137 40|3875.62 0
265 271 1 1 2 0 0 0 34998 138 137 138 137 40|3875.68 0
265 272 1 1 2 0 0 0 34998 138 138 138 138 40|3876.93 0
266 272 0 0 2 0 0 1 34998 138 138 138 138 40|3877.01 3
267 273 1 1 2 0 0 0 34998 139 138 139 138 40|3880.07 0
268 274 0 0 2 0 0 1 34998 139 139 139 139 40|3881.33 13
269 275 1 1 2 0 0 0 34998 140 139 140 139 40|3882.29 0
269 275 1 1 2 0 0 0 34998 140 140 140 140 40|3883.53 0
269 275 0 1 2 0 0 0 34998 140 140 140 140 40|3884.57 0
269 275 0 1 2 0 0 1 34998 140 140 140 140 40|3884.61 0
269 275 0 0 2 0 0 1 34998 140 140 140 140 40|3884.64 0
269 275 0 0 2 0 0 1 34998 141 140 141 140 40|3884.75 0
269 275 0 1 2 0 0 1 34998 141 140 141 140 40|3885.54 0
269 275 1 1 2 0 0 0 34998 141 140 141 140 40|3885.66 0
269 275 1 1 2 0 0 0 35002 141 140 141 140 44|3886.07 0
269 275 1 1 2 0 0 0 35004 141 140 141 140 46|3886.09 0
269 275 1 1 2 0 0 0 35006 141 140 141 140 48|3886.11 0
269 275 1 1 2 0 0 0 35013 141 140 141 140 48|3886.12 0
269 275 1 1 3 0 0 0 35013 141 140 141 140 48|3886.79 0
269 276 1 1 3 0 0 0 35013 141 141 141 141 48|3888.02 0
270 276 0 0 3 0 0 1 35013 141 141 141 141 48|3888.06 9
271 277 1 1 3 0 0 0 35013 142 141 142 141 48|3899.45 0
271 277 1 1 3 0 0 0 35015 142 141 142 141 48|3900.70 0
271 277 1 1 3 0 0 0 35016 142 141 142 141 48|3900.79 0
271 277 1 1 3 0 0 0 35017 142 141 142 141 48|3901.55 0
271 277 1 1 3 0 0 0 35018 142 141 142 141 48|3901.69 0
271 277 1 1 3 0 0 0 35021 142 141 142 141 48|3903.43 0
271 277 1 1 3 0 0 0 35022 142 141 142 141 48|3905.97 0
271 277 1 1 3 0 0 0 35023 142 141 142 141 48|3906.04 0
271 277 1 1 3 0 0 0 35031 142 141 142 141 48|3906.12 0
271 277 1 1 3 0 0 0 35032 142 141 142 141 48|3906.16 0
271 277 1 1 3 0 0 0 35034 142 141 142 141 48|3906.18 0
271 277 1 1 3 0 0 0 35035 142 141 142 141 48|3906.22 0
271 277 1 1 3 0 0 0 35037 142 141 142 141 48|3906.25 0
271 277 1 1 3 0 0 0 35038 142 141 142 141 48|3906.27 0
271 277 1 1 3 0 0 0 35041 142 141 142 141 48|3906.29 0
271 277 1 1 3 0 0 0 35042 142 141 142 141 48|3906.32 0
271 277 1 1 3 0 0 0 35044 142 141 142 141 48|3906.35 0
271 277 1 1 3 0 0 0 35047 142 141 142 141 48|3906.48 0
271 277 1 1 3 0 0 0 35060 142 141 142 141 48|3906.51 0
271 277 1 1 3 0 0 0 35061 142 141 142 141 48|3906.57 0
271 277 1 1 3 0 0 0 35065 142 141 142 141 48|3906.72 0
271 277 1 1 3 0 0 0 35067 142 141 142 141 48|3906.74 0
271 277 1 1 3 0 0 0 35069 142 141 142 141 48|3906.76 0
271 277 1 1 3 0 0 0 35074 142 141 142 141 48|3906.94 0
271 277 1 1 3 0 0 0 35075 142 141 142 141 48|3906.98 0
271 277 1 1 3 0 0 0 35076 142 141 142 141 48|3907.64 0
271 277 1 1 3 0 0 0 35079 142 141 142 141 48|3907.83 0
271 277 1 1 3 0 0 0 35082 142 141 142 141 48|3908.02 0
271 277 1 1 3 0 0 0 35085 142 141 142 141 48|3908.08 0
271 277 1 1 3 0 0 0 35086 142 141 142 141 48|3908.23 0
271 277 1 1 3 0 0 0 35087 142 141 142 141 48|3909.36 0
271 277 1 1 3 0 0 0 35088 142 141 142 141 48|3909.88 0
271 277 1 1 3 0 0 0 35089 142 141 142 141 48|3910.19 0
271 277 1 1 3 0 0 0 35090 142 141 142 141 48|3910.42 0
271 277 1 1 3 0 0 0 35093 142 141 142 141 48|3910.52 0
271 277 1 1 3 0 0 0 35094 142 141 142 141 48|3911.15 0
271 278 1 1 3 0 0 0 35094 142 142 142 142 48|3912.39 0
271 279 1 1 3 0 0 0 35094 143 142 143 142 48|3912.47 0
271 279 1 1 3 0 0 0 35095 143 142 143 142 48|3912.51 0
271 280 1 1 3 0 0 0 35095 143 143 143 143 48|3913.71 0
272 280 0 0 3 0 0 1 35095 143 143 143 143 48|3913.97 15
273 281 1 1 3 0 0 0 35098 144 143 144 143 48|3916.91 0
273 281 1 1 3 0 0 0 35100 144 143 144 143 48|3916.93 0
273 281 1 1 3 0 0 0 35102 144 143 144 143 48|3917.09 0
273 281 1 1 3 0 0 0 35107 144 143 144 143 48|3917.11 0
273 282 1 1 3 0 0 0 35107 144 144 144 144 48|3918.18 0
273 283 1 1 3 0 0 0 35109 145 144 145 144 48|3918.20 0
273 283 1 1 3 0 0 0 35113 145 144 145 144 48|3918.40 0
273 284 1 1 3 0 0 0 35113 145 145 145 145 48|3919.46 0
274 284 0 0 3 0 0 1 35113 145 145 145 145 48|3919.91 10
275 285 1 1 3 0 0 0 35113 146 145 146 145 48|3920.47 0
275 285 1 1 3 0 0 0 35115 146 145 146 145 48|3920.51 0
275 285 1 1 3 0 0 0 35117 146 145 146 145 48|3920.56 0
275 285 1 1 3 0 0 0 35118 146 145 146 145 48|3921.07 0
275 285 1 1 3 0 0 0 35122 146 145 146 145 48|3921.73 0
275 285 1 1 3 0 0 0 35123 146 145 146 145 48|3922.35 0
276 286 0 0 3 0 0 1 35123 146 146 146 146 48|3923.75 11
277 286 1 1 3 0 0 1 35123 147 146 147 146 48|3924.16 0
277 287 1 1 3 0 0 0 35123 147 146 147 146 48|3924.20 0
277 287 1 1 3 0 0 0 35127 147 146 147 146 48|3924.91 0
277 287 1 1 3 0 0 0 35128 147 146 147 146 48|3925.55 0
277 287 1 1 3 0 0 0 35129 147 146 147 146 48|3926.20 0
277 287 1 1 3 0 0 0 35133 147 146 147 146 48|3926.85 0
277 287 1 1 3 0 0 0 35137 147 146 147 146 48|3927.46 0
277 288 1 1 3 0 0 0 35137 147 147 147 147 48|3928.72 0
278 288 0 0 3 0 0 1 35137 147 147 147 147 48|3928.91 3
279 288 1 1 3 0 0 1 35137 148 147 148 147 48|3929.03 0
279 289 1 1 3 0 0 0 35137 148 147 148 147 48|3929.05 0
279 289 1 1 3 0 0 0 35142 148 147 148 147 48|3929.56 0
279 289 1 1 3 0 0 0 35143 148 147 148 147 48|3929.59 0
279 289 1 1 3 0 0 0 35144 148 147 148 147 48|3929.61 0
279 289 1 1 3 0 0 0 35145 148 147 148 147 48|3929.63 0
279 289 1 1 3 0 0 0 35149 148 147 148 147 48|3929.69 0
279 289 1 1 3 0 0 0 35153 148 147 148 147 48|3929.76 0
279 289 1 1 3 0 0 0 35155 148 147 148 147 48|3929.80 0
279 289 1 1 3 0 0 0 35162 148 147 148 147 48|3929.84 0
279 289 1 1 3 0 0 0 35164 148 147 148 147 48|3929.92 0
279 289 1 1 3 0 0 0 35174 148 147 148 147 48|3930.06 0
279 289 1 1 3 0 0 0 35175 148 147 148 147 48|3930.31 0
279 289 1 1 3 0 0 0 35176 148 147 148 147 48|3930.45 0
279 289 1 1 3 0 0 0 35180 148 147 148 147 48|3930.99 0
279 289 1 1 3 0 0 0 35183 148 147 148 147 48|3931.63 0
279 289 1 1 3 0 0 0 35184 148 147 148 147 48|3932.27 0
280 290 0 0 3 0 0 1 35184 148 148 148 148 48|3933.58 26
281 291 1 1 3 0 0 0 35184 149 148 149 148 48|3936.17 0
281 291 1 1 3 0 0 0 35185 149 148 149 148 48|3936.76 0
281 292 1 1 3 0 0 0 35185 149 149 149 149 48|3938.01 0
282 292 0 0 3 0 0 1 35185 149 149 149 149 48|3938.74 3
283 293 1 1 3 0 0 0 35188 150 149 150 149 48|3940.08 0
283 293 1 1 3 0 0 0 35192 150 149 150 149 48|3940.25 0
283 294 1 1 3 0 0 0 35192 150 150 150 150 48|3941.33 0
283 295 1 1 3 0 0 0 35192 151 150 151 150 48|3941.66 0
283 295 1 1 3 0 0 0 35193 151 150 151 150 48|3941.73 0
283 295 1 1 3 0 0 0 35194 151 150 151 150 48|3942.19 0
283 295 1 1 3 0 0 0 35195 151 150 151 150 48|3942.25 0
283 295 1 1 3 0 0 0 35197 151 150 151 150 48|3942.33 0
283 295 1 1 3 0 0 0 35201 151 150 151 150 48|3942.35 0
283 295 1 1 3 0 0 0 35203 151 150 151 150 48|3942.43 0
283 295 1 1 3 0 0 0 35204 151 150 151 150 48|3942.50 0
283 295 1 1 3 0 0 0 35205 151 150 151 150 48|3942.69 0
283 295 1 1 3 0 0 0 35206 151 150 151 150 48|3942.74 0
283 296 1 1 3 0 0 0 35206 151 151 151 151 48|3944.00 0
284 296 0 0 3 0 0 1 35206 151 151 151 151 48|3944.08 17
285 297 1 1 3 0 0 0 35206 152 151 152 151 48|3944.56 0
286 298 0 0 3 0 0 1 35206 152 152 152 152 48|3945.82 13
287 298 1 1 3 0 0 0 35207 152 152 152 152 48|3946.69 0
287 299 1 1 3 0 0 0 35208 153 152 153 152 48|3947.00 0
287 299 1 1 3 0 0 0 35209 153 152 153 152 48|3947.03 0
287 299 1 1 3 0 0 0 35211 153 152 153 152 48|3947.10 0
287 299 1 1 3 0 0 0 35216 153 152 153 152 48|3947.20 0
287 299 1 1 3 0 0 0 35223 153 152 153 152 48|3947.29 0
287 299 1 1 3 0 0 0 35230 153 152 153 152 48|3947.31 0
287 299 1 1 3 0 0 0 35241 153 152 153 152 48|3947.39 0
287 299 1 1 3 0 0 0 35242 153 152 153 152 48|3947.44 0
287 299 1 1 3 0 0 0 35246 153 152 153 152 48|3947.46 0
287 299 1 1 3 0 0 0 35250 153 152 153 152 48|3947.48 0
287 299 1 1 3 0 0 0 35257 153 152 153 152 48|3947.50 0
287 299 1 1 3 0 0 0 35259 153 152 153 152 48|3947.52 0
287 299 1 1 3 0 0 0 35265 153 152 153 152 48|3947.57 0
287 299 1 1 3 0 0 0 35275 153 152 153 152 48|3947.61 0
287 299 1 1 3 0 0 0 35284 153 152 153 152 48|3947.63 0
287 299 1 1 3 0 0 0 35292 153 152 153 152 48|3947.66 0
287 299 1 1 3 0 0 0 35300 153 152 153 152 48|3947.69 0
287 299 1 1 3 0 0 0 35307 153 152 153 152 48|3947.71 0
287 300 1 1 3 0 0 0 35307 153 153 153 153 48|3948.98 0
287 301 1 1 3 0 0 0 35307 154 153 154 153 48|3949.34 0
287 301 1 1 3 0 0 0 35308 154 153 154 153 48|3949.43 0
287 302 1 1 3 0 0 0 35308 154 154 154 154 48|3950.58 0
288 302 0 0 3 0 0 1 35308 154 154 154 154 48|3950.68 13
289 303 1 1 3 0 0 0 35308 155 154 155 154 48|3951.50 0
289 303 1 1 3 0 0 0 35309 155 154 155 154 48|3951.63 0
289 303 1 1 3 0 0 0 35311 155 154 155 154 48|3951.96 0
289 303 1 1 3 0 0 0 35313 155 154 155 154 48|3952.00 0
289 303 1 1 3 0 0 0 35319 155 154 155 154 48|3952.03 0
289 303 1 1 3 0 0 0 35322 155 154 155 154 48|3952.05 0
289 303 1 1 3 0 0 0 35323 155 154 155 154 48|3952.07 0
289 303 1 1 3 0 0 0 35327 155 154 155 154 48|3952.09 0
289 303 1 1 3 0 0 0 35331 155 154 155 154 48|3952.12 0
289 303 1 1 3 0 0 0 35336 155 154 155 154 48|3952.14 0
289 303 1 1 3 0 0 0 35338 155 154 155 154 48|3952.16 0
289 303 1 1 3 0 0 0 35343 155 154 155 154 48|3952.18 0
289 303 1 1 3 0 0 0 35346 155 154 155 154 48|3952.20 0
289 303 1 1 3 0 0 0 35349 155 154 155 154 48|3952.22 0
289 303 1 1 3 0 0 0 35352 155 154 155 154 48|3952.24 0
289 303 1 1 3 0 0 0 35355 155 154 155 154 48|3952.27 0
289 303 1 1 3 0 0 0 35362 155 154 155 154 48|3952.29 0
289 303 1 1 3 0 0 0 35365 155 154 155 154 48|3952.31 0
289 303 1 1 3 0 0 0 35371 155 154 155 154 48|3952.33 0
289 303 1 1 3 0 0 0 35376 155 154 155 154 48|3952.35 0
289 303 1 1 3 0 0 0 35382 155 154 155 154 48|3952.37 0
289 303 1 1 3 0 0 0 35384 155 154 155 154 48|3952.39 0
289 303 1 1 3 0 0 0 35390 155 154 155 154 48|3952.43 0
289 303 1 1 3 0 0 0 35396 155 154 155 154 48|3952.45 0
289 303 1 1 3 0 0 0 35400 155 154 155 154 48|3952.46 0
289 303 1 1 3 0 0 0 35402 155 154 155 154 48|3952.48 0
289 303 1 1 3 0 0 0 35408 155 154 155 154 48|3952.50 0
289 303 1 1 3 0 0 0 35410 155 154 155 154 48|3952.52 0
289 303 1 1 3 0 0 0 35414 155 154 155 154 48|3952.54 0
289 303 1 1 3 0 0 0 35416 155 154 155 154 48|3952.56 0
289 303 1 1 3 0 0 0 35419 155 154 155 154 48|3952.57 0
289 303 1 1 3 0 0 0 35424 155 154 155 154 48|3952.59 0
289 303 1 1 3 0 0 0 35426 155 154 155 154 48|3952.61 0
289 303 1 1 3 0 0 0 35430 155 154 155 154 48|3952.64 0
289 303 1 1 3 0 0 0 35437 155 154 155 154 48|3952.66 0
289 303 1 1 3 0 0 0 35439 155 154 155 154 48|3952.68 0
289 303 1 1 3 0 0 0 35441 155 154 155 154 48|3952.70 0
289 303 1 1 3 0 0 0 35445 155 154 155 154 48|3952.72 0
289 303 1 1 3 0 0 0 35447 155 154 155 154 48|3952.74 0
289 303 1 1 3 0 0 0 35451 155 154 155 154 48|3952.76 0
289 303 1 1 3 0 0 0 35453 155 154 155 154 48|3952.78 0
289 303 1 1 3 0 0 0 35455 155 154 155 154 48|3952.80 0
289 303 1 1 3 0 0 0 35459 155 154 155 154 48|3952.83 0
289 303 1 1 3 0 0 0 35463 155 154 155 154 48|3952.86 0
289 303 1 1 3 0 0 0 35470 155 154 155 154 48|3952.89 0
289 303 1 1 3 0 0 0 35477 155 154 155 154 48|3952.92 0
289 303 1 1 3 0 0 0 35482 155 154 155 154 48|3952.94 0
289 303 1 1 3 0 0 0 35488 155 154 155 154 48|3952.98 0
289 303 1 1 3 0 0 0 35493 155 154 155 154 48|3953.01 0
289 303 1 1 3 0 0 0 35496 155 154 155 154 48|3953.05 0
289 303 1 1 3 0 0 0 35501 155 154 155 154 48|3953.07 0
289 303 1 1 3 0 0 0 35505 155 154 155 154 48|3953.10 0
289 303 1 1 3 0 0 0 35509 155 154 155 154 48|3953.12 0
289 303 1 1 3 0 0 0 35520 155 154 155 154 48|3953.17 0
289 303 1 1 3 0 0 0 35529 155 154 155 154 48|3953.20 0
289 303 1 1 3 0 0 0 35533 155 154 155 154 48|3953.23 0
289 303 1 1 3 0 0 0 35535 155 154 155 154 48|3953.25 0
289 303 1 1 3 0 0 0 35541 155 154 155 154 48|3953.27 0
289 303 1 1 3 0 0 0 35543 155 154 155 154 48|3953.29 0
289 303 1 1 3 0 0 0 35549 155 154 155 154 48|3953.31 0
289 303 1 1 3 0 0 0 35553 155 154 155 154 48|3953.34 0
289 303 1 1 3 0 0 0 35555 155 154 155 154 48|3953.37 0
289 303 1 1 3 0 0 0 35559 155 154 155 154 48|3953.39 0
289 303 1 1 3 0 0 0 35564 155 154 155 154 48|3953.41 0
289 303 1 1 3 0 0 0 35566 155 154 155 154 48|3953.43 0
289 303 1 1 3 0 0 0 35569 155 154 155 154 48|3953.45 0
289 303 1 1 3 0 0 0 35572 155 154 155 154 48|3953.47 0
289 303 1 1 3 0 0 0 35575 155 154 155 154 48|3953.49 0
289 303 1 1 3 0 0 0 35581 155 154 155 154 48|3953.51 0
289 303 1 1 3 0 0 0 35586 155 154 155 154 48|3953.53 0
289 303 1 1 3 0 0 0 35588 155 154 155 154 48|3953.55 0
289 303 1 1 3 0 0 0 35590 155 154 155 154 48|3953.57 0
289 303 1 1 3 0 0 0 35597 155 154 155 154 48|3953.59 0
289 303 1 1 3 0 0 0 35601 155 154 155 154 48|3953.61 0
289 303 1 1 3 0 0 0 35605 155 154 155 154 48|3953.63 0
289 303 1 1 3 0 0 0 35611 155 154 155 154 48|3953.65 0
289 303 1 1 3 0 0 0 35613 155 154 155 154 48|3953.67 0
289 303 1 1 3 0 0 0 35615 155 154 155 154 48|3953.69 0
289 303 1 1 3 0 0 0 35618 155 154 155 154 48|3953.71 0
289 303 1 1 3 0 0 0 35622 155 154 155 154 48|3953.73 0
289 303 1 1 3 0 0 0 35632 155 154 155 154 48|3953.76 0
289 303 1 1 3 0 0 0 35638 155 154 155 154 48|3953.81 0
289 303 1 1 3 0 0 0 35640 155 154 155 154 48|3953.85 0
289 303 1 1 3 0 0 0 35647 155 154 155 154 48|3953.89 0
289 303 1 1 3 0 0 0 35650 155 154 155 154 48|3953.91 0
289 303 1 1 3 0 0 0 35655 155 154 155 154 48|3953.96 0
289 303 1 1 3 0 0 0 35660 155 154 155 154 48|3953.99 0
289 303 1 1 3 0 0 0 35666 155 154 155 154 48|3954.02 0
289 303 1 1 3 0 0 0 35673 155 154 155 154 48|3954.04 0
289 303 1 1 3 0 0 0 35677 155 154 155 154 48|3954.06 0
289 303 1 1 3 0 0 0 35681 155 154 155 154 48|3954.08 0
289 303 1 1 3 0 0 0 35690 155 154 155 154 48|3954.13 0
289 303 1 1 3 0 0 0 35695 155 154 155 154 48|3954.15 0
289 303 1 1 3 0 0 0 35697 155 154 155 154 48|3954.17 0
289 303 1 1 3 0 0 0 35705 155 154 155 154 48|3954.19 0
289 303 1 1 3 0 0 0 35707 155 154 155 154 48|3954.21 0
289 303 1 1 3 0 0 0 35712 155 154 155 154 48|3954.24 0
289 303 1 1 3 0 0 0 35715 155 154 155 154 48|3954.26 0
289 303 1 1 3 0 0 0 35721 155 154 155 154 48|3954.31 0
289 303 1 1 3 0 0 0 35727 155 154 155 154 48|3954.34 0
289 303 1 1 3 0 0 0 35734 155 154 155 154 48|3954.38 0
289 303 1 1 3 0 0 0 35739 155 154 155 154 48|3954.41 0
289 303 1 1 3 0 0 0 35743 155 154 155 154 48|3954.43 0
289 303 1 1 3 0 0 0 35748 155 154 155 154 48|3954.46 0
289 303 1 1 3 0 0 0 35752 155 154 155 154 48|3954.49 0
289 303 1 1 3 0 0 0 35756 155 154 155 154 48|3954.52 0
289 303 1 1 3 0 0 0 35758 155 154 155 154 48|3954.54 0
289 303 1 1 3 0 0 0 35763 155 154 155 154 48|3954.56 0
289 303 1 1 3 0 0 0 35766 155 154 155 154 48|3954.58 0
289 303 1 1 3 0 0 0 35770 155 154 155 154 48|3954.60 0
289 303 1 1 3 0 0 0 35773 155 154 155 154 48|3954.64 0
289 303 1 1 3 0 0 0 35781 155 154 155 154 48|3954.67 0
289 303 1 1 3 0 0 0 35786 155 154 155 154 48|3954.70 0
289 303 1 1 3 0 0 0 35789 155 154 155 154 48|3954.73 0
289 303 1 1 3 0 0 0 35793 155 154 155 154 48|3954.75 0
289 303 1 1 3 0 0 0 35797 155 154 155 154 48|3954.77 0
289 303 1 1 3 0 0 0 35812 155 154 155 154 48|3954.84 0
289 303 1 1 3 0 0 0 35818 155 154 155 154 48|3954.88 0
289 303 1 1 3 0 0 0 35821 155 154 155 154 48|3954.90 0
289 303 1 1 3 0 0 0 35823 155 154 155 154 48|3954.92 0
289 303 1 1 3 0 0 0 35826 155 154 155 154 48|3954.94 0
289 303 1 1 3 0 0 0 35832 155 154 155 154 48|3954.98 0
289 303 1 1 3 0 0 0 35835 155 154 155 154 48|3955.01 0
289 303 1 1 3 0 0 0 35837 155 154 155 154 48|3955.03 0
289 303 1 1 3 0 0 0 35843 155 154 155 154 48|3955.05 0
289 303 1 1 3 0 0 0 35855 155 154 155 154 48|3955.12 0
289 303 1 1 3 0 0 0 35859 155 154 155 154 48|3955.16 0
289 303 1 1 3 0 0 0 35863 155 154 155 154 48|3955.19 0
289 303 1 1 3 0 0 0 35868 155 154 155 154 48|3955.21 0
289 303 1 1 3 0 0 0 35872 155 154 155 154 48|3955.23 0
289 303 1 1 3 0 0 0 35876 155 154 155 154 48|3955.25 0
289 303 1 1 3 0 0 0 35882 155 154 155 154 48|3955.27 0
289 303 1 1 3 0 0 0 35885 155 154 155 154 48|3955.29 0
289 303 1 1 3 0 0 0 35887 155 154 155 154 48|3955.31 0
289 303 1 1 3 0 0 0 35896 155 154 155 154 48|3955.33 0
289 303 1 1 3 0 0 0 35906 155 154 155 154 48|3955.39 0
289 303 1 1 3 0 0 0 35909 155 154 155 154 48|3955.42 0
289 303 1 1 3 0 0 0 35913 155 154 155 154 48|3955.44 0
289 303 1 1 3 0 0 0 35916 155 154 155 154 48|3955.46 0
289 303 1 1 3 0 0 0 35921 155 154 155 154 48|3955.50 0
289 303 1 1 3 0 0 0 35926 155 154 155 154 48|3955.52 0
289 303 1 1 3 0 0 0 35929 155 154 155 154 48|3955.54 0
289 303 1 1 3 0 0 0 35931 155 154 155 154 48|3955.56 0
289 303 1 1 3 0 0 0 35934 155 154 155 154 48|3955.58 0
289 303 1 1 3 0 0 0 35937 155 154 155 154 48|3955.60 0
289 303 1 1 3 0 0 0 35943 155 154 155 154 48|3955.62 0
289 303 1 1 3 0 0 0 35945 155 154 155 154 48|3955.64 0
289 303 1 1 3 0 0 0 35950 155 154 155 154 48|3955.67 0
289 303 1 1 3 0 0 0 35955 155 154 155 154 48|3955.69 0
289 303 1 1 3 0 0 0 35967 155 154 155 154 48|3955.73 0
289 303 1 1 3 0 0 0 35971 155 154 155 154 48|3955.77 0
289 303 1 1 3 0 0 0 35984 155 154 155 154 48|3955.85 0
289 303 1 1 3 0 0 0 35989 155 154 155 154 48|3955.90 0
289 303 1 1 3 0 0 0 36010 155 154 155 154 48|3955.93 0
289 303 1 1 3 0 0 0 36016 155 154 155 154 48|3955.96 0
289 303 1 1 3 0 0 0 36023 155 154 155 154 48|3955.98 0
289 303 1 1 3 0 0 0 36025 155 154 155 154 48|3956.00 0
289 303 1 1 3 0 0 0 36030 155 154 155 154 48|3956.01 0
289 303 1 1 3 0 0 0 36034 155 154 155 154 48|3956.03 0
289 303 1 1 3 0 0 0 36036 155 154 155 154 48|3956.05 0
289 303 1 1 3 0 0 0 36037 155 154 155 154 48|3956.07 0
289 303 1 1 3 0 0 0 36043 155 154 155 154 48|3956.12 0
289 303 1 1 3 0 0 0 36045 155 154 155 154 48|3956.14 0
289 303 1 1 3 0 0 0 36050 155 154 155 154 48|3956.20 0
289 303 1 1 3 0 0 0 36058 155 154 155 154 48|3956.23 0
289 303 1 1 3 0 0 0 36060 155 154 155 154 48|3956.25 0
289 303 1 1 3 0 0 0 36064 155 154 155 154 48|3956.27 0
289 303 1 1 3 0 0 0 36066 155 154 155 154 48|3956.29 0
289 303 1 1 3 0 0 0 36073 155 154 155 154 48|3956.31 0
289 303 1 1 3 0 0 0 36076 155 154 155 154 48|3956.33 0
289 303 1 1 3 0 0 0 36082 155 154 155 154 48|3956.37 0
289 303 1 1 3 0 0 0 36089 155 154 155 154 48|3956.41 0
289 303 1 1 3 0 0 0 36094 155 154 155 154 48|3956.44 0
289 303 1 1 3 0 0 0 36099 155 154 155 154 48|3956.47 0
289 303 1 1 3 0 0 0 36106 155 154 155 154 48|3956.52 0
289 303 1 1 3 0 0 0 36108 155 154 155 154 48|3956.54 0
289 303 1 1 3 0 0 0 36116 155 154 155 154 48|3956.56 0
289 303 1 1 3 0 0 0 36124 155 154 155 154 48|3956.60 0
289 303 1 1 3 0 0 0 36129 155 154 155 154 48|3956.64 0
289 303 1 1 3 0 0 0 36136 155 154 155 154 48|3956.67 0
289 303 1 1 3 0 0 0 36142 155 154 155 154 48|3956.70 0
289 303 1 1 3 0 0 0 36147 155 154 155 154 48|3956.72 0
289 303 1 1 3 0 0 0 36148 155 154 155 154 48|3956.74 0
289 303 1 1 3 0 0 0 36151 155 154 155 154 48|3956.76 0
289 303 1 1 3 0 0 0 36153 155 154 155 154 48|3956.78 0
289 303 1 1 3 0 0 0 36159 155 154 155 154 48|3956.81 0
289 303 1 1 3 0 0 0 36160 155 154 155 154 48|3956.83 0
289 303 1 1 3 0 0 0 36174 155 154 155 154 48|3956.90 0
289 303 1 1 3 0 0 0 36177 155 154 155 154 48|3956.92 0
289 303 1 1 3 0 0 0 36180 155 154 155 154 48|3956.94 0
289 303 1 1 3 0 0 0 36185 155 154 155 154 48|3956.96 0
289 303 1 1 3 0 0 0 36188 155 154 155 154 48|3956.98 0
289 303 1 1 3 0 0 0 36191 155 154 155 154 48|3957.00 0
289 303 1 1 3 0 0 0 36199 155 154 155 154 48|3957.04 0
289 303 1 1 3 0 0 0 36201 155 154 155 154 48|3957.06 0
289 303 1 1 3 0 0 0 36207 155 154 155 154 48|3957.08 0
289 303 1 1 3 0 0 0 36208 155 154 155 154 48|3957.10 0
289 303 1 1 3 0 0 0 36218 155 154 155 154 48|3957.14 0
289 303 1 1 3 0 0 0 36228 155 154 155 154 48|3957.16 0
289 303 1 1 3 0 0 0 36235 155 154 155 154 48|3957.19 0
289 303 1 1 3 0 0 0 36248 155 154 155 154 48|3957.24 0
289 303 1 1 3 0 0 0 36252 155 154 155 154 48|3957.27 0
289 303 1 1 3 0 0 0 36255 155 154 155 154 48|3957.29 0
289 303 1 1 3 0 0 0 36260 155 154 155 154 48|3957.31 0
289 303 1 1 3 0 0 0 36264 155 154 155 154 48|3957.33 0
289 303 1 1 3 0 0 0 36273 155 154 155 154 48|3957.35 0
289 303 1 1 3 0 0 0 36279 155 154 155 154 48|3957.38 0
289 303 1 1 3 0 0 0 36282 155 154 155 154 48|3957.41 0
289 303 1 1 3 0 0 0 36288 155 154 155 154 48|3957.43 0
289 303 1 1 3 0 0 0 36291 155 154 155 154 48|3957.45 0
289 303 1 1 3 0 0 0 36294 155 154 155 154 48|3957.47 0
289 303 1 1 3 0 0 0 36296 155 154 155 154 48|3957.49 0
289 303 1 1 3 0 0 0 36298 155 154 155 154 48|3957.51 0
289 303 1 1 3 0 0 0 36301 155 154 155 154 48|3957.53 0
289 303 1 1 3 0 0 0 36306 155 154 155 154 48|3957.56 0
289 303 1 1 3 0 0 0 36309 155 154 155 154 48|3957.59 0
289 303 1 1 3 0 0 0 36311 155 154 155 154 48|3957.61 0
289 303 1 1 3 0 0 0 36313 155 154 155 154 48|3957.63 0
289 303 1 1 3 0 0 0 36315 155 154 155 154 48|3957.65 0
289 303 1 1 3 0 0 0 36317 155 154 155 154 48|3957.67 0
289 303 1 1 3 0 0 0 36324 155 154 155 154 48|3957.69 0
289 303 1 1 3 0 0 0 36325 155 154 155 154 48|3957.71 0
289 303 1 1 3 0 0 0 36329 155 154 155 154 48|3957.73 0
289 303 1 1 3 0 0 0 36332 155 154 155 154 48|3957.76 0
289 303 1 1 3 0 0 0 36335 155 154 155 154 48|3957.79 0
289 303 1 1 3 0 0 0 36338 155 154 155 154 48|3957.82 0
289 303 1 1 3 0 0 0 36342 155 154 155 154 48|3957.84 0
289 303 1 1 3 0 0 0 36344 155 154 155 154 48|3957.87 0
289 303 1 1 3 0 0 0 36348 155 154 155 154 48|3957.89 0
289 303 1 1 3 0 0 0 36352 155 154 155 154 48|3957.91 0
289 303 1 1 3 0 0 0 36356 155 154 155 154 48|3957.93 0
289 303 1 1 3 0 0 0 36358 155 154 155 154 48|3957.95 0
289 303 1 1 3 0 0 0 36361 155 154 155 154 48|3957.97 0
289 303 1 1 3 0 0 0 36367 155 154 155 154 48|3958.00 0
289 303 1 1 3 0 0 0 36372 155 154 155 154 48|3958.02 0
289 303 1 1 3 0 0 0 36375 155 154 155 154 48|3958.04 0
289 303 1 1 3 0 0 0 36377 155 154 155 154 48|3958.06 0
289 303 1 1 3 0 0 0 36381 155 154 155 154 48|3958.08 0
289 303 1 1 3 0 0 0 36387 155 154 155 154 48|3958.12 0
289 303 1 1 3 0 0 0 36394 155 154 155 154 48|3958.17 0
289 303 1 1 3 0 0 0 36401 155 154 155 154 48|3958.24 0
289 303 1 1 3 0 0 0 36409 155 154 155 154 48|3958.30 0
289 303 1 1 3 0 0 0 36412 155 154 155 154 48|3958.33 0
289 303 1 1 3 0 0 0 36419 155 154 155 154 48|3958.35 0
289 303 1 1 3 0 0 0 36429 155 154 155 154 48|3958.39 0
289 303 1 1 3 0 0 0 36437 155 154 155 154 48|3958.45 0
289 303 1 1 3 0 0 0 36445 155 154 155 154 48|3958.48 0
289 303 1 1 3 0 0 0 36449 155 154 155 154 48|3958.52 0
289 303 1 1 3 0 0 0 36454 155 154 155 154 48|3958.54 0
289 303 1 1 3 0 0 0 36456 155 154 155 154 48|3958.56 0
289 303 1 1 3 0 0 0 36457 155 154 155 154 48|3958.58 0
289 303 1 1 3 0 0 0 36464 155 154 155 154 48|3958.61 0
289 303 1 1 3 0 0 0 36469 155 154 155 154 48|3958.65 0
289 303 1 1 3 0 0 0 36474 155 154 155 154 48|3958.67 0
289 303 1 1 3 0 0 0 36483 155 154 155 154 48|3958.70 0
289 303 1 1 3 0 0 0 36487 155 154 155 154 48|3958.73 0
289 303 1 1 3 0 0 0 36491 155 154 155 154 48|3958.75 0
289 303 1 1 3 0 0 0 36499 155 154 155 154 48|3958.79 0
289 303 1 1 3 0 0 0 36502 155 154 155 154 48|3958.81 0
289 303 1 1 3 0 0 0 36507 155 154 155 154 48|3958.83 0
289 303 1 1 3 0 0 0 36511 155 154 155 154 48|3958.85 0
289 303 1 1 3 0 0 0 36512 155 154 155 154 48|3958.87 0
289 303 1 1 3 0 0 0 36514 155 154 155 154 48|3958.90 0
289 303 1 1 3 0 0 0 36520 155 154 155 154 48|3958.93 0
289 303 1 1 3 0 0 0 36525 155 154 155 154 48|3958.96 0
289 303 1 1 3 0 0 0 36529 155 154 155 154 48|3958.99 0
289 303 1 1 3 0 0 0 36531 155 154 155 154 48|3959.01 0
289 303 1 1 3 0 0 0 36534 155 154 155 154 48|3959.04 0
289 303 1 1 3 0 0 0 36539 155 154 155 154 48|3959.07 0
289 303 1 1 3 0 0 0 36547 155 154 155 154 48|3959.10 0
289 303 1 1 3 0 0 0 36551 155 154 155 154 48|3959.12 0
289 303 1 1 3 0 0 0 36558 155 154 155 154 48|3959.14 0
289 303 1 1 3 0 0 0 36561 155 154 155 154 48|3959.16 0
289 303 1 1 3 0 0 0 36566 155 154 155 154 48|3959.19 0
289 303 1 1 3 0 0 0 36571 155 154 155 154 48|3959.21 0
289 303 1 1 3 0 0 0 36578 155 154 155 154 48|3959.25 0
289 303 1 1 3 0 0 0 36584 155 154 155 154 48|3959.28 0
289 303 1 1 3 0 0 0 36586 155 154 155 154 48|3959.30 0
289 303 1 1 3 0 0 0 36590 155 154 155 154 48|3959.32 0
289 303 1 1 3 0 0 0 36596 155 154 155 154 48|3959.35 0
289 303 1 1 3 0 0 0 36602 155 154 155 154 48|3959.38 0
289 303 1 1 3 0 0 0 36610 155 154 155 154 48|3959.42 0
289 303 1 1 3 0 0 0 36613 155 154 155 154 48|3959.44 0
289 303 1 1 3 0 0 0 36617 155 154 155 154 48|3959.46 0
289 303 1 1 3 0 0 0 36618 155 154 155 154 48|3959.48 0
289 303 1 1 3 0 0 0 36619 155 154 155 154 48|3959.50 0
289 303 1 1 3 0 0 0 36623 155 154 155 154 48|3959.52 0
289 303 1 1 3 0 0 0 36625 155 154 155 154 48|3959.54 0
289 303 1 1 3 0 0 0 36628 155 154 155 154 48|3959.56 0
289 303 1 1 3 0 0 0 36632 155 154 155 154 48|3959.58 0
289 303 1 1 3 0 0 0 36636 155 154 155 154 48|3959.60 0
289 303 1 1 3 0 0 0 36638 155 154 155 154 48|3959.62 0
289 303 1 1 3 0 0 0 36642 155 154 155 154 48|3959.64 0
289 303 1 1 3 0 0 0 36644 155 154 155 154 48|3959.67 0
289 303 1 1 3 0 0 0 36650 155 154 155 154 48|3959.69 0
289 303 1 1 3 0 0 0 36651 155 154 155 154 48|3959.71 0
289 303 1 1 3 0 0 0 36653 155 154 155 154 48|3959.73 0
289 303 1 1 3 0 0 0 36657 155 154 155 154 48|3959.75 0
289 303 1 1 3 0 0 0 36662 155 154 155 154 48|3959.77 0
289 303 1 1 3 0 0 0 36663 155 154 155 154 48|3959.79 0
289 303 1 1 3 0 0 0 36667 155 154 155 154 48|3959.81 0
289 303 1 1 3 0 0 0 36671 155 154 155 154 48|3959.83 0
289 303 1 1 3 0 0 0 36675 155 154 155 154 48|3959.85 0
289 303 1 1 3 0 0 0 36682 155 154 155 154 48|3959.88 0
289 303 1 1 3 0 0 0 36686 155 154 155 154 48|3959.91 0
289 303 1 1 3 0 0 0 36690 155 154 155 154 48|3959.94 0
289 303 1 1 3 0 0 0 36695 155 154 155 154 48|3959.96 0
289 303 1 1 3 0 0 0 36700 155 154 155 154 48|3959.99 0
289 303 1 1 3 0 0 0 36703 155 154 155 154 48|3960.02 0
289 303 1 1 3 0 0 0 36705 155 154 155 154 48|3960.03 0
289 303 1 1 3 0 0 0 36709 155 154 155 154 48|3960.05 0
289 303 1 1 3 0 0 0 36710 155 154 155 154 48|3960.07 0
289 303 1 1 3 0 0 0 36716 155 154 155 154 48|3960.10 0
289 303 1 1 3 0 0 0 36721 155 154 155 154 48|3960.12 0
289 303 1 1 3 0 0 0 36723 155 154 155 154 48|3960.16 0
289 303 1 1 3 0 0 0 36726 155 154 155 154 48|3960.18 0
289 303 1 1 3 0 0 0 36731 155 154 155 154 48|3960.20 0
289 303 1 1 3 0 0 0 36733 155 154 155 154 48|3960.22 0
289 303 1 1 3 0 0 0 36737 155 154 155 154 48|3960.25 0
289 303 1 1 3 0 0 0 36739 155 154 155 154 48|3960.26 0
289 303 1 1 3 0 0 0 36741 155 154 155 154 48|3960.28 0
289 303 1 1 3 0 0 0 36753 155 154 155 154 48|3960.35 0
289 303 1 1 3 0 0 0 36758 155 154 155 154 48|3960.39 0
289 303 1 1 3 0 0 0 36762 155 154 155 154 48|3960.41 0
289 303 1 1 3 0 0 0 36767 155 154 155 154 48|3960.44 0
289 303 1 1 3 0 0 0 36776 155 154 155 154 48|3960.49 0
289 303 1 1 3 0 0 0 36782 155 154 155 154 48|3960.52 0
289 303 1 1 3 0 0 0 36785 155 154 155 154 48|3960.55 0
289 303 1 1 3 0 0 0 36787 155 154 155 154 48|3960.57 0
289 303 1 1 3 0 0 0 36791 155 154 155 154 48|3960.59 0
289 303 1 1 3 0 0 0 36795 155 154 155 154 48|3960.61 0
289 303 1 1 3 0 0 0 36799 155 154 155 154 48|3960.65 0
289 303 1 1 3 0 0 0 36805 155 154 155 154 48|3960.69 0
289 303 1 1 3 0 0 0 36812 155 154 155 154 48|3960.71 0
289 303 1 1 3 0 0 0 36814 155 154 155 154 48|3960.73 0
289 303 1 1 3 0 0 0 36819 155 154 155 154 48|3960.76 0
289 303 1 1 3 0 0 0 36823 155 154 155 154 48|3960.79 0
289 303 1 1 3 0 0 0 36830 155 154 155 154 48|3960.82 0
289 303 1 1 3 0 0 0 36835 155 154 155 154 48|3960.84 0
289 303 1 1 3 0 0 0 36845 155 154 155 154 48|3960.93 0
289 303 1 1 3 0 0 0 36847 155 154 155 154 48|3960.97 0
289 303 1 1 3 0 0 0 36851 155 154 155 154 48|3960.99 0
289 303 1 1 3 0 0 0 36862 155 154 155 154 48|3961.03 0
289 303 1 1 3 0 0 0 36875 155 154 155 154 48|3961.08 0
289 303 1 1 3 0 0 0 36882 155 154 155 154 48|3961.11 0
289 303 1 1 3 0 0 0 36886 155 154 155 154 48|3961.14 0
289 303 1 1 3 0 0 0 36893 155 154 155 154 48|3961.16 0
289 303 1 1 3 0 0 0 36895 155 154 155 154 48|3961.18 0
289 303 1 1 3 0 0 0 36899 155 154 155 154 48|3961.20 0
289 303 1 1 3 0 0 0 36908 155 154 155 154 48|3961.24 0
289 303 1 1 3 0 0 0 36910 155 154 155 154 48|3961.26 0
289 303 1 1 3 0 0 0 36916 155 154 155 154 48|3961.28 0
289 303 1 1 3 0 0 0 36922 155 154 155 154 48|3961.32 0
289 303 1 1 3 0 0 0 36930 155 154 155 154 48|3961.35 0
289 303 1 1 3 0 0 0 36936 155 154 155 154 48|3961.38 0
289 303 1 1 3 0 0 0 36940 155 154 155 154 48|3961.40 0
289 303 1 1 3 0 0 0 36944 155 154 155 154 48|3961.42 0
289 303 1 1 3 0 0 0 36950 155 154 155 154 48|3961.45 0
289 303 1 1 3 0 0 0 36954 155 154 155 154 48|3961.47 0
289 303 1 1 3 0 0 0 36958 155 154 155 154 48|3961.49 0
289 303 1 1 3 0 0 0 36962 155 154 155 154 48|3961.51 0
289 303 1 1 3 0 0 0 36968 155 154 155 154 48|3961.53 0
289 303 1 1 3 0 0 0 36973 155 154 155 154 48|3961.55 0
289 303 1 1 3 0 0 0 36977 155 154 155 154 48|3961.57 0
289 303 1 1 3 0 0 0 36984 155 154 155 154 48|3961.59 0
289 303 1 1 3 0 0 0 36987 155 154 155 154 48|3961.61 0
289 303 1 1 3 0 0 0 36992 155 154 155 154 48|3961.63 0
289 303 1 1 3 0 0 0 36995 155 154 155 154 48|3961.67 0
289 303 1 1 3 0 0 0 37001 155 154 155 154 48|3961.69 0
289 303 1 1 3 0 0 0 37002 155 154 155 154 48|3961.71 0
289 303 1 1 3 0 0 0 37010 155 154 155 154 48|3961.74 0
289 303 1 1 3 0 0 0 37015 155 154 155 154 48|3961.77 0
289 303 1 1 3 0 0 0 37022 155 154 155 154 48|3961.80 0
289 303 1 1 3 0 0 0 37027 155 154 155 154 48|3961.83 0
289 303 1 1 3 0 0 0 37033 155 154 155 154 48|3961.85 0
289 303 1 1 3 0 0 0 37037 155 154 155 154 48|3961.87 0
289 303 1 1 3 0 0 0 37044 155 154 155 154 48|3961.89 0
289 303 1 1 3 0 0 0 37047 155 154 155 154 48|3961.91 0
289 303 1 1 3 0 0 0 37060 155 154 155 154 48|3962.01 0
289 303 1 1 3 0 0 0 37074 155 154 155 154 48|3962.03 0
289 303 1 1 3 0 0 0 37081 155 154 155 154 48|3962.06 0
289 303 1 1 3 0 0 0 37085 155 154 155 154 48|3962.08 0
289 303 1 1 3 0 0 0 37087 155 154 155 154 48|3962.11 0
289 303 1 1 3 0 0 0 37093 155 154 155 154 48|3962.13 0
289 303 1 1 3 0 0 0 37098 155 154 155 154 48|3962.15 0
289 303 1 1 3 0 0 0 37103 155 154 155 154 48|3962.19 0
289 303 1 1 3 0 0 0 37108 155 154 155 154 48|3962.21 0
289 303 1 1 3 0 0 0 37114 155 154 155 154 48|3962.23 0
289 303 1 1 3 0 0 0 37118 155 154 155 154 48|3962.27 0
289 303 1 1 3 0 0 0 37121 155 154 155 154 48|3962.30 0
289 303 1 1 3 0 0 0 37124 155 154 155 154 48|3962.32 0
289 303 1 1 3 0 0 0 37127 155 154 155 154 48|3962.34 0
289 303 1 1 3 0 0 0 37131 155 154 155 154 48|3962.36 0
289 303 1 1 3 0 0 0 37140 155 154 155 154 48|3962.38 0
289 303 1 1 3 0 0 0 37142 155 154 155 154 48|3962.41 0
289 303 1 1 3 0 0 0 37148 155 154 155 154 48|3962.43 0
289 303 1 1 3 0 0 0 37153 155 154 155 154 48|3962.45 0
289 303 1 1 3 0 0 0 37155 155 154 155 154 48|3962.47 0
289 303 1 1 3 0 0 0 37163 155 154 155 154 48|3962.49 0
289 303 1 1 3 0 0 0 37167 155 154 155 154 48|3962.52 0
289 303 1 1 3 0 0 0 37173 155 154 155 154 48|3962.54 0
289 303 1 1 3 0 0 0 37180 155 154 155 154 48|3962.56 0
289 303 1 1 3 0 0 0 37183 155 154 155 154 48|3962.58 0
289 303 1 1 3 0 0 0 37189 155 154 155 154 48|3962.62 0
289 303 1 1 3 0 0 0 37193 155 154 155 154 48|3962.64 0
289 303 1 1 3 0 0 0 37198 155 154 155 154 48|3962.66 0
289 303 1 1 3 0 0 0 37201 155 154 155 154 48|3962.68 0
289 303 1 1 3 0 0 0 37204 155 154 155 154 48|3962.70 0
289 303 1 1 3 0 0 0 37206 155 154 155 154 48|3962.85 0
289 303 1 1 3 0 0 0 37214 155 154 155 154 48|3963.31 0
289 303 1 1 3 0 0 0 37223 155 154 155 154 48|3963.40 0
289 303 1 1 3 0 0 0 37227 155 154 155 154 48|3963.41 0
289 303 1 1 3 0 0 0 37228 155 154 155 154 48|3963.48 0
289 303 1 1 3 0 0 0 37239 155 154 155 154 48|3963.51 0
289 303 1 1 3 0 0 0 37243 155 154 155 154 48|3963.53 0
289 303 1 1 3 0 0 0 37248 155 154 155 154 48|3963.58 0
289 303 1 1 3 0 0 0 37256 155 154 155 154 48|3963.60 0
289 303 1 1 3 0 0 0 37270 155 154 155 154 48|3963.62 0
289 303 1 1 3 0 0 0 37282 155 154 155 154 48|3963.65 0
289 303 1 1 3 0 0 0 37298 155 154 155 154 48|3963.68 0
289 303 1 1 3 0 0 0 37299 155 154 155 154 48|3963.76 0
289 303 1 1 3 0 0 0 37300 155 154 155 154 48|3964.35 0
289 303 1 1 3 0 0 0 37301 155 154 155 154 48|3964.89 0
289 303 1 1 3 0 0 0 37302 155 154 155 154 48|3965.24 0
289 303 1 1 3 0 0 0 37306 155 154 155 154 48|3965.25 0
289 303 1 1 3 0 0 0 37307 155 154 155 154 48|3965.27 0
289 303 1 1 3 0 0 0 37308 155 154 155 154 48|3966.03 0
289 303 1 1 3 0 0 0 37309 155 154 155 154 48|3966.83 0
289 303 1 1 3 0 0 0 37318 155 154 155 154 48|3966.88 0
289 303 1 1 3 0 0 0 37320 155 154 155 154 48|3966.90 0
289 303 1 1 3 0 0 0 37325 155 154 155 154 48|3966.96 0
289 303 1 1 3 0 0 0 37332 155 154 155 154 48|3966.98 0
289 303 1 1 3 0 0 0 37334 155 154 155 154 48|3967.00 0
289 303 1 1 3 0 0 0 37336 155 154 155 154 48|3967.02 0
289 303 1 1 3 0 0 0 37341 155 154 155 154 48|3967.04 0
289 303 1 1 3 0 0 0 37343 155 154 155 154 48|3967.05 0
289 303 1 1 3 0 0 0 37344 155 154 155 154 48|3967.11 0
289 303 1 1 3 0 0 0 37345 155 154 155 154 48|3967.19 0
289 303 1 1 3 0 0 0 37346 155 154 155 154 48|3967.21 0
289 303 1 1 3 0 0 0 37347 155 154 155 154 48|3967.38 0
289 303 1 1 3 0 0 0 37355 155 154 155 154 48|3967.56 0
289 303 1 1 3 0 0 0 37357 155 154 155 154 48|3967.58 0
289 303 1 1 3 0 0 0 37364 155 154 155 154 48|3967.65 0
289 303 1 1 3 0 0 0 37366 155 154 155 154 48|3967.66 0
289 303 1 1 3 0 0 0 37370 155 154 155 154 48|3967.68 0
289 303 1 1 3 0 0 0 37383 155 154 155 154 48|3967.76 0
289 303 1 1 3 0 0 0 37390 155 154 155 154 48|3967.78 0
289 303 1 1 3 0 0 0 37393 155 154 155 154 48|3967.84 0
289 303 1 1 3 0 0 0 37402 155 154 155 154 48|3967.86 0
289 303 1 1 3 0 0 0 37410 155 154 155 154 48|3967.88 0
289 303 1 1 3 0 0 0 37417 155 154 155 154 48|3967.91 0
289 303 1 1 3 0 0 0 37430 155 154 155 154 48|3967.94 0
289 303 1 1 3 0 0 0 37442 155 154 155 154 48|3967.96 0
289 303 1 1 3 0 0 0 37443 155 154 155 154 48|3969.10 0
289 303 1 1 3 0 0 0 37446 155 154 155 154 48|3969.48 0
289 303 1 1 3 0 0 0 37447 155 154 155 154 48|3970.18 0
289 303 1 1 3 0 0 0 37449 155 154 155 154 48|3971.00 0
289 303 1 1 3 0 0 0 37454 155 154 155 154 48|3971.02 0
289 303 1 1 3 0 0 0 37457 155 154 155 154 48|3971.04 0
289 303 1 1 3 0 0 0 37461 155 154 155 154 48|3971.07 0
289 303 1 1 3 0 0 0 37468 155 154 155 154 48|3971.12 0
289 303 1 1 3 0 0 0 37473 155 154 155 154 48|3971.14 0
289 303 1 1 3 0 0 0 37475 155 154 155 154 48|3971.16 0
289 303 1 1 3 0 0 0 37477 155 154 155 154 48|3971.18 0
289 303 1 1 3 0 0 0 37481 155 154 155 154 48|3971.20 0
289 303 1 1 3 0 0 0 37487 155 154 155 154 48|3971.22 0
289 303 1 1 3 0 0 0 37490 155 154 155 154 48|3971.24 0
289 303 1 1 3 0 0 0 37497 155 154 155 154 48|3971.29 0
289 303 1 1 3 0 0 0 37501 155 154 155 154 48|3971.31 0
289 303 1 1 3 0 0 0 37505 155 154 155 154 48|3971.34 0
289 303 1 1 3 0 0 0 37507 155 154 155 154 48|3971.36 0
289 303 1 1 3 0 0 0 37509 155 154 155 154 48|3971.38 0
289 303 1 1 3 0 0 0 37516 155 154 155 154 48|3971.40 0
289 303 1 1 3 0 0 0 37519 155 154 155 154 48|3971.42 0
289 303 1 1 3 0 0 0 37524 155 154 155 154 48|3971.44 0
289 303 1 1 3 0 0 0 37527 155 154 155 154 48|3971.46 0
289 303 1 1 3 0 0 0 37530 155 154 155 154 48|3971.48 0
289 303 1 1 3 0 0 0 37531 155 154 155 154 48|3971.50 0
289 303 1 1 3 0 0 0 37532 155 154 155 154 48|3971.52 0
289 303 1 1 3 0 0 0 37536 155 154 155 154 48|3971.55 0
289 303 1 1 3 0 0 0 37542 155 154 155 154 48|3971.58 0
289 303 1 1 3 0 0 0 37547 155 154 155 154 48|3971.61 0
289 303 1 1 3 0 0 0 37553 155 154 155 154 48|3971.63 0
289 303 1 1 3 0 0 0 37557 155 154 155 154 48|3971.65 0
289 303 1 1 3 0 0 0 37563 155 154 155 154 48|3971.67 0
289 303 1 1 3 0 0 0 37566 155 154 155 154 48|3971.71 0
289 303 1 1 3 0 0 0 37570 155 154 155 154 48|3971.73 0
289 303 1 1 3 0 0 0 37577 155 154 155 154 48|3971.76 0
289 303 1 1 3 0 0 0 37584 155 154 155 154 48|3971.79 0
289 303 1 1 3 0 0 0 37588 155 154 155 154 48|3971.81 0
289 303 1 1 3 0 0 0 37594 155 154 155 154 48|3971.83 0
289 303 1 1 3 0 0 0 37595 155 154 155 154 48|3971.85 0
289 303 1 1 3 0 0 0 37600 155 154 155 154 48|3971.87 0
289 303 1 1 3 0 0 0 37603 155 154 155 154 48|3971.89 0
289 303 1 1 3 0 0 0 37607 155 154 155 154 48|3971.92 0
289 303 1 1 3 0 0 0 37610 155 154 155 154 48|3971.94 0
289 303 1 1 3 0 0 0 37612 155 154 155 154 48|3971.97 0
289 303 1 1 3 0 0 0 37614 155 154 155 154 48|3971.99 0
289 303 1 1 3 0 0 0 37619 155 154 155 154 48|3972.02 0
289 303 1 1 3 0 0 0 37621 155 154 155 154 48|3972.05 0
289 303 1 1 3 0 0 0 37627 155 154 155 154 48|3972.08 0
289 303 1 1 3 0 0 0 37629 155 154 155 154 48|3972.09 0
289 303 1 1 3 0 0 0 37633 155 154 155 154 48|3972.11 0
289 303 1 1 3 0 0 0 37638 155 154 155 154 48|3972.13 0
289 303 1 1 3 0 0 0 37640 155 154 155 154 48|3972.15 0
289 303 1 1 3 0 0 0 37644 155 154 155 154 48|3972.17 0
289 303 1 1 3 0 0 0 37648 155 154 155 154 48|3972.20 0
289 303 1 1 3 0 0 0 37653 155 154 155 154 48|3972.23 0
289 303 1 1 3 0 0 0 37660 155 154 155 154 48|3972.27 0
289 303 1 1 3 0 0 0 37663 155 154 155 154 48|3972.29 0
289 303 1 1 3 0 0 0 37669 155 154 155 154 48|3972.33 0
289 303 1 1 3 0 0 0 37676 155 154 155 154 48|3972.36 0
289 303 1 1 3 0 0 0 37677 155 154 155 154 48|3972.38 0
289 303 1 1 3 0 0 0 37681 155 154 155 154 48|3972.40 0
289 303 1 1 3 0 0 0 37685 155 154 155 154 48|3972.42 0
289 303 1 1 3 0 0 0 37687 155 154 155 154 48|3972.44 0
289 303 1 1 3 0 0 0 37689 155 154 155 154 48|3972.46 0
289 303 1 1 3 0 0 0 37692 155 154 155 154 48|3972.48 0
289 303 1 1 3 0 0 0 37696 155 154 155 154 48|3972.50 0
289 303 1 1 3 0 0 0 37700 155 154 155 154 48|3972.52 0
289 303 1 1 3 0 0 0 37707 155 154 155 154 48|3972.57 0
289 303 1 1 3 0 0 0 37713 155 154 155 154 48|3972.59 0
289 303 1 1 3 0 0 0 37717 155 154 155 154 48|3972.62 0
289 303 1 1 3 0 0 0 37721 155 154 155 154 48|3972.64 0
289 303 1 1 3 0 0 0 37723 155 154 155 154 48|3972.66 0
289 303 1 1 3 0 0 0 37726 155 154 155 154 48|3972.68 0
289 303 1 1 3 0 0 0 37728 155 154 155 154 48|3972.70 0
289 303 1 1 3 0 0 0 37732 155 154 155 154 48|3972.72 0
289 303 1 1 3 0 0 0 37734 155 154 155 154 48|3972.75 0
289 303 1 1 3 0 0 0 37737 155 154 155 154 48|3972.77 0
289 303 1 1 3 0 0 0 37741 155 154 155 154 48|3972.80 0
289 303 1 1 3 0 0 0 37746 155 154 155 154 48|3972.82 0
289 303 1 1 3 0 0 0 37747 155 154 155 154 48|3972.84 0
289 303 1 1 3 0 0 0 37752 155 154 155 154 48|3972.86 0
289 303 1 1 3 0 0 0 37755 155 154 155 154 48|3972.88 0
289 303 1 1 3 0 0 0 37756 155 154 155 154 48|3972.89 0
289 303 1 1 3 0 0 0 37762 155 154 155 154 48|3972.91 0
289 303 1 1 3 0 0 0 37766 155 154 155 154 48|3972.95 0
289 303 1 1 3 0 0 0 37768 155 154 155 154 48|3972.97 0
289 303 1 1 3 0 0 0 37772 155 154 155 154 48|3972.98 0
289 303 1 1 3 0 0 0 37774 155 154 155 154 48|3973.00 0
289 303 1 1 3 0 0 0 37778 155 154 155 154 48|3973.02 0
289 303 1 1 3 0 0 0 37780 155 154 155 154 48|3973.04 0
289 303 1 1 3 0 0 0 37783 155 154 155 154 48|3973.06 0
289 303 1 1 3 0 0 0 37785 155 154 155 154 48|3973.08 0
289 303 1 1 3 0 0 0 37786 155 154 155 154 48|3973.10 0
289 303 1 1 3 0 0 0 37790 155 154 155 154 48|3973.12 0
289 303 1 1 3 0 0 0 37791 155 154 155 154 48|3973.14 0
289 303 1 1 3 0 0 0 37795 155 154 155 154 48|3973.18 0
289 303 1 1 3 0 0 0 37799 155 154 155 154 48|3973.21 0
289 303 1 1 3 0 0 0 37803 155 154 155 154 48|3973.24 0
289 303 1 1 3 0 0 0 37806 155 154 155 154 48|3973.26 0
289 303 1 1 3 0 0 0 37811 155 154 155 154 48|3973.29 0
289 303 1 1 3 0 0 0 37819 155 154 155 154 48|3973.34 0
289 303 1 1 3 0 0 0 37820 155 154 155 154 48|3973.36 0
289 303 1 1 3 0 0 0 37823 155 154 155 154 48|3973.38 0
289 303 1 1 3 0 0 0 37827 155 154 155 154 48|3973.42 0
289 303 1 1 3 0 0 0 37834 155 154 155 154 48|3973.45 0
289 303 1 1 3 0 0 0 37839 155 154 155 154 48|3973.47 0
289 303 1 1 3 0 0 0 37843 155 154 155 154 48|3973.49 0
289 303 1 1 3 0 0 0 37852 155 154 155 154 48|3973.55 0
289 303 1 1 3 0 0 0 37855 155 154 155 154 48|3973.58 0
289 303 1 1 3 0 0 0 37859 155 154 155 154 48|3973.61 0
289 303 1 1 3 0 0 0 37863 155 154 155 154 48|3973.63 0
289 303 1 1 3 0 0 0 37864 155 154 155 154 48|3973.65 0
289 303 1 1 3 0 0 0 37869 155 154 155 154 48|3973.68 0
289 303 1 1 3 0 0 0 37874 155 154 155 154 48|3973.70 0
289 303 1 1 3 0 0 0 37880 155 154 155 154 48|3973.73 0
289 303 1 1 3 0 0 0 37883 155 154 155 154 48|3973.75 0
289 303 1 1 3 0 0 0 37890 155 154 155 154 48|3973.78 0
289 303 1 1 3 0 0 0 37897 155 154 155 154 48|3973.82 0
289 303 1 1 3 0 0 0 37902 155 154 155 154 48|3973.84 0
289 303 1 1 3 0 0 0 37908 155 154 155 154 48|3973.89 0
289 303 1 1 3 0 0 0 37910 155 154 155 154 48|3973.91 0
289 303 1 1 3 0 0 0 37916 155 154 155 154 48|3973.93 0
289 303 1 1 3 0 0 0 37918 155 154 155 154 48|3973.95 0
289 303 1 1 3 0 0 0 37920 155 154 155 154 48|3973.97 0
289 303 1 1 3 0 0 0 37923 155 154 155 154 48|3973.99 0
289 303 1 1 3 0 0 0 37926 155 154 155 154 48|3974.00 0
289 303 1 1 3 0 0 0 37931 155 154 155 154 48|3974.03 0
289 303 1 1 3 0 0 0 37934 155 154 155 154 48|3974.06 0
289 303 1 1 3 0 0 0 37940 155 154 155 154 48|3974.09 0
289 303 1 1 3 0 0 0 37942 155 154 155 154 48|3974.11 0
289 303 1 1 3 0 0 0 37944 155 154 155 154 48|3974.14 0
289 303 1 1 3 0 0 0 37948 155 154 155 154 48|3974.16 0
289 303 1 1 3 0 0 0 37955 155 154 155 154 48|3974.18 0
289 303 1 1 3 0 0 0 37957 155 154 155 154 48|3974.20 0
289 303 1 1 3 0 0 0 37959 155 154 155 154 48|3974.22 0
289 303 1 1 3 0 0 0 37962 155 154 155 154 48|3974.24 0
289 303 1 1 3 0 0 0 37969 155 154 155 154 48|3974.26 0
289 303 1 1 3 0 0 0 37971 155 154 155 154 48|3974.28 0
289 303 1 1 3 0 0 0 37976 155 154 155 154 48|3974.30 0
289 303 1 1 3 0 0 0 37980 155 154 155 154 48|3974.32 0
289 303 1 1 3 0 0 0 37982 155 154 155 154 48|3974.34 0
289 303 1 1 3 0 0 0 37986 155 154 155 154 48|3974.36 0
289 303 1 1 3 0 0 0 37989 155 154 155 154 48|3974.39 0
289 303 1 1 3 0 0 0 37991 155 154 155 154 48|3974.42 0
289 303 1 1 3 0 0 0 37994 155 154 155 154 48|3974.43 0
289 303 1 1 3 0 0 0 37998 155 154 155 154 48|3974.45 0
289 303 1 1 3 0 0 0 38003 155 154 155 154 48|3974.48 0
289 303 1 1 3 0 0 0 38008 155 154 155 154 48|3974.51 0
289 303 1 1 3 0 0 0 38015 155 154 155 154 48|3974.53 0
289 303 1 1 3 0 0 0 38018 155 154 155 154 48|3974.55 0
289 303 1 1 3 0 0 0 38022 155 154 155 154 48|3974.58 0
289 303 1 1 3 0 0 0 38030 155 154 155 154 48|3974.63 0
289 303 1 1 3 0 0 0 38033 155 154 155 154 48|3974.65 0
289 303 1 1 3 0 0 0 38037 155 154 155 154 48|3974.67 0
289 303 1 1 3 0 0 0 38044 155 154 155 154 48|3974.70 0
289 303 1 1 3 0 0 0 38049 155 154 155 154 48|3974.73 0
289 303 1 1 3 0 0 0 38056 155 154 155 154 48|3974.75 0
289 303 1 1 3 0 0 0 38063 155 154 155 154 48|3974.78 0
289 303 1 1 3 0 0 0 38065 155 154 155 154 48|3974.79 0
289 303 1 1 3 0 0 0 38070 155 154 155 154 48|3974.81 0
289 303 1 1 3 0 0 0 38077 155 154 155 154 48|3974.86 0
289 303 1 1 3 0 0 0 38082 155 154 155 154 48|3974.88 0
289 303 1 1 3 0 0 0 38087 155 154 155 154 48|3974.90 0
289 303 1 1 3 0 0 0 38091 155 154 155 154 48|3974.93 0
289 303 1 1 3 0 0 0 38093 155 154 155 154 48|3974.95 0
289 303 1 1 3 0 0 0 38097 155 154 155 154 48|3974.97 0
289 303 1 1 3 0 0 0 38099 155 154 155 154 48|3975.00 0
289 303 1 1 3 0 0 0 38109 155 154 155 154 48|3975.04 0
289 303 1 1 3 0 0 0 38120 155 154 155 154 48|3975.08 0
289 303 1 1 3 0 0 0 38125 155 154 155 154 48|3975.10 0
289 303 1 1 3 0 0 0 38130 155 154 155 154 48|3975.11 0
289 303 1 1 3 0 0 0 38132 155 154 155 154 48|3975.13 0
289 303 1 1 3 0 0 0 38137 155 154 155 154 48|3975.16 0
289 303 1 1 3 0 0 0 38143 155 154 155 154 48|3975.20 0
289 303 1 1 3 0 0 0 38153 155 154 155 154 48|3975.23 0
289 303 1 1 3 0 0 0 38156 155 154 155 154 48|3975.25 0
289 303 1 1 3 0 0 0 38159 155 154 155 154 48|3975.27 0
289 303 1 1 3 0 0 0 38168 155 154 155 154 48|3975.31 0
289 303 1 1 3 0 0 0 38171 155 154 155 154 48|3975.36 0
289 303 1 1 3 0 0 0 38174 155 154 155 154 48|3975.38 0
289 303 1 1 3 0 0 0 38176 155 154 155 154 48|3975.40 0
289 303 1 1 3 0 0 0 38179 155 154 155 154 48|3975.42 0
289 303 1 1 3 0 0 0 38183 155 154 155 154 48|3975.45 0
289 303 1 1 3 0 0 0 38186 155 154 155 154 48|3975.48 0
289 303 1 1 3 0 0 0 38195 155 154 155 154 48|3975.50 0
289 303 1 1 3 0 0 0 38197 155 154 155 154 48|3975.52 0
289 303 1 1 3 0 0 0 38202 155 154 155 154 48|3975.54 0
289 303 1 1 3 0 0 0 38208 155 154 155 154 48|3975.57 0
289 303 1 1 3 0 0 0 38209 155 154 155 154 48|3975.59 0
289 303 1 1 3 0 0 0 38214 155 154 155 154 48|3975.62 0
289 303 1 1 3 0 0 0 38225 155 154 155 154 48|3975.65 0
289 303 1 1 3 0 0 0 38229 155 154 155 154 48|3975.67 0
289 303 1 1 3 0 0 0 38232 155 154 155 154 48|3975.69 0
289 303 1 1 3 0 0 0 38239 155 154 155 154 48|3975.72 0
289 303 1 1 3 0 0 0 38244 155 154 155 154 48|3975.75 0
289 303 1 1 3 0 0 0 38249 155 154 155 154 48|3975.78 0
289 303 1 1 3 0 0 0 38253 155 154 155 154 48|3975.81 0
289 303 1 1 3 0 0 0 38257 155 154 155 154 48|3975.85 0
289 303 1 1 3 0 0 0 38261 155 154 155 154 48|3975.88 0
289 303 1 1 3 0 0 0 38266 155 154 155 154 48|3975.90 0
289 303 1 1 3 0 0 0 38267 155 154 155 154 48|3975.92 0
289 303 1 1 3 0 0 0 38269 155 154 155 154 48|3975.94 0
289 303 1 1 3 0 0 0 38270 155 154 155 154 48|3975.96 0
289 303 1 1 3 0 0 0 38275 155 154 155 154 48|3975.98 0
289 303 1 1 3 0 0 0 38279 155 154 155 154 48|3976.02 0
289 303 1 1 3 0 0 0 38285 155 154 155 154 48|3976.06 0
289 303 1 1 3 0 0 0 38290 155 154 155 154 48|3976.08 0
289 303 1 1 3 0 0 0 38296 155 154 155 154 48|3976.10 0
289 303 1 1 3 0 0 0 38300 155 154 155 154 48|3976.12 0
289 303 1 1 3 0 0 0 38304 155 154 155 154 48|3976.14 0
289 303 1 1 3 0 0 0 38308 155 154 155 154 48|3976.17 0
289 303 1 1 3 0 0 0 38311 155 154 155 154 48|3976.19 0
289 303 1 1 3 0 0 0 38315 155 154 155 154 48|3976.21 0
289 303 1 1 3 0 0 0 38319 155 154 155 154 48|3976.24 0
289 303 1 1 3 0 0 0 38324 155 154 155 154 48|3976.26 0
289 303 1 1 3 0 0 0 38330 155 154 155 154 48|3976.30 0
289 303 1 1 3 0 0 0 38332 155 154 155 154 48|3976.33 0
289 303 1 1 3 0 0 0 38338 155 154 155 154 48|3976.35 0
289 303 1 1 3 0 0 0 38343 155 154 155 154 48|3976.37 0
289 303 1 1 3 0 0 0 38345 155 154 155 154 48|3976.40 0
289 303 1 1 3 0 0 0 38349 155 154 155 154 48|3976.42 0
289 303 1 1 3 0 0 0 38355 155 154 155 154 48|3976.45 0
289 303 1 1 3 0 0 0 38359 155 154 155 154 48|3976.48 0
289 303 1 1 3 0 0 0 38364 155 154 155 154 48|3976.51 0
289 303 1 1 3 0 0 0 38365 155 154 155 154 48|3976.53 0
289 303 1 1 3 0 0 0 38372 155 154 155 154 48|3976.56 0
289 303 1 1 3 0 0 0 38381 155 154 155 154 48|3976.59 0
289 303 1 1 3 0 0 0 38387 155 154 155 154 48|3976.61 0
289 303 1 1 3 0 0 0 38396 155 154 155 154 48|3976.65 0
289 303 1 1 3 0 0 0 38407 155 154 155 154 48|3976.69 0
289 303 1 1 3 0 0 0 38409 155 154 155 154 48|3976.71 0
289 303 1 1 3 0 0 0 38415 155 154 155 154 48|3976.73 0
289 303 1 1 3 0 0 0 38424 155 154 155 154 48|3976.77 0
289 303 1 1 3 0 0 0 38431 155 154 155 154 48|3976.79 0
289 303 1 1 3 0 0 0 38439 155 154 155 154 48|3976.82 0
289 303 1 1 3 0 0 0 38442 155 154 155 154 48|3976.84 0
289 303 1 1 3 0 0 0 38448 155 154 155 154 48|3976.86 0
289 303 1 1 3 0 0 0 38464 155 154 155 154 48|3976.89 0
289 303 1 1 3 0 0 0 38470 155 154 155 154 48|3976.91 0
289 303 1 1 3 0 0 0 38473 155 154 155 154 48|3976.93 0
289 303 1 1 3 0 0 0 38480 155 154 155 154 48|3976.99 0
289 303 1 1 3 0 0 0 38491 155 154 155 154 48|3977.01 0
289 303 1 1 3 0 0 0 38500 155 154 155 154 48|3977.03 0
289 303 1 1 3 0 0 0 38505 155 154 155 154 48|3977.06 0
289 303 1 1 3 0 0 0 38516 155 154 155 154 48|3977.10 0
289 303 1 1 3 0 0 0 38526 155 154 155 154 48|3977.13 0
289 303 1 1 3 0 0 0 38532 155 154 155 154 48|3977.15 0
289 303 1 1 3 0 0 0 38540 155 154 155 154 48|3977.18 0
289 303 1 1 3 0 0 0 38546 155 154 155 154 48|3977.20 0
289 303 1 1 3 0 0 0 38550 155 154 155 154 48|3977.23 0
289 303 1 1 3 0 0 0 38558 155 154 155 154 48|3977.27 0
289 303 1 1 3 0 0 0 38574 155 154 155 154 48|3977.29 0
289 303 1 1 3 0 0 0 38576 155 154 155 154 48|3977.31 0
289 303 1 1 3 0 0 0 38581 155 154 155 154 48|3977.33 0
289 303 1 1 3 0 0 0 38584 155 154 155 154 48|3977.39 0
289 303 1 1 3 0 0 0 38590 155 154 155 154 48|3977.41 0
289 303 1 1 3 0 0 0 38597 155 154 155 154 48|3977.43 0
289 303 1 1 3 0 0 0 38612 155 154 155 154 48|3977.45 0
289 303 1 1 3 0 0 0 38617 155 154 155 154 48|3977.49 0
289 303 1 1 3 0 0 0 38627 155 154 155 154 48|3977.52 0
289 303 1 1 3 0 0 0 38633 155 154 155 154 48|3977.56 0
289 303 1 1 3 0 0 0 38644 155 154 155 154 48|3977.61 0
289 303 1 1 3 0 0 0 38648 155 154 155 154 48|3977.63 0
289 303 1 1 3 0 0 0 38656 155 154 155 154 48|3977.66 0
289 303 1 1 3 0 0 0 38659 155 154 155 154 48|3977.68 0
289 303 1 1 3 0 0 0 38661 155 154 155 154 48|3977.70 0
289 303 1 1 3 0 0 0 38668 155 154 155 154 48|3977.73 0
289 303 1 1 3 0 0 0 38669 155 154 155 154 48|3977.76 0
289 303 1 1 3 0 0 0 38679 155 154 155 154 48|3977.79 0
289 303 1 1 3 0 0 0 38688 155 154 155 154 48|3977.83 0
289 303 1 1 3 0 0 0 38694 155 154 155 154 48|3977.86 0
289 303 1 1 3 0 0 0 38699 155 154 155 154 48|3977.88 0
289 303 1 1 3 0 0 0 38706 155 154 155 154 48|3977.90 0
289 303 1 1 3 0 0 0 38711 155 154 155 154 48|3977.93 0
289 303 1 1 3 0 0 0 38715 155 154 155 154 48|3977.95 0
289 303 1 1 3 0 0 0 38721 155 154 155 154 48|3977.97 0
289 303 1 1 3 0 0 0 38725 155 154 155 154 48|3977.99 0
289 303 1 1 3 0 0 0 38733 155 154 155 154 48|3978.02 0
289 303 1 1 3 0 0 0 38736 155 154 155 154 48|3978.05 0
289 303 1 1 3 0 0 0 38738 155 154 155 154 48|3978.07 0
289 303 1 1 3 0 0 0 38753 155 154 155 154 48|3978.10 0
289 303 1 1 3 0 0 0 38762 155 154 155 154 48|3978.14 0
289 303 1 1 3 0 0 0 38767 155 154 155 154 48|3978.16 0
289 303 1 1 3 0 0 0 38775 155 154 155 154 48|3978.18 0
289 303 1 1 3 0 0 0 38778 155 154 155 154 48|3978.21 0
289 303 1 1 3 0 0 0 38787 155 154 155 154 48|3978.23 0
289 303 1 1 3 0 0 0 38795 155 154 155 154 48|3978.25 0
289 303 1 1 3 0 0 0 38799 155 154 155 154 48|3978.27 0
289 303 1 1 3 0 0 0 38805 155 154 155 154 48|3978.29 0
289 303 1 1 3 0 0 0 38809 155 154 155 154 48|3978.31 0
289 303 1 1 3 0 0 0 38810 155 154 155 154 48|3978.33 0
289 303 1 1 3 0 0 0 38817 155 154 155 154 48|3978.35 0
289 303 1 1 3 0 0 0 38820 155 154 155 154 48|3978.37 0
289 303 1 1 3 0 0 0 38825 155 154 155 154 48|3978.40 0
289 303 1 1 3 0 0 0 38835 155 154 155 154 48|3978.43 0
289 303 1 1 3 0 0 0 38836 155 154 155 154 48|3978.45 0
289 303 1 1 3 0 0 0 38838 155 154 155 154 48|3978.47 0
289 303 1 1 3 0 0 0 38849 155 154 155 154 48|3978.51 0
289 303 1 1 3 0 0 0 38857 155 154 155 154 48|3978.56 0
289 303 1 1 3 0 0 0 38864 155 154 155 154 48|3978.60 0
289 303 1 1 3 0 0 0 38870 155 154 155 154 48|3978.63 0
289 303 1 1 3 0 0 0 38874 155 154 155 154 48|3978.65 0
289 303 1 1 3 0 0 0 38879 155 154 155 154 48|3978.67 0
289 303 1 1 3 0 0 0 38882 155 154 155 154 48|3978.69 0
289 303 1 1 3 0 0 0 38888 155 154 155 154 48|3978.72 0
289 303 1 1 3 0 0 0 38894 155 154 155 154 48|3978.75 0
289 303 1 1 3 0 0 0 38898 155 154 155 154 48|3978.77 0
289 303 1 1 3 0 0 0 38901 155 154 155 154 48|3978.80 0
289 303 1 1 3 0 0 0 38903 155 154 155 154 48|3978.82 0
289 303 1 1 3 0 0 0 38905 155 154 155 154 48|3978.84 0
289 303 1 1 3 0 0 0 38917 155 154 155 154 48|3978.86 0
289 303 1 1 3 0 0 0 38922 155 154 155 154 48|3978.89 0
289 303 1 1 3 0 0 0 38925 155 154 155 154 48|3978.91 0
289 303 1 1 3 0 0 0 38932 155 154 155 154 48|3978.94 0
289 303 1 1 3 0 0 0 38937 155 154 155 154 48|3978.96 0
289 303 1 1 3 0 0 0 38944 155 154 155 154 48|3978.98 0
289 303 1 1 3 0 0 0 38953 155 154 155 154 48|3979.02 0
289 303 1 1 3 0 0 0 38959 155 154 155 154 48|3979.05 0
289 303 1 1 3 0 0 0 38964 155 154 155 154 48|3979.07 0
289 303 1 1 3 0 0 0 38968 155 154 155 154 48|3979.09 0
289 303 1 1 3 0 0 0 38970 155 154 155 154 48|3979.11 0
289 303 1 1 3 0 0 0 38977 155 154 155 154 48|3979.13 0
289 303 1 1 3 0 0 0 38979 155 154 155 154 48|3979.15 0
289 303 1 1 3 0 0 0 38984 155 154 155 154 48|3979.17 0
289 303 1 1 3 0 0 0 38992 155 154 155 154 48|3979.20 0
289 303 1 1 3 0 0 0 39006 155 154 155 154 48|3979.25 0
289 303 1 1 3 0 0 0 39010 155 154 155 154 48|3979.27 0
289 303 1 1 3 0 0 0 39019 155 154 155 154 48|3979.32 0
289 303 1 1 3 0 0 0 39022 155 154 155 154 48|3979.35 0
289 303 1 1 3 0 0 0 39028 155 154 155 154 48|3979.38 0
289 303 1 1 3 0 0 0 39030 155 154 155 154 48|3979.40 0
289 303 1 1 3 0 0 0 39037 155 154 155 154 48|3979.43 0
289 303 1 1 3 0 0 0 39041 155 154 155 154 48|3979.46 0
289 303 1 1 3 0 0 0 39045 155 154 155 154 48|3979.49 0
289 303 1 1 3 0 0 0 39048 155 154 155 154 48|3979.52 0
289 303 1 1 3 0 0 0 39053 155 154 155 154 48|3979.54 0
289 303 1 1 3 0 0 0 39059 155 154 155 154 48|3979.56 0
289 303 1 1 3 0 0 0 39062 155 154 155 154 48|3979.58 0
289 303 1 1 3 0 0 0 39067 155 154 155 154 48|3979.60 0
289 303 1 1 3 0 0 0 39075 155 154 155 154 48|3979.62 0
289 303 1 1 3 0 0 0 39079 155 154 155 154 48|3979.64 0
289 303 1 1 3 0 0 0 39083 155 154 155 154 48|3979.67 0
289 303 1 1 3 0 0 0 39091 155 154 155 154 48|3979.70 0
289 303 1 1 3 0 0 0 39096 155 154 155 154 48|3979.72 0
289 303 1 1 3 0 0 0 39098 155 154 155 154 48|3979.74 0
289 303 1 1 3 0 0 0 39104 155 154 155 154 48|3979.76 0
289 303 1 1 3 0 0 0 39111 155 154 155 154 48|3979.79 0
289 303 1 1 3 0 0 0 39114 155 154 155 154 48|3979.81 0
289 303 1 1 3 0 0 0 39118 155 154 155 154 48|3979.85 0
289 303 1 1 3 0 0 0 39129 155 154 155 154 48|3979.89 0
289 303 1 1 3 0 0 0 39134 155 154 155 154 48|3979.93 0
289 303 1 1 3 0 0 0 39139 155 154 155 154 48|3979.95 0
289 303 1 1 3 0 0 0 39145 155 154 155 154 48|3979.97 0
289 303 1 1 3 0 0 0 39146 155 154 155 154 48|3979.99 0
289 303 1 1 3 0 0 0 39153 155 154 155 154 48|3980.01 0
289 303 1 1 3 0 0 0 39159 155 154 155 154 48|3980.06 0
289 303 1 1 3 0 0 0 39166 155 154 155 154 48|3980.10 0
289 303 1 1 3 0 0 0 39172 155 154 155 154 48|3980.12 0
289 303 1 1 3 0 0 0 39176 155 154 155 154 48|3980.15 0
289 303 1 1 3 0 0 0 39180 155 154 155 154 48|3980.17 0
289 303 1 1 3 0 0 0 39190 155 154 155 154 48|3980.19 0
289 303 1 1 3 0 0 0 39191 155 154 155 154 48|3980.22 0
289 303 1 1 3 0 0 0 39200 155 154 155 154 48|3980.25 0
289 303 1 1 3 0 0 0 39206 155 154 155 154 48|3980.29 0
289 303 1 1 3 0 0 0 39213 155 154 155 154 48|3980.32 0
289 303 1 1 3 0 0 0 39220 155 154 155 154 48|3980.35 0
289 303 1 1 3 0 0 0 39223 155 154 155 154 48|3980.38 0
289 303 1 1 3 0 0 0 39226 155 154 155 154 48|3980.40 0
289 303 1 1 3 0 0 0 39230 155 154 155 154 48|3980.42 0
289 303 1 1 3 0 0 0 39231 155 154 155 154 48|3980.44 0
289 303 1 1 3 0 0 0 39240 155 154 155 154 48|3980.47 0
289 303 1 1 3 0 0 0 39245 155 154 155 154 48|3980.50 0
289 303 1 1 3 0 0 0 39246 155 154 155 154 48|3980.52 0
289 303 1 1 3 0 0 0 39254 155 154 155 154 48|3980.54 0
289 303 1 1 3 0 0 0 39256 155 154 155 154 48|3980.56 0
289 303 1 1 3 0 0 0 39260 155 154 155 154 48|3980.58 0
289 303 1 1 3 0 0 0 39263 155 154 155 154 48|3980.60 0
289 303 1 1 3 0 0 0 39268 155 154 155 154 48|3980.62 0
289 303 1 1 3 0 0 0 39272 155 154 155 154 48|3980.64 0
289 303 1 1 3 0 0 0 39278 155 154 155 154 48|3980.68 0
289 303 1 1 3 0 0 0 39284 155 154 155 154 48|3980.73 0
289 303 1 1 3 0 0 0 39296 155 154 155 154 48|3980.77 0
289 303 1 1 3 0 0 0 39299 155 154 155 154 48|3980.80 0
289 303 1 1 3 0 0 0 39304 155 154 155 154 48|3980.82 0
289 303 1 1 3 0 0 0 39305 155 154 155 154 48|3980.84 0
289 303 1 1 3 0 0 0 39310 155 154 155 154 48|3980.88 0
289 303 1 1 3 0 0 0 39312 155 154 155 154 48|3981.06 0
289 303 1 1 3 0 0 0 39316 155 154 155 154 48|3981.51 0
289 303 1 1 3 0 0 0 39322 155 154 155 154 48|3981.53 0
289 303 1 1 3 0 0 0 39329 155 154 155 154 48|3981.61 0
289 303 1 1 3 0 0 0 39334 155 154 155 154 48|3981.63 0
289 303 1 1 3 0 0 0 39336 155 154 155 154 48|3981.67 0
289 303 1 1 3 0 0 0 39340 155 154 155 154 48|3981.72 0
289 303 1 1 3 0 0 0 39349 155 154 155 154 48|3981.74 0
289 303 1 1 3 0 0 0 39350 155 154 155 154 48|3981.76 0
289 303 1 1 3 0 0 0 39354 155 154 155 154 48|3981.79 0
289 303 1 1 3 0 0 0 39356 155 154 155 154 48|3981.82 0
289 303 1 1 3 0 0 0 39360 155 154 155 154 48|3981.86 0
289 303 1 1 3 0 0 0 39366 155 154 155 154 48|3981.89 0
289 303 1 1 3 0 0 0 39368 155 154 155 154 48|3981.91 0
289 303 1 1 3 0 0 0 39373 155 154 155 154 48|3981.93 0
289 303 1 1 3 0 0 0 39379 155 154 155 154 48|3981.97 0
289 303 1 1 3 0 0 0 39386 155 154 155 154 48|3982.01 0
289 303 1 1 3 0 0 0 39389 155 154 155 154 48|3982.03 0
289 303 1 1 3 0 0 0 39392 155 154 155 154 48|3982.05 0
289 303 1 1 3 0 0 0 39395 155 154 155 154 48|3982.07 0
289 303 1 1 3 0 0 0 39400 155 154 155 154 48|3982.09 0
289 303 1 1 3 0 0 0 39403 155 154 155 154 48|3982.11 0
289 303 1 1 3 0 0 0 39408 155 154 155 154 48|3982.13 0
289 303 1 1 3 0 0 0 39411 155 154 155 154 48|3982.17 0
289 303 1 1 3 0 0 0 39412 155 154 155 154 48|3982.73 0
289 303 1 1 3 0 0 0 39415 155 154 155 154 48|3983.46 0
289 303 1 1 3 0 0 0 39416 155 154 155 154 48|3983.85 0
289 303 1 1 3 0 0 0 39426 155 154 155 154 48|3984.44 0
289 303 1 1 3 0 0 0 39431 155 154 155 154 48|3984.53 0
289 303 1 1 3 0 0 0 39441 155 154 155 154 48|3984.55 0
289 303 1 1 3 0 0 0 39444 155 154 155 154 48|3984.57 0
289 303 1 1 3 0 0 0 39446 155 154 155 154 48|3984.59 0
289 303 1 1 3 0 0 0 39448 155 154 155 154 48|3984.61 0
289 303 1 1 3 0 0 0 39454 155 154 155 154 48|3984.64 0
289 303 1 1 3 0 0 0 39460 155 154 155 154 48|3984.67 0
289 303 1 1 3 0 0 0 39462 155 154 155 154 48|3984.70 0
289 303 1 1 3 0 0 0 39468 155 154 155 154 48|3984.73 0
289 303 1 1 3 0 0 0 39477 155 154 155 154 48|3984.81 0
289 303 1 1 3 0 0 0 39480 155 154 155 154 48|3984.84 0
289 303 1 1 3 0 0 0 39487 155 154 155 154 48|3984.86 0
289 303 1 1 3 0 0 0 39491 155 154 155 154 48|3984.89 0
289 303 1 1 3 0 0 0 39494 155 154 155 154 48|3984.92 0
289 303 1 1 3 0 0 0 39500 155 154 155 154 48|3984.95 0
289 303 1 1 3 0 0 0 39507 155 154 155 154 48|3984.97 0
289 303 1 1 3 0 0 0 39508 155 154 155 154 48|3984.99 0
289 303 1 1 3 0 0 0 39512 155 154 155 154 48|3985.02 0
289 303 1 1 3 0 0 0 39515 155 154 155 154 48|3985.04 0
289 303 1 1 3 0 0 0 39520 155 154 155 154 48|3985.06 0
289 303 1 1 3 0 0 0 39524 155 154 155 154 48|3985.10 0
289 303 1 1 3 0 0 0 39528 155 154 155 154 48|3985.12 0
289 303 1 1 3 0 0 0 39532 155 154 155 154 48|3985.14 0
289 303 1 1 3 0 0 0 39534 155 154 155 154 48|3985.16 0
289 303 1 1 3 0 0 0 39538 155 154 155 154 48|3985.18 0
289 303 1 1 3 0 0 0 39540 155 154 155 154 48|3985.20 0
289 303 1 1 3 0 0 0 39544 155 154 155 154 48|3985.22 0
289 303 1 1 3 0 0 0 39548 155 154 155 154 48|3985.24 0
289 303 1 1 3 0 0 0 39552 155 154 155 154 48|3985.26 0
289 303 1 1 3 0 0 0 39554 155 154 155 154 48|3985.28 0
289 303 1 1 3 0 0 0 39559 155 154 155 154 48|3985.30 0
289 303 1 1 3 0 0 0 39560 155 154 155 154 48|3985.32 0
289 303 1 1 3 0 0 0 39565 155 154 155 154 48|3985.34 0
289 303 1 1 3 0 0 0 39566 155 154 155 154 48|3985.36 0
289 303 1 1 3 0 0 0 39570 155 154 155 154 48|3985.38 0
289 303 1 1 3 0 0 0 39571 155 154 155 154 48|3985.40 0
289 303 1 1 3 0 0 0 39576 155 154 155 154 48|3985.45 0
289 303 1 1 3 0 0 0 39582 155 154 155 154 48|3985.53 0
289 303 1 1 3 0 0 0 39584 155 154 155 154 48|3985.55 0
289 303 1 1 3 0 0 0 39594 155 154 155 154 48|3985.57 0
289 303 1 1 3 0 0 0 39596 155 154 155 154 48|3985.59 0
289 303 1 1 3 0 0 0 39601 155 154 155 154 48|3985.61 0
289 303 1 1 3 0 0 0 39603 155 154 155 154 48|3985.63 0
289 303 1 1 3 0 0 0 39610 155 154 155 154 48|3985.66 0
289 303 1 1 3 0 0 0 39618 155 154 155 154 48|3985.70 0
289 303 1 1 3 0 0 0 39619 155 154 155 154 48|3985.72 0
289 303 1 1 3 0 0 0 39625 155 154 155 154 48|3985.75 0
289 303 1 1 3 0 0 0 39629 155 154 155 154 48|3985.77 0
289 303 1 1 3 0 0 0 39634 155 154 155 154 48|3985.79 0
289 303 1 1 3 0 0 0 39643 155 154 155 154 48|3985.82 0
289 303 1 1 3 0 0 0 39652 155 154 155 154 48|3985.87 0
289 303 1 1 3 0 0 0 39659 155 154 155 154 48|3985.90 0
289 303 1 1 3 0 0 0 39665 155 154 155 154 48|3985.93 0
289 303 1 1 3 0 0 0 39669 155 154 155 154 48|3985.95 0
289 303 1 1 3 0 0 0 39675 155 154 155 154 48|3985.97 0
289 303 1 1 3 0 0 0 39678 155 154 155 154 48|3985.99 0
289 303 1 1 3 0 0 0 39689 155 154 155 154 48|3986.01 0
289 303 1 1 3 0 0 0 39695 155 154 155 154 48|3986.04 0
289 303 1 1 3 0 0 0 39702 155 154 155 154 48|3986.07 0
289 303 1 1 3 0 0 0 39711 155 154 155 154 48|3986.09 0
289 303 1 1 3 0 0 0 39718 155 154 155 154 48|3986.14 0
289 303 1 1 3 0 0 0 39721 155 154 155 154 48|3986.16 0
289 303 1 1 3 0 0 0 39726 155 154 155 154 48|3986.18 0
289 303 1 1 3 0 0 0 39731 155 154 155 154 48|3986.20 0
289 303 1 1 3 0 0 0 39740 155 154 155 154 48|3986.23 0
289 303 1 1 3 0 0 0 39744 155 154 155 154 48|3986.27 0
289 303 1 1 3 0 0 0 39746 155 154 155 154 48|3986.29 0
289 303 1 1 3 0 0 0 39752 155 154 155 154 48|3986.32 0
289 303 1 1 3 0 0 0 39757 155 154 155 154 48|3986.35 0
289 303 1 1 3 0 0 0 39767 155 154 155 154 48|3986.38 0
289 303 1 1 3 0 0 0 39774 155 154 155 154 48|3986.41 0
289 303 1 1 3 0 0 0 39782 155 154 155 154 48|3986.44 0
289 303 1 1 3 0 0 0 39789 155 154 155 154 48|3986.48 0
289 303 1 1 3 0 0 0 39796 155 154 155 154 48|3986.50 0
289 303 1 1 3 0 0 0 39802 155 154 155 154 48|3986.53 0
289 303 1 1 3 0 0 0 39806 155 154 155 154 48|3986.54 0
289 303 1 1 3 0 0 0 39816 155 154 155 154 48|3986.57 0
289 303 1 1 3 0 0 0 39820 155 154 155 154 48|3986.59 0
289 303 1 1 3 0 0 0 39822 155 154 155 154 48|3986.61 0
289 303 1 1 3 0 0 0 39829 155 154 155 154 48|3986.63 0
289 303 1 1 3 0 0 0 39836 155 154 155 154 48|3986.65 0
289 303 1 1 3 0 0 0 39840 155 154 155 154 48|3986.68 0
289 303 1 1 3 0 0 0 39850 155 154 155 154 48|3986.70 0
289 303 1 1 3 0 0 0 39858 155 154 155 154 48|3986.74 0
289 303 1 1 3 0 0 0 39872 155 154 155 154 48|3986.78 0
289 303 1 1 3 0 0 0 39883 155 154 155 154 48|3986.81 0
289 303 1 1 3 0 0 0 39884 155 154 155 154 48|3986.84 0
289 303 1 1 3 0 0 0 39892 155 154 155 154 48|3986.86 0
289 303 1 1 3 0 0 0 39895 155 154 155 154 48|3986.88 0
289 303 1 1 3 0 0 0 39902 155 154 155 154 48|3986.90 0
289 303 1 1 3 0 0 0 39910 155 154 155 154 48|3986.94 0
289 303 1 1 3 0 0 0 39915 155 154 155 154 48|3986.96 0
289 303 1 1 3 0 0 0 39926 155 154 155 154 48|3986.99 0
289 303 1 1 3 0 0 0 39929 155 154 155 154 48|3987.01 0
289 303 1 1 3 0 0 0 39937 155 154 155 154 48|3987.04 0
289 303 1 1 3 0 0 0 39948 155 154 155 154 48|3987.07 0
289 303 1 1 3 0 0 0 39955 155 154 155 154 48|3987.10 0
289 303 1 1 3 0 0 0 39968 155 154 155 154 48|3987.13 0
289 303 1 1 3 0 0 0 39975 155 154 155 154 48|3987.15 0
289 303 1 1 3 0 0 0 39981 155 154 155 154 48|3987.17 0
289 303 1 1 3 0 0 0 39988 155 154 155 154 48|3987.19 0
289 303 1 1 3 0 0 0 39994 155 154 155 154 48|3987.20 0
289 303 1 1 3 0 0 0 39999 155 154 155 154 48|3987.23 0
289 303 1 1 3 0 0 0 40006 155 154 155 154 48|3987.26 0
289 303 1 1 3 0 0 0 40011 155 154 155 154 48|3987.28 0
289 303 1 1 3 0 0 0 40018 155 154 155 154 48|3987.31 0
289 303 1 1 3 0 0 0 40028 155 154 155 154 48|3987.34 0
289 303 1 1 3 0 0 0 40032 155 154 155 154 48|3987.36 0
289 303 1 1 3 0 0 0 40040 155 154 155 154 48|3987.38 0
289 303 1 1 3 0 0 0 40043 155 154 155 154 48|3987.40 0
289 303 1 1 3 0 0 0 40055 155 154 155 154 48|3987.44 0
289 303 1 1 3 0 0 0 40062 155 154 155 154 48|3987.46 0
289 303 1 1 3 0 0 0 40064 155 154 155 154 48|3987.48 0
289 303 1 1 3 0 0 0 40078 155 154 155 154 48|3987.50 0
289 303 1 1 3 0 0 0 40085 155 154 155 154 48|3987.53 0
289 303 1 1 3 0 0 0 40098 155 154 155 154 48|3987.55 0
289 303 1 1 3 0 0 0 40101 155 154 155 154 48|3987.58 0
289 303 1 1 3 0 0 0 40103 155 154 155 154 48|3987.61 0
289 303 1 1 3 0 0 0 40105 155 154 155 154 48|3987.70 0
289 303 1 1 3 0 0 0 40106 155 154 155 154 48|3987.74 0
289 303 1 1 3 0 0 0 40116 155 154 155 154 48|3988.13 0
289 303 1 1 3 0 0 0 40118 155 154 155 154 48|3988.21 0
289 303 1 1 3 0 0 0 40120 155 154 155 154 48|3988.24 0
289 303 1 1 3 0 0 0 40126 155 154 155 154 48|3988.26 0
289 303 1 1 3 0 0 0 40128 155 154 155 154 48|3988.29 0
289 303 1 1 3 0 0 0 40130 155 154 155 154 48|3988.32 0
289 303 1 1 3 0 0 0 40133 155 154 155 154 48|3988.34 0
289 303 1 1 3 0 0 0 40138 155 154 155 154 48|3988.37 0
289 303 1 1 3 0 0 0 40140 155 154 155 154 48|3988.39 0
289 303 1 1 3 0 0 0 40143 155 154 155 154 48|3988.41 0
289 303 1 1 3 0 0 0 40145 155 154 155 154 48|3988.43 0
289 303 1 1 3 0 0 0 40149 155 154 155 154 48|3988.46 0
289 303 1 1 3 0 0 0 40151 155 154 155 154 48|3988.48 0
289 303 1 1 3 0 0 0 40154 155 154 155 154 48|3988.50 0
289 303 1 1 3 0 0 0 40156 155 154 155 154 48|3988.52 0
289 303 1 1 3 0 0 0 40159 155 154 155 154 48|3988.54 0
289 303 1 1 3 0 0 0 40163 155 154 155 154 48|3988.58 0
289 303 1 1 3 0 0 0 40168 155 154 155 154 48|3988.61 0
289 303 1 1 3 0 0 0 40170 155 154 155 154 48|3988.64 0
289 303 1 1 3 0 0 0 40175 155 154 155 154 48|3988.67 0
289 303 1 1 3 0 0 0 40178 155 154 155 154 48|3988.69 0
289 303 1 1 3 0 0 0 40180 155 154 155 154 48|3988.71 0
289 303 1 1 3 0 0 0 40184 155 154 155 154 48|3988.74 0
289 303 1 1 3 0 0 0 40187 155 154 155 154 48|3988.76 0
289 303 1 1 3 0 0 0 40192 155 154 155 154 48|3988.78 0
289 303 1 1 3 0 0 0 40196 155 154 155 154 48|3988.82 0
289 303 1 1 3 0 0 0 40205 155 154 155 154 48|3988.84 0
289 303 1 1 3 0 0 0 40206 155 154 155 154 48|3989.44 0
289 303 1 1 3 0 0 0 40207 155 154 155 154 48|3989.81 0
289 303 1 1 3 0 0 0 40210 155 154 155 154 48|3990.02 0
289 303 1 1 3 0 0 0 40211 155 154 155 154 48|3990.57 0
289 303 1 1 3 0 0 0 40221 155 154 155 154 48|3991.17 0
289 303 1 1 3 0 0 0 40225 155 154 155 154 48|3991.26 0
289 303 1 1 3 0 0 0 40230 155 154 155 154 48|3991.28 0
289 303 1 1 3 0 0 0 40232 155 154 155 154 48|3991.30 0
289 303 1 1 3 0 0 0 40234 155 154 155 154 48|3991.32 0
289 303 1 1 3 0 0 0 40235 155 154 155 154 48|3991.34 0
289 303 1 1 3 0 0 0 40241 155 154 155 154 48|3991.37 0
289 303 1 1 3 0 0 0 40242 155 154 155 154 48|3991.39 0
289 303 1 1 3 0 0 0 40245 155 154 155 154 48|3991.42 0
289 303 1 1 3 0 0 0 40249 155 154 155 154 48|3991.44 0
289 303 1 1 3 0 0 0 40253 155 154 155 154 48|3991.47 0
289 303 1 1 3 0 0 0 40254 155 154 155 154 48|3991.50 0
289 303 1 1 3 0 0 0 40258 155 154 155 154 48|3991.52 0
289 303 1 1 3 0 0 0 40268 155 154 155 154 48|3991.55 0
289 303 1 1 3 0 0 0 40277 155 154 155 154 48|3991.58 0
289 303 1 1 3 0 0 0 40278 155 154 155 154 48|3991.66 0
289 303 1 1 3 0 0 0 40280 155 154 155 154 48|3991.70 0
289 303 1 1 3 0 0 0 40281 155 154 155 154 48|3991.72 0
289 303 1 1 3 0 0 0 40282 155 154 155 154 48|3991.83 0
289 303 1 1 3 0 0 0 40283 155 154 155 154 48|3992.19 0
289 303 1 1 3 0 0 0 40284 155 154 155 154 48|3992.27 0
289 303 1 1 3 0 0 0 40292 155 154 155 154 48|3992.33 0
289 303 1 1 3 0 0 0 40294 155 154 155 154 48|3992.35 0
289 303 1 1 3 0 0 0 40296 155 154 155 154 48|3992.44 0
289 303 1 1 3 0 0 0 40303 155 154 155 154 48|3992.47 0
289 303 1 1 3 0 0 0 40307 155 154 155 154 48|3992.50 0
289 303 1 1 3 0 0 0 40311 155 154 155 154 48|3992.54 0
289 303 1 1 3 0 0 0 40314 155 154 155 154 48|3992.55 0
289 303 1 1 3 0 0 0 40319 155 154 155 154 48|3992.57 0
289 303 1 1 3 0 0 0 40320 155 154 155 154 48|3992.59 0
289 303 1 1 3 0 0 0 40325 155 154 155 154 48|3992.61 0
289 303 1 1 3 0 0 0 40327 155 154 155 154 48|3992.63 0
289 303 1 1 3 0 0 0 40333 155 154 155 154 48|3992.65 0
289 303 1 1 3 0 0 0 40335 155 154 155 154 48|3992.67 0
289 303 1 1 3 0 0 0 40340 155 154 155 154 48|3992.69 0
289 303 1 1 3 0 0 0 40344 155 154 155 154 48|3992.71 0
289 303 1 1 3 0 0 0 40350 155 154 155 154 48|3992.73 0
289 303 1 1 3 0 0 0 40351 155 154 155 154 48|3992.75 0
289 303 1 1 3 0 0 0 40356 155 154 155 154 48|3992.77 0
289 303 1 1 3 0 0 0 40363 155 154 155 154 48|3992.80 0
289 303 1 1 3 0 0 0 40365 155 154 155 154 48|3992.82 0
289 303 1 1 3 0 0 0 40369 155 154 155 154 48|3992.84 0
289 303 1 1 3 0 0 0 40371 155 154 155 154 48|3992.86 0
289 303 1 1 3 0 0 0 40379 155 154 155 154 48|3992.90 0
289 303 1 1 3 0 0 0 40389 155 154 155 154 48|3992.94 0
289 303 1 1 3 0 0 0 40390 155 154 155 154 48|3993.02 0
289 303 1 1 3 0 0 0 40392 155 154 155 154 48|3994.12 0
289 303 1 1 3 0 0 0 40394 155 154 155 154 48|3994.15 0
289 303 1 1 3 0 0 0 40396 155 154 155 154 48|3995.23 0
289 303 1 1 3 0 0 0 40399 155 154 155 154 48|3995.25 0
289 303 1 1 3 0 0 0 40404 155 154 155 154 48|3995.27 0
289 303 1 1 3 0 0 0 40406 155 154 155 154 48|3995.29 0
289 303 1 1 3 0 0 0 40409 155 154 155 154 48|3995.31 0
289 303 1 1 3 0 0 0 40411 155 154 155 154 48|3995.33 0
289 303 1 1 3 0 0 0 40413 155 154 155 154 48|3995.35 0
289 303 1 1 3 0 0 0 40418 155 154 155 154 48|3995.38 0
289 303 1 1 3 0 0 0 40427 155 154 155 154 48|3995.44 0
289 303 1 1 3 0 0 0 40431 155 154 155 154 48|3995.47 0
289 303 1 1 3 0 0 0 40438 155 154 155 154 48|3995.51 0
289 303 1 1 3 0 0 0 40440 155 154 155 154 48|3995.54 0
289 303 1 1 3 0 0 0 40448 155 154 155 154 48|3995.57 0
289 303 1 1 3 0 0 0 40454 155 154 155 154 48|3995.59 0
289 303 1 1 3 0 0 0 40456 155 154 155 154 48|3995.61 0
289 303 1 1 3 0 0 0 40460 155 154 155 154 48|3995.63 0
289 303 1 1 3 0 0 0 40462 155 154 155 154 48|3995.65 0
289 303 1 1 3 0 0 0 40463 155 154 155 154 48|3995.67 0
289 303 1 1 3 0 0 0 40467 155 154 155 154 48|3995.69 0
289 303 1 1 3 0 0 0 40472 155 154 155 154 48|3995.71 0
289 303 1 1 3 0 0 0 40479 155 154 155 154 48|3995.75 0
289 303 1 1 3 0 0 0 40486 155 154 155 154 48|3995.77 0
289 303 1 1 3 0 0 0 40493 155 154 155 154 48|3995.80 0
289 303 1 1 3 0 0 0 40500 155 154 155 154 48|3995.83 0
289 303 1 1 3 0 0 0 40508 155 154 155 154 48|3995.86 0
289 303 1 1 3 0 0 0 40514 155 154 155 154 48|3995.88 0
289 303 1 1 3 0 0 0 40519 155 154 155 154 48|3995.90 0
289 303 1 1 3 0 0 0 40520 155 154 155 154 48|3995.92 0
289 303 1 1 3 0 0 0 40524 155 154 155 154 48|3995.95 0
289 303 1 1 3 0 0 0 40529 155 154 155 154 48|3995.99 0
289 303 1 1 3 0 0 0 40531 155 154 155 154 48|3996.01 0
289 303 1 1 3 0 0 0 40535 155 154 155 154 48|3996.03 0
289 303 1 1 3 0 0 0 40539 155 154 155 154 48|3996.05 0
289 303 1 1 3 0 0 0 40543 155 154 155 154 48|3996.07 0
289 303 1 1 3 0 0 0 40546 155 154 155 154 48|3996.09 0
289 303 1 1 3 0 0 0 40549 155 154 155 154 48|3996.11 0
289 303 1 1 3 0 0 0 40553 155 154 155 154 48|3996.14 0
289 303 1 1 3 0 0 0 40556 155 154 155 154 48|3996.17 0
289 303 1 1 3 0 0 0 40559 155 154 155 154 48|3996.19 0
289 303 1 1 3 0 0 0 40564 155 154 155 154 48|3996.21 0
289 303 1 1 3 0 0 0 40568 155 154 155 154 48|3996.23 0
289 303 1 1 3 0 0 0 40574 155 154 155 154 48|3996.25 0
289 303 1 1 3 0 0 0 40580 155 154 155 154 48|3996.27 0
289 303 1 1 3 0 0 0 40583 155 154 155 154 48|3996.29 0
289 303 1 1 3 0 0 0 40589 155 154 155 154 48|3996.32 0
289 303 1 1 3 0 0 0 40596 155 154 155 154 48|3996.34 0
289 303 1 1 3 0 0 0 40603 155 154 155 154 48|3996.37 0
289 303 1 1 3 0 0 0 40606 155 154 155 154 48|3996.39 0
289 303 1 1 3 0 0 0 40615 155 154 155 154 48|3996.42 0
289 303 1 1 3 0 0 0 40619 155 154 155 154 48|3996.45 0
289 303 1 1 3 0 0 0 40623 155 154 155 154 48|3996.48 0
289 303 1 1 3 0 0 0 40628 155 154 155 154 48|3996.50 0
289 303 1 1 3 0 0 0 40633 155 154 155 154 48|3996.54 0
289 303 1 1 3 0 0 0 40639 155 154 155 154 48|3996.57 0
289 303 1 1 3 0 0 0 40643 155 154 155 154 48|3996.59 0
289 303 1 1 3 0 0 0 40645 155 154 155 154 48|3996.61 0
289 303 1 1 3 0 0 0 40656 155 154 155 154 48|3996.67 0
289 303 1 1 3 0 0 0 40662 155 154 155 154 48|3996.71 0
289 303 1 1 3 0 0 0 40667 155 154 155 154 48|3996.73 0
289 303 1 1 3 0 0 0 40668 155 154 155 154 48|3996.75 0
289 303 1 1 3 0 0 0 40671 155 154 155 154 48|3996.77 0
289 303 1 1 3 0 0 0 40684 155 154 155 154 48|3996.80 0
289 303 1 1 3 0 0 0 40687 155 154 155 154 48|3996.83 0
289 303 1 1 3 0 0 0 40690 155 154 155 154 48|3996.85 0
289 303 1 1 3 0 0 0 40692 155 154 155 154 48|3996.87 0
289 303 1 1 3 0 0 0 40695 155 154 155 154 48|3996.89 0
289 303 1 1 3 0 0 0 40699 155 154 155 154 48|3996.91 0
289 303 1 1 3 0 0 0 40707 155 154 155 154 48|3996.95 0
289 303 1 1 3 0 0 0 40713 155 154 155 154 48|3997.00 0
289 303 1 1 3 0 0 0 40720 155 154 155 154 48|3997.03 0
289 303 1 1 3 0 0 0 40722 155 154 155 154 48|3997.05 0
289 303 1 1 3 0 0 0 40723 155 154 155 154 48|3997.07 0
289 303 1 1 3 0 0 0 40727 155 154 155 154 48|3997.09 0
289 303 1 1 3 0 0 0 40730 155 154 155 154 48|3997.12 0
289 303 1 1 3 0 0 0 40733 155 154 155 154 48|3997.14 0
289 303 1 1 3 0 0 0 40735 155 154 155 154 48|3997.16 0
289 303 1 1 3 0 0 0 40739 155 154 155 154 48|3997.18 0
289 303 1 1 3 0 0 0 40744 155 154 155 154 48|3997.20 0
289 303 1 1 3 0 0 0 40747 155 154 155 154 48|3997.22 0
289 303 1 1 3 0 0 0 40751 155 154 155 154 48|3997.24 0
289 303 1 1 3 0 0 0 40753 155 154 155 154 48|3997.29 0
289 303 1 1 3 0 0 0 40762 155 154 155 154 48|3997.32 0
289 303 1 1 3 0 0 0 40766 155 154 155 154 48|3997.34 0
289 303 1 1 3 0 0 0 40768 155 154 155 154 48|3997.36 0
289 303 1 1 3 0 0 0 40773 155 154 155 154 48|3997.38 0
289 303 1 1 3 0 0 0 40775 155 154 155 154 48|3997.40 0
289 303 1 1 3 0 0 0 40777 155 154 155 154 48|3997.41 0
289 303 1 1 3 0 0 0 40779 155 154 155 154 48|3997.43 0
289 303 1 1 3 0 0 0 40782 155 154 155 154 48|3997.45 0
289 303 1 1 3 0 0 0 40787 155 154 155 154 48|3997.48 0
289 303 1 1 3 0 0 0 40789 155 154 155 154 48|3997.50 0
289 303 1 1 3 0 0 0 40795 155 154 155 154 48|3997.51 0
289 303 1 1 3 0 0 0 40796 155 154 155 154 48|3997.55 0
289 303 1 1 3 0 0 0 40801 155 154 155 154 48|3997.58 0
289 303 1 1 3 0 0 0 40806 155 154 155 154 48|3997.60 0
289 303 1 1 3 0 0 0 40810 155 154 155 154 48|3997.63 0
289 303 1 1 3 0 0 0 40812 155 154 155 154 48|3997.65 0
289 303 1 1 3 0 0 0 40820 155 154 155 154 48|3997.72 0
289 303 1 1 3 0 0 0 40822 155 154 155 154 48|3997.74 0
289 303 1 1 3 0 0 0 40829 155 154 155 154 48|3997.76 0
289 303 1 1 3 0 0 0 40831 155 154 155 154 48|3997.78 0
289 303 1 1 3 0 0 0 40837 155 154 155 154 48|3997.80 0
289 303 1 1 3 0 0 0 40843 155 154 155 154 48|3997.82 0
289 303 1 1 3 0 0 0 40849 155 154 155 154 48|3997.86 0
289 303 1 1 3 0 0 0 40850 155 154 155 154 48|3997.88 0
289 303 1 1 3 0 0 0 40858 155 154 155 154 48|3997.90 0
289 303 1 1 3 0 0 0 40866 155 154 155 154 48|3997.92 0
289 303 1 1 3 0 0 0 40873 155 154 155 154 48|3997.96 0
289 303 1 1 3 0 0 0 40880 155 154 155 154 48|3997.98 0
289 303 1 1 3 0 0 0 40885 155 154 155 154 48|3998.02 0
289 303 1 1 3 0 0 0 40889 155 154 155 154 48|3998.05 0
289 303 1 1 3 0 0 0 40895 155 154 155 154 48|3998.07 0
289 303 1 1 3 0 0 0 40897 155 154 155 154 48|3998.10 0
289 303 1 1 3 0 0 0 40898 155 154 155 154 48|3998.12 0
289 303 1 1 3 0 0 0 40907 155 154 155 154 48|3998.15 0
289 303 1 1 3 0 0 0 40910 155 154 155 154 48|3998.17 0
289 303 1 1 3 0 0 0 40914 155 154 155 154 48|3998.19 0
289 303 1 1 3 0 0 0 40918 155 154 155 154 48|3998.21 0
289 303 1 1 3 0 0 0 40925 155 154 155 154 48|3998.23 0
289 303 1 1 3 0 0 0 40927 155 154 155 154 48|3998.25 0
289 303 1 1 3 0 0 0 40928 155 154 155 154 48|3998.27 0
289 303 1 1 3 0 0 0 40933 155 154 155 154 48|3998.29 0
289 303 1 1 3 0 0 0 40939 155 154 155 154 48|3998.31 0
289 303 1 1 3 0 0 0 40942 155 154 155 154 48|3998.34 0
289 303 1 1 3 0 0 0 40948 155 154 155 154 48|3998.37 0
289 303 1 1 3 0 0 0 40951 155 154 155 154 48|3998.40 0
289 303 1 1 3 0 0 0 40959 155 154 155 154 48|3998.43 0
289 303 1 1 3 0 0 0 40964 155 154 155 154 48|3998.46 0
289 303 1 1 3 0 0 0 40969 155 154 155 154 48|3998.50 0
289 303 1 1 3 0 0 0 40973 155 154 155 154 48|3998.54 0
289 303 1 1 3 0 0 0 40981 155 154 155 154 48|3998.58 0
289 303 1 1 3 0 0 0 40985 155 154 155 154 48|3998.61 0
289 303 1 1 3 0 0 0 40987 155 154 155 154 48|3998.63 0
289 303 1 1 3 0 0 0 40989 155 154 155 154 48|3998.65 0
289 303 1 1 3 0 0 0 40991 155 154 155 154 48|3998.67 0
289 303 1 1 3 0 0 0 40994 155 154 155 154 48|3998.69 0
289 303 1 1 3 0 0 0 40998 155 154 155 154 48|3998.71 0
289 303 1 1 3 0 0 0 41004 155 154 155 154 48|3998.78 0
289 303 1 1 3 0 0 0 41008 155 154 155 154 48|3998.80 0
289 303 1 1 3 0 0 0 41015 155 154 155 154 48|3998.83 0
289 303 1 1 3 0 0 0 41019 155 154 155 154 48|3998.85 0
289 303 1 1 3 0 0 0 41021 155 154 155 154 48|3998.87 0
289 303 1 1 3 0 0 0 41027 155 154 155 154 48|3998.89 0
289 303 1 1 3 0 0 0 41029 155 154 155 154 48|3998.91 0
289 303 1 1 3 0 0 0 41033 155 154 155 154 48|3998.93 0
289 303 1 1 3 0 0 0 41035 155 154 155 154 48|3998.95 0
289 303 1 1 3 0 0 0 41037 155 154 155 154 48|3998.96 0
289 303 1 1 3 0 0 0 41043 155 154 155 154 48|3998.99 0
289 303 1 1 3 0 0 0 41050 155 154 155 154 48|3999.03 0
289 303 1 1 3 0 0 0 41057 155 154 155 154 48|3999.06 0
289 303 1 1 3 0 0 0 41061 155 154 155 154 48|3999.09 0
289 303 1 1 3 0 0 0 41065 155 154 155 154 48|3999.11 0
289 303 1 1 3 0 0 0 41073 155 154 155 154 48|3999.15 0
289 303 1 1 3 0 0 0 41077 155 154 155 154 48|3999.18 0
289 303 1 1 3 0 0 0 41081 155 154 155 154 48|3999.20 0
289 303 1 1 3 0 0 0 41086 155 154 155 154 48|3999.22 0
289 303 1 1 3 0 0 0 41089 155 154 155 154 48|3999.24 0
289 303 1 1 3 0 0 0 41091 155 154 155 154 48|3999.26 0
289 303 1 1 3 0 0 0 41096 155 154 155 154 48|3999.28 0
289 303 1 1 3 0 0 0 41104 155 154 155 154 48|3999.31 0
289 303 1 1 3 0 0 0 41112 155 154 155 154 48|3999.38 0
289 303 1 1 3 0 0 0 41116 155 154 155 154 48|3999.41 0
289 303 1 1 3 0 0 0 41118 155 154 155 154 48|3999.43 0
289 303 1 1 3 0 0 0 41123 155 154 155 154 48|3999.46 0
289 303 1 1 3 0 0 0 41125 155 154 155 154 48|3999.49 0
289 303 1 1 3 0 0 0 41129 155 154 155 154 48|3999.52 0
289 303 1 1 3 0 0 0 41134 155 154 155 154 48|3999.54 0
289 303 1 1 3 0 0 0 41142 155 154 155 154 48|3999.58 0
289 303 1 1 3 0 0 0 41147 155 154 155 154 48|3999.60 0
289 303 1 1 3 0 0 0 41148 155 154 155 154 48|3999.62 0
289 303 1 1 3 0 0 0 41151 155 154 155 154 48|3999.64 0
289 303 1 1 3 0 0 0 41154 155 154 155 154 48|3999.66 0
289 303 1 1 3 0 0 0 41156 155 154 155 154 48|3999.68 0
289 303 1 1 3 0 0 0 41160 155 154 155 154 48|3999.71 0
289 303 1 1 3 0 0 0 41164 155 154 155 154 48|3999.74 0
289 303 1 1 3 0 0 0 41166 155 154 155 154 48|3999.76 0
289 303 1 1 3 0 0 0 41169 155 154 155 154 48|3999.79 0
289 303 1 1 3 0 0 0 41175 155 154 155 154 48|3999.84 0
289 303 1 1 3 0 0 0 41178 155 154 155 154 48|3999.87 0
289 303 1 1 3 0 0 0 41182 155 154 155 154 48|3999.90 0
289 303 1 1 3 0 0 0 41183 155 154 155 154 48|3999.92 0
289 303 1 1 3 0 0 0 41185 155 154 155 154 48|3999.94 0
289 303 1 1 3 0 0 0 41190 155 154 155 154 48|3999.98 0
289 303 1 1 3 0 0 0 41192 155 154 155 154 48|4000.00 0
289 303 1 1 3 0 0 0 41199 155 154 155 154 48|4000.03 0
289 303 1 1 3 0 0 0 41205 155 154 155 154 48|4000.07 0
289 303 1 1 3 0 0 0 41209 155 154 155 154 48|4000.11 0
289 303 1 1 3 0 0 0 41210 155 154 155 154 48|4000.16 0
289 303 1 1 3 0 0 0 41222 155 154 155 154 48|4000.18 0
289 303 1 1 3 0 0 0 41228 155 154 155 154 48|4000.22 0
289 303 1 1 3 0 0 0 41233 155 154 155 154 48|4000.24 0
289 303 1 1 3 0 0 0 41236 155 154 155 154 48|4000.26 0
289 303 1 1 3 0 0 0 41238 155 154 155 154 48|4000.28 0
289 303 1 1 3 0 0 0 41240 155 154 155 154 48|4000.30 0
289 303 1 1 3 0 0 0 41241 155 154 155 154 48|4000.32 0
289 303 1 1 3 0 0 0 41248 155 154 155 154 48|4000.34 0
289 303 1 1 3 0 0 0 41249 155 154 155 154 48|4000.36 0
289 303 1 1 3 0 0 0 41253 155 154 155 154 48|4000.39 0
289 303 1 1 3 0 0 0 41259 155 154 155 154 48|4000.42 0
289 303 1 1 3 0 0 0 41261 155 154 155 154 48|4000.45 0
289 303 1 1 3 0 0 0 41264 155 154 155 154 48|4000.48 0
289 303 1 1 3 0 0 0 41272 155 154 155 154 48|4000.50 0
289 303 1 1 3 0 0 0 41273 155 154 155 154 48|4000.53 0
289 303 1 1 3 0 0 0 41278 155 154 155 154 48|4000.55 0
289 303 1 1 3 0 0 0 41279 155 154 155 154 48|4000.58 0
289 303 1 1 3 0 0 0 41290 155 154 155 154 48|4000.61 0
289 303 1 1 3 0 0 0 41293 155 154 155 154 48|4000.64 0
289 303 1 1 3 0 0 0 41298 155 154 155 154 48|4000.66 0
289 303 1 1 3 0 0 0 41301 155 154 155 154 48|4000.70 0
289 303 1 1 3 0 0 0 41309 155 154 155 154 48|4000.73 0
289 303 1 1 3 0 0 0 41311 155 154 155 154 48|4000.75 0
289 303 1 1 3 0 0 0 41312 155 154 155 154 48|4000.81 0
289 303 1 1 3 0 0 0 41317 155 154 155 154 48|4000.83 0
289 303 1 1 3 0 0 0 41322 155 154 155 154 48|4000.85 0
289 303 1 1 3 0 0 0 41330 155 154 155 154 48|4000.89 0
289 303 1 1 3 0 0 0 41331 155 154 155 154 48|4000.92 0
289 303 1 1 3 0 0 0 41338 155 154 155 154 48|4000.95 0
289 303 1 1 3 0 0 0 41342 155 154 155 154 48|4000.97 0
289 303 1 1 3 0 0 0 41344 155 154 155 154 48|4000.99 0
289 303 1 1 3 0 0 0 41346 155 154 155 154 48|4001.01 0
289 303 1 1 3 0 0 0 41350 155 154 155 154 48|4001.03 0
289 303 1 1 3 0 0 0 41352 155 154 155 154 48|4001.05 0
289 303 1 1 3 0 0 0 41354 155 154 155 154 48|4001.07 0
289 303 1 1 3 0 0 0 41357 155 154 155 154 48|4001.09 0
289 303 1 1 3 0 0 0 41362 155 154 155 154 48|4001.11 0
289 303 1 1 3 0 0 0 41365 155 154 155 154 48|4001.13 0
289 303 1 1 3 0 0 0 41367 155 154 155 154 48|4001.15 0
289 303 1 1 3 0 0 0 41370 155 154 155 154 48|4001.17 0
289 303 1 1 3 0 0 0 41371 155 154 155 154 48|4001.21 0
289 303 1 1 3 0 0 0 41374 155 154 155 154 48|4001.23 0
289 303 1 1 3 0 0 0 41377 155 154 155 154 48|4001.25 0
289 303 1 1 3 0 0 0 41381 155 154 155 154 48|4001.27 0
289 303 1 1 3 0 0 0 41384 155 154 155 154 48|4001.29 0
289 303 1 1 3 0 0 0 41388 155 154 155 154 48|4001.31 0
289 303 1 1 3 0 0 0 41394 155 154 155 154 48|4001.35 0
289 303 1 1 3 0 0 0 41398 155 154 155 154 48|4001.39 0
289 303 1 1 3 0 0 0 41401 155 154 155 154 48|4001.41 0
289 303 1 1 3 0 0 0 41406 155 154 155 154 48|4001.43 0
289 303 1 1 3 0 0 0 41407 155 154 155 154 48|4001.46 0
289 303 1 1 3 0 0 0 41409 155 154 155 154 48|4001.47 0
289 303 1 1 3 0 0 0 41414 155 154 155 154 48|4001.49 0
289 303 1 1 3 0 0 0 41418 155 154 155 154 48|4001.51 0
289 303 1 1 3 0 0 0 41419 155 154 155 154 48|4001.55 0
289 303 1 1 3 0 0 0 41426 155 154 155 154 48|4001.57 0
289 303 1 1 3 0 0 0 41430 155 154 155 154 48|4001.60 0
289 303 1 1 3 0 0 0 41437 155 154 155 154 48|4001.63 0
289 303 1 1 3 0 0 0 41442 155 154 155 154 48|4001.65 0
289 303 1 1 3 0 0 0 41448 155 154 155 154 48|4001.68 0
289 303 1 1 3 0 0 0 41454 155 154 155 154 48|4001.71 0
289 303 1 1 3 0 0 0 41459 155 154 155 154 48|4001.74 0
289 303 1 1 3 0 0 0 41461 155 154 155 154 48|4001.76 0
289 303 1 1 3 0 0 0 41465 155 154 155 154 48|4001.79 0
289 303 1 1 3 0 0 0 41468 155 154 155 154 48|4001.81 0
289 303 1 1 3 0 0 0 41470 155 154 155 154 48|4001.84 0
289 303 1 1 3 0 0 0 41478 155 154 155 154 48|4001.92 0
289 303 1 1 3 0 0 0 41493 155 154 155 154 48|4001.94 0
289 303 1 1 3 0 0 0 41495 155 154 155 154 48|4001.96 0
289 303 1 1 3 0 0 0 41497 155 154 155 154 48|4001.98 0
289 303 1 1 3 0 0 0 41502 155 154 155 154 48|4002.00 0
289 303 1 1 3 0 0 0 41507 155 154 155 154 48|4002.02 0
289 303 1 1 3 0 0 0 41509 155 154 155 154 48|4002.04 0
289 303 1 1 3 0 0 0 41515 155 154 155 154 48|4002.06 0
289 303 1 1 3 0 0 0 41526 155 154 155 154 48|4002.10 0
289 303 1 1 3 0 0 0 41530 155 154 155 154 48|4002.12 0
289 303 1 1 3 0 0 0 41534 155 154 155 154 48|4002.14 0
289 303 1 1 3 0 0 0 41540 155 154 155 154 48|4002.16 0
289 303 1 1 3 0 0 0 41546 155 154 155 154 48|4002.18 0
289 303 1 1 3 0 0 0 41552 155 154 155 154 48|4002.20 0
289 303 1 1 3 0 0 0 41554 155 154 155 154 48|4002.22 0
289 303 1 1 3 0 0 0 41562 155 154 155 154 48|4002.25 0
289 303 1 1 3 0 0 0 41564 155 154 155 154 48|4002.27 0
289 303 1 1 3 0 0 0 41569 155 154 155 154 48|4002.30 0
289 303 1 1 3 0 0 0 41573 155 154 155 154 48|4002.33 0
289 303 1 1 3 0 0 0 41587 155 154 155 154 48|4002.35 0
289 303 1 1 3 0 0 0 41592 155 154 155 154 48|4002.37 0
289 303 1 1 3 0 0 0 41595 155 154 155 154 48|4002.39 0
289 303 1 1 3 0 0 0 41600 155 154 155 154 48|4002.41 0
289 303 1 1 3 0 0 0 41610 155 154 155 154 48|4002.43 0
289 303 1 1 3 0 0 0 41613 155 154 155 154 48|4002.45 0
289 303 1 1 3 0 0 0 41622 155 154 155 154 48|4002.47 0
289 303 1 1 3 0 0 0 41624 155 154 155 154 48|4002.49 0
289 303 1 1 3 0 0 0 41628 155 154 155 154 48|4002.50 0
289 303 1 1 3 0 0 0 41631 155 154 155 154 48|4002.52 0
289 303 1 1 3 0 0 0 41640 155 154 155 154 48|4002.54 0
289 303 1 1 3 0 0 0 41648 155 154 155 154 48|4002.58 0
289 303 1 1 3 0 0 0 41649 155 154 155 154 48|4002.60 0
289 303 1 1 3 0 0 0 41652 155 154 155 154 48|4002.73 0
289 303 1 1 3 0 0 0 41662 155 154 155 154 48|4003.17 0
289 303 1 1 3 0 0 0 41670 155 154 155 154 48|4003.25 0
289 303 1 1 3 0 0 0 41674 155 154 155 154 48|4003.27 0
289 303 1 1 3 0 0 0 41675 155 154 155 154 48|4003.33 0
289 303 1 1 3 0 0 0 41681 155 154 155 154 48|4003.37 0
289 303 1 1 3 0 0 0 41683 155 154 155 154 48|4003.39 0
289 303 1 1 3 0 0 0 41690 155 154 155 154 48|4003.41 0
289 303 1 1 3 0 0 0 41693 155 154 155 154 48|4003.43 0
289 303 1 1 3 0 0 0 41696 155 154 155 154 48|4003.46 0
289 303 1 1 3 0 0 0 41698 155 154 155 154 48|4003.47 0
289 303 1 1 3 0 0 0 41705 155 154 155 154 48|4003.49 0
289 303 1 1 3 0 0 0 41709 155 154 155 154 48|4003.52 0
289 303 1 1 3 0 0 0 41715 155 154 155 154 48|4003.53 0
289 303 1 1 3 0 0 0 41718 155 154 155 154 48|4003.55 0
289 303 1 1 3 0 0 0 41723 155 154 155 154 48|4003.57 0
289 303 1 1 3 0 0 0 41726 155 154 155 154 48|4003.59 0
289 303 1 1 3 0 0 0 41732 155 154 155 154 48|4003.61 0
289 303 1 1 3 0 0 0 41735 155 154 155 154 48|4003.63 0
289 303 1 1 3 0 0 0 41740 155 154 155 154 48|4003.65 0
289 303 1 1 3 0 0 0 41744 155 154 155 154 48|4003.67 0
289 303 1 1 3 0 0 0 41746 155 154 155 154 48|4003.68 0
289 303 1 1 3 0 0 0 41749 155 154 155 154 48|4003.70 0
289 303 1 1 3 0 0 0 41750 155 154 155 154 48|4003.80 0
289 303 1 1 3 0 0 0 41752 155 154 155 154 48|4004.70 0
289 303 1 1 3 0 0 0 41754 155 154 155 154 48|4005.07 0
289 303 1 1 3 0 0 0 41755 155 154 155 154 48|4005.09 0
289 303 1 1 3 0 0 0 41765 155 154 155 154 48|4005.77 0
289 303 1 1 3 0 0 0 41766 155 154 155 154 48|4005.81 0
289 303 1 1 3 0 0 0 41769 155 154 155 154 48|4005.85 0
289 303 1 1 3 0 0 0 41785 155 154 155 154 48|4005.87 0
289 303 1 1 3 0 0 0 41786 155 154 155 154 48|4005.89 0
289 303 1 1 3 0 0 0 41794 155 154 155 154 48|4005.95 0
289 303 1 1 3 0 0 0 41804 155 154 155 154 48|4005.97 0
289 303 1 1 3 0 0 0 41806 155 154 155 154 48|4005.99 0
289 303 1 1 3 0 0 0 41811 155 154 155 154 48|4006.01 0
289 303 1 1 3 0 0 0 41814 155 154 155 154 48|4006.05 0
289 303 1 1 3 0 0 0 41819 155 154 155 154 48|4006.07 0
289 303 1 1 3 0 0 0 41821 155 154 155 154 48|4006.08 0
289 303 1 1 3 0 0 0 41823 155 154 155 154 48|4006.10 0
289 303 1 1 3 0 0 0 41825 155 154 155 154 48|4006.25 0
289 303 1 1 3 0 0 0 41826 155 154 155 154 48|4006.84 0
289 303 1 1 3 0 0 0 41834 155 154 155 154 48|4006.87 0
289 303 1 1 3 0 0 0 41835 155 154 155 154 48|4006.91 0
289 303 1 1 3 0 0 0 41838 155 154 155 154 48|4006.93 0
289 303 1 1 3 0 0 0 41843 155 154 155 154 48|4006.95 0
289 303 1 1 3 0 0 0 41847 155 154 155 154 48|4006.97 0
289 303 1 1 3 0 0 0 41850 155 154 155 154 48|4007.04 0
289 303 1 1 3 0 0 0 41857 155 154 155 154 48|4007.06 0
289 303 1 1 3 0 0 0 41865 155 154 155 154 48|4007.08 0
289 303 1 1 3 0 0 0 41866 155 154 155 154 48|4007.12 0
289 303 1 1 3 0 0 0 41868 155 154 155 154 48|4007.14 0
289 303 1 1 3 0 0 0 41873 155 154 155 154 48|4007.16 0
289 303 1 1 3 0 0 0 41874 155 154 155 154 48|4007.18 0
289 303 1 1 3 0 0 0 41884 155 154 155 154 48|4007.21 0
289 303 1 1 3 0 0 0 41888 155 154 155 154 48|4007.24 0
289 303 1 1 3 0 0 0 41895 155 154 155 154 48|4007.26 0
289 303 1 1 3 0 0 0 41896 155 154 155 154 48|4007.28 0
289 303 1 1 3 0 0 0 41901 155 154 155 154 48|4007.31 0
289 303 1 1 3 0 0 0 41909 155 154 155 154 48|4007.34 0
289 303 1 1 3 0 0 0 41911 155 154 155 154 48|4007.36 0
289 303 1 1 3 0 0 0 41918 155 154 155 154 48|4007.38 0
289 303 1 1 3 0 0 0 41919 155 154 155 154 48|4007.87 0
289 303 1 1 3 0 0 0 41923 155 154 155 154 48|4007.89 0
289 303 1 1 3 0 0 0 41926 155 154 155 154 48|4008.66 0
289 303 1 1 3 0 0 0 41929 155 154 155 154 48|4009.05 0
289 303 1 1 3 0 0 0 41930 155 154 155 154 48|4009.15 0
289 303 1 1 3 0 0 0 41933 155 154 155 154 48|4009.18 0
289 303 1 1 3 0 0 0 41935 155 154 155 154 48|4009.20 0
289 303 1 1 3 0 0 0 41939 155 154 155 154 48|4009.22 0
289 303 1 1 3 0 0 0 41941 155 154 155 154 48|4009.24 0
289 303 1 1 3 0 0 0 41946 155 154 155 154 48|4009.26 0
289 303 1 1 3 0 0 0 41951 155 154 155 154 48|4009.30 0
289 303 1 1 3 0 0 0 41957 155 154 155 154 48|4009.33 0
289 303 1 1 3 0 0 0 41963 155 154 155 154 48|4009.35 0
289 303 1 1 3 0 0 0 41972 155 154 155 154 48|4009.40 0
289 303 1 1 3 0 0 0 41975 155 154 155 154 48|4009.42 0
289 303 1 1 3 0 0 0 41984 155 154 155 154 48|4009.46 0
289 303 1 1 3 0 0 0 41986 155 154 155 154 48|4009.49 0
289 303 1 1 3 0 0 0 41988 155 154 155 154 48|4009.51 0
289 303 1 1 3 0 0 0 41991 155 154 155 154 48|4009.52 0
289 303 1 1 3 0 0 0 41995 155 154 155 154 48|4009.56 0
289 303 1 1 3 0 0 0 42000 155 154 155 154 48|4009.59 0
289 303 1 1 3 0 0 0 42009 155 154 155 154 48|4009.63 0
289 303 1 1 3 0 0 0 42015 155 154 155 154 48|4009.65 0
289 303 1 1 3 0 0 0 42021 155 154 155 154 48|4009.67 0
289 303 1 1 3 0 0 0 42025 155 154 155 154 48|4009.69 0
289 303 1 1 3 0 0 0 42028 155 154 155 154 48|4009.72 0
289 303 1 1 3 0 0 0 42034 155 154 155 154 48|4009.74 0
289 303 1 1 3 0 0 0 42037 155 154 155 154 48|4009.76 0
289 303 1 1 3 0 0 0 42045 155 154 155 154 48|4009.78 0
289 303 1 1 3 0 0 0 42047 155 154 155 154 48|4009.79 0
289 303 1 1 3 0 0 0 42055 155 154 155 154 48|4009.81 0
289 303 1 1 3 0 0 0 42059 155 154 155 154 48|4009.85 0
289 303 1 1 3 0 0 0 42064 155 154 155 154 48|4009.88 0
289 303 1 1 3 0 0 0 42070 155 154 155 154 48|4009.90 0
289 303 1 1 3 0 0 0 42075 155 154 155 154 48|4009.92 0
289 303 1 1 3 0 0 0 42080 155 154 155 154 48|4009.94 0
289 303 1 1 3 0 0 0 42082 155 154 155 154 48|4009.96 0
289 303 1 1 3 0 0 0 42086 155 154 155 154 48|4009.98 0
289 303 1 1 3 0 0 0 42087 155 154 155 154 48|4010.11 0
289 303 1 1 3 0 0 0 42089 155 154 155 154 48|4010.13 0
289 303 1 1 3 0 0 0 42095 155 154 155 154 48|4010.69 0
289 303 1 1 3 0 0 0 42098 155 154 155 154 48|4010.72 0
289 303 1 1 3 0 0 0 42099 155 154 155 154 48|4010.76 0
289 303 1 1 3 0 0 0 42110 155 154 155 154 48|4010.81 0
289 303 1 1 3 0 0 0 42111 155 154 155 154 48|4010.90 0
289 303 1 1 3 0 0 0 42121 155 154 155 154 48|4010.92 0
289 303 1 1 3 0 0 0 42123 155 154 155 154 48|4010.94 0
289 303 1 1 3 0 0 0 42134 155 154 155 154 48|4010.99 0
289 303 1 1 3 0 0 0 42137 155 154 155 154 48|4011.02 0
289 303 1 1 3 0 0 0 42139 155 154 155 154 48|4011.04 0
289 303 1 1 3 0 0 0 42153 155 154 155 154 48|4011.06 0
289 303 1 1 3 0 0 0 42161 155 154 155 154 48|4011.10 0
289 303 1 1 3 0 0 0 42169 155 154 155 154 48|4011.13 0
289 303 1 1 3 0 0 0 42174 155 154 155 154 48|4011.16 0
289 303 1 1 3 0 0 0 42185 155 154 155 154 48|4011.19 0
289 303 1 1 3 0 0 0 42193 155 154 155 154 48|4011.22 0
289 303 1 1 3 0 0 0 42199 155 154 155 154 48|4011.25 0
289 303 1 1 3 0 0 0 42200 155 154 155 154 48|4011.33 0
289 303 1 1 3 0 0 0 42201 155 154 155 154 48|4012.34 0
289 303 1 1 3 0 0 0 42204 155 154 155 154 48|4012.49 0
289 303 1 1 3 0 0 0 42205 155 154 155 154 48|4013.05 0
289 303 1 1 3 0 0 0 42209 155 154 155 154 48|4013.18 0
289 303 1 1 3 0 0 0 42215 155 154 155 154 48|4013.21 0
289 303 1 1 3 0 0 0 42217 155 154 155 154 48|4013.24 0
289 303 1 1 3 0 0 0 42227 155 154 155 154 48|4013.31 0
289 303 1 1 3 0 0 0 42234 155 154 155 154 48|4013.35 0
289 303 1 1 3 0 0 0 42235 155 154 155 154 48|4013.37 0
289 303 1 1 3 0 0 0 42242 155 154 155 154 48|4013.39 0
289 303 1 1 3 0 0 0 42247 155 154 155 154 48|4013.42 0
289 303 1 1 3 0 0 0 42255 155 154 155 154 48|4013.45 0
289 303 1 1 3 0 0 0 42256 155 154 155 154 48|4013.47 0
289 303 1 1 3 0 0 0 42260 155 154 155 154 48|4013.49 0
289 303 1 1 3 0 0 0 42262 155 154 155 154 48|4013.51 0
289 303 1 1 3 0 0 0 42265 155 154 155 154 48|4013.53 0
289 303 1 1 3 0 0 0 42269 155 154 155 154 48|4013.55 0
289 303 1 1 3 0 0 0 42271 155 154 155 154 48|4013.57 0
289 303 1 1 3 0 0 0 42273 155 154 155 154 48|4013.59 0
289 303 1 1 3 0 0 0 42279 155 154 155 154 48|4013.62 0
289 303 1 1 3 0 0 0 42285 155 154 155 154 48|4013.66 0
289 303 1 1 3 0 0 0 42287 155 154 155 154 48|4013.68 0
289 303 1 1 3 0 0 0 42290 155 154 155 154 48|4013.70 0
289 303 1 1 3 0 0 0 42291 155 154 155 154 48|4013.71 0
289 303 1 1 3 0 0 0 42293 155 154 155 154 48|4013.73 0
289 303 1 1 3 0 0 0 42295 155 154 155 154 48|4013.75 0
289 303 1 1 3 0 0 0 42303 155 154 155 154 48|4013.77 0
289 303 1 1 3 0 0 0 42305 155 154 155 154 48|4013.79 0
289 303 1 1 3 0 0 0 42307 155 154 155 154 48|4013.81 0
289 303 1 1 3 0 0 0 42310 155 154 155 154 48|4013.83 0
289 303 1 1 3 0 0 0 42312 155 154 155 154 48|4013.85 0
289 303 1 1 3 0 0 0 42317 155 154 155 154 48|4013.87 0
289 303 1 1 3 0 0 0 42328 155 154 155 154 48|4013.91 0
289 303 1 1 3 0 0 0 42330 155 154 155 154 48|4013.93 0
289 303 1 1 3 0 0 0 42337 155 154 155 154 48|4013.95 0
289 303 1 1 3 0 0 0 42343 155 154 155 154 48|4013.99 0
289 303 1 1 3 0 0 0 42346 155 154 155 154 48|4014.01 0
289 303 1 1 3 0 0 0 42349 155 154 155 154 48|4014.03 0
289 303 1 1 3 0 0 0 42356 155 154 155 154 48|4014.07 0
289 303 1 1 3 0 0 0 42360 155 154 155 154 48|4014.10 0
289 303 1 1 3 0 0 0 42364 155 154 155 154 48|4014.12 0
289 303 1 1 3 0 0 0 42377 155 154 155 154 48|4014.16 0
289 303 1 1 3 0 0 0 42387 155 154 155 154 48|4014.19 0
289 303 1 1 3 0 0 0 42397 155 154 155 154 48|4014.21 0
289 303 1 1 3 0 0 0 42399 155 154 155 154 48|4014.23 0
289 303 1 1 3 0 0 0 42403 155 154 155 154 48|4014.25 0
289 303 1 1 3 0 0 0 42405 155 154 155 154 48|4014.28 0
289 303 1 1 3 0 0 0 42409 155 154 155 154 48|4014.30 0
289 303 1 1 3 0 0 0 42411 155 154 155 154 48|4014.32 0
289 303 1 1 3 0 0 0 42417 155 154 155 154 48|4014.34 0
289 303 1 1 3 0 0 0 42427 155 154 155 154 48|4014.40 0
289 303 1 1 3 0 0 0 42437 155 154 155 154 48|4014.43 0
289 303 1 1 3 0 0 0 42440 155 154 155 154 48|4014.45 0
289 303 1 1 3 0 0 0 42444 155 154 155 154 48|4014.47 0
289 303 1 1 3 0 0 0 42448 155 154 155 154 48|4014.49 0
289 303 1 1 3 0 0 0 42452 155 154 155 154 48|4014.52 0
289 303 1 1 3 0 0 0 42455 155 154 155 154 48|4014.54 0
289 303 1 1 3 0 0 0 42461 155 154 155 154 48|4014.58 0
289 303 1 1 3 0 0 0 42462 155 154 155 154 48|4014.60 0
289 303 1 1 3 0 0 0 42472 155 154 155 154 48|4014.63 0
289 303 1 1 3 0 0 0 42478 155 154 155 154 48|4014.68 0
289 303 1 1 3 0 0 0 42488 155 154 155 154 48|4014.71 0
289 303 1 1 3 0 0 0 42492 155 154 155 154 48|4014.74 0
289 303 1 1 3 0 0 0 42494 155 154 155 154 48|4014.76 0
289 303 1 1 3 0 0 0 42500 155 154 155 154 48|4014.79 0
289 303 1 1 3 0 0 0 42501 155 154 155 154 48|4014.81 0
289 303 1 1 3 0 0 0 42502 155 154 155 154 48|4014.83 0
289 303 1 1 3 0 0 0 42508 155 154 155 154 48|4014.85 0
289 303 1 1 3 0 0 0 42510 155 154 155 154 48|4014.88 0
289 303 1 1 3 0 0 0 42513 155 154 155 154 48|4014.90 0
289 303 1 1 3 0 0 0 42518 155 154 155 154 48|4014.93 0
289 303 1 1 3 0 0 0 42520 155 154 155 154 48|4014.96 0
289 303 1 1 3 0 0 0 42521 155 154 155 154 48|4014.98 0
289 303 1 1 3 0 0 0 42524 155 154 155 154 48|4015.00 0
289 303 1 1 3 0 0 0 42529 155 154 155 154 48|4015.02 0
289 303 1 1 3 0 0 0 42543 155 154 155 154 48|4015.07 0
289 303 1 1 3 0 0 0 42548 155 154 155 154 48|4015.10 0
289 303 1 1 3 0 0 0 42553 155 154 155 154 48|4015.12 0
289 303 1 1 3 0 0 0 42557 155 154 155 154 48|4015.14 0
289 303 1 1 3 0 0 0 42560 155 154 155 154 48|4015.17 0
289 303 1 1 3 0 0 0 42563 155 154 155 154 48|4015.20 0
289 303 1 1 3 0 0 0 42564 155 154 155 154 48|4015.21 0
289 303 1 1 3 0 0 0 42568 155 154 155 154 48|4015.23 0
289 303 1 1 3 0 0 0 42571 155 154 155 154 48|4015.26 0
289 303 1 1 3 0 0 0 42576 155 154 155 154 48|4015.28 0
289 303 1 1 3 0 0 0 42580 155 154 155 154 48|4015.30 0
289 303 1 1 3 0 0 0 42582 155 154 155 154 48|4015.33 0
289 303 1 1 3 0 0 0 42583 155 154 155 154 48|4015.35 0
289 303 1 1 3 0 0 0 42586 155 154 155 154 48|4015.37 0
289 303 1 1 3 0 0 0 42593 155 154 155 154 48|4015.42 0
289 303 1 1 3 0 0 0 42597 155 154 155 154 48|4015.44 0
289 303 1 1 3 0 0 0 42604 155 154 155 154 48|4015.48 0
289 303 1 1 3 0 0 0 42606 155 154 155 154 48|4015.51 0
289 303 1 1 3 0 0 0 42608 155 154 155 154 48|4015.62 0
289 303 1 1 3 0 0 0 42618 155 154 155 154 48|4016.22 0
289 303 1 1 3 0 0 0 42625 155 154 155 154 48|4016.30 0
289 303 1 1 3 0 0 0 42626 155 154 155 154 48|4016.32 0
289 303 1 1 3 0 0 0 42631 155 154 155 154 48|4016.35 0
289 303 1 1 3 0 0 0 42633 155 154 155 154 48|4016.37 0
289 303 1 1 3 0 0 0 42639 155 154 155 154 48|4016.41 0
289 303 1 1 3 0 0 0 42642 155 154 155 154 48|4016.44 0
289 303 1 1 3 0 0 0 42649 155 154 155 154 48|4016.47 0
289 303 1 1 3 0 0 0 42656 155 154 155 154 48|4016.49 0
289 303 1 1 3 0 0 0 42658 155 154 155 154 48|4016.51 0
289 303 1 1 3 0 0 0 42663 155 154 155 154 48|4016.53 0
289 303 1 1 3 0 0 0 42667 155 154 155 154 48|4016.55 0
289 303 1 1 3 0 0 0 42673 155 154 155 154 48|4016.57 0
289 303 1 1 3 0 0 0 42675 155 154 155 154 48|4016.59 0
289 303 1 1 3 0 0 0 42683 155 154 155 154 48|4016.61 0
289 303 1 1 3 0 0 0 42684 155 154 155 154 48|4016.63 0
289 303 1 1 3 0 0 0 42688 155 154 155 154 48|4016.65 0
289 303 1 1 3 0 0 0 42690 155 154 155 154 48|4016.68 0
289 303 1 1 3 0 0 0 42695 155 154 155 154 48|4016.70 0
289 303 1 1 3 0 0 0 42702 155 154 155 154 48|4016.72 0
289 303 1 1 3 0 0 0 42703 155 154 155 154 48|4016.74 0
289 303 1 1 3 0 0 0 42704 155 154 155 154 48|4017.48 0
289 303 1 1 3 0 0 0 42706 155 154 155 154 48|4018.01 0
289 303 1 1 3 0 0 0 42707 155 154 155 154 48|4018.59 0
289 303 1 1 3 0 0 0 42708 155 154 155 154 48|4018.70 0
289 303 1 1 3 0 0 0 42710 155 154 155 154 48|4018.79 0
289 303 1 1 3 0 0 0 42715 155 154 155 154 48|4018.81 0
289 303 1 1 3 0 0 0 42716 155 154 155 154 48|4018.83 0
289 303 1 1 3 0 0 0 42719 155 154 155 154 48|4018.86 0
289 303 1 1 3 0 0 0 42723 155 154 155 154 48|4018.89 0
289 303 1 1 3 0 0 0 42736 155 154 155 154 48|4018.93 0
289 303 1 1 3 0 0 0 42739 155 154 155 154 48|4018.96 0
289 303 1 1 3 0 0 0 42743 155 154 155 154 48|4018.98 0
289 303 1 1 3 0 0 0 42746 155 154 155 154 48|4019.00 0
289 303 1 1 3 0 0 0 42750 155 154 155 154 48|4019.02 0
289 303 1 1 3 0 0 0 42755 155 154 155 154 48|4019.04 0
289 303 1 1 3 0 0 0 42758 155 154 155 154 48|4019.06 0
289 303 1 1 3 0 0 0 42762 155 154 155 154 48|4019.08 0
289 303 1 1 3 0 0 0 42770 155 154 155 154 48|4019.10 0
289 303 1 1 3 0 0 0 42773 155 154 155 154 48|4019.12 0
289 303 1 1 3 0 0 0 42777 155 154 155 154 48|4019.13 0
289 303 1 1 3 0 0 0 42780 155 154 155 154 48|4019.15 0
289 303 1 1 3 0 0 0 42787 155 154 155 154 48|4019.18 0
289 303 1 1 3 0 0 0 42795 155 154 155 154 48|4019.23 0
289 303 1 1 3 0 0 0 42801 155 154 155 154 48|4019.26 0
289 303 1 1 3 0 0 0 42803 155 154 155 154 48|4019.28 0
289 303 1 1 3 0 0 0 42808 155 154 155 154 48|4019.29 0
289 303 1 1 3 0 0 0 42813 155 154 155 154 48|4019.31 0
289 303 1 1 3 0 0 0 42816 155 154 155 154 48|4019.33 0
289 303 1 1 3 0 0 0 42818 155 154 155 154 48|4019.35 0
289 303 1 1 3 0 0 0 42823 155 154 155 154 48|4019.37 0
289 303 1 1 3 0 0 0 42828 155 154 155 154 48|4019.39 0
289 303 1 1 3 0 0 0 42834 155 154 155 154 48|4019.41 0
289 303 1 1 3 0 0 0 42836 155 154 155 154 48|4019.43 0
289 303 1 1 3 0 0 0 42840 155 154 155 154 48|4019.49 0
289 303 1 1 3 0 0 0 42842 155 154 155 154 48|4019.51 0
289 303 1 1 3 0 0 0 42848 155 154 155 154 48|4019.53 0
289 303 1 1 3 0 0 0 42850 155 154 155 154 48|4019.55 0
289 303 1 1 3 0 0 0 42858 155 154 155 154 48|4019.59 0
289 303 1 1 3 0 0 0 42860 155 154 155 154 48|4019.61 0
289 303 1 1 3 0 0 0 42867 155 154 155 154 48|4019.63 0
289 303 1 1 3 0 0 0 42870 155 154 155 154 48|4019.65 0
289 303 1 1 3 0 0 0 42874 155 154 155 154 48|4019.67 0
289 303 1 1 3 0 0 0 42876 155 154 155 154 48|4019.69 0
289 303 1 1 3 0 0 0 42881 155 154 155 154 48|4019.70 0
289 303 1 1 3 0 0 0 42886 155 154 155 154 48|4019.74 0
289 303 1 1 3 0 0 0 42893 155 154 155 154 48|4019.77 0
289 303 1 1 3 0 0 0 42899 155 154 155 154 48|4019.79 0
289 303 1 1 3 0 0 0 42905 155 154 155 154 48|4019.82 0
289 303 1 1 3 0 0 0 42909 155 154 155 154 48|4019.84 0
289 303 1 1 3 0 0 0 42911 155 154 155 154 48|4019.86 0
289 303 1 1 3 0 0 0 42918 155 154 155 154 48|4019.88 0
289 303 1 1 3 0 0 0 42920 155 154 155 154 48|4019.90 0
289 303 1 1 3 0 0 0 42922 155 154 155 154 48|4019.93 0
289 303 1 1 3 0 0 0 42924 155 154 155 154 48|4019.95 0
289 303 1 1 3 0 0 0 42929 155 154 155 154 48|4019.98 0
289 303 1 1 3 0 0 0 42937 155 154 155 154 48|4020.02 0
289 303 1 1 3 0 0 0 42942 155 154 155 154 48|4020.05 0
289 303 1 1 3 0 0 0 42943 155 154 155 154 48|4020.07 0
289 303 1 1 3 0 0 0 42944 155 154 155 154 48|4020.09 0
289 303 1 1 3 0 0 0 42950 155 154 155 154 48|4020.11 0
289 303 1 1 3 0 0 0 42951 155 154 155 154 48|4020.13 0
289 303 1 1 3 0 0 0 42955 155 154 155 154 48|4020.15 0
289 303 1 1 3 0 0 0 42961 155 154 155 154 48|4020.18 0
289 303 1 1 3 0 0 0 42965 155 154 155 154 48|4020.21 0
289 303 1 1 3 0 0 0 42970 155 154 155 154 48|4020.23 0
289 303 1 1 3 0 0 0 42975 155 154 155 154 48|4020.28 0
289 303 1 1 3 0 0 0 42976 155 154 155 154 48|4020.31 0
289 303 1 1 3 0 0 0 42978 155 154 155 154 48|4020.33 0
289 303 1 1 3 0 0 0 42984 155 154 155 154 48|4020.39 0
289 303 1 1 3 0 0 0 42991 155 154 155 154 48|4020.41 0
289 303 1 1 3 0 0 0 43001 155 154 155 154 48|4020.43 0
289 303 1 1 3 0 0 0 43004 155 154 155 154 48|4020.46 0
289 303 1 1 3 0 0 0 43006 155 154 155 154 48|4020.48 0
289 303 1 1 3 0 0 0 43011 155 154 155 154 48|4020.50 0
289 303 1 1 3 0 0 0 43015 155 154 155 154 48|4020.54 0
289 303 1 1 3 0 0 0 43026 155 154 155 154 48|4020.57 0
289 303 1 1 3 0 0 0 43028 155 154 155 154 48|4020.59 0
289 303 1 1 3 0 0 0 43033 155 154 155 154 48|4020.61 0
289 303 1 1 3 0 0 0 43035 155 154 155 154 48|4020.63 0
289 303 1 1 3 0 0 0 43039 155 154 155 154 48|4020.65 0
289 303 1 1 3 0 0 0 43041 155 154 155 154 48|4020.67 0
289 303 1 1 3 0 0 0 43044 155 154 155 154 48|4020.69 0
289 303 1 1 3 0 0 0 43047 155 154 155 154 48|4020.71 0
289 303 1 1 3 0 0 0 43052 155 154 155 154 48|4020.73 0
289 303 1 1 3 0 0 0 43055 155 154 155 154 48|4020.75 0
289 303 1 1 3 0 0 0 43057 155 154 155 154 48|4020.77 0
289 303 1 1 3 0 0 0 43061 155 154 155 154 48|4020.79 0
289 303 1 1 3 0 0 0 43064 155 154 155 154 48|4020.81 0
289 303 1 1 3 0 0 0 43066 155 154 155 154 48|4020.83 0
289 303 1 1 3 0 0 0 43069 155 154 155 154 48|4020.85 0
289 303 1 1 3 0 0 0 43075 155 154 155 154 48|4020.87 0
289 303 1 1 3 0 0 0 43078 155 154 155 154 48|4020.89 0
289 303 1 1 3 0 0 0 43088 155 154 155 154 48|4020.94 0
289 303 1 1 3 0 0 0 43092 155 154 155 154 48|4020.97 0
289 303 1 1 3 0 0 0 43096 155 154 155 154 48|4021.01 0
289 303 1 1 3 0 0 0 43105 155 154 155 154 48|4021.03 0
289 303 1 1 3 0 0 0 43110 155 154 155 154 48|4021.06 0
289 303 1 1 3 0 0 0 43112 155 154 155 154 48|4021.08 0
289 303 1 1 3 0 0 0 43119 155 154 155 154 48|4021.12 0
289 303 1 1 3 0 0 0 43133 155 154 155 154 48|4021.15 0
289 303 1 1 3 0 0 0 43135 155 154 155 154 48|4021.17 0
289 303 1 1 3 0 0 0 43138 155 154 155 154 48|4021.19 0
289 303 1 1 3 0 0 0 43143 155 154 155 154 48|4021.21 0
289 303 1 1 3 0 0 0 43146 155 154 155 154 48|4021.23 0
289 303 1 1 3 0 0 0 43148 155 154 155 154 48|4021.26 0
289 303 1 1 3 0 0 0 43151 155 154 155 154 48|4021.28 0
289 303 1 1 3 0 0 0 43156 155 154 155 154 48|4021.30 0
289 303 1 1 3 0 0 0 43162 155 154 155 154 48|4021.32 0
289 303 1 1 3 0 0 0 43165 155 154 155 154 48|4021.35 0
289 303 1 1 3 0 0 0 43166 155 154 155 154 48|4021.37 0
289 303 1 1 3 0 0 0 43178 155 154 155 154 48|4021.39 0
289 303 1 1 3 0 0 0 43179 155 154 155 154 48|4021.41 0
289 303 1 1 3 0 0 0 43183 155 154 155 154 48|4021.42 0
289 303 1 1 3 0 0 0 43184 155 154 155 154 48|4021.44 0
289 303 1 1 3 0 0 0 43187 155 154 155 154 48|4021.47 0
289 303 1 1 3 0 0 0 43189 155 154 155 154 48|4021.50 0
289 303 1 1 3 0 0 0 43192 155 154 155 154 48|4021.52 0
289 303 1 1 3 0 0 0 43193 155 154 155 154 48|4021.55 0
289 303 1 1 3 0 0 0 43194 155 154 155 154 48|4021.64 0
289 303 1 1 3 0 0 0 43197 155 154 155 154 48|4021.73 0
289 303 1 1 3 0 0 0 43199 155 154 155 154 48|4021.78 0
289 303 1 1 3 0 0 0 43201 155 154 155 154 48|4021.80 0
289 303 1 1 3 0 0 0 43205 155 154 155 154 48|4022.13 0
289 303 1 1 3 0 0 0 43206 155 154 155 154 48|4022.18 0
289 303 1 1 3 0 0 0 43212 155 154 155 154 48|4022.24 0
289 303 1 1 3 0 0 0 43220 155 154 155 154 48|4022.27 0
289 303 1 1 3 0 0 0 43223 155 154 155 154 48|4022.32 0
289 303 1 1 3 0 0 0 43227 155 154 155 154 48|4022.34 0
289 303 1 1 3 0 0 0 43230 155 154 155 154 48|4022.36 0
289 303 1 1 3 0 0 0 43237 155 154 155 154 48|4022.40 0
289 303 1 1 3 0 0 0 43241 155 154 155 154 48|4022.43 0
289 303 1 1 3 0 0 0 43245 155 154 155 154 48|4022.45 0
289 303 1 1 3 0 0 0 43246 155 154 155 154 48|4022.48 0
289 303 1 1 3 0 0 0 43252 155 154 155 154 48|4022.51 0
289 303 1 1 3 0 0 0 43261 155 154 155 154 48|4022.52 0
289 303 1 1 3 0 0 0 43263 155 154 155 154 48|4022.54 0
289 303 1 1 3 0 0 0 43270 155 154 155 154 48|4022.56 0
289 303 1 1 3 0 0 0 43272 155 154 155 154 48|4022.59 0
289 303 1 1 3 0 0 0 43275 155 154 155 154 48|4022.62 0
289 303 1 1 3 0 0 0 43278 155 154 155 154 48|4022.64 0
289 303 1 1 3 0 0 0 43282 155 154 155 154 48|4022.66 0
289 303 1 1 3 0 0 0 43284 155 154 155 154 48|4022.68 0
289 303 1 1 3 0 0 0 43289 155 154 155 154 48|4022.70 0
289 303 1 1 3 0 0 0 43290 155 154 155 154 48|4022.72 0
289 303 1 1 3 0 0 0 43291 155 154 155 154 48|4022.80 0
289 303 1 1 3 0 0 0 43297 155 154 155 154 48|4022.82 0
289 303 1 1 3 0 0 0 43298 155 154 155 154 48|4022.96 0
289 303 1 1 3 0 0 0 43299 155 154 155 154 48|4022.98 0
289 303 1 1 3 0 0 0 43300 155 154 155 154 48|4023.12 0
289 303 1 1 3 0 0 0 43301 155 154 155 154 48|4023.89 0
289 303 1 1 3 0 0 0 43303 155 154 155 154 48|4023.97 0
289 303 1 1 3 0 0 0 43307 155 154 155 154 48|4024.01 0
289 303 1 1 3 0 0 0 43308 155 154 155 154 48|4025.02 0
289 303 1 1 3 0 0 0 43309 155 154 155 154 48|4025.39 0
289 303 1 1 3 0 0 0 43310 155 154 155 154 48|4026.12 0
289 303 1 1 3 0 0 0 43311 155 154 155 154 48|4026.14 0
289 303 1 1 3 0 0 0 43315 155 154 155 154 48|4027.00 0
289 303 1 1 3 0 0 0 43320 155 154 155 154 48|4027.02 0
289 303 1 1 3 0 0 0 43321 155 154 155 154 48|4027.04 0
289 303 1 1 3 0 0 0 43325 155 154 155 154 48|4027.10 0
289 303 1 1 3 0 0 0 43332 155 154 155 154 48|4027.14 0
289 303 1 1 3 0 0 0 43333 155 154 155 154 48|4027.21 0
289 303 1 1 3 0 0 0 43335 155 154 155 154 48|4027.26 0
289 303 1 1 3 0 0 0 43345 155 154 155 154 48|4027.62 0
289 303 1 1 3 0 0 0 43353 155 154 155 154 48|4027.72 0
289 303 1 1 3 0 0 0 43358 155 154 155 154 48|4027.74 0
289 303 1 1 3 0 0 0 43360 155 154 155 154 48|4027.79 0
289 303 1 1 3 0 0 0 43369 155 154 155 154 48|4027.81 0
289 303 1 1 3 0 0 0 43373 155 154 155 154 48|4027.84 0
289 303 1 1 3 0 0 0 43379 155 154 155 154 48|4027.86 0
289 303 1 1 3 0 0 0 43384 155 154 155 154 48|4027.88 0
289 303 1 1 3 0 0 0 43387 155 154 155 154 48|4027.91 0
289 303 1 1 3 0 0 0 43395 155 154 155 154 48|4027.93 0
289 303 1 1 3 0 0 0 43396 155 154 155 154 48|4027.95 0
289 303 1 1 3 0 0 0 43398 155 154 155 154 48|4027.96 0
289 303 1 1 3 0 0 0 43403 155 154 155 154 48|4027.98 0
289 303 1 1 3 0 0 0 43404 155 154 155 154 48|4028.00 0
289 303 1 1 3 0 0 0 43408 155 154 155 154 48|4028.02 0
289 303 1 1 3 0 0 0 43410 155 154 155 154 48|4028.03 0
289 303 1 1 3 0 0 0 43413 155 154 155 154 48|4028.05 0
289 303 1 1 3 0 0 0 43418 155 154 155 154 48|4028.09 0
289 303 1 1 3 0 0 0 43422 155 154 155 154 48|4028.11 0
289 303 1 1 3 0 0 0 43428 155 154 155 154 48|4028.14 0
289 303 1 1 3 0 0 0 43434 155 154 155 154 48|4028.17 0
289 303 1 1 3 0 0 0 43435 155 154 155 154 48|4028.26 0
289 303 1 1 3 0 0 0 43436 155 154 155 154 48|4028.78 0
289 303 1 1 3 0 0 0 43437 155 154 155 154 48|4028.96 0
289 303 1 1 3 0 0 0 43441 155 154 155 154 48|4029.50 0
289 303 1 1 3 0 0 0 43443 155 154 155 154 48|4030.05 0
289 303 1 1 3 0 0 0 43444 155 154 155 154 48|4030.07 0
289 303 1 1 3 0 0 0 43445 155 154 155 154 48|4030.11 0
289 303 1 1 3 0 0 0 43446 155 154 155 154 48|4030.13 0
289 303 1 1 3 0 0 0 43451 155 154 155 154 48|4030.15 0
289 303 1 1 3 0 0 0 43454 155 154 155 154 48|4030.17 0
289 303 1 1 3 0 0 0 43456 155 154 155 154 48|4030.19 0
289 303 1 1 3 0 0 0 43459 155 154 155 154 48|4030.21 0
289 303 1 1 3 0 0 0 43461 155 154 155 154 48|4030.24 0
289 303 1 1 3 0 0 0 43463 155 154 155 154 48|4030.26 0
289 303 1 1 3 0 0 0 43470 155 154 155 154 48|4030.31 0
289 303 1 1 3 0 0 0 43473 155 154 155 154 48|4030.35 0
289 303 1 1 3 0 0 0 43476 155 154 155 154 48|4030.37 0
289 303 1 1 3 0 0 0 43481 155 154 155 154 48|4030.42 0
289 303 1 1 3 0 0 0 43488 155 154 155 154 48|4030.44 0
289 303 1 1 3 0 0 0 43493 155 154 155 154 48|4030.47 0
289 303 1 1 3 0 0 0 43496 155 154 155 154 48|4030.49 0
289 303 1 1 3 0 0 0 43501 155 154 155 154 48|4030.51 0
289 303 1 1 3 0 0 0 43505 155 154 155 154 48|4030.53 0
289 303 1 1 3 0 0 0 43509 155 154 155 154 48|4030.55 0
289 303 1 1 3 0 0 0 43515 155 154 155 154 48|4030.57 0
289 303 1 1 3 0 0 0 43517 155 154 155 154 48|4030.59 0
289 303 1 1 3 0 0 0 43521 155 154 155 154 48|4030.61 0
289 303 1 1 3 0 0 0 43528 155 154 155 154 48|4030.65 0
289 303 1 1 3 0 0 0 43531 155 154 155 154 48|4030.67 0
289 303 1 1 3 0 0 0 43534 155 154 155 154 48|4030.69 0
289 303 1 1 3 0 0 0 43540 155 154 155 154 48|4030.71 0
289 303 1 1 3 0 0 0 43548 155 154 155 154 48|4030.73 0
289 303 1 1 3 0 0 0 43558 155 154 155 154 48|4030.79 0
289 303 1 1 3 0 0 0 43561 155 154 155 154 48|4030.81 0
289 303 1 1 3 0 0 0 43571 155 154 155 154 48|4030.83 0
289 303 1 1 3 0 0 0 43572 155 154 155 154 48|4030.85 0
289 303 1 1 3 0 0 0 43576 155 154 155 154 48|4030.88 0
289 303 1 1 3 0 0 0 43585 155 154 155 154 48|4030.90 0
289 303 1 1 3 0 0 0 43590 155 154 155 154 48|4030.93 0
289 303 1 1 3 0 0 0 43597 155 154 155 154 48|4030.95 0
289 303 1 1 3 0 0 0 43601 155 154 155 154 48|4030.98 0
289 303 1 1 3 0 0 0 43605 155 154 155 154 48|4031.00 0
289 303 1 1 3 0 0 0 43610 155 154 155 154 48|4031.02 0
289 303 1 1 3 0 0 0 43616 155 154 155 154 48|4031.05 0
289 303 1 1 3 0 0 0 43623 155 154 155 154 48|4031.08 0
289 303 1 1 3 0 0 0 43628 155 154 155 154 48|4031.10 0
289 303 1 1 3 0 0 0 43639 155 154 155 154 48|4031.14 0
289 303 1 1 3 0 0 0 43643 155 154 155 154 48|4031.17 0
289 303 1 1 3 0 0 0 43644 155 154 155 154 48|4031.20 0
289 303 1 1 3 0 0 0 43653 155 154 155 154 48|4031.22 0
289 303 1 1 3 0 0 0 43656 155 154 155 154 48|4031.24 0
289 303 1 1 3 0 0 0 43660 155 154 155 154 48|4031.26 0
289 303 1 1 3 0 0 0 43666 155 154 155 154 48|4031.28 0
289 303 1 1 3 0 0 0 43672 155 154 155 154 48|4031.30 0
289 303 1 1 3 0 0 0 43677 155 154 155 154 48|4031.32 0
289 303 1 1 3 0 0 0 43680 155 154 155 154 48|4031.34 0
289 303 1 1 3 0 0 0 43689 155 154 155 154 48|4031.37 0
289 303 1 1 3 0 0 0 43691 155 154 155 154 48|4031.40 0
289 303 1 1 3 0 0 0 43697 155 154 155 154 48|4031.42 0
289 303 1 1 3 0 0 0 43705 155 154 155 154 48|4031.46 0
289 303 1 1 3 0 0 0 43706 155 154 155 154 48|4031.48 0
289 303 1 1 3 0 0 0 43710 155 154 155 154 48|4031.50 0
289 303 1 1 3 0 0 0 43711 155 154 155 154 48|4031.52 0
289 303 1 1 3 0 0 0 43713 155 154 155 154 48|4031.54 0
289 303 1 1 3 0 0 0 43719 155 154 155 154 48|4031.58 0
289 303 1 1 3 0 0 0 43722 155 154 155 154 48|4031.61 0
289 303 1 1 3 0 0 0 43726 155 154 155 154 48|4031.63 0
289 303 1 1 3 0 0 0 43728 155 154 155 154 48|4031.65 0
289 303 1 1 3 0 0 0 43729 155 154 155 154 48|4031.67 0
289 303 1 1 3 0 0 0 43730 155 154 155 154 48|4031.69 0
289 303 1 1 3 0 0 0 43735 155 154 155 154 48|4031.72 0
289 303 1 1 3 0 0 0 43738 155 154 155 154 48|4031.74 0
289 303 1 1 3 0 0 0 43746 155 154 155 154 48|4031.78 0
289 303 1 1 3 0 0 0 43753 155 154 155 154 48|4031.81 0
289 303 1 1 3 0 0 0 43758 155 154 155 154 48|4031.83 0
289 303 1 1 3 0 0 0 43761 155 154 155 154 48|4031.85 0
289 303 1 1 3 0 0 0 43766 155 154 155 154 48|4031.89 0
289 303 1 1 3 0 0 0 43769 155 154 155 154 48|4031.92 0
289 303 1 1 3 0 0 0 43771 155 154 155 154 48|4031.94 0
289 303 1 1 3 0 0 0 43773 155 154 155 154 48|4031.96 0
289 303 1 1 3 0 0 0 43779 155 154 155 154 48|4032.00 0
289 303 1 1 3 0 0 0 43784 155 154 155 154 48|4032.02 0
289 303 1 1 3 0 0 0 43786 155 154 155 154 48|4032.05 0
289 303 1 1 3 0 0 0 43791 155 154 155 154 48|4032.08 0
289 303 1 1 3 0 0 0 43796 155 154 155 154 48|4032.11 0
289 303 1 1 3 0 0 0 43803 155 154 155 154 48|4032.14 0
289 303 1 1 3 0 0 0 43812 155 154 155 154 48|4032.19 0
289 303 1 1 3 0 0 0 43818 155 154 155 154 48|4032.21 0
289 303 1 1 3 0 0 0 43823 155 154 155 154 48|4032.24 0
289 303 1 1 3 0 0 0 43827 155 154 155 154 48|4032.26 0
289 303 1 1 3 0 0 0 43837 155 154 155 154 48|4032.28 0
289 303 1 1 3 0 0 0 43840 155 154 155 154 48|4032.30 0
289 303 1 1 3 0 0 0 43846 155 154 155 154 48|4032.33 0
289 303 1 1 3 0 0 0 43849 155 154 155 154 48|4032.36 0
289 303 1 1 3 0 0 0 43854 155 154 155 154 48|4032.39 0
289 303 1 1 3 0 0 0 43858 155 154 155 154 48|4032.41 0
289 303 1 1 3 0 0 0 43859 155 154 155 154 48|4032.44 0
289 303 1 1 3 0 0 0 43864 155 154 155 154 48|4032.46 0
289 303 1 1 3 0 0 0 43868 155 154 155 154 48|4032.48 0
289 303 1 1 3 0 0 0 43875 155 154 155 154 48|4032.52 0
289 303 1 1 3 0 0 0 43884 155 154 155 154 48|4032.55 0
289 303 1 1 3 0 0 0 43887 155 154 155 154 48|4032.58 0
289 303 1 1 3 0 0 0 43890 155 154 155 154 48|4032.61 0
289 303 1 1 3 0 0 0 43891 155 154 155 154 48|4032.64 0
289 303 1 1 3 0 0 0 43898 155 154 155 154 48|4032.66 0
289 303 1 1 3 0 0 0 43906 155 154 155 154 48|4032.68 0
289 303 1 1 3 0 0 0 43910 155 154 155 154 48|4032.71 0
289 303 1 1 3 0 0 0 43913 155 154 155 154 48|4032.75 0
289 303 1 1 3 0 0 0 43915 155 154 155 154 48|4032.77 0
289 303 1 1 3 0 0 0 43919 155 154 155 154 48|4032.79 0
289 303 1 1 3 0 0 0 43922 155 154 155 154 48|4032.82 0
289 303 1 1 3 0 0 0 43923 155 154 155 154 48|4032.84 0
289 303 1 1 3 0 0 0 43928 155 154 155 154 48|4032.86 0
289 303 1 1 3 0 0 0 43930 155 154 155 154 48|4032.88 0
289 303 1 1 3 0 0 0 43935 155 154 155 154 48|4032.90 0
289 303 1 1 3 0 0 0 43938 155 154 155 154 48|4032.92 0
289 303 1 1 3 0 0 0 43943 155 154 155 154 48|4032.96 0
289 303 1 1 3 0 0 0 43946 155 154 155 154 48|4032.98 0
289 303 1 1 3 0 0 0 43947 155 154 155 154 48|4033.01 0
289 303 1 1 3 0 0 0 43960 155 154 155 154 48|4033.06 0
289 303 1 1 3 0 0 0 43969 155 154 155 154 48|4033.12 0
289 303 1 1 3 0 0 0 43975 155 154 155 154 48|4033.14 0
289 303 1 1 3 0 0 0 43982 155 154 155 154 48|4033.16 0
289 303 1 1 3 0 0 0 43985 155 154 155 154 48|4033.18 0
289 303 1 1 3 0 0 0 43989 155 154 155 154 48|4033.20 0
289 303 1 1 3 0 0 0 43991 155 154 155 154 48|4033.22 0
289 303 1 1 3 0 0 0 43995 155 154 155 154 48|4033.25 0
289 303 1 1 3 0 0 0 43997 155 154 155 154 48|4033.27 0
289 303 1 1 3 0 0 0 43998 155 154 155 154 48|4033.29 0
289 303 1 1 3 0 0 0 44002 155 154 155 154 48|4033.31 0
289 303 1 1 3 0 0 0 44004 155 154 155 154 48|4033.33 0
289 303 1 1 3 0 0 0 44008 155 154 155 154 48|4033.35 0
289 303 1 1 3 0 0 0 44012 155 154 155 154 48|4033.38 0
289 303 1 1 3 0 0 0 44013 155 154 155 154 48|4033.40 0
289 303 1 1 3 0 0 0 44020 155 154 155 154 48|4033.43 0
289 303 1 1 3 0 0 0 44023 155 154 155 154 48|4033.46 0
289 303 1 1 3 0 0 0 44024 155 154 155 154 48|4033.48 0
289 303 1 1 3 0 0 0 44028 155 154 155 154 48|4033.50 0
289 303 1 1 3 0 0 0 44035 155 154 155 154 48|4033.55 0
289 303 1 1 3 0 0 0 44039 155 154 155 154 48|4033.59 0
289 303 1 1 3 0 0 0 44044 155 154 155 154 48|4033.61 0
289 303 1 1 3 0 0 0 44049 155 154 155 154 48|4033.65 0
289 303 1 1 3 0 0 0 44052 155 154 155 154 48|4033.67 0
289 303 1 1 3 0 0 0 44057 155 154 155 154 48|4033.70 0
289 303 1 1 3 0 0 0 44063 155 154 155 154 48|4033.75 0
289 303 1 1 3 0 0 0 44065 155 154 155 154 48|4033.78 0
289 303 1 1 3 0 0 0 44074 155 154 155 154 48|4033.81 0
289 303 1 1 3 0 0 0 44079 155 154 155 154 48|4033.83 0
289 303 1 1 3 0 0 0 44080 155 154 155 154 48|4033.85 0
289 303 1 1 3 0 0 0 44081 155 154 155 154 48|4033.87 0
289 303 1 1 3 0 0 0 44085 155 154 155 154 48|4033.89 0
289 303 1 1 3 0 0 0 44086 155 154 155 154 48|4033.91 0
289 303 1 1 3 0 0 0 44088 155 154 155 154 48|4033.93 0
289 303 1 1 3 0 0 0 44094 155 154 155 154 48|4033.95 0
289 303 1 1 3 0 0 0 44097 155 154 155 154 48|4033.97 0
289 303 1 1 3 0 0 0 44098 155 154 155 154 48|4033.99 0
289 303 1 1 3 0 0 0 44101 155 154 155 154 48|4034.01 0
289 303 1 1 3 0 0 0 44103 155 154 155 154 48|4034.03 0
289 303 1 1 3 0 0 0 44105 155 154 155 154 48|4034.05 0
289 303 1 1 3 0 0 0 44108 155 154 155 154 48|4034.07 0
289 303 1 1 3 0 0 0 44110 155 154 155 154 48|4034.09 0
289 303 1 1 3 0 0 0 44113 155 154 155 154 48|4034.10 0
289 303 1 1 3 0 0 0 44118 155 154 155 154 48|4034.14 0
289 303 1 1 3 0 0 0 44122 155 154 155 154 48|4034.16 0
289 303 1 1 3 0 0 0 44126 155 154 155 154 48|4034.18 0
289 303 1 1 3 0 0 0 44129 155 154 155 154 48|4034.20 0
289 303 1 1 3 0 0 0 44131 155 154 155 154 48|4034.22 0
289 303 1 1 3 0 0 0 44132 155 154 155 154 48|4034.24 0
289 303 1 1 3 0 0 0 44135 155 154 155 154 48|4034.26 0
289 303 1 1 3 0 0 0 44137 155 154 155 154 48|4034.28 0
289 303 1 1 3 0 0 0 44140 155 154 155 154 48|4034.30 0
289 303 1 1 3 0 0 0 44142 155 154 155 154 48|4034.32 0
289 303 1 1 3 0 0 0 44144 155 154 155 154 48|4034.34 0
289 303 1 1 3 0 0 0 44145 155 154 155 154 48|4034.36 0
289 303 1 1 3 0 0 0 44149 155 154 155 154 48|4034.38 0
289 303 1 1 3 0 0 0 44150 155 154 155 154 48|4034.40 0
289 303 1 1 3 0 0 0 44152 155 154 155 154 48|4034.42 0
289 303 1 1 3 0 0 0 44153 155 154 155 154 48|4034.44 0
289 303 1 1 3 0 0 0 44157 155 154 155 154 48|4034.46 0
289 303 1 1 3 0 0 0 44161 155 154 155 154 48|4034.50 0
289 303 1 1 3 0 0 0 44165 155 154 155 154 48|4034.52 0
289 303 1 1 3 0 0 0 44169 155 154 155 154 48|4034.55 0
289 303 1 1 3 0 0 0 44170 155 154 155 154 48|4034.57 0
289 303 1 1 3 0 0 0 44174 155 154 155 154 48|4034.59 0
289 303 1 1 3 0 0 0 44176 155 154 155 154 48|4034.61 0
289 303 1 1 3 0 0 0 44178 155 154 155 154 48|4034.63 0
289 303 1 1 3 0 0 0 44181 155 154 155 154 48|4034.65 0
289 303 1 1 3 0 0 0 44182 155 154 155 154 48|4034.67 0
289 303 1 1 3 0 0 0 44187 155 154 155 154 48|4034.71 0
289 303 1 1 3 0 0 0 44188 155 154 155 154 48|4034.75 0
289 303 1 1 3 0 0 0 44193 155 154 155 154 48|4034.77 0
289 303 1 1 3 0 0 0 44197 155 154 155 154 48|4034.79 0
289 303 1 1 3 0 0 0 44198 155 154 155 154 48|4034.81 0
289 303 1 1 3 0 0 0 44203 155 154 155 154 48|4034.85 0
289 303 1 1 3 0 0 0 44206 155 154 155 154 48|4034.88 0
289 303 1 1 3 0 0 0 44209 155 154 155 154 48|4034.90 0
289 303 1 1 3 0 0 0 44214 155 154 155 154 48|4034.93 0
289 303 1 1 3 0 0 0 44216 155 154 155 154 48|4034.95 0
289 303 1 1 3 0 0 0 44218 155 154 155 154 48|4034.97 0
289 303 1 1 3 0 0 0 44220 155 154 155 154 48|4035.00 0
289 303 1 1 3 0 0 0 44225 155 154 155 154 48|4035.02 0
289 303 1 1 3 0 0 0 44229 155 154 155 154 48|4035.04 0
289 303 1 1 3 0 0 0 44231 155 154 155 154 48|4035.07 0
289 303 1 1 3 0 0 0 44237 155 154 155 154 48|4035.09 0
289 303 1 1 3 0 0 0 44241 155 154 155 154 48|4035.12 0
289 303 1 1 3 0 0 0 44248 155 154 155 154 48|4035.15 0
289 303 1 1 3 0 0 0 44250 155 154 155 154 48|4035.17 0
289 303 1 1 3 0 0 0 44252 155 154 155 154 48|4035.19 0
289 303 1 1 3 0 0 0 44260 155 154 155 154 48|4035.23 0
289 303 1 1 3 0 0 0 44266 155 154 155 154 48|4035.26 0
289 303 1 1 3 0 0 0 44268 155 154 155 154 48|4035.28 0
289 303 1 1 3 0 0 0 44272 155 154 155 154 48|4035.30 0
289 303 1 1 3 0 0 0 44274 155 154 155 154 48|4035.32 0
289 303 1 1 3 0 0 0 44277 155 154 155 154 48|4035.34 0
289 303 1 1 3 0 0 0 44278 155 154 155 154 48|4035.36 0
289 303 1 1 3 0 0 0 44281 155 154 155 154 48|4035.38 0
289 303 1 1 3 0 0 0 44283 155 154 155 154 48|4035.40 0
289 303 1 1 3 0 0 0 44287 155 154 155 154 48|4035.42 0
289 303 1 1 3 0 0 0 44290 155 154 155 154 48|4035.45 0
289 303 1 1 3 0 0 0 44293 155 154 155 154 48|4035.47 0
289 303 1 1 3 0 0 0 44294 155 154 155 154 48|4035.49 0
289 303 1 1 3 0 0 0 44296 155 154 155 154 48|4035.51 0
289 303 1 1 3 0 0 0 44300 155 154 155 154 48|4035.54 0
289 303 1 1 3 0 0 0 44306 155 154 155 154 48|4035.58 0
289 303 1 1 3 0 0 0 44307 155 154 155 154 48|4035.60 0
289 303 1 1 3 0 0 0 44310 155 154 155 154 48|4035.62 0
289 303 1 1 3 0 0 0 44313 155 154 155 154 48|4035.65 0
289 303 1 1 3 0 0 0 44318 155 154 155 154 48|4035.67 0
289 303 1 1 3 0 0 0 44322 155 154 155 154 48|4035.70 0
289 303 1 1 3 0 0 0 44324 155 154 155 154 48|4035.73 0
289 303 1 1 3 0 0 0 44328 155 154 155 154 48|4035.75 0
289 303 1 1 3 0 0 0 44329 155 154 155 154 48|4035.78 0
289 303 1 1 3 0 0 0 44330 155 154 155 154 48|4035.80 0
289 303 1 1 3 0 0 0 44333 155 154 155 154 48|4035.83 0
289 303 1 1 3 0 0 0 44336 155 154 155 154 48|4035.85 0
289 303 1 1 3 0 0 0 44338 155 154 155 154 48|4035.87 0
289 303 1 1 3 0 0 0 44339 155 154 155 154 48|4035.89 0
289 303 1 1 3 0 0 0 44341 155 154 155 154 48|4035.91 0
289 303 1 1 3 0 0 0 44342 155 154 155 154 48|4035.93 0
289 303 1 1 3 0 0 0 44348 155 154 155 154 48|4036.00 0
289 303 1 1 3 0 0 0 44350 155 154 155 154 48|4036.03 0
289 303 1 1 3 0 0 0 44354 155 154 155 154 48|4036.07 0
289 303 1 1 3 0 0 0 44358 155 154 155 154 48|4036.09 0
289 303 1 1 3 0 0 0 44361 155 154 155 154 48|4036.11 0
289 303 1 1 3 0 0 0 44362 155 154 155 154 48|4036.13 0
289 303 1 1 3 0 0 0 44364 155 154 155 154 48|4036.15 0
289 303 1 1 3 0 0 0 44372 155 154 155 154 48|4036.18 0
289 303 1 1 3 0 0 0 44375 155 154 155 154 48|4036.20 0
289 303 1 1 3 0 0 0 44379 155 154 155 154 48|4036.22 0
289 303 1 1 3 0 0 0 44384 155 154 155 154 48|4036.25 0
289 303 1 1 3 0 0 0 44387 155 154 155 154 48|4036.28 0
289 303 1 1 3 0 0 0 44395 155 154 155 154 48|4036.30 0
289 303 1 1 3 0 0 0 44404 155 154 155 154 48|4036.34 0
289 303 1 1 3 0 0 0 44411 155 154 155 154 48|4036.38 0
289 303 1 1 3 0 0 0 44414 155 154 155 154 48|4036.41 0
289 303 1 1 3 0 0 0 44417 155 154 155 154 48|4036.43 0
289 303 1 1 3 0 0 0 44422 155 154 155 154 48|4036.47 0
289 303 1 1 3 0 0 0 44432 155 154 155 154 48|4036.51 0
289 303 1 1 3 0 0 0 44436 155 154 155 154 48|4036.54 0
289 303 1 1 3 0 0 0 44438 155 154 155 154 48|4036.55 0
289 303 1 1 3 0 0 0 44440 155 154 155 154 48|4036.57 0
289 303 1 1 3 0 0 0 44441 155 154 155 154 48|4036.59 0
289 303 1 1 3 0 0 0 44446 155 154 155 154 48|4036.61 0
289 303 1 1 3 0 0 0 44450 155 154 155 154 48|4036.65 0
289 303 1 1 3 0 0 0 44451 155 154 155 154 48|4036.67 0
289 303 1 1 3 0 0 0 44460 155 154 155 154 48|4036.71 0
289 303 1 1 3 0 0 0 44465 155 154 155 154 48|4036.74 0
289 303 1 1 3 0 0 0 44468 155 154 155 154 48|4036.76 0
289 303 1 1 3 0 0 0 44472 155 154 155 154 48|4036.78 0
289 303 1 1 3 0 0 0 44483 155 154 155 154 48|4036.82 0
289 303 1 1 3 0 0 0 44487 155 154 155 154 48|4036.87 0
289 303 1 1 3 0 0 0 44489 155 154 155 154 48|4036.89 0
289 303 1 1 3 0 0 0 44490 155 154 155 154 48|4036.91 0
289 303 1 1 3 0 0 0 44494 155 154 155 154 48|4036.93 0
289 303 1 1 3 0 0 0 44497 155 154 155 154 48|4036.97 0
289 303 1 1 3 0 0 0 44500 155 154 155 154 48|4037.00 0
289 303 1 1 3 0 0 0 44502 155 154 155 154 48|4037.02 0
289 303 1 1 3 0 0 0 44504 155 154 155 154 48|4037.04 0
289 303 1 1 3 0 0 0 44510 155 154 155 154 48|4037.07 0
289 303 1 1 3 0 0 0 44512 155 154 155 154 48|4037.09 0
289 303 1 1 3 0 0 0 44513 155 154 155 154 48|4037.11 0
289 303 1 1 3 0 0 0 44516 155 154 155 154 48|4037.12 0
289 303 1 1 3 0 0 0 44522 155 154 155 154 48|4037.16 0
289 303 1 1 3 0 0 0 44525 155 154 155 154 48|4037.19 0
289 303 1 1 3 0 0 0 44527 155 154 155 154 48|4037.21 0
289 303 1 1 3 0 0 0 44531 155 154 155 154 48|4037.23 0
289 303 1 1 3 0 0 0 44533 155 154 155 154 48|4037.26 0
289 303 1 1 3 0 0 0 44537 155 154 155 154 48|4037.29 0
289 303 1 1 3 0 0 0 44539 155 154 155 154 48|4037.31 0
289 303 1 1 3 0 0 0 44542 155 154 155 154 48|4037.34 0
289 303 1 1 3 0 0 0 44544 155 154 155 154 48|4037.36 0
289 303 1 1 3 0 0 0 44546 155 154 155 154 48|4037.38 0
289 303 1 1 3 0 0 0 44547 155 154 155 154 48|4037.40 0
289 303 1 1 3 0 0 0 44551 155 154 155 154 48|4037.43 0
289 303 1 1 3 0 0 0 44552 155 154 155 154 48|4037.46 0
289 303 1 1 3 0 0 0 44556 155 154 155 154 48|4037.48 0
289 303 1 1 3 0 0 0 44559 155 154 155 154 48|4037.51 0
289 303 1 1 3 0 0 0 44564 155 154 155 154 48|4037.53 0
289 303 1 1 3 0 0 0 44567 155 154 155 154 48|4037.55 0
289 303 1 1 3 0 0 0 44569 155 154 155 154 48|4037.57 0
289 303 1 1 3 0 0 0 44572 155 154 155 154 48|4037.60 0
289 303 1 1 3 0 0 0 44577 155 154 155 154 48|4037.63 0
289 303 1 1 3 0 0 0 44579 155 154 155 154 48|4037.65 0
289 303 1 1 3 0 0 0 44584 155 154 155 154 48|4037.69 0
289 303 1 1 3 0 0 0 44585 155 154 155 154 48|4037.71 0
289 303 1 1 3 0 0 0 44586 155 154 155 154 48|4037.73 0
289 303 1 1 3 0 0 0 44589 155 154 155 154 48|4037.76 0
289 303 1 1 3 0 0 0 44592 155 154 155 154 48|4037.79 0
289 303 1 1 3 0 0 0 44596 155 154 155 154 48|4037.83 0
289 303 1 1 3 0 0 0 44603 155 154 155 154 48|4037.85 0
289 303 1 1 3 0 0 0 44604 155 154 155 154 48|4037.87 0
289 303 1 1 3 0 0 0 44607 155 154 155 154 48|4037.89 0
289 303 1 1 3 0 0 0 44608 155 154 155 154 48|4037.91 0
289 303 1 1 3 0 0 0 44610 155 154 155 154 48|4037.94 0
289 303 1 1 3 0 0 0 44611 155 154 155 154 48|4037.96 0
289 303 1 1 3 0 0 0 44615 155 154 155 154 48|4037.98 0
289 303 1 1 3 0 0 0 44617 155 154 155 154 48|4038.00 0
289 303 1 1 3 0 0 0 44621 155 154 155 154 48|4038.02 0
289 303 1 1 3 0 0 0 44622 155 154 155 154 48|4038.04 0
289 303 1 1 3 0 0 0 44625 155 154 155 154 48|4038.08 0
289 303 1 1 3 0 0 0 44629 155 154 155 154 48|4038.10 0
289 303 1 1 3 0 0 0 44630 155 154 155 154 48|4038.12 0
289 303 1 1 3 0 0 0 44632 155 154 155 154 48|4038.14 0
289 303 1 1 3 0 0 0 44633 155 154 155 154 48|4038.16 0
289 303 1 1 3 0 0 0 44635 155 154 155 154 48|4038.19 0
289 303 1 1 3 0 0 0 44637 155 154 155 154 48|4038.21 0
289 303 1 1 3 0 0 0 44639 155 154 155 154 48|4038.23 0
289 303 1 1 3 0 0 0 44642 155 154 155 154 48|4038.25 0
289 303 1 1 3 0 0 0 44644 155 154 155 154 48|4038.26 0
289 303 1 1 3 0 0 0 44647 155 154 155 154 48|4038.28 0
289 303 1 1 3 0 0 0 44651 155 154 155 154 48|4038.31 0
289 303 1 1 3 0 0 0 44656 155 154 155 154 48|4038.36 0
289 303 1 1 3 0 0 0 44660 155 154 155 154 48|4038.39 0
289 303 1 1 3 0 0 0 44666 155 154 155 154 48|4038.43 0
289 303 1 1 3 0 0 0 44670 155 154 155 154 48|4038.45 0
289 303 1 1 3 0 0 0 44681 155 154 155 154 48|4038.49 0
289 303 1 1 3 0 0 0 44682 155 154 155 154 48|4038.52 0
289 303 1 1 3 0 0 0 44684 155 154 155 154 48|4038.53 0
289 303 1 1 3 0 0 0 44689 155 154 155 154 48|4038.55 0
289 303 1 1 3 0 0 0 44692 155 154 155 154 48|4038.57 0
289 303 1 1 3 0 0 0 44694 155 154 155 154 48|4038.60 0
289 303 1 1 3 0 0 0 44699 155 154 155 154 48|4038.62 0
289 303 1 1 3 0 0 0 44701 155 154 155 154 48|4038.65 0
289 303 1 1 3 0 0 0 44704 155 154 155 154 48|4038.67 0
289 303 1 1 3 0 0 0 44711 155 154 155 154 48|4038.71 0
289 303 1 1 3 0 0 0 44715 155 154 155 154 48|4038.74 0
289 303 1 1 3 0 0 0 44716 155 154 155 154 48|4038.76 0
289 303 1 1 3 0 0 0 44719 155 154 155 154 48|4038.78 0
289 303 1 1 3 0 0 0 44720 155 154 155 154 48|4038.80 0
289 303 1 1 3 0 0 0 44725 155 154 155 154 48|4038.83 0
289 303 1 1 3 0 0 0 44730 155 154 155 154 48|4038.87 0
289 303 1 1 3 0 0 0 44734 155 154 155 154 48|4038.89 0
289 303 1 1 3 0 0 0 44735 155 154 155 154 48|4038.91 0
289 303 1 1 3 0 0 0 44736 155 154 155 154 48|4038.93 0
289 303 1 1 3 0 0 0 44742 155 154 155 154 48|4038.97 0
289 303 1 1 3 0 0 0 44744 155 154 155 154 48|4038.99 0
289 303 1 1 3 0 0 0 44746 155 154 155 154 48|4039.02 0
289 303 1 1 3 0 0 0 44748 155 154 155 154 48|4039.04 0
289 303 1 1 3 0 0 0 44751 155 154 155 154 48|4039.07 0
289 303 1 1 3 0 0 0 44754 155 154 155 154 48|4039.10 0
289 303 1 1 3 0 0 0 44757 155 154 155 154 48|4039.13 0
289 303 1 1 3 0 0 0 44758 155 154 155 154 48|4039.15 0
289 303 1 1 3 0 0 0 44762 155 154 155 154 48|4039.17 0
289 303 1 1 3 0 0 0 44763 155 154 155 154 48|4039.20 0
289 303 1 1 3 0 0 0 44765 155 154 155 154 48|4039.23 0
289 303 1 1 3 0 0 0 44770 155 154 155 154 48|4039.26 0
289 303 1 1 3 0 0 0 44771 155 154 155 154 48|4039.28 0
289 303 1 1 3 0 0 0 44774 155 154 155 154 48|4039.31 0
289 303 1 1 3 0 0 0 44781 155 154 155 154 48|4039.34 0
289 303 1 1 3 0 0 0 44784 155 154 155 154 48|4039.38 0
289 303 1 1 3 0 0 0 44792 155 154 155 154 48|4039.42 0
289 303 1 1 3 0 0 0 44794 155 154 155 154 48|4039.45 0
289 303 1 1 3 0 0 0 44795 155 154 155 154 48|4039.47 0
289 303 1 1 3 0 0 0 44799 155 154 155 154 48|4039.50 0
289 303 1 1 3 0 0 0 44804 155 154 155 154 48|4039.54 0
289 303 1 1 3 0 0 0 44806 155 154 155 154 48|4039.56 0
289 303 1 1 3 0 0 0 44810 155 154 155 154 48|4039.59 0
289 303 1 1 3 0 0 0 44818 155 154 155 154 48|4039.63 0
289 303 1 1 3 0 0 0 44821 155 154 155 154 48|4039.65 0
289 303 1 1 3 0 0 0 44825 155 154 155 154 48|4039.69 0
289 303 1 1 3 0 0 0 44826 155 154 155 154 48|4039.72 0
289 303 1 1 3 0 0 0 44828 155 154 155 154 48|4039.74 0
289 303 1 1 3 0 0 0 44829 155 154 155 154 48|4039.76 0
289 303 1 1 3 0 0 0 44830 155 154 155 154 48|4039.78 0
289 303 1 1 3 0 0 0 44833 155 154 155 154 48|4039.80 0
289 303 1 1 3 0 0 0 44837 155 154 155 154 48|4039.82 0
289 303 1 1 3 0 0 0 44842 155 154 155 154 48|4039.85 0
289 303 1 1 3 0 0 0 44843 155 154 155 154 48|4039.88 0
289 303 1 1 3 0 0 0 44845 155 154 155 154 48|4039.90 0
289 303 1 1 3 0 0 0 44850 155 154 155 154 48|4039.92 0
289 303 1 1 3 0 0 0 44855 155 154 155 154 48|4039.96 0
289 303 1 1 3 0 0 0 44857 155 154 155 154 48|4039.99 0
289 303 1 1 3 0 0 0 44861 155 154 155 154 48|4040.01 0
289 303 1 1 3 0 0 0 44864 155 154 155 154 48|4040.04 0
289 303 1 1 3 0 0 0 44867 155 154 155 154 48|4040.06 0
289 303 1 1 3 0 0 0 44868 155 154 155 154 48|4040.08 0
289 303 1 1 3 0 0 0 44871 155 154 155 154 48|4040.10 0
289 303 1 1 3 0 0 0 44874 155 154 155 154 48|4040.12 0
289 303 1 1 3 0 0 0 44877 155 154 155 154 48|4040.14 0
289 303 1 1 3 0 0 0 44881 155 154 155 154 48|4040.18 0
289 303 1 1 3 0 0 0 44883 155 154 155 154 48|4040.20 0
289 303 1 1 3 0 0 0 44886 155 154 155 154 48|4040.23 0
289 303 1 1 3 0 0 0 44894 155 154 155 154 48|4040.30 0
289 303 1 1 3 0 0 0 44900 155 154 155 154 48|4040.35 0
289 303 1 1 3 0 0 0 44902 155 154 155 154 48|4040.37 0
289 303 1 1 3 0 0 0 44909 155 154 155 154 48|4040.40 0
289 303 1 1 3 0 0 0 44912 155 154 155 154 48|4040.43 0
289 303 1 1 3 0 0 0 44918 155 154 155 154 48|4040.47 0
289 303 1 1 3 0 0 0 44920 155 154 155 154 48|4040.50 0
289 303 1 1 3 0 0 0 44923 155 154 155 154 48|4040.52 0
289 303 1 1 3 0 0 0 44925 155 154 155 154 48|4040.54 0
289 303 1 1 3 0 0 0 44928 155 154 155 154 48|4040.56 0
289 303 1 1 3 0 0 0 44932 155 154 155 154 48|4040.58 0
289 303 1 1 3 0 0 0 44934 155 154 155 154 48|4040.60 0
289 303 1 1 3 0 0 0 44936 155 154 155 154 48|4040.62 0
289 303 1 1 3 0 0 0 44943 155 154 155 154 48|4040.67 0
289 303 1 1 3 0 0 0 44946 155 154 155 154 48|4040.70 0
289 303 1 1 3 0 0 0 44947 155 154 155 154 48|4040.72 0
289 303 1 1 3 0 0 0 44953 155 154 155 154 48|4040.74 0
289 303 1 1 3 0 0 0 44956 155 154 155 154 48|4040.76 0
289 303 1 1 3 0 0 0 44960 155 154 155 154 48|4040.78 0
289 303 1 1 3 0 0 0 44963 155 154 155 154 48|4040.80 0
289 303 1 1 3 0 0 0 44966 155 154 155 154 48|4040.82 0
289 303 1 1 3 0 0 0 44971 155 154 155 154 48|4040.84 0
289 303 1 1 3 0 0 0 44972 155 154 155 154 48|4040.86 0
289 303 1 1 3 0 0 0 44975 155 154 155 154 48|4040.88 0
289 303 1 1 3 0 0 0 44979 155 154 155 154 48|4040.91 0
289 303 1 1 3 0 0 0 44985 155 154 155 154 48|4040.94 0
289 303 1 1 3 0 0 0 44987 155 154 155 154 48|4040.98 0
289 303 1 1 3 0 0 0 44992 155 154 155 154 48|4041.00 0
289 303 1 1 3 0 0 0 44995 155 154 155 154 48|4041.02 0
289 303 1 1 3 0 0 0 44997 155 154 155 154 48|4041.04 0
289 303 1 1 3 0 0 0 45004 155 154 155 154 48|4041.06 0
289 303 1 1 3 0 0 0 45006 155 154 155 154 48|4041.09 0
289 303 1 1 3 0 0 0 45008 155 154 155 154 48|4041.11 0
289 303 1 1 3 0 0 0 45009 155 154 155 154 48|4041.13 0
289 303 1 1 3 0 0 0 45012 155 154 155 154 48|4041.16 0
289 303 1 1 3 0 0 0 45016 155 154 155 154 48|4041.18 0
289 303 1 1 3 0 0 0 45017 155 154 155 154 48|4041.20 0
289 303 1 1 3 0 0 0 45022 155 154 155 154 48|4041.22 0
289 303 1 1 3 0 0 0 45023 155 154 155 154 48|4041.24 0
289 303 1 1 3 0 0 0 45029 155 154 155 154 48|4041.28 0
289 303 1 1 3 0 0 0 45032 155 154 155 154 48|4041.31 0
289 303 1 1 3 0 0 0 45036 155 154 155 154 48|4041.33 0
289 303 1 1 3 0 0 0 45038 155 154 155 154 48|4041.35 0
289 303 1 1 3 0 0 0 45041 155 154 155 154 48|4041.37 0
289 303 1 1 3 0 0 0 45045 155 154 155 154 48|4041.39 0
289 303 1 1 3 0 0 0 45046 155 154 155 154 48|4041.42 0
289 303 1 1 3 0 0 0 45051 155 154 155 154 48|4041.44 0
289 303 1 1 3 0 0 0 45053 155 154 155 154 48|4041.46 0
289 303 1 1 3 0 0 0 45054 155 154 155 154 48|4041.48 0
289 303 1 1 3 0 0 0 45059 155 154 155 154 48|4041.52 0
289 303 1 1 3 0 0 0 45067 155 154 155 154 48|4041.55 0
289 303 1 1 3 0 0 0 45069 155 154 155 154 48|4041.58 0
289 303 1 1 3 0 0 0 45077 155 154 155 154 48|4041.63 0
289 303 1 1 3 0 0 0 45081 155 154 155 154 48|4041.66 0
289 303 1 1 3 0 0 0 45082 155 154 155 154 48|4041.68 0
289 303 1 1 3 0 0 0 45085 155 154 155 154 48|4041.70 0
289 303 1 1 3 0 0 0 45086 155 154 155 154 48|4041.72 0
289 303 1 1 3 0 0 0 45090 155 154 155 154 48|4041.76 0
289 303 1 1 3 0 0 0 45093 155 154 155 154 48|4041.78 0
289 303 1 1 3 0 0 0 45108 155 154 155 154 48|4041.91 0
289 303 1 1 3 0 0 0 45132 155 154 155 154 48|4042.14 0
289 303 1 1 3 0 0 0 45135 155 154 155 154 48|4042.18 0
289 303 1 1 3 0 0 0 45141 155 154 155 154 48|4042.21 0
289 303 1 1 3 0 0 0 45144 155 154 155 154 48|4042.24 0
289 303 1 1 3 0 0 0 45146 155 154 155 154 48|4042.26 0
289 303 1 1 3 0 0 0 45149 155 154 155 154 48|4042.28 0
289 303 1 1 3 0 0 0 45152 155 154 155 154 48|4042.31 0
289 303 1 1 3 0 0 0 45155 155 154 155 154 48|4042.33 0
289 303 1 1 3 0 0 0 45162 155 154 155 154 48|4042.37 0
289 303 1 1 3 0 0 0 45164 155 154 155 154 48|4042.40 0
289 303 1 1 3 0 0 0 45167 155 154 155 154 48|4042.42 0
289 303 1 1 3 0 0 0 45168 155 154 155 154 48|4042.44 0
289 303 1 1 3 0 0 0 45173 155 154 155 154 48|4042.47 0
289 303 1 1 3 0 0 0 45175 155 154 155 154 48|4042.49 0
289 303 1 1 3 0 0 0 45178 155 154 155 154 48|4042.51 0
289 303 1 1 3 0 0 0 45180 155 154 155 154 48|4042.53 0
289 303 1 1 3 0 0 0 45182 155 154 155 154 48|4042.55 0
289 303 1 1 3 0 0 0 45188 155 154 155 154 48|4042.59 0
289 303 1 1 3 0 0 0 45190 155 154 155 154 48|4042.61 0
289 303 1 1 3 0 0 0 45197 155 154 155 154 48|4042.65 0
289 303 1 1 3 0 0 0 45199 155 154 155 154 48|4042.68 0
289 303 1 1 3 0 0 0 45202 155 154 155 154 48|4042.70 0
289 303 1 1 3 0 0 0 45206 155 154 155 154 48|4042.72 0
289 303 1 1 3 0 0 0 45208 155 154 155 154 48|4042.74 0
289 303 1 1 3 0 0 0 45211 155 154 155 154 48|4042.77 0
289 303 1 1 3 0 0 0 45212 155 154 155 154 48|4042.79 0
289 303 1 1 3 0 0 0 45215 155 154 155 154 48|4042.81 0
289 303 1 1 3 0 0 0 45218 155 154 155 154 48|4042.83 0
289 303 1 1 3 0 0 0 45220 155 154 155 154 48|4042.85 0
289 303 1 1 3 0 0 0 45221 155 154 155 154 48|4042.87 0
289 303 1 1 3 0 0 0 45223 155 154 155 154 48|4042.89 0
289 303 1 1 3 0 0 0 45224 155 154 155 154 48|4042.90 0
289 303 1 1 3 0 0 0 45228 155 154 155 154 48|4042.93 0
289 303 1 1 3 0 0 0 45233 155 154 155 154 48|4042.95 0
289 303 1 1 3 0 0 0 45235 155 154 155 154 48|4042.97 0
289 303 1 1 3 0 0 0 45242 155 154 155 154 48|4043.02 0
289 303 1 1 3 0 0 0 45243 155 154 155 154 48|4043.04 0
289 303 1 1 3 0 0 0 45245 155 154 155 154 48|4043.06 0
289 303 1 1 3 0 0 0 45246 155 154 155 154 48|4043.08 0
289 303 1 1 3 0 0 0 45247 155 154 155 154 48|4043.09 0
289 303 1 1 3 0 0 0 45249 155 154 155 154 48|4043.11 0
289 303 1 1 3 0 0 0 45252 155 154 155 154 48|4043.13 0
289 303 1 1 3 0 0 0 45254 155 154 155 154 48|4043.15 0
289 303 1 1 3 0 0 0 45256 155 154 155 154 48|4043.17 0
289 303 1 1 3 0 0 0 45257 155 154 155 154 48|4043.19 0
289 303 1 1 3 0 0 0 45260 155 154 155 154 48|4043.21 0
289 303 1 1 3 0 0 0 45263 155 154 155 154 48|4043.22 0
289 303 1 1 3 0 0 0 45265 155 154 155 154 48|4043.24 0
289 303 1 1 3 0 0 0 45270 155 154 155 154 48|4043.26 0
289 303 1 1 3 0 0 0 45272 155 154 155 154 48|4043.28 0
289 303 1 1 3 0 0 0 45274 155 154 155 154 48|4043.30 0
289 303 1 1 3 0 0 0 45278 155 154 155 154 48|4043.32 0
289 303 1 1 3 0 0 0 45282 155 154 155 154 48|4043.34 0
289 303 1 1 3 0 0 0 45283 155 154 155 154 48|4043.36 0
289 303 1 1 3 0 0 0 45288 155 154 155 154 48|4043.38 0
289 303 1 1 3 0 0 0 45292 155 154 155 154 48|4043.41 0
289 303 1 1 3 0 0 0 45294 155 154 155 154 48|4043.43 0
289 303 1 1 3 0 0 0 45296 155 154 155 154 48|4043.45 0
289 303 1 1 3 0 0 0 45298 155 154 155 154 48|4043.47 0
289 303 1 1 3 0 0 0 45300 155 154 155 154 48|4043.50 0
289 303 1 1 3 0 0 0 45303 155 154 155 154 48|4043.52 0
289 303 1 1 3 0 0 0 45307 155 154 155 154 48|4043.54 0
289 303 1 1 3 0 0 0 45312 155 154 155 154 48|4043.58 0
289 303 1 1 3 0 0 0 45315 155 154 155 154 48|4043.62 0
289 303 1 1 3 0 0 0 45317 155 154 155 154 48|4043.65 0
289 303 1 1 3 0 0 0 45318 155 154 155 154 48|4043.67 0
289 303 1 1 3 0 0 0 45321 155 154 155 154 48|4043.70 0
289 303 1 1 3 0 0 0 45330 155 154 155 154 48|4043.76 0
289 303 1 1 3 0 0 0 45334 155 154 155 154 48|4043.78 0
289 303 1 1 3 0 0 0 45335 155 154 155 154 48|4043.80 0
289 303 1 1 3 0 0 0 45338 155 154 155 154 48|4043.82 0
289 303 1 1 3 0 0 0 45340 155 154 155 154 48|4043.84 0
289 303 1 1 3 0 0 0 45341 155 154 155 154 48|4043.86 0
289 303 1 1 3 0 0 0 45344 155 154 155 154 48|4043.88 0
289 303 1 1 3 0 0 0 45358 155 154 155 154 48|4043.93 0
289 303 1 1 3 0 0 0 45361 155 154 155 154 48|4043.94 0
289 303 1 1 3 0 0 0 45366 155 154 155 154 48|4043.96 0
289 303 1 1 3 0 0 0 45367 155 154 155 154 48|4043.98 0
289 303 1 1 3 0 0 0 45375 155 154 155 154 48|4044.02 0
289 303 1 1 3 0 0 0 45379 155 154 155 154 48|4044.06 0
289 303 1 1 3 0 0 0 45381 155 154 155 154 48|4044.09 0
289 303 1 1 3 0 0 0 45388 155 154 155 154 48|4044.16 0
289 303 1 1 3 0 0 0 45389 155 154 155 154 48|4044.18 0
289 303 1 1 3 0 0 0 45393 155 154 155 154 48|4044.20 0
289 303 1 1 3 0 0 0 45396 155 154 155 154 48|4044.22 0
289 303 1 1 3 0 0 0 45397 155 154 155 154 48|4044.24 0
289 303 1 1 3 0 0 0 45404 155 154 155 154 48|4044.31 0
289 303 1 1 3 0 0 0 45407 155 154 155 154 48|4044.33 0
289 303 1 1 3 0 0 0 45411 155 154 155 154 48|4044.37 0
289 303 1 1 3 0 0 0 45414 155 154 155 154 48|4044.39 0
289 303 1 1 3 0 0 0 45415 155 154 155 154 48|4044.41 0
289 303 1 1 3 0 0 0 45419 155 154 155 154 48|4044.43 0
289 303 1 1 3 0 0 0 45420 155 154 155 154 48|4044.44 0
289 303 1 1 3 0 0 0 45421 155 154 155 154 48|4044.46 0
289 303 1 1 3 0 0 0 45425 155 154 155 154 48|4044.48 0
289 303 1 1 3 0 0 0 45426 155 154 155 154 48|4044.50 0
289 303 1 1 3 0 0 0 45429 155 154 155 154 48|4044.52 0
289 303 1 1 3 0 0 0 45432 155 154 155 154 48|4044.55 0
289 303 1 1 3 0 0 0 45434 155 154 155 154 48|4044.57 0
289 303 1 1 3 0 0 0 45439 155 154 155 154 48|4044.61 0
289 303 1 1 3 0 0 0 45442 155 154 155 154 48|4044.63 0
289 303 1 1 3 0 0 0 45446 155 154 155 154 48|4044.66 0
289 303 1 1 3 0 0 0 45449 155 154 155 154 48|4044.70 0
289 303 1 1 3 0 0 0 45451 155 154 155 154 48|4044.73 0
289 303 1 1 3 0 0 0 45456 155 154 155 154 48|4044.75 0
289 303 1 1 3 0 0 0 45458 155 154 155 154 48|4044.77 0
289 303 1 1 3 0 0 0 45463 155 154 155 154 48|4044.80 0
289 303 1 1 3 0 0 0 45467 155 154 155 154 48|4044.83 0
289 303 1 1 3 0 0 0 45469 155 154 155 154 48|4044.85 0
289 303 1 1 3 0 0 0 45474 155 154 155 154 48|4044.89 0
289 303 1 1 3 0 0 0 45478 155 154 155 154 48|4044.92 0
289 303 1 1 3 0 0 0 45481 155 154 155 154 48|4044.95 0
289 303 1 1 3 0 0 0 45484 155 154 155 154 48|4044.97 0
289 303 1 1 3 0 0 0 45486 155 154 155 154 48|4044.99 0
289 303 1 1 3 0 0 0 45488 155 154 155 154 48|4045.01 0
289 303 1 1 3 0 0 0 45492 155 154 155 154 48|4045.03 0
289 303 1 1 3 0 0 0 45494 155 154 155 154 48|4045.05 0
289 303 1 1 3 0 0 0 45497 155 154 155 154 48|4045.07 0
289 303 1 1 3 0 0 0 45505 155 154 155 154 48|4045.12 0
289 303 1 1 3 0 0 0 45507 155 154 155 154 48|4045.14 0
289 303 1 1 3 0 0 0 45509 155 154 155 154 48|4045.16 0
289 303 1 1 3 0 0 0 45513 155 154 155 154 48|4045.18 0
289 303 1 1 3 0 0 0 45518 155 154 155 154 48|4045.21 0
289 303 1 1 3 0 0 0 45521 155 154 155 154 48|4045.23 0
289 303 1 1 3 0 0 0 45525 155 154 155 154 48|4045.26 0
289 303 1 1 3 0 0 0 45529 155 154 155 154 48|4045.29 0
289 303 1 1 3 0 0 0 45531 155 154 155 154 48|4045.31 0
289 303 1 1 3 0 0 0 45533 155 154 155 154 48|4045.33 0
289 303 1 1 3 0 0 0 45534 155 154 155 154 48|4045.35 0
289 303 1 1 3 0 0 0 45535 155 154 155 154 48|4045.37 0
289 303 1 1 3 0 0 0 45539 155 154 155 154 48|4045.39 0
289 303 1 1 3 0 0 0 45545 155 154 155 154 48|4045.43 0
289 303 1 1 3 0 0 0 45547 155 154 155 154 48|4045.45 0
289 303 1 1 3 0 0 0 45550 155 154 155 154 48|4045.47 0
289 303 1 1 3 0 0 0 45551 155 154 155 154 48|4045.49 0
289 303 1 1 3 0 0 0 45552 155 154 155 154 48|4045.51 0
289 303 1 1 3 0 0 0 45554 155 154 155 154 48|4045.53 0
289 303 1 1 3 0 0 0 45556 155 154 155 154 48|4045.55 0
289 303 1 1 3 0 0 0 45559 155 154 155 154 48|4045.57 0
289 303 1 1 3 0 0 0 45562 155 154 155 154 48|4045.59 0
289 303 1 1 3 0 0 0 45566 155 154 155 154 48|4045.61 0
289 303 1 1 3 0 0 0 45568 155 154 155 154 48|4045.63 0
289 303 1 1 3 0 0 0 45572 155 154 155 154 48|4045.65 0
289 303 1 1 3 0 0 0 45575 155 154 155 154 48|4045.67 0
289 303 1 1 3 0 0 0 45580 155 154 155 154 48|4045.69 0
289 303 1 1 3 0 0 0 45582 155 154 155 154 48|4045.71 0
289 303 1 1 3 0 0 0 45585 155 154 155 154 48|4045.73 0
289 303 1 1 3 0 0 0 45589 155 154 155 154 48|4045.76 0
289 303 1 1 3 0 0 0 45593 155 154 155 154 48|4045.78 0
289 303 1 1 3 0 0 0 45598 155 154 155 154 48|4045.81 0
289 303 1 1 3 0 0 0 45606 155 154 155 154 48|4045.84 0
289 303 1 1 3 0 0 0 45608 155 154 155 154 48|4045.86 0
289 303 1 1 3 0 0 0 45612 155 154 155 154 48|4045.87 0
289 303 1 1 3 0 0 0 45616 155 154 155 154 48|4045.91 0
289 303 1 1 3 0 0 0 45618 155 154 155 154 48|4045.93 0
289 303 1 1 3 0 0 0 45622 155 154 155 154 48|4045.95 0
289 303 1 1 3 0 0 0 45626 155 154 155 154 48|4045.97 0
289 303 1 1 3 0 0 0 45631 155 154 155 154 48|4045.99 0
289 303 1 1 3 0 0 0 45636 155 154 155 154 48|4046.01 0
289 303 1 1 3 0 0 0 45640 155 154 155 154 48|4046.04 0
289 303 1 1 3 0 0 0 45646 155 154 155 154 48|4046.07 0
289 303 1 1 3 0 0 0 45652 155 154 155 154 48|4046.10 0
289 303 1 1 3 0 0 0 45659 155 154 155 154 48|4046.13 0
289 303 1 1 3 0 0 0 45663 155 154 155 154 48|4046.16 0
289 303 1 1 3 0 0 0 45667 155 154 155 154 48|4046.21 0
289 303 1 1 3 0 0 0 45668 155 154 155 154 48|4046.35 0
289 303 1 1 3 0 0 0 45669 155 154 155 154 48|4046.37 0
289 303 1 1 3 0 0 0 45670 155 154 155 154 48|4046.41 0
289 303 1 1 3 0 0 0 45679 155 154 155 154 48|4046.98 0
289 303 1 1 3 0 0 0 45680 155 154 155 154 48|4047.06 0
289 303 1 1 3 0 0 0 45684 155 154 155 154 48|4047.08 0
289 303 1 1 3 0 0 0 45690 155 154 155 154 48|4047.10 0
289 303 1 1 3 0 0 0 45691 155 154 155 154 48|4047.14 0
289 303 1 1 3 0 0 0 45692 155 154 155 154 48|4047.18 0
289 303 1 1 3 0 0 0 45701 155 154 155 154 48|4047.21 0
289 303 1 1 3 0 0 0 45704 155 154 155 154 48|4047.23 0
289 303 1 1 3 0 0 0 45711 155 154 155 154 48|4047.25 0
289 303 1 1 3 0 0 0 45712 155 154 155 154 48|4047.30 0
289 303 1 1 3 0 0 0 45721 155 154 155 154 48|4047.34 0
289 303 1 1 3 0 0 0 45731 155 154 155 154 48|4047.38 0
289 303 1 1 3 0 0 0 45739 155 154 155 154 48|4047.42 0
289 303 1 1 3 0 0 0 45746 155 154 155 154 48|4047.45 0
289 303 1 1 3 0 0 0 45749 155 154 155 154 48|4047.47 0
289 303 1 1 3 0 0 0 45754 155 154 155 154 48|4047.49 0
289 303 1 1 3 0 0 0 45757 155 154 155 154 48|4047.51 0
289 303 1 1 3 0 0 0 45761 155 154 155 154 48|4047.53 0
289 303 1 1 3 0 0 0 45762 155 154 155 154 48|4048.17 0
289 303 1 1 3 0 0 0 45763 155 154 155 154 48|4048.54 0
289 303 1 1 3 0 0 0 45765 155 154 155 154 48|4048.75 0
289 303 1 1 3 0 0 0 45766 155 154 155 154 48|4048.77 0
289 303 1 1 3 0 0 0 45767 155 154 155 154 48|4049.30 0
289 303 1 1 3 0 0 0 45768 155 154 155 154 48|4049.38 0
289 303 1 1 3 0 0 0 45769 155 154 155 154 48|4049.48 0
289 303 1 1 3 0 0 0 45770 155 154 155 154 48|4049.50 0
289 303 1 1 3 0 0 0 45780 155 154 155 154 48|4049.60 0
289 303 1 1 3 0 0 0 45796 155 154 155 154 48|4049.71 0
289 303 1 1 3 0 0 0 45797 155 154 155 154 48|4049.73 0
289 303 1 1 3 0 0 0 45801 155 154 155 154 48|4049.77 0
289 303 1 1 3 0 0 0 45804 155 154 155 154 48|4049.79 0
289 303 1 1 3 0 0 0 45806 155 154 155 154 48|4049.81 0
289 303 1 1 3 0 0 0 45809 155 154 155 154 48|4049.83 0
289 303 1 1 3 0 0 0 45813 155 154 155 154 48|4049.85 0
289 303 1 1 3 0 0 0 45820 155 154 155 154 48|4049.88 0
289 303 1 1 3 0 0 0 45823 155 154 155 154 48|4049.90 0
289 303 1 1 3 0 0 0 45825 155 154 155 154 48|4049.94 0
289 303 1 1 3 0 0 0 45829 155 154 155 154 48|4049.97 0
289 303 1 1 3 0 0 0 45830 155 154 155 154 48|4050.00 0
289 303 1 1 3 0 0 0 45833 155 154 155 154 48|4050.03 0
289 303 1 1 3 0 0 0 45836 155 154 155 154 48|4050.05 0
289 303 1 1 3 0 0 0 45840 155 154 155 154 48|4050.08 0
289 303 1 1 3 0 0 0 45847 155 154 155 154 48|4050.13 0
289 303 1 1 3 0 0 0 45850 155 154 155 154 48|4050.16 0
289 303 1 1 3 0 0 0 45852 155 154 155 154 48|4050.18 0
289 303 1 1 3 0 0 0 45859 155 154 155 154 48|4050.20 0
289 303 1 1 3 0 0 0 45861 155 154 155 154 48|4050.21 0
289 303 1 1 3 0 0 0 45863 155 154 155 154 48|4050.23 0
289 303 1 1 3 0 0 0 45865 155 154 155 154 48|4050.25 0
289 303 1 1 3 0 0 0 45866 155 154 155 154 48|4050.27 0
289 303 1 1 3 0 0 0 45872 155 154 155 154 48|4050.30 0
289 303 1 1 3 0 0 0 45877 155 154 155 154 48|4050.34 0
289 303 1 1 3 0 0 0 45878 155 154 155 154 48|4050.36 0
289 303 1 1 3 0 0 0 45884 155 154 155 154 48|4050.39 0
289 303 1 1 3 0 0 0 45886 155 154 155 154 48|4050.41 0
289 303 1 1 3 0 0 0 45887 155 154 155 154 48|4050.44 0
289 303 1 1 3 0 0 0 45890 155 154 155 154 48|4050.46 0
289 303 1 1 3 0 0 0 45892 155 154 155 154 48|4050.48 0
289 303 1 1 3 0 0 0 45895 155 154 155 154 48|4050.50 0
289 303 1 1 3 0 0 0 45900 155 154 155 154 48|4050.53 0
289 303 1 1 3 0 0 0 45907 155 154 155 154 48|4050.57 0
289 303 1 1 3 0 0 0 45909 155 154 155 154 48|4050.59 0
289 303 1 1 3 0 0 0 45912 155 154 155 154 48|4050.61 0
289 303 1 1 3 0 0 0 45918 155 154 155 154 48|4050.65 0
289 303 1 1 3 0 0 0 45921 155 154 155 154 48|4050.68 0
289 303 1 1 3 0 0 0 45925 155 154 155 154 48|4050.71 0
289 303 1 1 3 0 0 0 45930 155 154 155 154 48|4050.73 0
289 303 1 1 3 0 0 0 45936 155 154 155 154 48|4050.77 0
289 303 1 1 3 0 0 0 45940 155 154 155 154 48|4050.80 0
289 303 1 1 3 0 0 0 45943 155 154 155 154 48|4050.82 0
289 303 1 1 3 0 0 0 45944 155 154 155 154 48|4050.84 0
289 303 1 1 3 0 0 0 45948 155 154 155 154 48|4050.86 0
289 303 1 1 3 0 0 0 45949 155 154 155 154 48|4050.88 0
289 303 1 1 3 0 0 0 45951 155 154 155 154 48|4050.90 0
289 303 1 1 3 0 0 0 45959 155 154 155 154 48|4050.93 0
289 303 1 1 3 0 0 0 45961 155 154 155 154 48|4050.96 0
289 303 1 1 3 0 0 0 45963 155 154 155 154 48|4050.98 0
289 303 1 1 3 0 0 0 45966 155 154 155 154 48|4051.01 0
289 303 1 1 3 0 0 0 45972 155 154 155 154 48|4051.06 0
289 303 1 1 3 0 0 0 45973 155 154 155 154 48|4051.09 0
289 303 1 1 3 0 0 0 45977 155 154 155 154 48|4051.11 0
289 303 1 1 3 0 0 0 45981 155 154 155 154 48|4051.13 0
289 303 1 1 3 0 0 0 45984 155 154 155 154 48|4051.15 0
289 303 1 1 3 0 0 0 45985 155 154 155 154 48|4051.17 0
289 303 1 1 3 0 0 0 45987 155 154 155 154 48|4051.19 0
289 303 1 1 3 0 0 0 45988 155 154 155 154 48|4051.21 0
289 303 1 1 3 0 0 0 45992 155 154 155 154 48|4051.23 0
289 303 1 1 3 0 0 0 45997 155 154 155 154 48|4051.26 0
289 303 1 1 3 0 0 0 46002 155 154 155 154 48|4051.30 0
289 303 1 1 3 0 0 0 46003 155 154 155 154 48|4051.32 0
289 303 1 1 3 0 0 0 46010 155 154 155 154 48|4051.34 0
289 303 1 1 3 0 0 0 46014 155 154 155 154 48|4051.37 0
289 303 1 1 3 0 0 0 46016 155 154 155 154 48|4051.41 0
289 303 1 1 3 0 0 0 46018 155 154 155 154 48|4051.44 0
289 303 1 1 3 0 0 0 46023 155 154 155 154 48|4051.46 0
289 303 1 1 3 0 0 0 46025 155 154 155 154 48|4051.49 0
289 303 1 1 3 0 0 0 46029 155 154 155 154 48|4051.52 0
289 303 1 1 3 0 0 0 46036 155 154 155 154 48|4051.54 0
289 303 1 1 3 0 0 0 46044 155 154 155 154 48|4051.58 0
289 303 1 1 3 0 0 0 46046 155 154 155 154 48|4051.60 0
289 303 1 1 3 0 0 0 46049 155 154 155 154 48|4051.62 0
289 303 1 1 3 0 0 0 46052 155 154 155 154 48|4051.64 0
289 303 1 1 3 0 0 0 46055 155 154 155 154 48|4051.66 0
289 303 1 1 3 0 0 0 46056 155 154 155 154 48|4051.68 0
289 303 1 1 3 0 0 0 46057 155 154 155 154 48|4051.70 0
289 303 1 1 3 0 0 0 46061 155 154 155 154 48|4051.72 0
289 303 1 1 3 0 0 0 46062 155 154 155 154 48|4051.74 0
289 303 1 1 3 0 0 0 46066 155 154 155 154 48|4051.76 0
289 303 1 1 3 0 0 0 46067 155 154 155 154 48|4051.78 0
289 303 1 1 3 0 0 0 46068 155 154 155 154 48|4051.80 0
289 303 1 1 3 0 0 0 46072 155 154 155 154 48|4051.82 0
289 303 1 1 3 0 0 0 46074 155 154 155 154 48|4051.84 0
289 303 1 1 3 0 0 0 46079 155 154 155 154 48|4051.86 0
289 303 1 1 3 0 0 0 46081 155 154 155 154 48|4051.88 0
289 303 1 1 3 0 0 0 46084 155 154 155 154 48|4051.90 0
289 303 1 1 3 0 0 0 46089 155 154 155 154 48|4051.92 0
289 303 1 1 3 0 0 0 46091 155 154 155 154 48|4051.94 0
289 303 1 1 3 0 0 0 46102 155 154 155 154 48|4052.00 0
289 303 1 1 3 0 0 0 46108 155 154 155 154 48|4052.02 0
289 303 1 1 3 0 0 0 46109 155 154 155 154 48|4052.04 0
289 303 1 1 3 0 0 0 46114 155 154 155 154 48|4052.06 0
289 303 1 1 3 0 0 0 46115 155 154 155 154 48|4052.08 0
289 303 1 1 3 0 0 0 46120 155 154 155 154 48|4052.10 0
289 303 1 1 3 0 0 0 46123 155 154 155 154 48|4052.12 0
289 303 1 1 3 0 0 0 46127 155 154 155 154 48|4052.14 0
289 303 1 1 3 0 0 0 46128 155 154 155 154 48|4052.16 0
289 303 1 1 3 0 0 0 46134 155 154 155 154 48|4052.18 0
289 303 1 1 3 0 0 0 46136 155 154 155 154 48|4052.20 0
289 303 1 1 3 0 0 0 46143 155 154 155 154 48|4052.23 0
289 303 1 1 3 0 0 0 46146 155 154 155 154 48|4052.26 0
289 303 1 1 3 0 0 0 46147 155 154 155 154 48|4052.28 0
289 303 1 1 3 0 0 0 46150 155 154 155 154 48|4052.30 0
289 303 1 1 3 0 0 0 46151 155 154 155 154 48|4052.32 0
289 303 1 1 3 0 0 0 46154 155 154 155 154 48|4052.35 0
289 303 1 1 3 0 0 0 46157 155 154 155 154 48|4052.38 0
289 303 1 1 3 0 0 0 46161 155 154 155 154 48|4052.41 0
289 303 1 1 3 0 0 0 46162 155 154 155 154 48|4052.43 0
289 303 1 1 3 0 0 0 46166 155 154 155 154 48|4052.45 0
289 303 1 1 3 0 0 0 46168 155 154 155 154 48|4052.47 0
289 303 1 1 3 0 0 0 46178 155 154 155 154 48|4052.51 0
289 303 1 1 3 0 0 0 46188 155 154 155 154 48|4052.56 0
289 303 1 1 3 0 0 0 46193 155 154 155 154 48|4052.58 0
289 303 1 1 3 0 0 0 46202 155 154 155 154 48|4052.61 0
289 303 1 1 3 0 0 0 46207 155 154 155 154 48|4052.63 0
289 303 1 1 3 0 0 0 46212 155 154 155 154 48|4052.67 0
289 303 1 1 3 0 0 0 46215 155 154 155 154 48|4052.70 0
289 303 1 1 3 0 0 0 46219 155 154 155 154 48|4052.72 0
289 303 1 1 3 0 0 0 46234 155 154 155 154 48|4052.79 0
289 303 1 1 3 0 0 0 46239 155 154 155 154 48|4052.83 0
289 303 1 1 3 0 0 0 46240 155 154 155 154 48|4052.85 0
289 303 1 1 3 0 0 0 46244 155 154 155 154 48|4052.88 0
289 303 1 1 3 0 0 0 46246 155 154 155 154 48|4052.90 0
289 303 1 1 3 0 0 0 46250 155 154 155 154 48|4052.92 0
289 303 1 1 3 0 0 0 46254 155 154 155 154 48|4052.97 0
289 303 1 1 3 0 0 0 46257 155 154 155 154 48|4053.00 0
289 303 1 1 3 0 0 0 46265 155 154 155 154 48|4053.03 0
289 303 1 1 3 0 0 0 46268 155 154 155 154 48|4053.06 0
289 303 1 1 3 0 0 0 46270 155 154 155 154 48|4053.08 0
289 303 1 1 3 0 0 0 46274 155 154 155 154 48|4053.10 0
289 303 1 1 3 0 0 0 46275 155 154 155 154 48|4053.12 0
289 303 1 1 3 0 0 0 46279 155 154 155 154 48|4053.13 0
289 303 1 1 3 0 0 0 46280 155 154 155 154 48|4053.15 0
289 303 1 1 3 0 0 0 46282 155 154 155 154 48|4053.17 0
289 303 1 1 3 0 0 0 46286 155 154 155 154 48|4053.19 0
289 303 1 1 3 0 0 0 46290 155 154 155 154 48|4053.21 0
289 303 1 1 3 0 0 0 46292 155 154 155 154 48|4053.24 0
289 303 1 1 3 0 0 0 46296 155 154 155 154 48|4053.26 0
289 303 1 1 3 0 0 0 46297 155 154 155 154 48|4053.28 0
289 303 1 1 3 0 0 0 46303 155 154 155 154 48|4053.30 0
289 303 1 1 3 0 0 0 46308 155 154 155 154 48|4053.32 0
289 303 1 1 3 0 0 0 46312 155 154 155 154 48|4053.35 0
289 303 1 1 3 0 0 0 46316 155 154 155 154 48|4053.37 0
289 303 1 1 3 0 0 0 46319 155 154 155 154 48|4053.39 0
289 303 1 1 3 0 0 0 46323 155 154 155 154 48|4053.42 0
289 303 1 1 3 0 0 0 46327 155 154 155 154 48|4053.46 0
289 303 1 1 3 0 0 0 46329 155 154 155 154 48|4053.48 0
289 303 1 1 3 0 0 0 46332 155 154 155 154 48|4053.50 0
289 303 1 1 3 0 0 0 46333 155 154 155 154 48|4053.52 0
289 303 1 1 3 0 0 0 46336 155 154 155 154 48|4053.55 0
289 303 1 1 3 0 0 0 46338 155 154 155 154 48|4053.57 0
289 303 1 1 3 0 0 0 46343 155 154 155 154 48|4053.59 0
289 303 1 1 3 0 0 0 46347 155 154 155 154 48|4053.61 0
289 303 1 1 3 0 0 0 46350 155 154 155 154 48|4053.62 0
289 303 1 1 3 0 0 0 46351 155 154 155 154 48|4053.64 0
289 303 1 1 3 0 0 0 46354 155 154 155 154 48|4053.66 0
289 303 1 1 3 0 0 0 46357 155 154 155 154 48|4053.68 0
289 303 1 1 3 0 0 0 46360 155 154 155 154 48|4053.70 0
289 303 1 1 3 0 0 0 46366 155 154 155 154 48|4053.74 0
289 303 1 1 3 0 0 0 46376 155 154 155 154 48|4053.80 0
289 303 1 1 3 0 0 0 46381 155 154 155 154 48|4053.82 0
289 303 1 1 3 0 0 0 46384 155 154 155 154 48|4053.84 0
289 303 1 1 3 0 0 0 46388 155 154 155 154 48|4053.88 0
289 303 1 1 3 0 0 0 46390 155 154 155 154 48|4053.91 0
289 303 1 1 3 0 0 0 46394 155 154 155 154 48|4053.96 0
289 303 1 1 3 0 0 0 46404 155 154 155 154 48|4053.98 0
289 303 1 1 3 0 0 0 46406 155 154 155 154 48|4054.00 0
289 303 1 1 3 0 0 0 46412 155 154 155 154 48|4054.03 0
289 303 1 1 3 0 0 0 46414 155 154 155 154 48|4054.05 0
289 303 1 1 3 0 0 0 46418 155 154 155 154 48|4054.07 0
289 303 1 1 3 0 0 0 46430 155 154 155 154 48|4054.11 0
289 303 1 1 3 0 0 0 46433 155 154 155 154 48|4054.13 0
289 303 1 1 3 0 0 0 46436 155 154 155 154 48|4054.15 0
289 303 1 1 3 0 0 0 46440 155 154 155 154 48|4054.17 0
289 303 1 1 3 0 0 0 46443 155 154 155 154 48|4054.19 0
289 303 1 1 3 0 0 0 46446 155 154 155 154 48|4054.21 0
289 303 1 1 3 0 0 0 46448 155 154 155 154 48|4054.24 0
289 303 1 1 3 0 0 0 46451 155 154 155 154 48|4054.42 0
289 303 1 1 3 0 0 0 46452 155 154 155 154 48|4054.74 0
289 303 1 1 3 0 0 0 46453 155 154 155 154 48|4054.90 0
289 303 1 1 3 0 0 0 46454 155 154 155 154 48|4054.92 0
289 303 1 1 3 0 0 0 46461 155 154 155 154 48|4054.94 0
289 303 1 1 3 0 0 0 46465 155 154 155 154 48|4054.99 0
289 303 1 1 3 0 0 0 46470 155 154 155 154 48|4055.01 0
289 303 1 1 3 0 0 0 46474 155 154 155 154 48|4055.03 0
289 303 1 1 3 0 0 0 46476 155 154 155 154 48|4055.05 0
289 303 1 1 3 0 0 0 46478 155 154 155 154 48|4055.09 0
289 303 1 1 3 0 0 0 46479 155 154 155 154 48|4055.11 0
289 303 1 1 3 0 0 0 46488 155 154 155 154 48|4055.15 0
289 303 1 1 3 0 0 0 46495 155 154 155 154 48|4055.18 0
289 303 1 1 3 0 0 0 46497 155 154 155 154 48|4055.22 0
289 303 1 1 3 0 0 0 46498 155 154 155 154 48|4055.24 0
289 303 1 1 3 0 0 0 46504 155 154 155 154 48|4055.26 0
289 303 1 1 3 0 0 0 46512 155 154 155 154 48|4055.29 0
289 303 1 1 3 0 0 0 46516 155 154 155 154 48|4055.31 0
289 303 1 1 3 0 0 0 46524 155 154 155 154 48|4055.33 0
289 303 1 1 3 0 0 0 46529 155 154 155 154 48|4055.36 0
289 303 1 1 3 0 0 0 46537 155 154 155 154 48|4055.38 0
289 303 1 1 3 0 0 0 46542 155 154 155 154 48|4055.41 0
289 303 1 1 3 0 0 0 46544 155 154 155 154 48|4055.45 0
289 303 1 1 3 0 0 0 46545 155 154 155 154 48|4055.85 0
289 303 1 1 3 0 0 0 46546 155 154 155 154 48|4056.37 0
289 303 1 1 3 0 0 0 46547 155 154 155 154 48|4056.46 0
289 303 1 1 3 0 0 0 46548 155 154 155 154 48|4056.49 0
289 303 1 1 3 0 0 0 46549 155 154 155 154 48|4056.54 0
289 303 1 1 3 0 0 0 46552 155 154 155 154 48|4056.74 0
289 303 1 1 3 0 0 0 46553 155 154 155 154 48|4056.92 0
289 303 1 1 3 0 0 0 46554 155 154 155 154 48|4056.94 0
289 303 1 1 3 0 0 0 46556 155 154 155 154 48|4057.71 0
289 303 1 1 3 0 0 0 46557 155 154 155 154 48|4057.75 0
289 303 1 1 3 0 0 0 46563 155 154 155 154 48|4057.77 0
289 303 1 1 3 0 0 0 46568 155 154 155 154 48|4057.80 0
289 303 1 1 3 0 0 0 46572 155 154 155 154 48|4057.84 0
289 303 1 1 3 0 0 0 46576 155 154 155 154 48|4057.86 0
289 303 1 1 3 0 0 0 46581 155 154 155 154 48|4057.90 0
289 303 1 1 3 0 0 0 46582 155 154 155 154 48|4057.92 0
289 303 1 1 3 0 0 0 46584 155 154 155 154 48|4057.94 0
289 303 1 1 3 0 0 0 46591 155 154 155 154 48|4057.96 0
289 303 1 1 3 0 0 0 46595 155 154 155 154 48|4057.99 0
289 303 1 1 3 0 0 0 46607 155 154 155 154 48|4058.03 0
289 303 1 1 3 0 0 0 46611 155 154 155 154 48|4058.05 0
289 303 1 1 3 0 0 0 46618 155 154 155 154 48|4058.09 0
289 303 1 1 3 0 0 0 46624 155 154 155 154 48|4058.12 0
289 303 1 1 3 0 0 0 46628 155 154 155 154 48|4058.14 0
289 303 1 1 3 0 0 0 46631 155 154 155 154 48|4058.16 0
289 303 1 1 3 0 0 0 46634 155 154 155 154 48|4058.18 0
289 303 1 1 3 0 0 0 46635 155 154 155 154 48|4058.20 0
289 303 1 1 3 0 0 0 46645 155 154 155 154 48|4058.22 0
289 303 1 1 3 0 0 0 46646 155 154 155 154 48|4058.24 0
289 303 1 1 3 0 0 0 46650 155 154 155 154 48|4058.26 0
289 303 1 1 3 0 0 0 46651 155 154 155 154 48|4058.28 0
289 303 1 1 3 0 0 0 46654 155 154 155 154 48|4058.30 0
289 303 1 1 3 0 0 0 46656 155 154 155 154 48|4058.32 0
289 303 1 1 3 0 0 0 46660 155 154 155 154 48|4058.34 0
289 303 1 1 3 0 0 0 46662 155 154 155 154 48|4058.36 0
289 303 1 1 3 0 0 0 46670 155 154 155 154 48|4058.37 0
289 303 1 1 3 0 0 0 46680 155 154 155 154 48|4058.41 0
289 303 1 1 3 0 0 0 46682 155 154 155 154 48|4058.43 0
289 303 1 1 3 0 0 0 46689 155 154 155 154 48|4058.47 0
289 303 1 1 3 0 0 0 46692 155 154 155 154 48|4058.48 0
289 303 1 1 3 0 0 0 46697 155 154 155 154 48|4058.50 0
289 303 1 1 3 0 0 0 46700 155 154 155 154 48|4058.54 0
289 303 1 1 3 0 0 0 46702 155 154 155 154 48|4058.56 0
289 303 1 1 3 0 0 0 46704 155 154 155 154 48|4058.57 0
289 303 1 1 3 0 0 0 46706 155 154 155 154 48|4058.60 0
289 303 1 1 3 0 0 0 46707 155 154 155 154 48|4058.62 0
289 303 1 1 3 0 0 0 46708 155 154 155 154 48|4058.74 0
289 303 1 1 3 0 0 0 46709 155 154 155 154 48|4058.77 0
289 303 1 1 3 0 0 0 46710 155 154 155 154 48|4058.86 0
289 303 1 1 3 0 0 0 46711 155 154 155 154 48|4059.11 0
289 303 1 1 3 0 0 0 46718 155 154 155 154 48|4059.19 0
289 303 1 1 3 0 0 0 46721 155 154 155 154 48|4059.31 0
289 303 1 1 3 0 0 0 46731 155 154 155 154 48|4059.32 0
289 303 1 1 3 0 0 0 46734 155 154 155 154 48|4059.39 0
289 303 1 1 3 0 0 0 46738 155 154 155 154 48|4059.43 0
289 303 1 1 3 0 0 0 46745 155 154 155 154 48|4059.45 0
289 303 1 1 3 0 0 0 46746 155 154 155 154 48|4059.47 0
289 303 1 1 3 0 0 0 46755 155 154 155 154 48|4059.49 0
289 303 1 1 3 0 0 0 46758 155 154 155 154 48|4059.51 0
289 303 1 1 3 0 0 0 46766 155 154 155 154 48|4059.53 0
289 303 1 1 3 0 0 0 46771 155 154 155 154 48|4059.55 0
289 303 1 1 3 0 0 0 46780 155 154 155 154 48|4059.58 0
289 303 1 1 3 0 0 0 46792 155 154 155 154 48|4059.63 0
289 303 1 1 3 0 0 0 46800 155 154 155 154 48|4059.65 0
289 303 1 1 3 0 0 0 46810 155 154 155 154 48|4059.69 0
289 303 1 1 3 0 0 0 46811 155 154 155 154 48|4060.68 0
289 303 1 1 3 0 0 0 46812 155 154 155 154 48|4060.95 0
289 303 1 1 3 0 0 0 46815 155 154 155 154 48|4061.09 0
289 303 1 1 3 0 0 0 46820 155 154 155 154 48|4061.74 0
289 303 1 1 3 0 0 0 46821 155 154 155 154 48|4061.76 0
289 303 1 1 3 0 0 0 46826 155 154 155 154 48|4061.79 0
289 303 1 1 3 0 0 0 46832 155 154 155 154 48|4061.82 0
289 303 1 1 3 0 0 0 46833 155 154 155 154 48|4061.84 0
289 303 1 1 3 0 0 0 46835 155 154 155 154 48|4061.86 0
289 303 1 1 3 0 0 0 46838 155 154 155 154 48|4061.88 0
289 303 1 1 3 0 0 0 46840 155 154 155 154 48|4061.90 0
289 303 1 1 3 0 0 0 46844 155 154 155 154 48|4061.92 0
289 303 1 1 3 0 0 0 46850 155 154 155 154 48|4061.97 0
289 303 1 1 3 0 0 0 46851 155 154 155 154 48|4061.99 0
289 303 1 1 3 0 0 0 46857 155 154 155 154 48|4062.02 0
289 303 1 1 3 0 0 0 46860 155 154 155 154 48|4062.04 0
289 303 1 1 3 0 0 0 46864 155 154 155 154 48|4062.07 0
289 303 1 1 3 0 0 0 46871 155 154 155 154 48|4062.10 0
289 303 1 1 3 0 0 0 46874 155 154 155 154 48|4062.12 0
289 303 1 1 3 0 0 0 46879 155 154 155 154 48|4062.14 0
289 303 1 1 3 0 0 0 46880 155 154 155 154 48|4062.16 0
289 303 1 1 3 0 0 0 46885 155 154 155 154 48|4062.19 0
289 303 1 1 3 0 0 0 46886 155 154 155 154 48|4062.21 0
289 303 1 1 3 0 0 0 46887 155 154 155 154 48|4062.22 0
289 303 1 1 3 0 0 0 46889 155 154 155 154 48|4062.24 0
289 303 1 1 3 0 0 0 46892 155 154 155 154 48|4062.27 0
289 303 1 1 3 0 0 0 46897 155 154 155 154 48|4062.32 0
289 303 1 1 3 0 0 0 46901 155 154 155 154 48|4062.36 0
289 303 1 1 3 0 0 0 46910 155 154 155 154 48|4062.41 0
289 303 1 1 3 0 0 0 46912 155 154 155 154 48|4062.43 0
289 303 1 1 3 0 0 0 46915 155 154 155 154 48|4062.46 0
289 303 1 1 3 0 0 0 46921 155 154 155 154 48|4062.50 0
289 303 1 1 3 0 0 0 46925 155 154 155 154 48|4062.52 0
289 303 1 1 3 0 0 0 46927 155 154 155 154 48|4062.55 0
289 303 1 1 3 0 0 0 46932 155 154 155 154 48|4062.57 0
289 303 1 1 3 0 0 0 46938 155 154 155 154 48|4062.60 0
289 303 1 1 3 0 0 0 46942 155 154 155 154 48|4062.63 0
289 303 1 1 3 0 0 0 46945 155 154 155 154 48|4062.66 0
289 303 1 1 3 0 0 0 46947 155 154 155 154 48|4062.68 0
289 303 1 1 3 0 0 0 46949 155 154 155 154 48|4062.70 0
289 303 1 1 3 0 0 0 46951 155 154 155 154 48|4062.72 0
289 303 1 1 3 0 0 0 46969 155 154 155 154 48|4062.83 0
289 303 1 1 3 0 0 0 46971 155 154 155 154 48|4062.85 0
289 303 1 1 3 0 0 0 46975 155 154 155 154 48|4062.87 0
289 303 1 1 3 0 0 0 46976 155 154 155 154 48|4062.89 0
289 303 1 1 3 0 0 0 46982 155 154 155 154 48|4062.91 0
289 303 1 1 3 0 0 0 46984 155 154 155 154 48|4062.93 0
289 303 1 1 3 0 0 0 46987 155 154 155 154 48|4062.95 0
289 303 1 1 3 0 0 0 46991 155 154 155 154 48|4062.97 0
289 303 1 1 3 0 0 0 46995 155 154 155 154 48|4063.00 0
289 303 1 1 3 0 0 0 46997 155 154 155 154 48|4063.02 0
289 303 1 1 3 0 0 0 46999 155 154 155 154 48|4063.04 0
289 303 1 1 3 0 0 0 47006 155 154 155 154 48|4063.09 0
289 303 1 1 3 0 0 0 47008 155 154 155 154 48|4063.11 0
289 303 1 1 3 0 0 0 47016 155 154 155 154 48|4063.15 0
289 303 1 1 3 0 0 0 47020 155 154 155 154 48|4063.18 0
289 303 1 1 3 0 0 0 47023 155 154 155 154 48|4063.21 0
289 303 1 1 3 0 0 0 47033 155 154 155 154 48|4063.26 0
289 303 1 1 3 0 0 0 47034 155 154 155 154 48|4063.27 0
289 303 1 1 3 0 0 0 47039 155 154 155 154 48|4063.31 0
289 303 1 1 3 0 0 0 47046 155 154 155 154 48|4063.33 0
289 303 1 1 3 0 0 0 47062 155 154 155 154 48|4063.43 0
289 303 1 1 3 0 0 0 47065 155 154 155 154 48|4063.46 0
289 303 1 1 3 0 0 0 47067 155 154 155 154 48|4063.48 0
289 303 1 1 3 0 0 0 47070 155 154 155 154 48|4063.51 0
289 303 1 1 3 0 0 0 47072 155 154 155 154 48|4063.54 0
289 303 1 1 3 0 0 0 47073 155 154 155 154 48|4063.56 0
289 303 1 1 3 0 0 0 47078 155 154 155 154 48|4063.59 0
289 303 1 1 3 0 0 0 47080 155 154 155 154 48|4063.61 0
289 303 1 1 3 0 0 0 47083 155 154 155 154 48|4063.63 0
289 303 1 1 3 0 0 0 47087 155 154 155 154 48|4063.65 0
289 303 1 1 3 0 0 0 47089 155 154 155 154 48|4063.67 0
289 303 1 1 3 0 0 0 47095 155 154 155 154 48|4063.72 0
289 303 1 1 3 0 0 0 47100 155 154 155 154 48|4063.75 0
289 303 1 1 3 0 0 0 47103 155 154 155 154 48|4063.78 0
289 303 1 1 3 0 0 0 47112 155 154 155 154 48|4063.85 0
289 303 1 1 3 0 0 0 47115 155 154 155 154 48|4063.87 0
289 303 1 1 3 0 0 0 47116 155 154 155 154 48|4063.89 0
289 303 1 1 3 0 0 0 47120 155 154 155 154 48|4063.91 0
289 303 1 1 3 0 0 0 47122 155 154 155 154 48|4063.93 0
289 303 1 1 3 0 0 0 47125 155 154 155 154 48|4063.97 0
289 303 1 1 3 0 0 0 47126 155 154 155 154 48|4063.99 0
289 303 1 1 3 0 0 0 47130 155 154 155 154 48|4064.01 0
289 303 1 1 3 0 0 0 47134 155 154 155 154 48|4064.03 0
289 303 1 1 3 0 0 0 47137 155 154 155 154 48|4064.05 0
289 303 1 1 3 0 0 0 47139 155 154 155 154 48|4064.07 0
289 303 1 1 3 0 0 0 47145 155 154 155 154 48|4064.09 0
289 303 1 1 3 0 0 0 47150 155 154 155 154 48|4064.16 0
289 303 1 1 3 0 0 0 47153 155 154 155 154 48|4064.18 0
289 303 1 1 3 0 0 0 47155 155 154 155 154 48|4064.20 0
289 303 1 1 3 0 0 0 47160 155 154 155 154 48|4064.23 0
289 303 1 1 3 0 0 0 47163 155 154 155 154 48|4064.25 0
289 303 1 1 3 0 0 0 47166 155 154 155 154 48|4064.28 0
289 303 1 1 3 0 0 0 47172 155 154 155 154 48|4064.30 0
289 303 1 1 3 0 0 0 47175 155 154 155 154 48|4064.33 0
289 303 1 1 3 0 0 0 47177 155 154 155 154 48|4064.35 0
289 303 1 1 3 0 0 0 47181 155 154 155 154 48|4064.38 0
289 303 1 1 3 0 0 0 47186 155 154 155 154 48|4064.42 0
289 303 1 1 3 0 0 0 47188 155 154 155 154 48|4064.45 0
289 303 1 1 3 0 0 0 47191 155 154 155 154 48|4064.47 0
289 303 1 1 3 0 0 0 47199 155 154 155 154 48|4064.51 0
289 303 1 1 3 0 0 0 47200 155 154 155 154 48|4064.53 0
289 303 1 1 3 0 0 0 47202 155 154 155 154 48|4064.55 0
289 303 1 1 3 0 0 0 47207 155 154 155 154 48|4064.57 0
289 303 1 1 3 0 0 0 47209 155 154 155 154 48|4064.59 0
289 303 1 1 3 0 0 0 47214 155 154 155 154 48|4064.61 0
289 303 1 1 3 0 0 0 47221 155 154 155 154 48|4064.63 0
289 303 1 1 3 0 0 0 47224 155 154 155 154 48|4064.65 0
289 303 1 1 3 0 0 0 47229 155 154 155 154 48|4064.67 0
289 303 1 1 3 0 0 0 47231 155 154 155 154 48|4064.69 0
289 303 1 1 3 0 0 0 47234 155 154 155 154 48|4064.71 0
289 303 1 1 3 0 0 0 47239 155 154 155 154 48|4064.72 0
289 303 1 1 3 0 0 0 47241 155 154 155 154 48|4064.75 0
289 303 1 1 3 0 0 0 47244 155 154 155 154 48|4064.76 0
289 303 1 1 3 0 0 0 47247 155 154 155 154 48|4064.78 0
289 303 1 1 3 0 0 0 47248 155 154 155 154 48|4064.80 0
289 303 1 1 3 0 0 0 47254 155 154 155 154 48|4064.82 0
289 303 1 1 3 0 0 0 47257 155 154 155 154 48|4064.84 0
289 303 1 1 3 0 0 0 47261 155 154 155 154 48|4064.86 0
289 303 1 1 3 0 0 0 47263 155 154 155 154 48|4064.88 0
289 303 1 1 3 0 0 0 47265 155 154 155 154 48|4064.91 0
289 303 1 1 3 0 0 0 47267 155 154 155 154 48|4064.93 0
289 303 1 1 3 0 0 0 47270 155 154 155 154 48|4064.95 0
289 303 1 1 3 0 0 0 47271 155 154 155 154 48|4064.98 0
289 303 1 1 3 0 0 0 47273 155 154 155 154 48|4065.00 0
289 303 1 1 3 0 0 0 47278 155 154 155 154 48|4065.03 0
289 303 1 1 3 0 0 0 47283 155 154 155 154 48|4065.05 0
289 303 1 1 3 0 0 0 47285 155 154 155 154 48|4065.08 0
289 303 1 1 3 0 0 0 47286 155 154 155 154 48|4065.10 0
289 303 1 1 3 0 0 0 47288 155 154 155 154 48|4065.12 0
289 303 1 1 3 0 0 0 47291 155 154 155 154 48|4065.14 0
289 303 1 1 3 0 0 0 47292 155 154 155 154 48|4065.16 0
289 303 1 1 3 0 0 0 47293 155 154 155 154 48|4065.18 0
289 303 1 1 3 0 0 0 47299 155 154 155 154 48|4065.20 0
289 303 1 1 3 0 0 0 47304 155 154 155 154 48|4065.22 0
289 303 1 1 3 0 0 0 47310 155 154 155 154 48|4065.24 0
289 303 1 1 3 0 0 0 47311 155 154 155 154 48|4065.26 0
289 303 1 1 3 0 0 0 47313 155 154 155 154 48|4065.28 0
289 303 1 1 3 0 0 0 47318 155 154 155 154 48|4065.32 0
289 303 1 1 3 0 0 0 47322 155 154 155 154 48|4065.35 0
289 303 1 1 3 0 0 0 47324 155 154 155 154 48|4065.37 0
289 303 1 1 3 0 0 0 47326 155 154 155 154 48|4065.39 0
289 303 1 1 3 0 0 0 47328 155 154 155 154 48|4065.42 0
289 303 1 1 3 0 0 0 47331 155 154 155 154 48|4065.47 0
289 303 1 1 3 0 0 0 47338 155 154 155 154 48|4065.50 0
289 303 1 1 3 0 0 0 47341 155 154 155 154 48|4065.53 0
289 303 1 1 3 0 0 0 47342 155 154 155 154 48|4065.56 0
289 303 1 1 3 0 0 0 47345 155 154 155 154 48|4065.59 0
289 303 1 1 3 0 0 0 47349 155 154 155 154 48|4065.64 0
289 303 1 1 3 0 0 0 47351 155 154 155 154 48|4065.66 0
289 303 1 1 3 0 0 0 47365 155 154 155 154 48|4065.75 0
289 303 1 1 3 0 0 0 47369 155 154 155 154 48|4065.87 0
289 303 1 1 3 0 0 0 47370 155 154 155 154 48|4065.89 0
289 303 1 1 3 0 0 0 47376 155 154 155 154 48|4065.91 0
289 303 1 1 3 0 0 0 47378 155 154 155 154 48|4065.95 0
289 303 1 1 3 0 0 0 47386 155 154 155 154 48|4066.00 0
289 303 1 1 3 0 0 0 47389 155 154 155 154 48|4066.02 0
289 303 1 1 3 0 0 0 47391 155 154 155 154 48|4066.04 0
289 303 1 1 3 0 0 0 47392 155 154 155 154 48|4066.05 0
289 303 1 1 3 0 0 0 47393 155 154 155 154 48|4066.07 0
289 303 1 1 3 0 0 0 47395 155 154 155 154 48|4066.09 0
289 303 1 1 3 0 0 0 47397 155 154 155 154 48|4066.11 0
289 303 1 1 3 0 0 0 47398 155 154 155 154 48|4066.13 0
289 303 1 1 3 0 0 0 47403 155 154 155 154 48|4066.15 0
289 303 1 1 3 0 0 0 47405 155 154 155 154 48|4066.17 0
289 303 1 1 3 0 0 0 47406 155 154 155 154 48|4066.19 0
289 303 1 1 3 0 0 0 47409 155 154 155 154 48|4066.26 0
289 303 1 1 3 0 0 0 47410 155 154 155 154 48|4066.28 0
289 303 1 1 3 0 0 0 47414 155 154 155 154 48|4066.30 0
289 303 1 1 3 0 0 0 47418 155 154 155 154 48|4066.33 0
289 303 1 1 3 0 0 0 47420 155 154 155 154 48|4066.36 0
289 303 1 1 3 0 0 0 47422 155 154 155 154 48|4066.38 0
289 303 1 1 3 0 0 0 47425 155 154 155 154 48|4066.41 0
289 303 1 1 3 0 0 0 47426 155 154 155 154 48|4066.44 0
289 303 1 1 3 0 0 0 47429 155 154 155 154 48|4066.46 0
289 303 1 1 3 0 0 0 47436 155 154 155 154 48|4066.50 0
289 303 1 1 3 0 0 0 47437 155 154 155 154 48|4066.52 0
289 303 1 1 3 0 0 0 47441 155 154 155 154 48|4066.54 0
289 303 1 1 3 0 0 0 47442 155 154 155 154 48|4066.56 0
289 303 1 1 3 0 0 0 47446 155 154 155 154 48|4066.58 0
289 303 1 1 3 0 0 0 47448 155 154 155 154 48|4066.60 0
289 303 1 1 3 0 0 0 47449 155 154 155 154 48|4066.62 0
289 303 1 1 3 0 0 0 47451 155 154 155 154 48|4066.65 0
289 303 1 1 3 0 0 0 47454 155 154 155 154 48|4066.67 0
289 303 1 1 3 0 0 0 47457 155 154 155 154 48|4066.71 0
289 303 1 1 3 0 0 0 47458 155 154 155 154 48|4066.73 0
289 303 1 1 3 0 0 0 47462 155 154 155 154 48|4066.75 0
289 303 1 1 3 0 0 0 47469 155 154 155 154 48|4066.77 0
289 303 1 1 3 0 0 0 47470 155 154 155 154 48|4066.80 0
289 303 1 1 3 0 0 0 47472 155 154 155 154 48|4066.82 0
289 303 1 1 3 0 0 0 47480 155 154 155 154 48|4066.85 0
289 303 1 1 3 0 0 0 47484 155 154 155 154 48|4066.87 0
289 303 1 1 3 0 0 0 47487 155 154 155 154 48|4066.89 0
289 303 1 1 3 0 0 0 47489 155 154 155 154 48|4066.92 0
289 303 1 1 3 0 0 0 47493 155 154 155 154 48|4066.95 0
289 303 1 1 3 0 0 0 47496 155 154 155 154 48|4066.97 0
289 303 1 1 3 0 0 0 47497 155 154 155 154 48|4066.99 0
289 303 1 1 3 0 0 0 47501 155 154 155 154 48|4067.01 0
289 303 1 1 3 0 0 0 47503 155 154 155 154 48|4067.03 0
289 303 1 1 3 0 0 0 47505 155 154 155 154 48|4067.05 0
289 303 1 1 3 0 0 0 47507 155 154 155 154 48|4067.08 0
289 303 1 1 3 0 0 0 47509 155 154 155 154 48|4067.11 0
289 303 1 1 3 0 0 0 47516 155 154 155 154 48|4067.15 0
289 303 1 1 3 0 0 0 47520 155 154 155 154 48|4067.17 0
289 303 1 1 3 0 0 0 47521 155 154 155 154 48|4067.19 0
289 303 1 1 3 0 0 0 47528 155 154 155 154 48|4067.23 0
289 303 1 1 3 0 0 0 47531 155 154 155 154 48|4067.27 0
289 303 1 1 3 0 0 0 47532 155 154 155 154 48|4067.29 0
289 303 1 1 3 0 0 0 47536 155 154 155 154 48|4067.31 0
289 303 1 1 3 0 0 0 47537 155 154 155 154 48|4067.33 0
289 303 1 1 3 0 0 0 47540 155 154 155 154 48|4067.34 0
289 303 1 1 3 0 0 0 47541 155 154 155 154 48|4067.36 0
289 303 1 1 3 0 0 0 47542 155 154 155 154 48|4067.38 0
289 303 1 1 3 0 0 0 47548 155 154 155 154 48|4067.41 0
289 303 1 1 3 0 0 0 47552 155 154 155 154 48|4067.43 0
289 303 1 1 3 0 0 0 47554 155 154 155 154 48|4067.46 0
289 303 1 1 3 0 0 0 47556 155 154 155 154 48|4067.48 0
289 303 1 1 3 0 0 0 47561 155 154 155 154 48|4067.52 0
289 303 1 1 3 0 0 0 47565 155 154 155 154 48|4067.54 0
289 303 1 1 3 0 0 0 47570 155 154 155 154 48|4067.57 0
289 303 1 1 3 0 0 0 47575 155 154 155 154 48|4067.59 0
289 303 1 1 3 0 0 0 47576 155 154 155 154 48|4067.61 0
289 303 1 1 3 0 0 0 47579 155 154 155 154 48|4067.63 0
289 303 1 1 3 0 0 0 47580 155 154 155 154 48|4067.65 0
289 303 1 1 3 0 0 0 47583 155 154 155 154 48|4067.67 0
289 303 1 1 3 0 0 0 47589 155 154 155 154 48|4067.70 0
289 303 1 1 3 0 0 0 47593 155 154 155 154 48|4067.73 0
289 303 1 1 3 0 0 0 47599 155 154 155 154 48|4067.76 0
289 303 1 1 3 0 0 0 47601 155 154 155 154 48|4067.79 0
289 303 1 1 3 0 0 0 47602 155 154 155 154 48|4067.81 0
289 303 1 1 3 0 0 0 47606 155 154 155 154 48|4067.83 0
289 303 1 1 3 0 0 0 47608 155 154 155 154 48|4067.85 0
289 303 1 1 3 0 0 0 47610 155 154 155 154 48|4067.87 0
289 303 1 1 3 0 0 0 47617 155 154 155 154 48|4067.90 0
289 303 1 1 3 0 0 0 47620 155 154 155 154 48|4067.93 0
289 303 1 1 3 0 0 0 47625 155 154 155 154 48|4067.95 0
289 303 1 1 3 0 0 0 47628 155 154 155 154 48|4067.99 0
289 303 1 1 3 0 0 0 47633 155 154 155 154 48|4068.01 0
289 303 1 1 3 0 0 0 47639 155 154 155 154 48|4068.03 0
289 303 1 1 3 0 0 0 47641 155 154 155 154 48|4068.05 0
289 303 1 1 3 0 0 0 47643 155 154 155 154 48|4068.06 0
289 303 1 1 3 0 0 0 47646 155 154 155 154 48|4068.08 0
289 303 1 1 3 0 0 0 47649 155 154 155 154 48|4068.11 0
289 303 1 1 3 0 0 0 47651 155 154 155 154 48|4068.13 0
289 303 1 1 3 0 0 0 47653 155 154 155 154 48|4068.14 0
289 303 1 1 3 0 0 0 47655 155 154 155 154 48|4068.16 0
289 303 1 1 3 0 0 0 47656 155 154 155 154 48|4068.18 0
289 303 1 1 3 0 0 0 47660 155 154 155 154 48|4068.20 0
289 303 1 1 3 0 0 0 47664 155 154 155 154 48|4068.24 0
289 303 1 1 3 0 0 0 47667 155 154 155 154 48|4068.27 0
289 303 1 1 3 0 0 0 47670 155 154 155 154 48|4068.29 0
289 303 1 1 3 0 0 0 47673 155 154 155 154 48|4068.31 0
289 303 1 1 3 0 0 0 47678 155 154 155 154 48|4068.35 0
289 303 1 1 3 0 0 0 47683 155 154 155 154 48|4068.37 0
289 303 1 1 3 0 0 0 47684 155 154 155 154 48|4068.39 0
289 303 1 1 3 0 0 0 47689 155 154 155 154 48|4068.41 0
289 303 1 1 3 0 0 0 47694 155 154 155 154 48|4068.45 0
289 303 1 1 3 0 0 0 47695 155 154 155 154 48|4068.48 0
289 303 1 1 3 0 0 0 47698 155 154 155 154 48|4068.50 0
289 303 1 1 3 0 0 0 47699 155 154 155 154 48|4068.52 0
289 303 1 1 3 0 0 0 47704 155 154 155 154 48|4068.54 0
289 303 1 1 3 0 0 0 47705 155 154 155 154 48|4068.56 0
289 303 1 1 3 0 0 0 47709 155 154 155 154 48|4068.59 0
289 303 1 1 3 0 0 0 47712 155 154 155 154 48|4068.62 0
289 303 1 1 3 0 0 0 47713 155 154 155 154 48|4068.64 0
289 303 1 1 3 0 0 0 47718 155 154 155 154 48|4068.67 0
289 303 1 1 3 0 0 0 47721 155 154 155 154 48|4068.70 0
289 303 1 1 3 0 0 0 47723 155 154 155 154 48|4068.72 0
289 303 1 1 3 0 0 0 47729 155 154 155 154 48|4068.74 0
289 303 1 1 3 0 0 0 47731 155 154 155 154 48|4068.76 0
289 303 1 1 3 0 0 0 47735 155 154 155 154 48|4068.78 0
289 303 1 1 3 0 0 0 47740 155 154 155 154 48|4068.84 0
289 303 1 1 3 0 0 0 47742 155 154 155 154 48|4068.86 0
289 303 1 1 3 0 0 0 47748 155 154 155 154 48|4068.89 0
289 303 1 1 3 0 0 0 47751 155 154 155 154 48|4068.91 0
289 303 1 1 3 0 0 0 47757 155 154 155 154 48|4068.94 0
289 303 1 1 3 0 0 0 47758 155 154 155 154 48|4068.96 0
289 303 1 1 3 0 0 0 47761 155 154 155 154 48|4068.98 0
289 303 1 1 3 0 0 0 47765 155 154 155 154 48|4069.01 0
289 303 1 1 3 0 0 0 47769 155 154 155 154 48|4069.03 0
289 303 1 1 3 0 0 0 47774 155 154 155 154 48|4069.08 0
289 303 1 1 3 0 0 0 47779 155 154 155 154 48|4069.10 0
289 303 1 1 3 0 0 0 47781 155 154 155 154 48|4069.12 0
289 303 1 1 3 0 0 0 47784 155 154 155 154 48|4069.17 0
289 303 1 1 3 0 0 0 47787 155 154 155 154 48|4069.21 0
289 303 1 1 3 0 0 0 47790 155 154 155 154 48|4069.24 0
289 303 1 1 3 0 0 0 47792 155 154 155 154 48|4069.26 0
289 303 1 1 3 0 0 0 47793 155 154 155 154 48|4069.29 0
289 303 1 1 3 0 0 0 47805 155 154 155 154 48|4069.33 0
289 303 1 1 3 0 0 0 47807 155 154 155 154 48|4069.35 0
289 303 1 1 3 0 0 0 47811 155 154 155 154 48|4069.40 0
289 303 1 1 3 0 0 0 47813 155 154 155 154 48|4069.42 0
289 303 1 1 3 0 0 0 47828 155 154 155 154 48|4069.46 0
289 303 1 1 3 0 0 0 47833 155 154 155 154 48|4069.48 0
289 303 1 1 3 0 0 0 47835 155 154 155 154 48|4069.50 0
289 303 1 1 3 0 0 0 47841 155 154 155 154 48|4069.53 0
289 303 1 1 3 0 0 0 47846 155 154 155 154 48|4069.55 0
289 303 1 1 3 0 0 0 47849 155 154 155 154 48|4069.57 0
289 303 1 1 3 0 0 0 47855 155 154 155 154 48|4069.63 0
289 303 1 1 3 0 0 0 47857 155 154 155 154 48|4069.65 0
289 303 1 1 3 0 0 0 47858 155 154 155 154 48|4069.67 0
289 303 1 1 3 0 0 0 47860 155 154 155 154 48|4069.69 0
289 303 1 1 3 0 0 0 47868 155 154 155 154 48|4069.74 0
289 303 1 1 3 0 0 0 47872 155 154 155 154 48|4069.76 0
289 303 1 1 3 0 0 0 47876 155 154 155 154 48|4069.78 0
289 303 1 1 3 0 0 0 47880 155 154 155 154 48|4069.82 0
289 303 1 1 3 0 0 0 47885 155 154 155 154 48|4069.85 0
289 303 1 1 3 0 0 0 47887 155 154 155 154 48|4069.88 0
289 303 1 1 3 0 0 0 47892 155 154 155 154 48|4069.91 0
289 303 1 1 3 0 0 0 47893 155 154 155 154 48|4069.93 0
289 303 1 1 3 0 0 0 47895 155 154 155 154 48|4069.95 0
289 303 1 1 3 0 0 0 47897 155 154 155 154 48|4069.97 0
289 303 1 1 3 0 0 0 47899 155 154 155 154 48|4069.99 0
289 303 1 1 3 0 0 0 47903 155 154 155 154 48|4070.01 0
289 303 1 1 3 0 0 0 47909 155 154 155 154 48|4070.03 0
289 303 1 1 3 0 0 0 47911 155 154 155 154 48|4070.07 0
289 303 1 1 3 0 0 0 47921 155 154 155 154 48|4070.14 0
289 303 1 1 3 0 0 0 47928 155 154 155 154 48|4070.18 0
289 303 1 1 3 0 0 0 47933 155 154 155 154 48|4070.21 0
289 303 1 1 3 0 0 0 47943 155 154 155 154 48|4070.26 0
289 303 1 1 3 0 0 0 47945 155 154 155 154 48|4070.28 0
289 303 1 1 3 0 0 0 47948 155 154 155 154 48|4070.30 0
289 303 1 1 3 0 0 0 47950 155 154 155 154 48|4070.32 0
289 303 1 1 3 0 0 0 47951 155 154 155 154 48|4070.34 0
289 303 1 1 3 0 0 0 47952 155 154 155 154 48|4070.36 0
289 303 1 1 3 0 0 0 47959 155 154 155 154 48|4070.41 0
289 303 1 1 3 0 0 0 47962 155 154 155 154 48|4070.44 0
289 303 1 1 3 0 0 0 47966 155 154 155 154 48|4070.48 0
289 303 1 1 3 0 0 0 47968 155 154 155 154 48|4070.50 0
289 303 1 1 3 0 0 0 47972 155 154 155 154 48|4070.53 0
289 303 1 1 3 0 0 0 47974 155 154 155 154 48|4070.55 0
289 303 1 1 3 0 0 0 47976 155 154 155 154 48|4070.57 0
289 303 1 1 3 0 0 0 47978 155 154 155 154 48|4070.58 0
289 303 1 1 3 0 0 0 47982 155 154 155 154 48|4070.61 0
289 303 1 1 3 0 0 0 47984 155 154 155 154 48|4070.63 0
289 303 1 1 3 0 0 0 47986 155 154 155 154 48|4070.66 0
289 303 1 1 3 0 0 0 47991 155 154 155 154 48|4070.72 0
289 303 1 1 3 0 0 0 48000 155 154 155 154 48|4070.74 0
289 303 1 1 3 0 0 0 48003 155 154 155 154 48|4070.76 0
289 303 1 1 3 0 0 0 48009 155 154 155 154 48|4070.81 0
289 303 1 1 3 0 0 0 48010 155 154 155 154 48|4070.83 0
289 303 1 1 3 0 0 0 48015 155 154 155 154 48|4070.86 0
289 303 1 1 3 0 0 0 48017 155 154 155 154 48|4070.88 0
289 303 1 1 3 0 0 0 48023 155 154 155 154 48|4070.91 0
289 303 1 1 3 0 0 0 48025 155 154 155 154 48|4070.93 0
289 303 1 1 3 0 0 0 48029 155 154 155 154 48|4070.95 0
289 303 1 1 3 0 0 0 48035 155 154 155 154 48|4070.98 0
289 303 1 1 3 0 0 0 48037 155 154 155 154 48|4071.00 0
289 303 1 1 3 0 0 0 48042 155 154 155 154 48|4071.03 0
289 303 1 1 3 0 0 0 48046 155 154 155 154 48|4071.06 0
289 303 1 1 3 0 0 0 48052 155 154 155 154 48|4071.09 0
289 303 1 1 3 0 0 0 48059 155 154 155 154 48|4071.13 0
289 303 1 1 3 0 0 0 48061 155 154 155 154 48|4071.15 0
289 303 1 1 3 0 0 0 48064 155 154 155 154 48|4071.19 0
289 303 1 1 3 0 0 0 48071 155 154 155 154 48|4071.21 0
289 303 1 1 3 0 0 0 48076 155 154 155 154 48|4071.25 0
289 303 1 1 3 0 0 0 48081 155 154 155 154 48|4071.27 0
289 303 1 1 3 0 0 0 48083 155 154 155 154 48|4071.29 0
289 303 1 1 3 0 0 0 48086 155 154 155 154 48|4071.31 0
289 303 1 1 3 0 0 0 48088 155 154 155 154 48|4071.33 0
289 303 1 1 3 0 0 0 48091 155 154 155 154 48|4071.35 0
289 303 1 1 3 0 0 0 48093 155 154 155 154 48|4071.37 0
289 303 1 1 3 0 0 0 48100 155 154 155 154 48|4071.42 0
289 303 1 1 3 0 0 0 48107 155 154 155 154 48|4071.45 0
289 303 1 1 3 0 0 0 48110 155 154 155 154 48|4071.49 0
289 303 1 1 3 0 0 0 48117 155 154 155 154 48|4071.53 0
289 303 1 1 3 0 0 0 48120 155 154 155 154 48|4071.55 0
289 303 1 1 3 0 0 0 48125 155 154 155 154 48|4071.58 0
289 303 1 1 3 0 0 0 48131 155 154 155 154 48|4071.63 0
289 303 1 1 3 0 0 0 48135 155 154 155 154 48|4071.66 0
289 303 1 1 3 0 0 0 48139 155 154 155 154 48|4071.70 0
289 303 1 1 3 0 0 0 48141 155 154 155 154 48|4071.72 0
289 303 1 1 3 0 0 0 48148 155 154 155 154 48|4071.76 0
289 303 1 1 3 0 0 0 48154 155 154 155 154 48|4071.81 0
289 303 1 1 3 0 0 0 48158 155 154 155 154 48|4071.84 0
289 303 1 1 3 0 0 0 48165 155 154 155 154 48|4071.87 0
289 303 1 1 3 0 0 0 48170 155 154 155 154 48|4071.90 0
289 303 1 1 3 0 0 0 48171 155 154 155 154 48|4071.92 0
289 303 1 1 3 0 0 0 48172 155 154 155 154 48|4071.95 0
289 303 1 1 3 0 0 0 48177 155 154 155 154 48|4071.98 0
289 303 1 1 3 0 0 0 48179 155 154 155 154 48|4072.01 0
289 303 1 1 3 0 0 0 48181 155 154 155 154 48|4072.02 0
289 303 1 1 3 0 0 0 48183 155 154 155 154 48|4072.06 0
289 303 1 1 3 0 0 0 48187 155 154 155 154 48|4072.09 0
289 303 1 1 3 0 0 0 48190 155 154 155 154 48|4072.13 0
289 303 1 1 3 0 0 0 48196 155 154 155 154 48|4072.15 0
289 303 1 1 3 0 0 0 48199 155 154 155 154 48|4072.17 0
289 303 1 1 3 0 0 0 48201 155 154 155 154 48|4072.19 0
289 303 1 1 3 0 0 0 48206 155 154 155 154 48|4072.21 0
289 303 1 1 3 0 0 0 48214 155 154 155 154 48|4072.25 0
289 303 1 1 3 0 0 0 48216 155 154 155 154 48|4072.28 0
289 303 1 1 3 0 0 0 48221 155 154 155 154 48|4072.30 0
289 303 1 1 3 0 0 0 48224 155 154 155 154 48|4072.32 0
289 303 1 1 3 0 0 0 48232 155 154 155 154 48|4072.34 0
289 303 1 1 3 0 0 0 48235 155 154 155 154 48|4072.36 0
289 303 1 1 3 0 0 0 48239 155 154 155 154 48|4072.39 0
289 303 1 1 3 0 0 0 48240 155 154 155 154 48|4072.41 0
289 303 1 1 3 0 0 0 48242 155 154 155 154 48|4072.43 0
289 303 1 1 3 0 0 0 48244 155 154 155 154 48|4072.46 0
289 303 1 1 3 0 0 0 48259 155 154 155 154 48|4072.59 0
289 303 1 1 3 0 0 0 48264 155 154 155 154 48|4072.61 0
289 303 1 1 3 0 0 0 48268 155 154 155 154 48|4072.63 0
289 303 1 1 3 0 0 0 48273 155 154 155 154 48|4072.65 0
289 303 1 1 3 0 0 0 48280 155 154 155 154 48|4072.67 0
289 303 1 1 3 0 0 0 48284 155 154 155 154 48|4072.69 0
289 303 1 1 3 0 0 0 48287 155 154 155 154 48|4072.71 0
289 303 1 1 3 0 0 0 48291 155 154 155 154 48|4072.74 0
289 303 1 1 3 0 0 0 48294 155 154 155 154 48|4072.77 0
289 303 1 1 3 0 0 0 48298 155 154 155 154 48|4072.81 0
289 303 1 1 3 0 0 0 48299 155 154 155 154 48|4072.84 0
289 303 1 1 3 0 0 0 48306 155 154 155 154 48|4072.86 0
289 303 1 1 3 0 0 0 48315 155 154 155 154 48|4072.95 0
289 303 1 1 3 0 0 0 48317 155 154 155 154 48|4072.97 0
289 303 1 1 3 0 0 0 48320 155 154 155 154 48|4073.00 0
289 303 1 1 3 0 0 0 48325 155 154 155 154 48|4073.02 0
289 303 1 1 3 0 0 0 48331 155 154 155 154 48|4073.03 0
289 303 1 1 3 0 0 0 48334 155 154 155 154 48|4073.05 0
289 303 1 1 3 0 0 0 48337 155 154 155 154 48|4073.08 0
289 303 1 1 3 0 0 0 48343 155 154 155 154 48|4073.11 0
289 303 1 1 3 0 0 0 48349 155 154 155 154 48|4073.14 0
289 303 1 1 3 0 0 0 48351 155 154 155 154 48|4073.16 0
289 303 1 1 3 0 0 0 48355 155 154 155 154 48|4073.18 0
289 303 1 1 3 0 0 0 48359 155 154 155 154 48|4073.21 0
289 303 1 1 3 0 0 0 48362 155 154 155 154 48|4073.24 0
289 303 1 1 3 0 0 0 48366 155 154 155 154 48|4073.26 0
289 303 1 1 3 0 0 0 48369 155 154 155 154 48|4073.28 0
289 303 1 1 3 0 0 0 48374 155 154 155 154 48|4073.30 0
289 303 1 1 3 0 0 0 48375 155 154 155 154 48|4073.32 0
289 303 1 1 3 0 0 0 48378 155 154 155 154 48|4073.35 0
289 303 1 1 3 0 0 0 48382 155 154 155 154 48|4073.37 0
289 303 1 1 3 0 0 0 48385 155 154 155 154 48|4073.39 0
289 303 1 1 3 0 0 0 48390 155 154 155 154 48|4073.41 0
289 303 1 1 3 0 0 0 48391 155 154 155 154 48|4073.43 0
289 303 1 1 3 0 0 0 48396 155 154 155 154 48|4073.45 0
289 303 1 1 3 0 0 0 48400 155 154 155 154 48|4073.47 0
289 303 1 1 3 0 0 0 48405 155 154 155 154 48|4073.49 0
289 303 1 1 3 0 0 0 48409 155 154 155 154 48|4073.51 0
289 303 1 1 3 0 0 0 48413 155 154 155 154 48|4073.53 0
289 303 1 1 3 0 0 0 48415 155 154 155 154 48|4073.55 0
289 303 1 1 3 0 0 0 48418 155 154 155 154 48|4073.57 0
289 303 1 1 3 0 0 0 48421 155 154 155 154 48|4073.59 0
289 303 1 1 3 0 0 0 48423 155 154 155 154 48|4073.61 0
289 303 1 1 3 0 0 0 48427 155 154 155 154 48|4073.63 0
289 303 1 1 3 0 0 0 48430 155 154 155 154 48|4073.65 0
289 303 1 1 3 0 0 0 48434 155 154 155 154 48|4073.67 0
289 303 1 1 3 0 0 0 48435 155 154 155 154 48|4073.69 0
289 303 1 1 3 0 0 0 48436 155 154 155 154 48|4073.70 0
289 303 1 1 3 0 0 0 48438 155 154 155 154 48|4073.72 0
289 303 1 1 3 0 0 0 48440 155 154 155 154 48|4073.74 0
289 303 1 1 3 0 0 0 48448 155 154 155 154 48|4073.76 0
289 303 1 1 3 0 0 0 48451 155 154 155 154 48|4073.78 0
289 303 1 1 3 0 0 0 48454 155 154 155 154 48|4073.80 0
289 303 1 1 3 0 0 0 48457 155 154 155 154 48|4073.82 0
289 303 1 1 3 0 0 0 48460 155 154 155 154 48|4073.85 0
289 303 1 1 3 0 0 0 48462 155 154 155 154 48|4073.87 0
289 303 1 1 3 0 0 0 48466 155 154 155 154 48|4073.89 0
289 303 1 1 3 0 0 0 48469 155 154 155 154 48|4073.92 0
289 303 1 1 3 0 0 0 48476 155 154 155 154 48|4073.99 0
289 303 1 1 3 0 0 0 48477 155 154 155 154 48|4074.01 0
289 303 1 1 3 0 0 0 48480 155 154 155 154 48|4074.03 0
289 303 1 1 3 0 0 0 48482 155 154 155 154 48|4074.05 0
289 303 1 1 3 0 0 0 48490 155 154 155 154 48|4074.09 0
289 303 1 1 3 0 0 0 48491 155 154 155 154 48|4074.11 0
289 303 1 1 3 0 0 0 48492 155 154 155 154 48|4074.13 0
289 303 1 1 3 0 0 0 48496 155 154 155 154 48|4074.16 0
289 303 1 1 3 0 0 0 48503 155 154 155 154 48|4074.21 0
289 303 1 1 3 0 0 0 48508 155 154 155 154 48|4074.24 0
289 303 1 1 3 0 0 0 48512 155 154 155 154 48|4074.26 0
289 303 1 1 3 0 0 0 48513 155 154 155 154 48|4074.28 0
289 303 1 1 3 0 0 0 48517 155 154 155 154 48|4074.31 0
289 303 1 1 3 0 0 0 48522 155 154 155 154 48|4074.34 0
289 303 1 1 3 0 0 0 48524 155 154 155 154 48|4074.36 0
289 303 1 1 3 0 0 0 48528 155 154 155 154 48|4074.39 0
289 303 1 1 3 0 0 0 48530 155 154 155 154 48|4074.42 0
289 303 1 1 3 0 0 0 48532 155 154 155 154 48|4074.44 0
289 303 1 1 3 0 0 0 48536 155 154 155 154 48|4074.46 0
289 303 1 1 3 0 0 0 48540 155 154 155 154 48|4074.50 0
289 303 1 1 3 0 0 0 48544 155 154 155 154 48|4074.53 0
289 303 1 1 3 0 0 0 48548 155 154 155 154 48|4074.56 0
289 303 1 1 3 0 0 0 48554 155 154 155 154 48|4074.62 0
289 303 1 1 3 0 0 0 48555 155 154 155 154 48|4074.64 0
289 303 1 1 3 0 0 0 48559 155 154 155 154 48|4074.66 0
289 303 1 1 3 0 0 0 48563 155 154 155 154 48|4074.69 0
289 303 1 1 3 0 0 0 48568 155 154 155 154 48|4074.73 0
289 303 1 1 3 0 0 0 48570 155 154 155 154 48|4074.75 0
289 303 1 1 3 0 0 0 48571 155 154 155 154 48|4074.77 0
289 303 1 1 3 0 0 0 48573 155 154 155 154 48|4074.79 0
289 303 1 1 3 0 0 0 48575 155 154 155 154 48|4074.81 0
289 303 1 1 3 0 0 0 48576 155 154 155 154 48|4074.83 0
289 303 1 1 3 0 0 0 48577 155 154 155 154 48|4074.84 0
289 303 1 1 3 0 0 0 48580 155 154 155 154 48|4074.87 0
289 303 1 1 3 0 0 0 48582 155 154 155 154 48|4074.90 0
289 303 1 1 3 0 0 0 48584 155 154 155 154 48|4074.92 0
289 303 1 1 3 0 0 0 48587 155 154 155 154 48|4074.94 0
289 303 1 1 3 0 0 0 48597 155 154 155 154 48|4075.06 0
289 303 1 1 3 0 0 0 48603 155 154 155 154 48|4075.14 0
289 303 1 1 3 0 0 0 48604 155 154 155 154 48|4075.16 0
289 303 1 1 3 0 0 0 48611 155 154 155 154 48|4075.20 0
289 303 1 1 3 0 0 0 48614 155 154 155 154 48|4075.22 0
289 303 1 1 3 0 0 0 48617 155 154 155 154 48|4075.24 0
289 303 1 1 3 0 0 0 48624 155 154 155 154 48|4075.27 0
289 303 1 1 3 0 0 0 48633 155 154 155 154 48|4075.31 0
289 303 1 1 3 0 0 0 48636 155 154 155 154 48|4075.34 0
289 303 1 1 3 0 0 0 48639 155 154 155 154 48|4075.36 0
289 303 1 1 3 0 0 0 48644 155 154 155 154 48|4075.38 0
289 303 1 1 3 0 0 0 48649 155 154 155 154 48|4075.44 0
289 303 1 1 3 0 0 0 48652 155 154 155 154 48|4075.47 0
289 303 1 1 3 0 0 0 48654 155 154 155 154 48|4075.49 0
289 303 1 1 3 0 0 0 48657 155 154 155 154 48|4075.50 0
289 303 1 1 3 0 0 0 48660 155 154 155 154 48|4075.53 0
289 303 1 1 3 0 0 0 48661 155 154 155 154 48|4075.55 0
289 303 1 1 3 0 0 0 48667 155 154 155 154 48|4075.57 0
289 303 1 1 3 0 0 0 48668 155 154 155 154 48|4075.59 0
289 303 1 1 3 0 0 0 48671 155 154 155 154 48|4075.62 0
289 303 1 1 3 0 0 0 48677 155 154 155 154 48|4075.65 0
289 303 1 1 3 0 0 0 48680 155 154 155 154 48|4075.67 0
289 303 1 1 3 0 0 0 48684 155 154 155 154 48|4075.70 0
289 303 1 1 3 0 0 0 48693 155 154 155 154 48|4075.73 0
289 303 1 1 3 0 0 0 48694 155 154 155 154 48|4075.75 0
289 303 1 1 3 0 0 0 48701 155 154 155 154 48|4075.78 0
289 303 1 1 3 0 0 0 48703 155 154 155 154 48|4075.80 0
289 303 1 1 3 0 0 0 48707 155 154 155 154 48|4075.82 0
289 303 1 1 3 0 0 0 48712 155 154 155 154 48|4075.85 0
289 303 1 1 3 0 0 0 48714 155 154 155 154 48|4075.87 0
289 303 1 1 3 0 0 0 48720 155 154 155 154 48|4075.90 0
289 303 1 1 3 0 0 0 48724 155 154 155 154 48|4075.93 0
289 303 1 1 3 0 0 0 48751 155 154 155 154 48|4076.06 0
289 303 1 1 3 0 0 0 48759 155 154 155 154 48|4076.09 0
289 303 1 1 3 0 0 0 48765 155 154 155 154 48|4076.13 0
289 303 1 1 3 0 0 0 48767 155 154 155 154 48|4076.15 0
289 303 1 1 3 0 0 0 48773 155 154 155 154 48|4076.19 0
289 303 1 1 3 0 0 0 48782 155 154 155 154 48|4076.23 0
289 303 1 1 3 0 0 0 48788 155 154 155 154 48|4076.27 0
289 303 1 1 3 0 0 0 48791 155 154 155 154 48|4076.28 0
289 303 1 1 3 0 0 0 48798 155 154 155 154 48|4076.31 0
289 303 1 1 3 0 0 0 48807 155 154 155 154 48|4076.32 0
289 303 1 1 3 0 0 0 48810 155 154 155 154 48|4076.34 0
289 303 1 1 3 0 0 0 48811 155 154 155 154 48|4076.36 0
289 303 1 1 3 0 0 0 48814 155 154 155 154 48|4076.38 0
289 303 1 1 3 0 0 0 48818 155 154 155 154 48|4076.40 0
289 303 1 1 3 0 0 0 48819 155 154 155 154 48|4076.52 0
289 303 1 1 3 0 0 0 48821 155 154 155 154 48|4076.64 0
289 303 1 1 3 0 0 0 48822 155 154 155 154 48|4076.74 0
289 303 1 1 3 0 0 0 48828 155 154 155 154 48|4077.17 0
289 303 1 1 3 0 0 0 48830 155 154 155 154 48|4077.19 0
289 303 1 1 3 0 0 0 48836 155 154 155 154 48|4077.27 0
289 303 1 1 3 0 0 0 48843 155 154 155 154 48|4077.29 0
289 303 1 1 3 0 0 0 48844 155 154 155 154 48|4077.35 0
289 303 1 1 3 0 0 0 48851 155 154 155 154 48|4077.37 0
289 303 1 1 3 0 0 0 48854 155 154 155 154 48|4077.40 0
289 303 1 1 3 0 0 0 48858 155 154 155 154 48|4077.42 0
289 303 1 1 3 0 0 0 48865 155 154 155 154 48|4077.45 0
289 303 1 1 3 0 0 0 48874 155 154 155 154 48|4077.50 0
289 303 1 1 3 0 0 0 48886 155 154 155 154 48|4077.54 0
289 303 1 1 3 0 0 0 48889 155 154 155 154 48|4077.56 0
289 303 1 1 3 0 0 0 48893 155 154 155 154 48|4077.58 0
289 303 1 1 3 0 0 0 48897 155 154 155 154 48|4077.60 0
289 303 1 1 3 0 0 0 48902 155 154 155 154 48|4077.62 0
289 303 1 1 3 0 0 0 48904 155 154 155 154 48|4077.64 0
289 303 1 1 3 0 0 0 48909 155 154 155 154 48|4077.66 0
289 303 1 1 3 0 0 0 48912 155 154 155 154 48|4077.68 0
289 303 1 1 3 0 0 0 48916 155 154 155 154 48|4077.70 0
289 303 1 1 3 0 0 0 48917 155 154 155 154 48|4077.80 0
289 303 1 1 3 0 0 0 48918 155 154 155 154 48|4077.98 0
289 303 1 1 3 0 0 0 48919 155 154 155 154 48|4078.92 0
289 303 1 1 3 0 0 0 48922 155 154 155 154 48|4078.97 0
289 303 1 1 3 0 0 0 48932 155 154 155 154 48|4079.79 0
289 303 1 1 3 0 0 0 48945 155 154 155 154 48|4079.88 0
289 303 1 1 3 0 0 0 48952 155 154 155 154 48|4079.93 0
289 303 1 1 3 0 0 0 48955 155 154 155 154 48|4079.95 0
289 303 1 1 3 0 0 0 48962 155 154 155 154 48|4079.99 0
289 303 1 1 3 0 0 0 48967 155 154 155 154 48|4080.02 0
289 303 1 1 3 0 0 0 48970 155 154 155 154 48|4080.04 0
289 303 1 1 3 0 0 0 48973 155 154 155 154 48|4080.06 0
289 303 1 1 3 0 0 0 48975 155 154 155 154 48|4080.08 0
289 303 1 1 3 0 0 0 48982 155 154 155 154 48|4080.12 0
289 303 1 1 3 0 0 0 48985 155 154 155 154 48|4080.14 0
289 303 1 1 3 0 0 0 48987 155 154 155 154 48|4080.17 0
289 303 1 1 3 0 0 0 48992 155 154 155 154 48|4080.20 0
289 303 1 1 3 0 0 0 48993 155 154 155 154 48|4080.22 0
289 303 1 1 3 0 0 0 48995 155 154 155 154 48|4080.24 0
289 303 1 1 3 0 0 0 48998 155 154 155 154 48|4080.26 0
289 303 1 1 3 0 0 0 49001 155 154 155 154 48|4080.29 0
289 303 1 1 3 0 0 0 49003 155 154 155 154 48|4080.31 0
289 303 1 1 3 0 0 0 49006 155 154 155 154 48|4080.34 0
289 303 1 1 3 0 0 0 49010 155 154 155 154 48|4080.36 0
289 303 1 1 3 0 0 0 49015 155 154 155 154 48|4080.38 0
289 303 1 1 3 0 0 0 49018 155 154 155 154 48|4080.40 0
289 303 1 1 3 0 0 0 49020 155 154 155 154 48|4080.42 0
289 303 1 1 3 0 0 0 49023 155 154 155 154 48|4080.45 0
289 303 1 1 3 0 0 0 49024 155 154 155 154 48|4080.47 0
289 303 1 1 3 0 0 0 49032 155 154 155 154 48|4080.52 0
289 303 1 1 3 0 0 0 49036 155 154 155 154 48|4080.55 0
289 303 1 1 3 0 0 0 49040 155 154 155 154 48|4080.58 0
289 303 1 1 3 0 0 0 49043 155 154 155 154 48|4080.60 0
289 303 1 1 3 0 0 0 49047 155 154 155 154 48|4080.64 0
289 303 1 1 3 0 0 0 49053 155 154 155 154 48|4080.68 0
289 303 1 1 3 0 0 0 49056 155 154 155 154 48|4080.70 0
289 303 1 1 3 0 0 0 49058 155 154 155 154 48|4080.72 0
289 303 1 1 3 0 0 0 49061 155 154 155 154 48|4080.76 0
289 303 1 1 3 0 0 0 49067 155 154 155 154 48|4080.83 0
289 303 1 1 3 0 0 0 49070 155 154 155 154 48|4080.86 0
289 303 1 1 3 0 0 0 49072 155 154 155 154 48|4080.88 0
289 303 1 1 3 0 0 0 49074 155 154 155 154 48|4080.90 0
289 303 1 1 3 0 0 0 49075 155 154 155 154 48|4080.92 0
289 303 1 1 3 0 0 0 49078 155 154 155 154 48|4080.95 0
289 303 1 1 3 0 0 0 49081 155 154 155 154 48|4080.97 0
289 303 1 1 3 0 0 0 49086 155 154 155 154 48|4081.01 0
289 303 1 1 3 0 0 0 49094 155 154 155 154 48|4081.04 0
289 303 1 1 3 0 0 0 49097 155 154 155 154 48|4081.08 0
289 303 1 1 3 0 0 0 49102 155 154 155 154 48|4081.11 0
289 303 1 1 3 0 0 0 49103 155 154 155 154 48|4081.13 0
289 303 1 1 3 0 0 0 49107 155 154 155 154 48|4081.15 0
289 303 1 1 3 0 0 0 49108 155 154 155 154 48|4081.17 0
289 303 1 1 3 0 0 0 49115 155 154 155 154 48|4081.27 0
289 303 1 1 3 0 0 0 49120 155 154 155 154 48|4081.29 0
289 303 1 1 3 0 0 0 49122 155 154 155 154 48|4081.31 0
289 303 1 1 3 0 0 0 49126 155 154 155 154 48|4081.33 0
289 303 1 1 3 0 0 0 49128 155 154 155 154 48|4081.35 0
289 303 1 1 3 0 0 0 49130 155 154 155 154 48|4081.37 0
289 303 1 1 3 0 0 0 49133 155 154 155 154 48|4081.39 0
289 303 1 1 3 0 0 0 49142 155 154 155 154 48|4081.41 0
289 303 1 1 3 0 0 0 49144 155 154 155 154 48|4081.44 0
289 303 1 1 3 0 0 0 49146 155 154 155 154 48|4081.47 0
289 303 1 1 3 0 0 0 49148 155 154 155 154 48|4081.49 0
289 303 1 1 3 0 0 0 49149 155 154 155 154 48|4081.51 0
289 303 1 1 3 0 0 0 49151 155 154 155 154 48|4081.53 0
289 303 1 1 3 0 0 0 49154 155 154 155 154 48|4081.55 0
289 303 1 1 3 0 0 0 49166 155 154 155 154 48|4081.60 0
289 303 1 1 3 0 0 0 49171 155 154 155 154 48|4081.62 0
289 303 1 1 3 0 0 0 49173 155 154 155 154 48|4081.65 0
289 303 1 1 3 0 0 0 49176 155 154 155 154 48|4081.67 0
289 303 1 1 3 0 0 0 49177 155 154 155 154 48|4081.68 0
289 303 1 1 3 0 0 0 49181 155 154 155 154 48|4081.70 0
289 303 1 1 3 0 0 0 49185 155 154 155 154 48|4081.72 0
289 303 1 1 3 0 0 0 49188 155 154 155 154 48|4081.74 0
289 303 1 1 3 0 0 0 49192 155 154 155 154 48|4081.76 0
289 303 1 1 3 0 0 0 49193 155 154 155 154 48|4081.78 0
289 303 1 1 3 0 0 0 49195 155 154 155 154 48|4081.80 0
289 303 1 1 3 0 0 0 49196 155 154 155 154 48|4081.82 0
289 303 1 1 3 0 0 0 49201 155 154 155 154 48|4081.85 0
289 303 1 1 3 0 0 0 49203 155 154 155 154 48|4081.87 0
289 303 1 1 3 0 0 0 49205 155 154 155 154 48|4081.89 0
289 303 1 1 3 0 0 0 49208 155 154 155 154 48|4081.91 0
289 303 1 1 3 0 0 0 49209 155 154 155 154 48|4081.93 0
289 303 1 1 3 0 0 0 49210 155 154 155 154 48|4081.95 0
289 303 1 1 3 0 0 0 49212 155 154 155 154 48|4081.97 0
289 303 1 1 3 0 0 0 49215 155 154 155 154 48|4081.99 0
289 303 1 1 3 0 0 0 49218 155 154 155 154 48|4082.01 0
289 303 1 1 3 0 0 0 49219 155 154 155 154 48|4082.03 0
289 303 1 1 3 0 0 0 49222 155 154 155 154 48|4082.05 0
289 303 1 1 3 0 0 0 49225 155 154 155 154 48|4082.07 0
289 303 1 1 3 0 0 0 49228 155 154 155 154 48|4082.09 0
289 303 1 1 3 0 0 0 49231 155 154 155 154 48|4082.11 0
289 303 1 1 3 0 0 0 49233 155 154 155 154 48|4082.13 0
289 303 1 1 3 0 0 0 49235 155 154 155 154 48|4082.14 0
289 303 1 1 3 0 0 0 49236 155 154 155 154 48|4082.16 0
289 303 1 1 3 0 0 0 49241 155 154 155 154 48|4082.19 0
289 303 1 1 3 0 0 0 49244 155 154 155 154 48|4082.21 0
289 303 1 1 3 0 0 0 49245 155 154 155 154 48|4082.23 0
289 303 1 1 3 0 0 0 49247 155 154 155 154 48|4082.25 0
289 303 1 1 3 0 0 0 49251 155 154 155 154 48|4082.27 0
289 303 1 1 3 0 0 0 49255 155 154 155 154 48|4082.29 0
289 303 1 1 3 0 0 0 49258 155 154 155 154 48|4082.33 0
289 303 1 1 3 0 0 0 49264 155 154 155 154 48|4082.36 0
289 303 1 1 3 0 0 0 49268 155 154 155 154 48|4082.38 0
289 303 1 1 3 0 0 0 49270 155 154 155 154 48|4082.41 0
289 303 1 1 3 0 0 0 49276 155 154 155 154 48|4082.44 0
289 303 1 1 3 0 0 0 49277 155 154 155 154 48|4082.45 0
289 303 1 1 3 0 0 0 49280 155 154 155 154 48|4082.50 0
289 303 1 1 3 0 0 0 49287 155 154 155 154 48|4082.54 0
289 303 1 1 3 0 0 0 49291 155 154 155 154 48|4082.57 0
289 303 1 1 3 0 0 0 49292 155 154 155 154 48|4082.60 0
289 303 1 1 3 0 0 0 49299 155 154 155 154 48|4082.65 0
289 303 1 1 3 0 0 0 49303 155 154 155 154 48|4082.68 0
289 303 1 1 3 0 0 0 49304 155 154 155 154 48|4082.70 0
289 303 1 1 3 0 0 0 49308 155 154 155 154 48|4082.72 0
289 303 1 1 3 0 0 0 49309 155 154 155 154 48|4082.74 0
289 303 1 1 3 0 0 0 49313 155 154 155 154 48|4082.76 0
289 303 1 1 3 0 0 0 49316 155 154 155 154 48|4082.79 0
289 303 1 1 3 0 0 0 49319 155 154 155 154 48|4082.81 0
289 303 1 1 3 0 0 0 49323 155 154 155 154 48|4082.83 0
289 303 1 1 3 0 0 0 49326 155 154 155 154 48|4082.85 0
289 303 1 1 3 0 0 0 49328 155 154 155 154 48|4082.87 0
289 303 1 1 3 0 0 0 49331 155 154 155 154 48|4082.89 0
289 303 1 1 3 0 0 0 49337 155 154 155 154 48|4082.93 0
289 303 1 1 3 0 0 0 49339 155 154 155 154 48|4082.95 0
289 303 1 1 3 0 0 0 49340 155 154 155 154 48|4082.97 0
289 303 1 1 3 0 0 0 49344 155 154 155 154 48|4082.99 0
289 303 1 1 3 0 0 0 49347 155 154 155 154 48|4083.01 0
289 303 1 1 3 0 0 0 49354 155 154 155 154 48|4083.03 0
289 303 1 1 3 0 0 0 49355 155 154 155 154 48|4083.05 0
289 303 1 1 3 0 0 0 49360 155 154 155 154 48|4083.07 0
289 303 1 1 3 0 0 0 49361 155 154 155 154 48|4083.09 0
289 303 1 1 3 0 0 0 49364 155 154 155 154 48|4083.11 0
289 303 1 1 3 0 0 0 49367 155 154 155 154 48|4083.13 0
289 303 1 1 3 0 0 0 49372 155 154 155 154 48|4083.15 0
289 303 1 1 3 0 0 0 49375 155 154 155 154 48|4083.17 0
289 303 1 1 3 0 0 0 49380 155 154 155 154 48|4083.19 0
289 303 1 1 3 0 0 0 49382 155 154 155 154 48|4083.21 0
289 303 1 1 3 0 0 0 49385 155 154 155 154 48|4083.23 0
289 303 1 1 3 0 0 0 49387 155 154 155 154 48|4083.25 0
289 303 1 1 3 0 0 0 49390 155 154 155 154 48|4083.29 0
289 303 1 1 3 0 0 0 49395 155 154 155 154 48|4083.31 0
289 303 1 1 3 0 0 0 49397 155 154 155 154 48|4083.33 0
289 303 1 1 3 0 0 0 49398 155 154 155 154 48|4083.35 0
289 303 1 1 3 0 0 0 49403 155 154 155 154 48|4083.39 0
289 303 1 1 3 0 0 0 49406 155 154 155 154 48|4083.42 0
289 303 1 1 3 0 0 0 49408 155 154 155 154 48|4083.44 0
289 303 1 1 3 0 0 0 49410 155 154 155 154 48|4083.46 0
289 303 1 1 3 0 0 0 49411 155 154 155 154 48|4083.48 0
289 303 1 1 3 0 0 0 49413 155 154 155 154 48|4083.50 0
289 303 1 1 3 0 0 0 49414 155 154 155 154 48|4083.52 0
289 303 1 1 3 0 0 0 49415 155 154 155 154 48|4083.54 0
289 303 1 1 3 0 0 0 49417 155 154 155 154 48|4083.56 0
289 303 1 1 3 0 0 0 49419 155 154 155 154 48|4083.58 0
289 303 1 1 3 0 0 0 49421 155 154 155 154 48|4083.59 0
289 303 1 1 3 0 0 0 49423 155 154 155 154 48|4083.61 0
289 303 1 1 3 0 0 0 49426 155 154 155 154 48|4083.65 0
289 303 1 1 3 0 0 0 49432 155 154 155 154 48|4083.67 0
289 303 1 1 3 0 0 0 49434 155 154 155 154 48|4083.69 0
289 303 1 1 3 0 0 0 49436 155 154 155 154 48|4083.71 0
289 303 1 1 3 0 0 0 49439 155 154 155 154 48|4083.73 0
289 303 1 1 3 0 0 0 49443 155 154 155 154 48|4083.75 0
289 303 1 1 3 0 0 0 49447 155 154 155 154 48|4083.77 0
289 303 1 1 3 0 0 0 49456 155 154 155 154 48|4083.81 0
289 303 1 1 3 0 0 0 49458 155 154 155 154 48|4083.84 0
289 303 1 1 3 0 0 0 49463 155 154 155 154 48|4083.86 0
289 303 1 1 3 0 0 0 49467 155 154 155 154 48|4083.89 0
289 303 1 1 3 0 0 0 49470 155 154 155 154 48|4083.91 0
289 303 1 1 3 0 0 0 49471 155 154 155 154 48|4083.94 0
289 303 1 1 3 0 0 0 49475 155 154 155 154 48|4083.96 0
289 303 1 1 3 0 0 0 49479 155 154 155 154 48|4083.98 0
289 303 1 1 3 0 0 0 49480 155 154 155 154 48|4084.00 0
289 303 1 1 3 0 0 0 49482 155 154 155 154 48|4084.02 0
289 303 1 1 3 0 0 0 49483 155 154 155 154 48|4084.04 0
289 303 1 1 3 0 0 0 49486 155 154 155 154 48|4084.06 0
289 303 1 1 3 0 0 0 49488 155 154 155 154 48|4084.08 0
289 303 1 1 3 0 0 0 49489 155 154 155 154 48|4084.10 0
289 303 1 1 3 0 0 0 49495 155 154 155 154 48|4084.14 0
289 303 1 1 3 0 0 0 49499 155 154 155 154 48|4084.17 0
289 303 1 1 3 0 0 0 49500 155 154 155 154 48|4084.18 0
289 303 1 1 3 0 0 0 49505 155 154 155 154 48|4084.22 0
289 303 1 1 3 0 0 0 49507 155 154 155 154 48|4084.25 0
289 303 1 1 3 0 0 0 49508 155 154 155 154 48|4084.27 0
289 303 1 1 3 0 0 0 49513 155 154 155 154 48|4084.29 0
289 303 1 1 3 0 0 0 49518 155 154 155 154 48|4084.31 0
289 303 1 1 3 0 0 0 49521 155 154 155 154 48|4084.33 0
289 303 1 1 3 0 0 0 49523 155 154 155 154 48|4084.40 0
289 303 1 1 3 0 0 0 49537 155 154 155 154 48|4084.43 0
289 303 1 1 3 0 0 0 49539 155 154 155 154 48|4084.45 0
289 303 1 1 3 0 0 0 49542 155 154 155 154 48|4084.47 0
289 303 1 1 3 0 0 0 49545 155 154 155 154 48|4084.49 0
289 303 1 1 3 0 0 0 49547 155 154 155 154 48|4084.52 0
289 303 1 1 3 0 0 0 49551 155 154 155 154 48|4084.54 0
289 303 1 1 3 0 0 0 49552 155 154 155 154 48|4084.56 0
289 303 1 1 3 0 0 0 49554 155 154 155 154 48|4084.58 0
289 303 1 1 3 0 0 0 49558 155 154 155 154 48|4084.60 0
289 303 1 1 3 0 0 0 49562 155 154 155 154 48|4084.63 0
289 303 1 1 3 0 0 0 49565 155 154 155 154 48|4084.66 0
289 303 1 1 3 0 0 0 49568 155 154 155 154 48|4084.68 0
289 303 1 1 3 0 0 0 49570 155 154 155 154 48|4084.70 0
289 303 1 1 3 0 0 0 49574 155 154 155 154 48|4084.73 0
289 303 1 1 3 0 0 0 49579 155 154 155 154 48|4084.76 0
289 303 1 1 3 0 0 0 49586 155 154 155 154 48|4084.80 0
289 303 1 1 3 0 0 0 49591 155 154 155 154 48|4084.84 0
289 303 1 1 3 0 0 0 49597 155 154 155 154 48|4084.88 0
289 303 1 1 3 0 0 0 49603 155 154 155 154 48|4084.91 0
289 303 1 1 3 0 0 0 49609 155 154 155 154 48|4084.94 0
289 303 1 1 3 0 0 0 49614 155 154 155 154 48|4084.96 0
289 303 1 1 3 0 0 0 49616 155 154 155 154 48|4084.98 0
289 303 1 1 3 0 0 0 49618 155 154 155 154 48|4085.00 0
289 303 1 1 3 0 0 0 49622 155 154 155 154 48|4085.02 0
289 303 1 1 3 0 0 0 49625 155 154 155 154 48|4085.05 0
289 303 1 1 3 0 0 0 49629 155 154 155 154 48|4085.07 0
289 303 1 1 3 0 0 0 49630 155 154 155 154 48|4085.09 0
289 303 1 1 3 0 0 0 49633 155 154 155 154 48|4085.11 0
289 303 1 1 3 0 0 0 49638 155 154 155 154 48|4085.13 0
289 303 1 1 3 0 0 0 49640 155 154 155 154 48|4085.15 0
289 303 1 1 3 0 0 0 49645 155 154 155 154 48|4085.17 0
289 303 1 1 3 0 0 0 49648 155 154 155 154 48|4085.19 0
289 303 1 1 3 0 0 0 49651 155 154 155 154 48|4085.20 0
289 303 1 1 3 0 0 0 49652 155 154 155 154 48|4085.22 0
289 303 1 1 3 0 0 0 49654 155 154 155 154 48|4085.24 0
289 303 1 1 3 0 0 0 49660 155 154 155 154 48|4085.28 0
289 303 1 1 3 0 0 0 49669 155 154 155 154 48|4085.32 0
289 303 1 1 3 0 0 0 49676 155 154 155 154 48|4085.35 0
289 303 1 1 3 0 0 0 49683 155 154 155 154 48|4085.39 0
289 303 1 1 3 0 0 0 49688 155 154 155 154 48|4085.41 0
289 303 1 1 3 0 0 0 49690 155 154 155 154 48|4085.43 0
289 303 1 1 3 0 0 0 49694 155 154 155 154 48|4085.45 0
289 303 1 1 3 0 0 0 49699 155 154 155 154 48|4085.49 0
289 303 1 1 3 0 0 0 49700 155 154 155 154 48|4085.52 0
289 303 1 1 3 0 0 0 49707 155 154 155 154 48|4085.56 0
289 303 1 1 3 0 0 0 49714 155 154 155 154 48|4085.58 0
289 303 1 1 3 0 0 0 49718 155 154 155 154 48|4085.60 0
289 303 1 1 3 0 0 0 49724 155 154 155 154 48|4085.63 0
289 303 1 1 3 0 0 0 49730 155 154 155 154 48|4085.65 0
289 303 1 1 3 0 0 0 49735 155 154 155 154 48|4085.67 0
289 303 1 1 3 0 0 0 49740 155 154 155 154 48|4085.69 0
289 303 1 1 3 0 0 0 49743 155 154 155 154 48|4085.71 0
289 303 1 1 3 0 0 0 49746 155 154 155 154 48|4085.73 0
289 303 1 1 3 0 0 0 49748 155 154 155 154 48|4085.75 0
289 303 1 1 3 0 0 0 49754 155 154 155 154 48|4085.78 0
289 303 1 1 3 0 0 0 49764 155 154 155 154 48|4085.81 0
289 303 1 1 3 0 0 0 49768 155 154 155 154 48|4085.83 0
289 303 1 1 3 0 0 0 49772 155 154 155 154 48|4085.85 0
289 303 1 1 3 0 0 0 49781 155 154 155 154 48|4085.88 0
289 303 1 1 3 0 0 0 49786 155 154 155 154 48|4085.91 0
289 303 1 1 3 0 0 0 49795 155 154 155 154 48|4085.95 0
289 303 1 1 3 0 0 0 49798 155 154 155 154 48|4085.98 0
289 303 1 1 3 0 0 0 49805 155 154 155 154 48|4086.00 0
289 303 1 1 3 0 0 0 49806 155 154 155 154 48|4086.02 0
289 303 1 1 3 0 0 0 49809 155 154 155 154 48|4086.04 0
289 303 1 1 3 0 0 0 49812 155 154 155 154 48|4086.06 0
289 303 1 1 3 0 0 0 49820 155 154 155 154 48|4086.09 0
289 303 1 1 3 0 0 0 49825 155 154 155 154 48|4086.12 0
289 303 1 1 3 0 0 0 49832 155 154 155 154 48|4086.16 0
289 303 1 1 3 0 0 0 49837 155 154 155 154 48|4086.19 0
289 303 1 1 3 0 0 0 49838 155 154 155 154 48|4086.21 0
289 303 1 1 3 0 0 0 49847 155 154 155 154 48|4086.23 0
289 303 1 1 3 0 0 0 49849 155 154 155 154 48|4086.25 0
289 303 1 1 3 0 0 0 49852 155 154 155 154 48|4086.27 0
289 303 1 1 3 0 0 0 49855 155 154 155 154 48|4086.29 0
289 303 1 1 3 0 0 0 49858 155 154 155 154 48|4086.31 0
289 303 1 1 3 0 0 0 49861 155 154 155 154 48|4086.33 0
289 303 1 1 3 0 0 0 49863 155 154 155 154 48|4086.35 0
289 303 1 1 3 0 0 0 49869 155 154 155 154 48|4086.37 0
289 303 1 1 3 0 0 0 49872 155 154 155 154 48|4086.38 0
289 303 1 1 3 0 0 0 49875 155 154 155 154 48|4086.41 0
289 303 1 1 3 0 0 0 49877 155 154 155 154 48|4086.44 0
289 303 1 1 3 0 0 0 49883 155 154 155 154 48|4086.46 0
289 303 1 1 3 0 0 0 49895 155 154 155 154 48|4086.51 0
289 303 1 1 3 0 0 0 49898 155 154 155 154 48|4086.54 0
289 303 1 1 3 0 0 0 49901 155 154 155 154 48|4086.56 0
289 303 1 1 3 0 0 0 49908 155 154 155 154 48|4086.58 0
289 303 1 1 3 0 0 0 49910 155 154 155 154 48|4086.60 0
289 303 1 1 3 0 0 0 49913 155 154 155 154 48|4086.62 0
289 303 1 1 3 0 0 0 49918 155 154 155 154 48|4086.63 0
289 303 1 1 3 0 0 0 49924 155 154 155 154 48|4086.66 0
289 303 1 1 3 0 0 0 49929 155 154 155 154 48|4086.68 0
289 303 1 1 3 0 0 0 49933 155 154 155 154 48|4086.70 0
289 303 1 1 3 0 0 0 49938 155 154 155 154 48|4086.72 0
289 303 1 1 3 0 0 0 49941 155 154 155 154 48|4086.74 0
289 303 1 1 3 0 0 0 49944 155 154 155 154 48|4086.76 0
289 303 1 1 3 0 0 0 49951 155 154 155 154 48|4086.79 0
289 303 1 1 3 0 0 0 49954 155 154 155 154 48|4086.82 0
289 303 1 1 3 0 0 0 49960 155 154 155 154 48|4086.85 0
289 303 1 1 3 0 0 0 49965 155 154 155 154 48|4086.88 0
289 303 1 1 3 0 0 0 49973 155 154 155 154 48|4086.90 0
289 303 1 1 3 0 0 0 49974 155 154 155 154 48|4086.93 0
289 303 1 1 3 0 0 0 49977 155 154 155 154 48|4086.95 0
289 303 1 1 3 0 0 0 49988 155 154 155 154 48|4086.99 0
289 303 1 1 3 0 0 0 49990 155 154 155 154 48|4087.02 0
289 303 1 1 3 0 0 0 49992 155 154 155 154 48|4087.04 0
289 303 1 1 3 0 0 0 49996 155 154 155 154 48|4087.06 0
289 303 1 1 3 0 0 0 49997 155 154 155 154 48|4087.08 0
289 303 1 1 3 0 0 0 50003 155 154 155 154 48|4087.10 0
289 303 1 1 3 0 0 0 50005 155 154 155 154 48|4087.12 0
289 303 1 1 3 0 0 0 50009 155 154 155 154 48|4087.14 0
289 303 1 1 3 0 0 0 50012 155 154 155 154 48|4087.17 0
289 303 1 1 3 0 0 0 50014 155 154 155 154 48|4087.19 0
289 303 1 1 3 0 0 0 50018 155 154 155 154 48|4087.21 0
289 303 1 1 3 0 0 0 50022 155 154 155 154 48|4087.24 0
289 303 1 1 3 0 0 0 50024 155 154 155 154 48|4087.26 0
289 303 1 1 3 0 0 0 50026 155 154 155 154 48|4087.29 0
289 303 1 1 3 0 0 0 50027 155 154 155 154 48|4087.31 0
289 303 1 1 3 0 0 0 50030 155 154 155 154 48|4087.33 0
289 303 1 1 3 0 0 0 50032 155 154 155 154 48|4087.35 0
289 303 1 1 3 0 0 0 50038 155 154 155 154 48|4087.38 0
289 303 1 1 3 0 0 0 50043 155 154 155 154 48|4087.41 0
289 303 1 1 3 0 0 0 50047 155 154 155 154 48|4087.43 0
289 303 1 1 3 0 0 0 50051 155 154 155 154 48|4087.45 0
289 303 1 1 3 0 0 0 50053 155 154 155 154 48|4087.47 0
289 303 1 1 3 0 0 0 50059 155 154 155 154 48|4087.49 0
289 303 1 1 3 0 0 0 50060 155 154 155 154 48|4087.50 0
289 303 1 1 3 0 0 0 50064 155 154 155 154 48|4087.53 0
289 303 1 1 3 0 0 0 50065 155 154 155 154 48|4087.55 0
289 303 1 1 3 0 0 0 50068 155 154 155 154 48|4087.58 0
289 303 1 1 3 0 0 0 50072 155 154 155 154 48|4087.61 0
289 303 1 1 3 0 0 0 50076 155 154 155 154 48|4087.66 0
289 303 1 1 3 0 0 0 50079 155 154 155 154 48|4087.69 0
289 303 1 1 3 0 0 0 50082 155 154 155 154 48|4087.71 0
289 303 1 1 3 0 0 0 50085 155 154 155 154 48|4087.73 0
289 303 1 1 3 0 0 0 50090 155 154 155 154 48|4087.75 0
289 303 1 1 3 0 0 0 50091 155 154 155 154 48|4087.77 0
289 303 1 1 3 0 0 0 50095 155 154 155 154 48|4087.79 0
289 303 1 1 3 0 0 0 50097 155 154 155 154 48|4087.81 0
289 303 1 1 3 0 0 0 50102 155 154 155 154 48|4087.83 0
289 303 1 1 3 0 0 0 50103 155 154 155 154 48|4087.85 0
289 303 1 1 3 0 0 0 50108 155 154 155 154 48|4087.88 0
289 303 1 1 3 0 0 0 50112 155 154 155 154 48|4087.91 0
289 303 1 1 3 0 0 0 50115 155 154 155 154 48|4087.93 0
289 303 1 1 3 0 0 0 50122 155 154 155 154 48|4087.97 0
289 303 1 1 3 0 0 0 50123 155 154 155 154 48|4087.99 0
289 303 1 1 3 0 0 0 50130 155 154 155 154 48|4088.01 0
289 303 1 1 3 0 0 0 50134 155 154 155 154 48|4088.03 0
289 303 1 1 3 0 0 0 50137 155 154 155 154 48|4088.05 0
289 303 1 1 3 0 0 0 50141 155 154 155 154 48|4088.08 0
289 303 1 1 3 0 0 0 50144 155 154 155 154 48|4088.10 0
289 303 1 1 3 0 0 0 50149 155 154 155 154 48|4088.12 0
289 303 1 1 3 0 0 0 50151 155 154 155 154 48|4088.15 0
289 303 1 1 3 0 0 0 50154 155 154 155 154 48|4088.18 0
289 303 1 1 3 0 0 0 50159 155 154 155 154 48|4088.20 0
289 303 1 1 3 0 0 0 50162 155 154 155 154 48|4088.22 0
289 303 1 1 3 0 0 0 50169 155 154 155 154 48|4088.26 0
289 303 1 1 3 0 0 0 50174 155 154 155 154 48|4088.29 0
289 303 1 1 3 0 0 0 50179 155 154 155 154 48|4088.31 0
289 303 1 1 3 0 0 0 50181 155 154 155 154 48|4088.32 0
289 303 1 1 3 0 0 0 50183 155 154 155 154 48|4088.34 0
289 303 1 1 3 0 0 0 50186 155 154 155 154 48|4088.36 0
289 303 1 1 3 0 0 0 50188 155 154 155 154 48|4088.38 0
289 303 1 1 3 0 0 0 50195 155 154 155 154 48|4088.42 0
289 303 1 1 3 0 0 0 50198 155 154 155 154 48|4088.45 0
289 303 1 1 3 0 0 0 50199 155 154 155 154 48|4088.47 0
289 303 1 1 3 0 0 0 50202 155 154 155 154 48|4088.49 0
289 303 1 1 3 0 0 0 50209 155 154 155 154 48|4088.52 0
289 303 1 1 3 0 0 0 50211 155 154 155 154 48|4088.55 0
289 303 1 1 3 0 0 0 50215 155 154 155 154 48|4088.58 0
289 303 1 1 3 0 0 0 50218 155 154 155 154 48|4088.60 0
289 303 1 1 3 0 0 0 50219 155 154 155 154 48|4088.62 0
289 303 1 1 3 0 0 0 50220 155 154 155 154 48|4088.64 0
289 303 1 1 3 0 0 0 50226 155 154 155 154 48|4088.66 0
289 303 1 1 3 0 0 0 50228 155 154 155 154 48|4088.68 0
289 303 1 1 3 0 0 0 50231 155 154 155 154 48|4088.71 0
289 303 1 1 3 0 0 0 50234 155 154 155 154 48|4088.73 0
289 303 1 1 3 0 0 0 50239 155 154 155 154 48|4088.75 0
289 303 1 1 3 0 0 0 50240 155 154 155 154 48|4088.77 0
289 303 1 1 3 0 0 0 50245 155 154 155 154 48|4088.80 0
289 303 1 1 3 0 0 0 50246 155 154 155 154 48|4088.82 0
289 303 1 1 3 0 0 0 50252 155 154 155 154 48|4088.84 0
289 303 1 1 3 0 0 0 50255 155 154 155 154 48|4088.86 0
289 303 1 1 3 0 0 0 50260 155 154 155 154 48|4088.88 0
289 303 1 1 3 0 0 0 50262 155 154 155 154 48|4088.90 0
289 303 1 1 3 0 0 0 50265 155 154 155 154 48|4088.92 0
289 303 1 1 3 0 0 0 50270 155 154 155 154 48|4088.94 0
289 303 1 1 3 0 0 0 50272 155 154 155 154 48|4088.96 0
289 303 1 1 3 0 0 0 50273 155 154 155 154 48|4088.97 0
289 303 1 1 3 0 0 0 50276 155 154 155 154 48|4088.99 0
289 303 1 1 3 0 0 0 50280 155 154 155 154 48|4089.02 0
289 303 1 1 3 0 0 0 50281 155 154 155 154 48|4089.04 0
289 303 1 1 3 0 0 0 50284 155 154 155 154 48|4089.06 0
289 303 1 1 3 0 0 0 50287 155 154 155 154 48|4089.08 0
289 303 1 1 3 0 0 0 50289 155 154 155 154 48|4089.10 0
289 303 1 1 3 0 0 0 50312 155 154 155 154 48|4089.20 0
289 303 1 1 3 0 0 0 50318 155 154 155 154 48|4089.23 0
289 303 1 1 3 0 0 0 50321 155 154 155 154 48|4089.25 0
289 303 1 1 3 0 0 0 50324 155 154 155 154 48|4089.28 0
289 303 1 1 3 0 0 0 50329 155 154 155 154 48|4089.31 0
289 303 1 1 3 0 0 0 50336 155 154 155 154 48|4089.34 0
289 303 1 1 3 0 0 0 50340 155 154 155 154 48|4089.37 0
289 303 1 1 3 0 0 0 50353 155 154 155 154 48|4089.45 0
289 303 1 1 3 0 0 0 50359 155 154 155 154 48|4089.49 0
289 303 1 1 3 0 0 0 50368 155 154 155 154 48|4089.53 0
289 303 1 1 3 0 0 0 50371 155 154 155 154 48|4089.56 0
289 303 1 1 3 0 0 0 50373 155 154 155 154 48|4089.58 0
289 303 1 1 3 0 0 0 50376 155 154 155 154 48|4089.60 0
289 303 1 1 3 0 0 0 50381 155 154 155 154 48|4089.62 0
289 303 1 1 3 0 0 0 50384 155 154 155 154 48|4089.64 0
289 303 1 1 3 0 0 0 50396 155 154 155 154 48|4089.72 0
289 303 1 1 3 0 0 0 50401 155 154 155 154 48|4089.75 0
289 303 1 1 3 0 0 0 50405 155 154 155 154 48|4089.77 0
289 303 1 1 3 0 0 0 50406 155 154 155 154 48|4089.78 0
289 303 1 1 3 0 0 0 50409 155 154 155 154 48|4089.80 0
289 303 1 1 3 0 0 0 50411 155 154 155 154 48|4089.82 0
289 303 1 1 3 0 0 0 50415 155 154 155 154 48|4089.85 0
289 303 1 1 3 0 0 0 50417 155 154 155 154 48|4089.87 0
289 303 1 1 3 0 0 0 50420 155 154 155 154 48|4089.89 0
289 303 1 1 3 0 0 0 50422 155 154 155 154 48|4089.91 0
289 303 1 1 3 0 0 0 50425 155 154 155 154 48|4089.94 0
289 303 1 1 3 0 0 0 50427 155 154 155 154 48|4089.96 0
289 303 1 1 3 0 0 0 50432 155 154 155 154 48|4089.98 0
289 303 1 1 3 0 0 0 50435 155 154 155 154 48|4090.00 0
289 303 1 1 3 0 0 0 50436 155 154 155 154 48|4090.02 0
289 303 1 1 3 0 0 0 50438 155 154 155 154 48|4090.04 0
289 303 1 1 3 0 0 0 50442 155 154 155 154 48|4090.06 0
289 303 1 1 3 0 0 0 50444 155 154 155 154 48|4090.08 0
289 303 1 1 3 0 0 0 50446 155 154 155 154 48|4090.10 0
289 303 1 1 3 0 0 0 50447 155 154 155 154 48|4090.13 0
289 303 1 1 3 0 0 0 50451 155 154 155 154 48|4090.15 0
289 303 1 1 3 0 0 0 50457 155 154 155 154 48|4090.18 0
289 303 1 1 3 0 0 0 50463 155 154 155 154 48|4090.20 0
289 303 1 1 3 0 0 0 50465 155 154 155 154 48|4090.22 0
289 303 1 1 3 0 0 0 50470 155 154 155 154 48|4090.24 0
289 303 1 1 3 0 0 0 50472 155 154 155 154 48|4090.26 0
289 303 1 1 3 0 0 0 50474 155 154 155 154 48|4090.28 0
289 303 1 1 3 0 0 0 50480 155 154 155 154 48|4090.30 0
289 303 1 1 3 0 0 0 50485 155 154 155 154 48|4090.32 0
289 303 1 1 3 0 0 0 50487 155 154 155 154 48|4090.34 0
289 303 1 1 3 0 0 0 50489 155 154 155 154 48|4090.36 0
289 303 1 1 3 0 0 0 50495 155 154 155 154 48|4090.38 0
289 303 1 1 3 0 0 0 50500 155 154 155 154 48|4090.40 0
289 303 1 1 3 0 0 0 50506 155 154 155 154 48|4090.44 0
289 303 1 1 3 0 0 0 50509 155 154 155 154 48|4090.47 0
289 303 1 1 3 0 0 0 50520 155 154 155 154 48|4090.51 0
289 303 1 1 3 0 0 0 50522 155 154 155 154 48|4090.54 0
289 303 1 1 3 0 0 0 50528 155 154 155 154 48|4090.56 0
289 303 1 1 3 0 0 0 50529 155 154 155 154 48|4090.58 0
289 303 1 1 3 0 0 0 50530 155 154 155 154 48|4090.71 0
289 303 1 1 3 0 0 0 50531 155 154 155 154 48|4090.73 0
289 303 1 1 3 0 0 0 50540 155 154 155 154 48|4091.18 0
289 303 1 1 3 0 0 0 50551 155 154 155 154 48|4091.25 0
289 303 1 1 3 0 0 0 50553 155 154 155 154 48|4091.27 0
289 303 1 1 3 0 0 0 50562 155 154 155 154 48|4091.35 0
289 303 1 1 3 0 0 0 50569 155 154 155 154 48|4091.37 0
289 303 1 1 3 0 0 0 50570 155 154 155 154 48|4091.39 0
289 303 1 1 3 0 0 0 50574 155 154 155 154 48|4091.44 0
289 303 1 1 3 0 0 0 50590 155 154 155 154 48|4091.48 0
289 303 1 1 3 0 0 0 50601 155 154 155 154 48|4091.51 0
289 303 1 1 3 0 0 0 50616 155 154 155 154 48|4091.55 0
289 303 1 1 3 0 0 0 50625 155 154 155 154 48|4091.58 0
289 303 1 1 3 0 0 0 50626 155 154 155 154 48|4091.67 0
289 303 1 1 3 0 0 0 50627 155 154 155 154 48|4092.58 0
289 303 1 1 3 0 0 0 50629 155 154 155 154 48|4092.98 0
289 303 1 1 3 0 0 0 50630 155 154 155 154 48|4093.01 0
289 303 1 1 3 0 0 0 50631 155 154 155 154 48|4093.68 0
289 303 1 1 3 0 0 0 50632 155 154 155 154 48|4093.83 0
289 303 1 1 3 0 0 0 50635 155 154 155 154 48|4093.95 0
289 303 1 1 3 0 0 0 50637 155 154 155 154 48|4093.97 0
289 303 1 1 3 0 0 0 50640 155 154 155 154 48|4093.99 0
289 303 1 1 3 0 0 0 50642 155 154 155 154 48|4094.01 0
289 303 1 1 3 0 0 0 50644 155 154 155 154 48|4094.03 0
289 303 1 1 3 0 0 0 50647 155 154 155 154 48|4094.05 0
289 303 1 1 3 0 0 0 50651 155 154 155 154 48|4094.08 0
289 303 1 1 3 0 0 0 50659 155 154 155 154 48|4094.10 0
289 303 1 1 3 0 0 0 50664 155 154 155 154 48|4094.13 0
289 303 1 1 3 0 0 0 50671 155 154 155 154 48|4094.15 0
289 303 1 1 3 0 0 0 50674 155 154 155 154 48|4094.17 0
289 303 1 1 3 0 0 0 50677 155 154 155 154 48|4094.19 0
289 303 1 1 3 0 0 0 50681 155 154 155 154 48|4094.21 0
289 303 1 1 3 0 0 0 50686 155 154 155 154 48|4094.23 0
289 303 1 1 3 0 0 0 50688 155 154 155 154 48|4094.25 0
289 303 1 1 3 0 0 0 50689 155 154 155 154 48|4094.27 0
289 303 1 1 3 0 0 0 50692 155 154 155 154 48|4094.29 0
289 303 1 1 3 0 0 0 50694 155 154 155 154 48|4094.31 0
289 303 1 1 3 0 0 0 50704 155 154 155 154 48|4094.35 0
289 303 1 1 3 0 0 0 50712 155 154 155 154 48|4094.40 0
289 303 1 1 3 0 0 0 50717 155 154 155 154 48|4094.43 0
289 303 1 1 3 0 0 0 50720 155 154 155 154 48|4094.45 0
289 303 1 1 3 0 0 0 50722 155 154 155 154 48|4094.47 0
289 303 1 1 3 0 0 0 50724 155 154 155 154 48|4094.49 0
289 303 1 1 3 0 0 0 50729 155 154 155 154 48|4094.51 0
289 303 1 1 3 0 0 0 50730 155 154 155 154 48|4094.53 0
289 303 1 1 3 0 0 0 50737 155 154 155 154 48|4094.55 0
289 303 1 1 3 0 0 0 50738 155 154 155 154 48|4094.57 0
289 303 1 1 3 0 0 0 50740 155 154 155 154 48|4094.59 0
289 303 1 1 3 0 0 0 50741 155 154 155 154 48|4094.61 0
289 303 1 1 3 0 0 0 50743 155 154 155 154 48|4094.63 0
289 303 1 1 3 0 0 0 50744 155 154 155 154 48|4094.65 0
289 303 1 1 3 0 0 0 50746 155 154 155 154 48|4094.67 0
289 303 1 1 3 0 0 0 50751 155 154 155 154 48|4094.70 0
289 303 1 1 3 0 0 0 50754 155 154 155 154 48|4094.72 0
289 303 1 1 3 0 0 0 50757 155 154 155 154 48|4094.75 0
289 303 1 1 3 0 0 0 50761 155 154 155 154 48|4094.77 0
289 303 1 1 3 0 0 0 50763 155 154 155 154 48|4094.79 0
289 303 1 1 3 0 0 0 50767 155 154 155 154 48|4094.81 0
289 303 1 1 3 0 0 0 50770 155 154 155 154 48|4094.83 0
289 303 1 1 3 0 0 0 50772 155 154 155 154 48|4094.85 0
289 303 1 1 3 0 0 0 50774 155 154 155 154 48|4094.87 0
289 303 1 1 3 0 0 0 50776 155 154 155 154 48|4094.89 0
289 303 1 1 3 0 0 0 50783 155 154 155 154 48|4094.93 0
289 303 1 1 3 0 0 0 50786 155 154 155 154 48|4094.96 0
289 303 1 1 3 0 0 0 50787 155 154 155 154 48|4094.98 0
289 303 1 1 3 0 0 0 50792 155 154 155 154 48|4095.00 0
289 303 1 1 3 0 0 0 50794 155 154 155 154 48|4095.02 0
289 303 1 1 3 0 0 0 50799 155 154 155 154 48|4095.04 0
289 303 1 1 3 0 0 0 50806 155 154 155 154 48|4095.08 0
289 303 1 1 3 0 0 0 50812 155 154 155 154 48|4095.11 0
289 303 1 1 3 0 0 0 50821 155 154 155 154 48|4095.14 0
289 303 1 1 3 0 0 0 50826 155 154 155 154 48|4095.15 0
289 303 1 1 3 0 0 0 50829 155 154 155 154 48|4095.17 0
289 303 1 1 3 0 0 0 50835 155 154 155 154 48|4095.19 0
289 303 1 1 3 0 0 0 50838 155 154 155 154 48|4095.21 0
289 303 1 1 3 0 0 0 50842 155 154 155 154 48|4095.23 0
289 303 1 1 3 0 0 0 50845 155 154 155 154 48|4095.25 0
289 303 1 1 3 0 0 0 50847 155 154 155 154 48|4095.26 0
289 303 1 1 3 0 0 0 50853 155 154 155 154 48|4095.28 0
289 303 1 1 3 0 0 0 50858 155 154 155 154 48|4095.30 0
289 303 1 1 3 0 0 0 50860 155 154 155 154 48|4095.32 0
289 303 1 1 3 0 0 0 50868 155 154 155 154 48|4095.34 0
289 303 1 1 3 0 0 0 50872 155 154 155 154 48|4095.36 0
289 303 1 1 3 0 0 0 50874 155 154 155 154 48|4095.38 0
289 303 1 1 3 0 0 0 50876 155 154 155 154 48|4095.55 0
289 303 1 1 3 0 0 0 50877 155 154 155 154 48|4095.84 0
289 303 1 1 3 0 0 0 50879 155 154 155 154 48|4095.86 0
289 303 1 1 3 0 0 0 50889 155 154 155 154 48|4095.90 0
289 303 1 1 3 0 0 0 50899 155 154 155 154 48|4096.01 0
289 303 1 1 3 0 0 0 50901 155 154 155 154 48|4096.06 0
289 303 1 1 3 0 0 0 50909 155 154 155 154 48|4096.09 0
289 303 1 1 3 0 0 0 50914 155 154 155 154 48|4096.12 0
289 303 1 1 3 0 0 0 50916 155 154 155 154 48|4096.14 0
289 303 1 1 3 0 0 0 50920 155 154 155 154 48|4096.16 0
289 303 1 1 3 0 0 0 50928 155 154 155 154 48|4096.18 0
289 303 1 1 3 0 0 0 50932 155 154 155 154 48|4096.20 0
289 303 1 1 3 0 0 0 50945 155 154 155 154 48|4096.24 0
289 303 1 1 3 0 0 0 50960 155 154 155 154 48|4096.28 0
289 303 1 1 3 0 0 0 50964 155 154 155 154 48|4096.30 0
289 303 1 1 3 0 0 0 50965 155 154 155 154 48|4096.96 0
289 303 1 1 3 0 0 0 50966 155 154 155 154 48|4097.19 0
289 303 1 1 3 0 0 0 50967 155 154 155 154 48|4097.23 0
289 303 1 1 3 0 0 0 50969 155 154 155 154 48|4097.80 0
289 303 1 1 3 0 0 0 50970 155 154 155 154 48|4097.82 0
289 303 1 1 3 0 0 0 50971 155 154 155 154 48|4098.02 0
289 303 1 1 3 0 0 0 50972 155 154 155 154 48|4098.23 0
289 303 1 1 3 0 0 0 50973 155 154 155 154 48|4098.29 0
289 303 1 1 3 0 0 0 50974 155 154 155 154 48|4098.31 0
289 303 1 1 3 0 0 0 50977 155 154 155 154 48|4098.33 0
289 303 1 1 3 0 0 0 50979 155 154 155 154 48|4098.35 0
289 303 1 1 3 0 0 0 50982 155 154 155 154 48|4098.37 0
289 303 1 1 3 0 0 0 50986 155 154 155 154 48|4098.39 0
289 303 1 1 3 0 0 0 50991 155 154 155 154 48|4098.42 0
289 303 1 1 3 0 0 0 50996 155 154 155 154 48|4098.45 0
289 303 1 1 3 0 0 0 51002 155 154 155 154 48|4098.49 0
289 303 1 1 3 0 0 0 51006 155 154 155 154 48|4098.51 0
289 303 1 1 3 0 0 0 51021 155 154 155 154 48|4098.61 0
289 303 1 1 3 0 0 0 51025 155 154 155 154 48|4098.64 0
289 303 1 1 3 0 0 0 51029 155 154 155 154 48|4098.66 0
289 303 1 1 3 0 0 0 51035 155 154 155 154 48|4098.68 0
289 303 1 1 3 0 0 0 51037 155 154 155 154 48|4098.70 0
289 303 1 1 3 0 0 0 51039 155 154 155 154 48|4098.72 0
289 303 1 1 3 0 0 0 51044 155 154 155 154 48|4098.74 0
289 303 1 1 3 0 0 0 51047 155 154 155 154 48|4098.76 0
289 303 1 1 3 0 0 0 51054 155 154 155 154 48|4098.79 0
289 303 1 1 3 0 0 0 51056 155 154 155 154 48|4098.81 0
289 303 1 1 3 0 0 0 51057 155 154 155 154 48|4098.83 0
289 303 1 1 3 0 0 0 51061 155 154 155 154 48|4098.85 0
289 303 1 1 3 0 0 0 51065 155 154 155 154 48|4098.91 0
289 303 1 1 3 0 0 0 51067 155 154 155 154 48|4098.94 0
289 303 1 1 3 0 0 0 51072 155 154 155 154 48|4098.98 0
289 303 1 1 3 0 0 0 51075 155 154 155 154 48|4099.00 0
289 303 1 1 3 0 0 0 51079 155 154 155 154 48|4099.02 0
289 303 1 1 3 0 0 0 51081 155 154 155 154 48|4099.04 0
289 303 1 1 3 0 0 0 51084 155 154 155 154 48|4099.06 0
289 303 1 1 3 0 0 0 51089 155 154 155 154 48|4099.08 0
289 303 1 1 3 0 0 0 51095 155 154 155 154 48|4099.10 0
289 303 1 1 3 0 0 0 51100 155 154 155 154 48|4099.12 0
289 303 1 1 3 0 0 0 51105 155 154 155 154 48|4099.15 0
289 303 1 1 3 0 0 0 51108 155 154 155 154 48|4099.17 0
289 303 1 1 3 0 0 0 51115 155 154 155 154 48|4099.20 0
289 303 1 1 3 0 0 0 51117 155 154 155 154 48|4099.22 0
289 303 1 1 3 0 0 0 51124 155 154 155 154 48|4099.26 0
289 303 1 1 3 0 0 0 51132 155 154 155 154 48|4099.28 0
289 303 1 1 3 0 0 0 51137 155 154 155 154 48|4099.30 0
289 303 1 1 3 0 0 0 51139 155 154 155 154 48|4099.32 0
289 303 1 1 3 0 0 0 51140 155 154 155 154 48|4099.34 0
289 303 1 1 3 0 0 0 51142 155 154 155 154 48|4099.36 0
289 303 1 1 3 0 0 0 51144 155 154 155 154 48|4099.38 0
289 303 1 1 3 0 0 0 51152 155 154 155 154 48|4099.40 0
289 303 1 1 3 0 0 0 51157 155 154 155 154 48|4099.46 0
289 303 1 1 3 0 0 0 51160 155 154 155 154 48|4099.50 0
289 303 1 1 3 0 0 0 51162 155 154 155 154 48|4099.52 0
289 303 1 1 3 0 0 0 51170 155 154 155 154 48|4099.59 0
289 303 1 1 3 0 0 0 51173 155 154 155 154 48|4099.61 0
289 303 1 1 3 0 0 0 51176 155 154 155 154 48|4099.63 0
289 303 1 1 3 0 0 0 51181 155 154 155 154 48|4099.65 0
289 303 1 1 3 0 0 0 51183 155 154 155 154 48|4099.67 0
289 303 1 1 3 0 0 0 51186 155 154 155 154 48|4099.69 0
289 303 1 1 3 0 0 0 51190 155 154 155 154 48|4099.72 0
289 303 1 1 3 0 0 0 51193 155 154 155 154 48|4099.75 0
289 303 1 1 3 0 0 0 51195 155 154 155 154 48|4099.77 0
289 303 1 1 3 0 0 0 51197 155 154 155 154 48|4099.79 0
289 303 1 1 3 0 0 0 51200 155 154 155 154 48|4099.81 0
289 303 1 1 3 0 0 0 51204 155 154 155 154 48|4099.83 0
289 303 1 1 3 0 0 0 51209 155 154 155 154 48|4099.85 0
289 303 1 1 3 0 0 0 51213 155 154 155 154 48|4099.87 0
289 303 1 1 3 0 0 0 51216 155 154 155 154 48|4099.89 0
289 303 1 1 3 0 0 0 51219 155 154 155 154 48|4099.91 0
289 303 1 1 3 0 0 0 51221 155 154 155 154 48|4099.93 0
289 303 1 1 3 0 0 0 51227 155 154 155 154 48|4099.95 0
289 303 1 1 3 0 0 0 51234 155 154 155 154 48|4099.97 0
289 303 1 1 3 0 0 0 51236 155 154 155 154 48|4100.00 0
289 303 1 1 3 0 0 0 51241 155 154 155 154 48|4100.02 0
289 303 1 1 3 0 0 0 51243 155 154 155 154 48|4100.05 0
289 303 1 1 3 0 0 0 51251 155 154 155 154 48|4100.09 0
289 303 1 1 3 0 0 0 51255 155 154 155 154 48|4100.11 0
289 303 1 1 3 0 0 0 51262 155 154 155 154 48|4100.14 0
289 303 1 1 3 0 0 0 51272 155 154 155 154 48|4100.18 0
289 303 1 1 3 0 0 0 51278 155 154 155 154 48|4100.21 0
289 303 1 1 3 0 0 0 51285 155 154 155 154 48|4100.25 0
289 303 1 1 3 0 0 0 51289 155 154 155 154 48|4100.27 0
289 303 1 1 3 0 0 0 51296 155 154 155 154 48|4100.29 0
289 303 1 1 3 0 0 0 51300 155 154 155 154 48|4100.31 0
289 303 1 1 3 0 0 0 51307 155 154 155 154 48|4100.34 0
289 303 1 1 3 0 0 0 51310 155 154 155 154 48|4100.36 0
289 303 1 1 3 0 0 0 51315 155 154 155 154 48|4100.39 0
289 303 1 1 3 0 0 0 51317 155 154 155 154 48|4100.42 0
289 303 1 1 3 0 0 0 51321 155 154 155 154 48|4100.44 0
289 303 1 1 3 0 0 0 51323 155 154 155 154 48|4100.46 0
289 303 1 1 3 0 0 0 51325 155 154 155 154 48|4100.48 0
289 303 1 1 3 0 0 0 51329 155 154 155 154 48|4100.50 0
289 303 1 1 3 0 0 0 51332 155 154 155 154 48|4100.52 0
289 303 1 1 3 0 0 0 51334 155 154 155 154 48|4100.54 0
289 303 1 1 3 0 0 0 51337 155 154 155 154 48|4100.57 0
289 303 1 1 3 0 0 0 51348 155 154 155 154 48|4100.62 0
289 303 1 1 3 0 0 0 51353 155 154 155 154 48|4100.64 0
289 303 1 1 3 0 0 0 51356 155 154 155 154 48|4100.66 0
289 303 1 1 3 0 0 0 51364 155 154 155 154 48|4100.68 0
289 303 1 1 3 0 0 0 51367 155 154 155 154 48|4100.70 0
289 303 1 1 3 0 0 0 51376 155 154 155 154 48|4100.73 0
289 303 1 1 3 0 0 0 51384 155 154 155 154 48|4100.77 0
289 303 1 1 3 0 0 0 51389 155 154 155 154 48|4100.80 0
289 303 1 1 3 0 0 0 51393 155 154 155 154 48|4100.82 0
289 303 1 1 3 0 0 0 51400 155 154 155 154 48|4100.84 0
289 303 1 1 3 0 0 0 51406 155 154 155 154 48|4100.86 0
289 303 1 1 3 0 0 0 51409 155 154 155 154 48|4100.88 0
289 303 1 1 3 0 0 0 51414 155 154 155 154 48|4100.90 0
289 303 1 1 3 0 0 0 51418 155 154 155 154 48|4100.93 0
289 303 1 1 3 0 0 0 51426 155 154 155 154 48|4100.97 0
289 303 1 1 3 0 0 0 51436 155 154 155 154 48|4101.01 0
289 303 1 1 3 0 0 0 51443 155 154 155 154 48|4101.05 0
289 303 1 1 3 0 0 0 51448 155 154 155 154 48|4101.07 0
289 303 1 1 3 0 0 0 51450 155 154 155 154 48|4101.09 0
289 303 1 1 3 0 0 0 51455 155 154 155 154 48|4101.11 0
289 303 1 1 3 0 0 0 51462 155 154 155 154 48|4101.14 0
289 303 1 1 3 0 0 0 51473 155 154 155 154 48|4101.17 0
289 303 1 1 3 0 0 0 51478 155 154 155 154 48|4101.19 0
289 303 1 1 3 0 0 0 51482 155 154 155 154 48|4101.21 0
289 303 1 1 3 0 0 0 51487 155 154 155 154 48|4101.25 0
289 303 1 1 3 0 0 0 51488 155 154 155 154 48|4101.30 0
289 303 1 1 3 0 0 0 51490 155 154 155 154 48|4101.36 0
289 303 1 1 3 0 0 0 51498 155 154 155 154 48|4101.82 0
289 303 1 1 3 0 0 0 51499 155 154 155 154 48|4101.84 0
289 303 1 1 3 0 0 0 51503 155 154 155 154 48|4101.90 0
289 303 1 1 3 0 0 0 51512 155 154 155 154 48|4101.92 0
289 303 1 1 3 0 0 0 51523 155 154 155 154 48|4102.01 0
289 303 1 1 3 0 0 0 51530 155 154 155 154 48|4102.03 0
289 303 1 1 3 0 0 0 51535 155 154 155 154 48|4102.11 0
289 303 1 1 3 0 0 0 51545 155 154 155 154 48|4102.13 0
289 303 1 1 3 0 0 0 51550 155 154 155 154 48|4102.15 0
289 303 1 1 3 0 0 0 51558 155 154 155 154 48|4102.17 0
289 303 1 1 3 0 0 0 51562 155 154 155 154 48|4102.19 0
289 303 1 1 3 0 0 0 51572 155 154 155 154 48|4102.21 0
289 303 1 1 3 0 0 0 51579 155 154 155 154 48|4102.23 0
289 303 1 1 3 0 0 0 51580 155 154 155 154 48|4102.38 0
289 303 1 1 3 0 0 0 51581 155 154 155 154 48|4103.36 0
289 303 1 1 3 0 0 0 51582 155 154 155 154 48|4103.38 0
289 303 1 1 3 0 0 0 51583 155 154 155 154 48|4103.62 0
289 303 1 1 3 0 0 0 51585 155 154 155 154 48|4103.65 0
289 303 1 1 3 0 0 0 51590 155 154 155 154 48|4104.43 0
289 303 1 1 3 0 0 0 51595 155 154 155 154 48|4104.47 0
289 303 1 1 3 0 0 0 51596 155 154 155 154 48|4104.50 0
289 303 1 1 3 0 0 0 51602 155 154 155 154 48|4104.54 0
289 303 1 1 3 0 0 0 51605 155 154 155 154 48|4104.56 0
289 303 1 1 3 0 0 0 51610 155 154 155 154 48|4104.58 0
289 303 1 1 3 0 0 0 51611 155 154 155 154 48|4104.60 0
289 303 1 1 3 0 0 0 51613 155 154 155 154 48|4104.62 0
289 303 1 1 3 0 0 0 51618 155 154 155 154 48|4104.64 0
289 303 1 1 3 0 0 0 51619 155 154 155 154 48|4104.66 0
289 303 1 1 3 0 0 0 51622 155 154 155 154 48|4104.68 0
289 303 1 1 3 0 0 0 51629 155 154 155 154 48|4104.71 0
289 303 1 1 3 0 0 0 51630 155 154 155 154 48|4104.74 0
289 303 1 1 3 0 0 0 51638 155 154 155 154 48|4104.77 0
289 303 1 1 3 0 0 0 51644 155 154 155 154 48|4104.80 0
289 303 1 1 3 0 0 0 51649 155 154 155 154 48|4104.82 0
289 303 1 1 3 0 0 0 51654 155 154 155 154 48|4104.85 0
289 303 1 1 3 0 0 0 51658 155 154 155 154 48|4104.88 0
289 303 1 1 3 0 0 0 51661 155 154 155 154 48|4104.90 0
289 303 1 1 3 0 0 0 51663 155 154 155 154 48|4104.92 0
289 303 1 1 3 0 0 0 51668 155 154 155 154 48|4104.94 0
289 303 1 1 3 0 0 0 51670 155 154 155 154 48|4104.96 0
289 303 1 1 3 0 0 0 51675 155 154 155 154 48|4104.97 0
289 303 1 1 3 0 0 0 51686 155 154 155 154 48|4105.01 0
289 303 1 1 3 0 0 0 51689 155 154 155 154 48|4105.04 0
289 303 1 1 3 0 0 0 51692 155 154 155 154 48|4105.07 0
289 303 1 1 3 0 0 0 51699 155 154 155 154 48|4105.10 0
289 303 1 1 3 0 0 0 51703 155 154 155 154 48|4105.12 0
289 303 1 1 3 0 0 0 51706 155 154 155 154 48|4105.14 0
289 303 1 1 3 0 0 0 51710 155 154 155 154 48|4105.16 0
289 303 1 1 3 0 0 0 51716 155 154 155 154 48|4105.20 0
289 303 1 1 3 0 0 0 51717 155 154 155 154 48|4105.22 0
289 303 1 1 3 0 0 0 51722 155 154 155 154 48|4105.24 0
289 303 1 1 3 0 0 0 51723 155 154 155 154 48|4105.26 0
289 303 1 1 3 0 0 0 51727 155 154 155 154 48|4105.28 0
289 303 1 1 3 0 0 0 51730 155 154 155 154 48|4105.30 0
289 303 1 1 3 0 0 0 51733 155 154 155 154 48|4105.32 0
289 303 1 1 3 0 0 0 51734 155 154 155 154 48|4105.34 0
289 303 1 1 3 0 0 0 51741 155 154 155 154 48|4105.40 0
289 303 1 1 3 0 0 0 51746 155 154 155 154 48|4105.41 0
289 303 1 1 3 0 0 0 51748 155 154 155 154 48|4105.43 0
289 303 1 1 3 0 0 0 51755 155 154 155 154 48|4105.45 0
289 303 1 1 3 0 0 0 51756 155 154 155 154 48|4105.47 0
289 303 1 1 3 0 0 0 51757 155 154 155 154 48|4105.49 0
289 303 1 1 3 0 0 0 51758 155 154 155 154 48|4105.51 0
289 303 1 1 3 0 0 0 51761 155 154 155 154 48|4105.52 0
289 303 1 1 3 0 0 0 51763 155 154 155 154 48|4105.54 0
289 303 1 1 3 0 0 0 51766 155 154 155 154 48|4105.56 0
289 303 1 1 3 0 0 0 51768 155 154 155 154 48|4105.57 0
289 303 1 1 3 0 0 0 51772 155 154 155 154 48|4105.59 0
289 303 1 1 3 0 0 0 51774 155 154 155 154 48|4105.61 0
289 303 1 1 3 0 0 0 51777 155 154 155 154 48|4105.62 0
289 303 1 1 3 0 0 0 51779 155 154 155 154 48|4105.64 0
289 303 1 1 3 0 0 0 51782 155 154 155 154 48|4105.65 0
289 303 1 1 3 0 0 0 51783 155 154 155 154 48|4105.67 0
289 303 1 1 3 0 0 0 51785 155 154 155 154 48|4105.69 0
289 303 1 1 3 0 0 0 51787 155 154 155 154 48|4105.71 0
289 303 1 1 3 0 0 0 51790 155 154 155 154 48|4105.72 0
289 303 1 1 3 0 0 0 51791 155 154 155 154 48|4105.74 0
289 303 1 1 3 0 0 0 51794 155 154 155 154 48|4105.76 0
289 303 1 1 3 0 0 0 51796 155 154 155 154 48|4105.77 0
289 303 1 1 3 0 0 0 51801 155 154 155 154 48|4105.79 0
289 303 1 1 3 0 0 0 51804 155 154 155 154 48|4105.82 0
289 303 1 1 3 0 0 0 51808 155 154 155 154 48|4105.84 0
289 303 1 1 3 0 0 0 51810 155 154 155 154 48|4105.86 0
289 303 1 1 3 0 0 0 51815 155 154 155 154 48|4105.89 0
289 303 1 1 3 0 0 0 51820 155 154 155 154 48|4105.91 0
289 303 1 1 3 0 0 0 51824 155 154 155 154 48|4105.94 0
289 303 1 1 3 0 0 0 51827 155 154 155 154 48|4105.96 0
289 303 1 1 3 0 0 0 51832 155 154 155 154 48|4105.98 0
289 303 1 1 3 0 0 0 51834 155 154 155 154 48|4106.00 0
289 303 1 1 3 0 0 0 51838 155 154 155 154 48|4106.02 0
289 303 1 1 3 0 0 0 51839 155 154 155 154 48|4106.04 0
289 303 1 1 3 0 0 0 51841 155 154 155 154 48|4106.06 0
289 303 1 1 3 0 0 0 51849 155 154 155 154 48|4106.09 0
289 303 1 1 3 0 0 0 51854 155 154 155 154 48|4106.12 0
289 303 1 1 3 0 0 0 51857 155 154 155 154 48|4106.15 0
289 303 1 1 3 0 0 0 51863 155 154 155 154 48|4106.19 0
289 303 1 1 3 0 0 0 51865 155 154 155 154 48|4106.22 0
289 303 1 1 3 0 0 0 51868 155 154 155 154 48|4106.24 0
289 303 1 1 3 0 0 0 51872 155 154 155 154 48|4106.27 0
289 303 1 1 3 0 0 0 51873 155 154 155 154 48|4106.29 0
289 303 1 1 3 0 0 0 51876 155 154 155 154 48|4106.31 0
289 303 1 1 3 0 0 0 51877 155 154 155 154 48|4106.34 0
289 303 1 1 3 0 0 0 51880 155 154 155 154 48|4106.36 0
289 303 1 1 3 0 0 0 51885 155 154 155 154 48|4106.40 0
289 303 1 1 3 0 0 0 51892 155 154 155 154 48|4106.44 0
289 303 1 1 3 0 0 0 51895 155 154 155 154 48|4106.47 0
289 303 1 1 3 0 0 0 51900 155 154 155 154 48|4106.49 0
289 303 1 1 3 0 0 0 51901 155 154 155 154 48|4106.51 0
289 303 1 1 3 0 0 0 51908 155 154 155 154 48|4106.54 0
289 303 1 1 3 0 0 0 51915 155 154 155 154 48|4106.56 0
289 303 1 1 3 0 0 0 51917 155 154 155 154 48|4106.59 0
289 303 1 1 3 0 0 0 51928 155 154 155 154 48|4106.61 0
289 303 1 1 3 0 0 0 51935 155 154 155 154 48|4106.63 0
289 303 1 1 3 0 0 0 51936 155 154 155 154 48|4106.65 0
289 303 1 1 3 0 0 0 51939 155 154 155 154 48|4106.67 0
289 303 1 1 3 0 0 0 51949 155 154 155 154 48|4106.72 0
289 303 1 1 3 0 0 0 51953 155 154 155 154 48|4106.74 0
289 303 1 1 3 0 0 0 51957 155 154 155 154 48|4106.76 0
289 303 1 1 3 0 0 0 51963 155 154 155 154 48|4106.79 0
289 303 1 1 3 0 0 0 51966 155 154 155 154 48|4106.81 0
289 303 1 1 3 0 0 0 51969 155 154 155 154 48|4106.83 0
289 303 1 1 3 0 0 0 51977 155 154 155 154 48|4106.87 0
289 303 1 1 3 0 0 0 51980 155 154 155 154 48|4106.90 0
289 303 1 1 3 0 0 0 51987 155 154 155 154 48|4106.92 0
289 303 1 1 3 0 0 0 51989 155 154 155 154 48|4106.96 0
289 303 1 1 3 0 0 0 51992 155 154 155 154 48|4106.99 0
289 303 1 1 3 0 0 0 51995 155 154 155 154 48|4107.02 0
289 303 1 1 3 0 0 0 52006 155 154 155 154 48|4107.06 0
289 303 1 1 3 0 0 0 52014 155 154 155 154 48|4107.10 0
289 303 1 1 3 0 0 0 52021 155 154 155 154 48|4107.12 0
289 303 1 1 3 0 0 0 52025 155 154 155 154 48|4107.15 0
289 303 1 1 3 0 0 0 52034 155 154 155 154 48|4107.19 0
289 303 1 1 3 0 0 0 52041 155 154 155 154 48|4107.23 0
289 303 1 1 3 0 0 0 52047 155 154 155 154 48|4107.26 0
289 303 1 1 3 0 0 0 52050 155 154 155 154 48|4107.30 0
289 303 1 1 3 0 0 0 52055 155 154 155 154 48|4107.32 0
289 303 1 1 3 0 0 0 52060 155 154 155 154 48|4107.35 0
289 303 1 1 3 0 0 0 52063 155 154 155 154 48|4107.37 0
289 303 1 1 3 0 0 0 52067 155 154 155 154 48|4107.39 0
289 303 1 1 3 0 0 0 52070 155 154 155 154 48|4107.41 0
289 303 1 1 3 0 0 0 52077 155 154 155 154 48|4107.43 0
289 303 1 1 3 0 0 0 52082 155 154 155 154 48|4107.45 0
289 303 1 1 3 0 0 0 52088 155 154 155 154 48|4107.47 0
289 303 1 1 3 0 0 0 52089 155 154 155 154 48|4107.49 0
289 303 1 1 3 0 0 0 52094 155 154 155 154 48|4107.51 0
289 303 1 1 3 0 0 0 52113 155 154 155 154 48|4107.57 0
289 303 1 1 3 0 0 0 52114 155 154 155 154 48|4107.59 0
289 303 1 1 3 0 0 0 52120 155 154 155 154 48|4107.61 0
289 303 1 1 3 0 0 0 52124 155 154 155 154 48|4107.63 0
289 303 1 1 3 0 0 0 52128 155 154 155 154 48|4107.65 0
289 303 1 1 3 0 0 0 52134 155 154 155 154 48|4107.67 0
289 303 1 1 3 0 0 0 52138 155 154 155 154 48|4107.69 0
289 303 1 1 3 0 0 0 52139 155 154 155 154 48|4107.72 0
289 303 1 1 3 0 0 0 52143 155 154 155 154 48|4107.74 0
289 303 1 1 3 0 0 0 52145 155 154 155 154 48|4107.76 0
289 303 1 1 3 0 0 0 52147 155 154 155 154 48|4107.78 0
289 303 1 1 3 0 0 0 52150 155 154 155 154 48|4107.80 0
289 303 1 1 3 0 0 0 52155 155 154 155 154 48|4107.82 0
289 303 1 1 3 0 0 0 52159 155 154 155 154 48|4107.84 0
289 303 1 1 3 0 0 0 52163 155 154 155 154 48|4107.86 0
289 303 1 1 3 0 0 0 52167 155 154 155 154 48|4107.88 0
289 303 1 1 3 0 0 0 52171 155 154 155 154 48|4107.90 0
289 303 1 1 3 0 0 0 52175 155 154 155 154 48|4107.92 0
289 303 1 1 3 0 0 0 52184 155 154 155 154 48|4107.94 0
289 303 1 1 3 0 0 0 52203 155 154 155 154 48|4108.04 0
289 303 1 1 3 0 0 0 52222 155 154 155 154 48|4108.12 0
289 303 1 1 3 0 0 0 52239 155 154 155 154 48|4108.20 0
289 303 1 1 3 0 0 0 52249 155 154 155 154 48|4108.28 0
289 303 1 1 3 0 0 0 52251 155 154 155 154 48|4108.44 0
289 303 1 1 3 0 0 0 52259 155 154 155 154 48|4108.82 0
289 303 1 1 3 0 0 0 52260 155 154 155 154 48|4108.90 0
289 303 1 1 3 0 0 0 52272 155 154 155 154 48|4108.94 0
289 303 1 1 3 0 0 0 52285 155 154 155 154 48|4109.02 0
289 303 1 1 3 0 0 0 52287 155 154 155 154 48|4109.06 0
289 303 1 1 3 0 0 0 52293 155 154 155 154 48|4109.10 0
289 303 1 1 3 0 0 0 52311 155 154 155 154 48|4109.14 0
289 303 1 1 3 0 0 0 52324 155 154 155 154 48|4109.18 0
289 303 1 1 3 0 0 0 52336 155 154 155 154 48|4109.22 0
289 303 1 1 3 0 0 0 52346 155 154 155 154 48|4109.26 0
289 303 1 1 3 0 0 0 52347 155 154 155 154 48|4109.53 0
289 303 1 1 3 0 0 0 52348 155 154 155 154 48|4109.57 0
289 303 1 1 3 0 0 0 52349 155 154 155 154 48|4110.04 0
289 303 1 1 3 0 0 0 52353 155 154 155 154 48|4110.70 0
289 303 1 1 3 0 0 0 52354 155 154 155 154 48|4111.48 0
289 303 1 1 3 0 0 0 52357 155 154 155 154 48|4111.60 0
289 303 1 1 3 0 0 0 52358 155 154 155 154 48|4111.67 0
289 303 1 1 3 0 0 0 52359 155 154 155 154 48|4111.75 0
289 303 1 1 3 0 0 0 52363 155 154 155 154 48|4111.83 0
289 303 1 1 3 0 0 0 52369 155 154 155 154 48|4111.87 0
289 303 1 1 3 0 0 0 52376 155 154 155 154 48|4111.91 0
289 303 1 1 3 0 0 0 52378 155 154 155 154 48|4111.95 0
289 303 1 1 3 0 0 0 52387 155 154 155 154 48|4112.03 0
289 303 1 1 3 0 0 0 52413 155 154 155 154 48|4112.11 0
289 303 1 1 3 0 0 0 52420 155 154 155 154 48|4112.15 0
289 303 1 1 3 0 0 0 52425 155 154 155 154 48|4112.18 0
289 303 1 1 3 0 0 0 52433 155 154 155 154 48|4112.22 0
289 303 1 1 3 0 0 0 52442 155 154 155 154 48|4112.26 0
289 303 1 1 3 0 0 0 52450 155 154 155 154 48|4112.30 0
289 303 1 1 3 0 0 0 52456 155 154 155 154 48|4112.34 0
289 303 1 1 3 0 0 0 52461 155 154 155 154 48|4112.38 0
289 303 1 1 3 0 0 0 52468 155 154 155 154 48|4112.42 0
289 303 1 1 3 0 0 0 52477 155 154 155 154 48|4112.46 0
289 303 1 1 3 0 0 0 52483 155 154 155 154 48|4112.50 0
289 303 1 1 3 0 0 0 52501 155 154 155 154 48|4112.54 0
289 303 1 1 3 0 0 0 52511 155 154 155 154 48|4112.58 0
289 303 1 1 3 0 0 0 52524 155 154 155 154 48|4112.62 0
289 303 1 1 3 0 0 0 52529 155 154 155 154 48|4112.66 0
289 303 1 1 3 0 0 0 52534 155 154 155 154 48|4112.70 0
289 303 1 1 3 0 0 0 52545 155 154 155 154 48|4112.74 0
289 303 1 1 3 0 0 0 52551 155 154 155 154 48|4112.78 0
289 303 1 1 3 0 0 0 52559 155 154 155 154 48|4112.82 0
289 303 1 1 3 0 0 0 52566 155 154 155 154 48|4112.86 0
289 303 1 1 3 0 0 0 52577 155 154 155 154 48|4112.90 0
289 303 1 1 3 0 0 0 52584 155 154 155 154 48|4112.94 0
289 303 1 1 3 0 0 0 52587 155 154 155 154 48|4112.97 0
289 303 1 1 3 0 0 0 52600 155 154 155 154 48|4113.01 0
289 303 1 1 3 0 0 0 52611 155 154 155 154 48|4113.05 0
289 303 1 1 3 0 0 0 52621 155 154 155 154 48|4113.09 0
289 303 1 1 3 0 0 0 52623 155 154 155 154 48|4113.13 0
289 303 1 1 3 0 0 0 52640 155 154 155 154 48|4113.17 0
289 303 1 1 3 0 0 0 52650 155 154 155 154 48|4113.21 0
289 303 1 1 3 0 0 0 52659 155 154 155 154 48|4113.25 0
289 303 1 1 3 0 0 0 52664 155 154 155 154 48|4113.30 0
289 303 1 1 3 0 0 0 52680 155 154 155 154 48|4113.38 0
289 303 1 1 3 0 0 0 52695 155 154 155 154 48|4113.46 0
289 303 1 1 3 0 0 0 52713 155 154 155 154 48|4113.54 0
289 303 1 1 3 0 0 0 52724 155 154 155 154 48|4113.61 0
289 303 1 1 3 0 0 0 52742 155 154 155 154 48|4113.65 0
289 303 1 1 3 0 0 0 52754 155 154 155 154 48|4113.69 0
289 303 1 1 3 0 0 0 52761 155 154 155 154 48|4113.73 0
289 303 1 1 3 0 0 0 52773 155 154 155 154 48|4113.77 0
289 303 1 1 3 0 0 0 52781 155 154 155 154 48|4113.81 0
289 303 1 1 3 0 0 0 52789 155 154 155 154 48|4113.85 0
289 303 1 1 3 0 0 0 52804 155 154 155 154 48|4113.89 0
289 303 1 1 3 0 0 0 52813 155 154 155 154 48|4113.93 0
289 303 1 1 3 0 0 0 52823 155 154 155 154 48|4113.97 0
289 303 1 1 3 0 0 0 52831 155 154 155 154 48|4114.01 0
289 303 1 1 3 0 0 0 52842 155 154 155 154 48|4114.05 0
289 303 1 1 3 0 0 0 52852 155 154 155 154 48|4114.09 0
289 303 1 1 3 0 0 0 52861 155 154 155 154 48|4114.13 0
289 303 1 1 3 0 0 0 52869 155 154 155 154 48|4114.17 0
289 303 1 1 3 0 0 0 52877 155 154 155 154 48|4114.21 0
289 303 1 1 3 0 0 0 52892 155 154 155 154 48|4114.25 0
289 303 1 1 3 0 0 0 52895 155 154 155 154 48|4114.29 0
289 303 1 1 3 0 0 0 52910 155 154 155 154 48|4114.33 0
289 303 1 1 3 0 0 0 52912 155 154 155 154 48|4114.45 0
289 303 1 1 3 0 0 0 52922 155 154 155 154 48|4114.91 0
289 303 1 1 3 0 0 0 52930 155 154 155 154 48|4114.99 0
289 303 1 1 3 0 0 0 52935 155 154 155 154 48|4115.03 0
289 303 1 1 3 0 0 0 52937 155 154 155 154 48|4115.07 0
289 303 1 1 3 0 0 0 52954 155 154 155 154 48|4115.11 0
289 303 1 1 3 0 0 0 52966 155 154 155 154 48|4115.19 0
289 303 1 1 3 0 0 0 52978 155 154 155 154 48|4115.23 0
289 303 1 1 3 0 0 0 52994 155 154 155 154 48|4115.27 0
289 303 1 1 3 0 0 0 53014 155 154 155 154 48|4115.31 0
289 303 1 1 3 0 0 0 53015 155 154 155 154 48|4116.13 0
289 303 1 1 3 0 0 0 53020 155 154 155 154 48|4116.79 0
289 303 1 1 3 0 0 0 53030 155 154 155 154 48|4117.88 0
289 303 1 1 3 0 0 0 53031 155 154 155 154 48|4117.90 0
289 303 1 1 3 0 0 0 53032 155 154 155 154 48|4117.95 0
289 303 1 1 3 0 0 0 53035 155 154 155 154 48|4117.97 0
289 303 1 1 3 0 0 0 53042 155 154 155 154 48|4117.99 0
289 303 1 1 3 0 0 0 53053 155 154 155 154 48|4118.00 0
289 303 1 1 3 0 0 0 53057 155 154 155 154 48|4118.04 0
289 303 1 1 3 0 0 0 53059 155 154 155 154 48|4118.06 0
289 303 1 1 3 0 0 0 53062 155 154 155 154 48|4118.08 0
289 303 1 1 3 0 0 0 53064 155 154 155 154 48|4118.10 0
289 303 1 1 3 0 0 0 53072 155 154 155 154 48|4118.12 0
289 303 1 1 3 0 0 0 53075 155 154 155 154 48|4118.15 0
289 303 1 1 3 0 0 0 53079 155 154 155 154 48|4118.17 0
289 303 1 1 3 0 0 0 53083 155 154 155 154 48|4118.20 0
289 303 1 1 3 0 0 0 53087 155 154 155 154 48|4118.22 0
289 303 1 1 3 0 0 0 53090 155 154 155 154 48|4118.25 0
289 303 1 1 3 0 0 0 53092 155 154 155 154 48|4118.29 0
289 303 1 1 3 0 0 0 53095 155 154 155 154 48|4118.31 0
289 303 1 1 3 0 0 0 53098 155 154 155 154 48|4118.33 0
289 303 1 1 3 0 0 0 53099 155 154 155 154 48|4118.35 0
289 303 1 1 3 0 0 0 53102 155 154 155 154 48|4118.37 0
289 303 1 1 3 0 0 0 53107 155 154 155 154 48|4118.39 0
289 303 1 1 3 0 0 0 53111 155 154 155 154 48|4118.40 0
289 303 1 1 3 0 0 0 53127 155 154 155 154 48|4118.46 0
289 303 1 1 3 0 0 0 53132 155 154 155 154 48|4118.48 0
289 303 1 1 3 0 0 0 53135 155 154 155 154 48|4118.50 0
289 303 1 1 3 0 0 0 53138 155 154 155 154 48|4118.52 0
289 303 1 1 3 0 0 0 53141 155 154 155 154 48|4118.54 0
289 303 1 1 3 0 0 0 53145 155 154 155 154 48|4118.56 0
289 303 1 1 3 0 0 0 53152 155 154 155 154 48|4118.59 0
289 303 1 1 3 0 0 0 53158 155 154 155 154 48|4118.62 0
289 303 1 1 3 0 0 0 53159 155 154 155 154 48|4118.65 0
289 303 1 1 3 0 0 0 53163 155 154 155 154 48|4118.69 0
289 303 1 1 3 0 0 0 53170 155 154 155 154 48|4118.71 0
289 303 1 1 3 0 0 0 53175 155 154 155 154 48|4118.75 0
289 303 1 1 3 0 0 0 53178 155 154 155 154 48|4118.77 0
289 303 1 1 3 0 0 0 53181 155 154 155 154 48|4118.79 0
289 303 1 1 3 0 0 0 53182 155 154 155 154 48|4118.82 0
289 303 1 1 3 0 0 0 53186 155 154 155 154 48|4118.84 0
289 303 1 1 3 0 0 0 53191 155 154 155 154 48|4118.86 0
289 303 1 1 3 0 0 0 53192 155 154 155 154 48|4118.88 0
289 303 1 1 3 0 0 0 53194 155 154 155 154 48|4118.90 0
289 303 1 1 3 0 0 0 53197 155 154 155 154 48|4118.92 0
289 303 1 1 3 0 0 0 53200 155 154 155 154 48|4118.95 0
289 303 1 1 3 0 0 0 53208 155 154 155 154 48|4118.99 0
289 303 1 1 3 0 0 0 53210 155 154 155 154 48|4119.02 0
289 303 1 1 3 0 0 0 53211 155 154 155 154 48|4119.05 0
289 303 1 1 3 0 0 0 53217 155 154 155 154 48|4119.07 0
289 303 1 1 3 0 0 0 53218 155 154 155 154 48|4119.09 0
289 303 1 1 3 0 0 0 53222 155 154 155 154 48|4119.11 0
289 303 1 1 3 0 0 0 53226 155 154 155 154 48|4119.13 0
289 303 1 1 3 0 0 0 53235 155 154 155 154 48|4119.20 0
289 303 1 1 3 0 0 0 53237 155 154 155 154 48|4119.23 0
289 303 1 1 3 0 0 0 53238 155 154 155 154 48|4119.24 0
289 303 1 1 3 0 0 0 53245 155 154 155 154 48|4119.27 0
289 303 1 1 3 0 0 0 53251 155 154 155 154 48|4119.31 0
289 303 1 1 3 0 0 0 53255 155 154 155 154 48|4119.35 0
289 303 1 1 3 0 0 0 53261 155 154 155 154 48|4119.39 0
289 303 1 1 3 0 0 0 53264 155 154 155 154 48|4119.42 0
289 303 1 1 3 0 0 0 53266 155 154 155 154 48|4119.44 0
289 303 1 1 3 0 0 0 53267 155 154 155 154 48|4119.46 0
289 303 1 1 3 0 0 0 53271 155 154 155 154 48|4119.48 0
289 303 1 1 3 0 0 0 53277 155 154 155 154 48|4119.50 0
289 303 1 1 3 0 0 0 53279 155 154 155 154 48|4119.51 0
289 303 1 1 3 0 0 0 53281 155 154 155 154 48|4119.53 0
289 303 1 1 3 0 0 0 53283 155 154 155 154 48|4119.55 0
289 303 1 1 3 0 0 0 53288 155 154 155 154 48|4119.56 0
289 303 1 1 3 0 0 0 53292 155 154 155 154 48|4119.58 0
289 303 1 1 3 0 0 0 53293 155 154 155 154 48|4119.60 0
289 303 1 1 3 0 0 0 53296 155 154 155 154 48|4119.63 0
289 303 1 1 3 0 0 0 53303 155 154 155 154 48|4119.65 0
289 303 1 1 3 0 0 0 53311 155 154 155 154 48|4119.68 0
289 303 1 1 3 0 0 0 53315 155 154 155 154 48|4119.70 0
289 303 1 1 3 0 0 0 53323 155 154 155 154 48|4119.72 0
289 303 1 1 3 0 0 0 53326 155 154 155 154 48|4119.74 0
289 303 1 1 3 0 0 0 53329 155 154 155 154 48|4119.76 0
289 303 1 1 3 0 0 0 53335 155 154 155 154 48|4119.79 0
289 303 1 1 3 0 0 0 53344 155 154 155 154 48|4119.82 0
289 303 1 1 3 0 0 0 53354 155 154 155 154 48|4119.87 0
289 303 1 1 3 0 0 0 53362 155 154 155 154 48|4119.91 0
289 303 1 1 3 0 0 0 53370 155 154 155 154 48|4119.94 0
289 303 1 1 3 0 0 0 53376 155 154 155 154 48|4119.96 0
289 303 1 1 3 0 0 0 53377 155 154 155 154 48|4119.98 0
289 303 1 1 3 0 0 0 53378 155 154 155 154 48|4120.10 0
289 303 1 1 3 0 0 0 53380 155 154 155 154 48|4120.12 0
289 303 1 1 3 0 0 0 53389 155 154 155 154 48|4120.52 0
289 303 1 1 3 0 0 0 53396 155 154 155 154 48|4120.60 0
289 303 1 1 3 0 0 0 53402 155 154 155 154 48|4120.63 0
289 303 1 1 3 0 0 0 53416 155 154 155 154 48|4120.74 0
289 303 1 1 3 0 0 0 53419 155 154 155 154 48|4120.76 0
289 303 1 1 3 0 0 0 53420 155 154 155 154 48|4120.79 0
289 303 1 1 3 0 0 0 53421 155 154 155 154 48|4120.86 0
289 303 1 1 3 0 0 0 53426 155 154 155 154 48|4120.87 0
289 303 1 1 3 0 0 0 53428 155 154 155 154 48|4120.89 0
289 303 1 1 3 0 0 0 53435 155 154 155 154 48|4120.95 0
289 303 1 1 3 0 0 0 53444 155 154 155 154 48|4120.98 0
289 303 1 1 3 0 0 0 53451 155 154 155 154 48|4121.00 0
289 303 1 1 3 0 0 0 53457 155 154 155 154 48|4121.02 0
289 303 1 1 3 0 0 0 53461 155 154 155 154 48|4121.04 0
289 303 1 1 3 0 0 0 53467 155 154 155 154 48|4121.06 0
289 303 1 1 3 0 0 0 53472 155 154 155 154 48|4121.08 0
289 303 1 1 3 0 0 0 53478 155 154 155 154 48|4121.10 0
289 303 1 1 3 0 0 0 53480 155 154 155 154 48|4121.12 0
289 303 1 1 3 0 0 0 53481 155 154 155 154 48|4121.20 0
289 303 1 1 3 0 0 0 53482 155 154 155 154 48|4122.33 0
289 303 1 1 3 0 0 0 53484 155 154 155 154 48|4122.36 0
289 303 1 1 3 0 0 0 53485 155 154 155 154 48|4122.39 0
289 303 1 1 3 0 0 0 53487 155 154 155 154 48|4123.04 0
289 303 1 1 3 0 0 0 53497 155 154 155 154 48|4124.11 0
289 303 1 1 3 0 0 0 53498 155 154 155 154 48|4124.15 0
289 303 1 1 3 0 0 0 53513 155 154 155 154 48|4124.19 0
289 303 1 1 3 0 0 0 53518 155 154 155 154 48|4124.24 0
289 303 1 1 3 0 0 0 53527 155 154 155 154 48|4124.28 0
289 303 1 1 3 0 0 0 53532 155 154 155 154 48|4124.30 0
289 303 1 1 3 0 0 0 53536 155 154 155 154 48|4124.33 0
289 303 1 1 3 0 0 0 53538 155 154 155 154 48|4124.35 0
289 303 1 1 3 0 0 0 53540 155 154 155 154 48|4124.38 0
289 303 1 1 3 0 0 0 53544 155 154 155 154 48|4124.41 0
289 303 1 1 3 0 0 0 53546 155 154 155 154 48|4124.45 0
289 303 1 1 3 0 0 0 53547 155 154 155 154 48|4124.47 0
289 303 1 1 3 0 0 0 53549 155 154 155 154 48|4124.49 0
289 303 1 1 3 0 0 0 53550 155 154 155 154 48|4124.51 0
289 303 1 1 3 0 0 0 53554 155 154 155 154 48|4124.53 0
289 303 1 1 3 0 0 0 53557 155 154 155 154 48|4124.55 0
289 303 1 1 3 0 0 0 53560 155 154 155 154 48|4124.58 0
289 303 1 1 3 0 0 0 53565 155 154 155 154 48|4124.60 0
289 303 1 1 3 0 0 0 53569 155 154 155 154 48|4124.62 0
289 303 1 1 3 0 0 0 53571 155 154 155 154 48|4124.64 0
289 303 1 1 3 0 0 0 53575 155 154 155 154 48|4124.67 0
289 303 1 1 3 0 0 0 53579 155 154 155 154 48|4124.70 0
289 303 1 1 3 0 0 0 53583 155 154 155 154 48|4124.73 0
289 303 1 1 3 0 0 0 53589 155 154 155 154 48|4124.76 0
289 303 1 1 3 0 0 0 53594 155 154 155 154 48|4124.79 0
289 303 1 1 3 0 0 0 53596 155 154 155 154 48|4124.81 0
289 303 1 1 3 0 0 0 53598 155 154 155 154 48|4124.83 0
289 303 1 1 3 0 0 0 53603 155 154 155 154 48|4124.85 0
289 303 1 1 3 0 0 0 53605 155 154 155 154 48|4124.87 0
289 303 1 1 3 0 0 0 53610 155 154 155 154 48|4124.90 0
289 303 1 1 3 0 0 0 53613 155 154 155 154 48|4124.93 0
289 303 1 1 3 0 0 0 53614 155 154 155 154 48|4124.95 0
289 303 1 1 3 0 0 0 53619 155 154 155 154 48|4124.97 0
289 303 1 1 3 0 0 0 53621 155 154 155 154 48|4124.99 0
289 303 1 1 3 0 0 0 53625 155 154 155 154 48|4125.01 0
289 303 1 1 3 0 0 0 53627 155 154 155 154 48|4125.03 0
289 303 1 1 3 0 0 0 53629 155 154 155 154 48|4125.05 0
289 303 1 1 3 0 0 0 53631 155 154 155 154 48|4125.07 0
289 303 1 1 3 0 0 0 53633 155 154 155 154 48|4125.09 0
289 303 1 1 3 0 0 0 53634 155 154 155 154 48|4125.11 0
289 303 1 1 3 0 0 0 53638 155 154 155 154 48|4125.13 0
289 303 1 1 3 0 0 0 53640 155 154 155 154 48|4125.15 0
289 303 1 1 3 0 0 0 53644 155 154 155 154 48|4125.18 0
289 303 1 1 3 0 0 0 53650 155 154 155 154 48|4125.20 0
289 303 1 1 3 0 0 0 53653 155 154 155 154 48|4125.22 0
289 303 1 1 3 0 0 0 53654 155 154 155 154 48|4125.24 0
289 303 1 1 3 0 0 0 53658 155 154 155 154 48|4125.27 0
289 303 1 1 3 0 0 0 53661 155 154 155 154 48|4125.29 0
289 303 1 1 3 0 0 0 53662 155 154 155 154 48|4125.31 0
289 303 1 1 3 0 0 0 53664 155 154 155 154 48|4125.34 0
289 303 1 1 3 0 0 0 53669 155 154 155 154 48|4125.37 0
289 303 1 1 3 0 0 0 53674 155 154 155 154 48|4125.39 0
289 303 1 1 3 0 0 0 53679 155 154 155 154 48|4125.41 0
289 303 1 1 3 0 0 0 53681 155 154 155 154 48|4125.43 0
289 303 1 1 3 0 0 0 53684 155 154 155 154 48|4125.45 0
289 303 1 1 3 0 0 0 53691 155 154 155 154 48|4125.47 0
289 303 1 1 3 0 0 0 53696 155 154 155 154 48|4125.50 0
289 303 1 1 3 0 0 0 53701 155 154 155 154 48|4125.52 0
289 303 1 1 3 0 0 0 53704 155 154 155 154 48|4125.54 0
289 303 1 1 3 0 0 0 53712 155 154 155 154 48|4125.56 0
289 303 1 1 3 0 0 0 53717 155 154 155 154 48|4125.58 0
289 303 1 1 3 0 0 0 53724 155 154 155 154 48|4125.60 0
289 303 1 1 3 0 0 0 53729 155 154 155 154 48|4125.62 0
289 303 1 1 3 0 0 0 53731 155 154 155 154 48|4125.64 0
289 303 1 1 3 0 0 0 53737 155 154 155 154 48|4125.66 0
289 303 1 1 3 0 0 0 53741 155 154 155 154 48|4125.68 0
289 303 1 1 3 0 0 0 53751 155 154 155 154 48|4125.70 0
289 303 1 1 3 0 0 0 53755 155 154 155 154 48|4125.72 0
289 303 1 1 3 0 0 0 53762 155 154 155 154 48|4125.74 0
289 303 1 1 3 0 0 0 53763 155 154 155 154 48|4125.76 0
289 303 1 1 3 0 0 0 53768 155 154 155 154 48|4125.79 0
289 303 1 1 3 0 0 0 53772 155 154 155 154 48|4125.81 0
289 303 1 1 3 0 0 0 53774 155 154 155 154 48|4125.93 0
289 303 1 1 3 0 0 0 53778 155 154 155 154 48|4126.32 0
289 303 1 1 3 0 0 0 53783 155 154 155 154 48|4126.34 0
289 303 1 1 3 0 0 0 53793 155 154 155 154 48|4126.42 0
289 303 1 1 3 0 0 0 53797 155 154 155 154 48|4126.45 0
289 303 1 1 3 0 0 0 53800 155 154 155 154 48|4126.50 0
289 303 1 1 3 0 0 0 53804 155 154 155 154 48|4126.53 0
289 303 1 1 3 0 0 0 53809 155 154 155 154 48|4126.55 0
289 303 1 1 3 0 0 0 53814 155 154 155 154 48|4126.56 0
289 303 1 1 3 0 0 0 53818 155 154 155 154 48|4126.60 0
289 303 1 1 3 0 0 0 53824 155 154 155 154 48|4126.62 0
289 303 1 1 3 0 0 0 53830 155 154 155 154 48|4126.64 0
289 303 1 1 3 0 0 0 53836 155 154 155 154 48|4126.66 0
289 303 1 1 3 0 0 0 53842 155 154 155 154 48|4126.68 0
289 303 1 1 3 0 0 0 53844 155 154 155 154 48|4126.70 0
289 303 1 1 3 0 0 0 53852 155 154 155 154 48|4126.72 0
289 303 1 1 3 0 0 0 53855 155 154 155 154 48|4126.74 0
289 303 1 1 3 0 0 0 53863 155 154 155 154 48|4126.76 0
289 303 1 1 3 0 0 0 53867 155 154 155 154 48|4126.79 0
289 303 1 1 3 0 0 0 53868 155 154 155 154 48|4127.43 0
289 303 1 1 3 0 0 0 53871 155 154 155 154 48|4128.22 0
289 303 1 1 3 0 0 0 53872 155 154 155 154 48|4128.50 0
289 303 1 1 3 0 0 0 53882 155 154 155 154 48|4129.07 0
289 303 1 1 3 0 0 0 53886 155 154 155 154 48|4129.15 0
289 303 1 1 3 0 0 0 53891 155 154 155 154 48|4129.17 0
289 303 1 1 3 0 0 0 53893 155 154 155 154 48|4129.19 0
289 303 1 1 3 0 0 0 53900 155 154 155 154 48|4129.21 0
289 303 1 1 3 0 0 0 53908 155 154 155 154 48|4129.23 0
289 303 1 1 3 0 0 0 53910 155 154 155 154 48|4129.25 0
289 303 1 1 3 0 0 0 53914 155 154 155 154 48|4129.28 0
289 303 1 1 3 0 0 0 53923 155 154 155 154 48|4129.32 0
289 303 1 1 3 0 0 0 53930 155 154 155 154 48|4129.34 0
289 303 1 1 3 0 0 0 53937 155 154 155 154 48|4129.38 0
289 303 1 1 3 0 0 0 53942 155 154 155 154 48|4129.42 0
289 303 1 1 3 0 0 0 53943 155 154 155 154 48|4129.45 0
289 303 1 1 3 0 0 0 53946 155 154 155 154 48|4129.47 0
289 303 1 1 3 0 0 0 53951 155 154 155 154 48|4129.49 0
289 303 1 1 3 0 0 0 53953 155 154 155 154 48|4129.53 0
289 303 1 1 3 0 0 0 53959 155 154 155 154 48|4129.56 0
289 303 1 1 3 0 0 0 53962 155 154 155 154 48|4129.58 0
289 303 1 1 3 0 0 0 53972 155 154 155 154 48|4129.63 0
289 303 1 1 3 0 0 0 53973 155 154 155 154 48|4129.65 0
289 303 1 1 3 0 0 0 53979 155 154 155 154 48|4129.67 0
289 303 1 1 3 0 0 0 53983 155 154 155 154 48|4129.69 0
289 303 1 1 3 0 0 0 53986 155 154 155 154 48|4129.71 0
289 303 1 1 3 0 0 0 53990 155 154 155 154 48|4129.73 0
289 303 1 1 3 0 0 0 53992 155 154 155 154 48|4129.75 0
289 303 1 1 3 0 0 0 53996 155 154 155 154 48|4129.77 0
289 303 1 1 3 0 0 0 53999 155 154 155 154 48|4129.80 0
289 303 1 1 3 0 0 0 54005 155 154 155 154 48|4129.82 0
289 303 1 1 3 0 0 0 54010 155 154 155 154 48|4129.85 0
289 303 1 1 3 0 0 0 54016 155 154 155 154 48|4129.91 0
289 303 1 1 3 0 0 0 54019 155 154 155 154 48|4129.94 0
289 303 1 1 3 0 0 0 54025 155 154 155 154 48|4129.96 0
289 303 1 1 3 0 0 0 54028 155 154 155 154 48|4129.98 0
289 303 1 1 3 0 0 0 54036 155 154 155 154 48|4130.00 0
289 303 1 1 3 0 0 0 54040 155 154 155 154 48|4130.02 0
289 303 1 1 3 0 0 0 54041 155 154 155 154 48|4130.04 0
289 303 1 1 3 0 0 0 54046 155 154 155 154 48|4130.06 0
289 303 1 1 3 0 0 0 54050 155 154 155 154 48|4130.08 0
289 303 1 1 3 0 0 0 54056 155 154 155 154 48|4130.10 0
289 303 1 1 3 0 0 0 54059 155 154 155 154 48|4130.12 0
289 303 1 1 3 0 0 0 54063 155 154 155 154 48|4130.14 0
289 303 1 1 3 0 0 0 54069 155 154 155 154 48|4130.17 0
289 303 1 1 3 0 0 0 54074 155 154 155 154 48|4130.21 0
289 303 1 1 3 0 0 0 54078 155 154 155 154 48|4130.24 0
289 303 1 1 3 0 0 0 54085 155 154 155 154 48|4130.26 0
289 303 1 1 3 0 0 0 54091 155 154 155 154 48|4130.30 0
289 303 1 1 3 0 0 0 54095 155 154 155 154 48|4130.33 0
289 303 1 1 3 0 0 0 54110 155 154 155 154 48|4130.38 0
289 303 1 1 3 0 0 0 54114 155 154 155 154 48|4130.40 0
289 303 1 1 3 0 0 0 54120 155 154 155 154 48|4130.42 0
289 303 1 1 3 0 0 0 54127 155 154 155 154 48|4130.46 0
289 303 1 1 3 0 0 0 54128 155 154 155 154 48|4130.49 0
289 303 1 1 3 0 0 0 54131 155 154 155 154 48|4130.51 0
289 303 1 1 3 0 0 0 54136 155 154 155 154 48|4130.54 0
289 303 1 1 3 0 0 0 54146 155 154 155 154 48|4130.60 0
289 303 1 1 3 0 0 0 54151 155 154 155 154 48|4130.62 0
289 303 1 1 3 0 0 0 54153 155 154 155 154 48|4130.64 0
289 303 1 1 3 0 0 0 54154 155 154 155 154 48|4130.66 0
289 303 1 1 3 0 0 0 54160 155 154 155 154 48|4130.68 0
289 303 1 1 3 0 0 0 54163 155 154 155 154 48|4130.70 0
289 303 1 1 3 0 0 0 54165 155 154 155 154 48|4130.72 0
289 303 1 1 3 0 0 0 54171 155 154 155 154 48|4130.79 0
289 303 1 1 3 0 0 0 54177 155 154 155 154 48|4130.81 0
289 303 1 1 3 0 0 0 54183 155 154 155 154 48|4130.84 0
289 303 1 1 3 0 0 0 54186 155 154 155 154 48|4130.87 0
289 303 1 1 3 0 0 0 54189 155 154 155 154 48|4130.89 0
289 303 1 1 3 0 0 0 54191 155 154 155 154 48|4130.91 0
289 303 1 1 3 0 0 0 54197 155 154 155 154 48|4130.93 0
289 303 1 1 3 0 0 0 54198 155 154 155 154 48|4130.96 0
289 303 1 1 3 0 0 0 54204 155 154 155 154 48|4130.98 0
289 303 1 1 3 0 0 0 54206 155 154 155 154 48|4131.00 0
289 303 1 1 3 0 0 0 54210 155 154 155 154 48|4131.02 0
289 303 1 1 3 0 0 0 54213 155 154 155 154 48|4131.04 0
289 303 1 1 3 0 0 0 54216 155 154 155 154 48|4131.06 0
289 303 1 1 3 0 0 0 54220 155 154 155 154 48|4131.09 0
289 303 1 1 3 0 0 0 54224 155 154 155 154 48|4131.12 0
289 303 1 1 3 0 0 0 54228 155 154 155 154 48|4131.14 0
289 303 1 1 3 0 0 0 54230 155 154 155 154 48|4131.17 0
289 303 1 1 3 0 0 0 54234 155 154 155 154 48|4131.19 0
289 303 1 1 3 0 0 0 54241 155 154 155 154 48|4131.23 0
289 303 1 1 3 0 0 0 54245 155 154 155 154 48|4131.25 0
289 303 1 1 3 0 0 0 54247 155 154 155 154 48|4131.27 0
289 303 1 1 3 0 0 0 54257 155 154 155 154 48|4131.30 0
289 303 1 1 3 0 0 0 54260 155 154 155 154 48|4131.33 0
289 303 1 1 3 0 0 0 54269 155 154 155 154 48|4131.35 0
289 303 1 1 3 0 0 0 54272 155 154 155 154 48|4131.38 0
289 303 1 1 3 0 0 0 54278 155 154 155 154 48|4131.41 0
289 303 1 1 3 0 0 0 54281 155 154 155 154 48|4131.43 0
289 303 1 1 3 0 0 0 54282 155 154 155 154 48|4131.45 0
289 303 1 1 3 0 0 0 54293 155 154 155 154 48|4131.47 0
289 303 1 1 3 0 0 0 54295 155 154 155 154 48|4131.49 0
289 303 1 1 3 0 0 0 54298 155 154 155 154 48|4131.51 0
289 303 1 1 3 0 0 0 54302 155 154 155 154 48|4131.53 0
289 303 1 1 3 0 0 0 54312 155 154 155 154 48|4131.55 0
289 303 1 1 3 0 0 0 54315 155 154 155 154 48|4131.57 0
289 303 1 1 3 0 0 0 54323 155 154 155 154 48|4131.60 0
289 303 1 1 3 0 0 0 54329 155 154 155 154 48|4131.62 0
289 303 1 1 3 0 0 0 54331 155 154 155 154 48|4131.64 0
289 303 1 1 3 0 0 0 54336 155 154 155 154 48|4131.66 0
289 303 1 1 3 0 0 0 54339 155 154 155 154 48|4131.68 0
289 303 1 1 3 0 0 0 54343 155 154 155 154 48|4131.70 0
289 303 1 1 3 0 0 0 54347 155 154 155 154 48|4131.72 0
289 303 1 1 3 0 0 0 54353 155 154 155 154 48|4131.74 0
289 303 1 1 3 0 0 0 54356 155 154 155 154 48|4131.76 0
289 303 1 1 3 0 0 0 54362 155 154 155 154 48|4131.78 0
289 303 1 1 3 0 0 0 54364 155 154 155 154 48|4131.80 0
289 303 1 1 3 0 0 0 54366 155 154 155 154 48|4131.97 0
289 303 1 1 3 0 0 0 54369 155 154 155 154 48|4132.37 0
289 303 1 1 3 0 0 0 54370 155 154 155 154 48|4132.46 0
289 303 1 1 3 0 0 0 54371 155 154 155 154 48|4132.54 0
289 303 1 1 3 0 0 0 54380 155 154 155 154 48|4133.23 0
289 303 1 1 3 0 0 0 54381 155 154 155 154 48|4133.25 0
289 303 1 1 3 0 0 0 54382 155 154 155 154 48|4133.31 0
289 303 1 1 3 0 0 0 54383 155 154 155 154 48|4133.33 0
289 303 1 1 3 0 0 0 54384 155 154 155 154 48|4133.35 0
289 303 1 1 3 0 0 0 54387 155 154 155 154 48|4133.50 0
289 303 1 1 3 0 0 0 54393 155 154 155 154 48|4133.55 0
289 303 1 1 3 0 0 0 54397 155 154 155 154 48|4133.75 0
289 303 1 1 3 0 0 0 54400 155 154 155 154 48|4133.84 0
289 303 1 1 3 0 0 0 54406 155 154 155 154 48|4133.88 0
289 303 1 1 3 0 0 0 54407 155 154 155 154 48|4133.91 0
289 303 1 1 3 0 0 0 54409 155 154 155 154 48|4133.94 0
289 303 1 1 3 0 0 0 54414 155 154 155 154 48|4133.97 0
289 303 1 1 3 0 0 0 54421 155 154 155 154 48|4134.02 0
289 303 1 1 3 0 0 0 54427 155 154 155 154 48|4134.06 0
289 303 1 1 3 0 0 0 54429 155 154 155 154 48|4134.09 0
289 303 1 1 3 0 0 0 54436 155 154 155 154 48|4134.11 0
289 303 1 1 3 0 0 0 54437 155 154 155 154 48|4134.12 0
289 303 1 1 3 0 0 0 54441 155 154 155 154 48|4134.14 0
289 303 1 1 3 0 0 0 54444 155 154 155 154 48|4134.16 0
289 303 1 1 3 0 0 0 54449 155 154 155 154 48|4134.18 0
289 303 1 1 3 0 0 0 54450 155 154 155 154 48|4134.20 0
289 303 1 1 3 0 0 0 54460 155 154 155 154 48|4134.23 0
289 303 1 1 3 0 0 0 54467 155 154 155 154 48|4134.26 0
289 303 1 1 3 0 0 0 54472 155 154 155 154 48|4134.29 0
289 303 1 1 3 0 0 0 54481 155 154 155 154 48|4134.31 0
289 303 1 1 3 0 0 0 54483 155 154 155 154 48|4134.41 0
289 303 1 1 3 0 0 0 54484 155 154 155 154 48|4134.62 0
289 303 1 1 3 0 0 0 54489 155 154 155 154 48|4135.55 0
289 303 1 1 3 0 0 0 54490 155 154 155 154 48|4135.70 0
289 303 1 1 3 0 0 0 54491 155 154 155 154 48|4136.82 0
289 303 1 1 3 0 0 0 54492 155 154 155 154 48|4137.69 0
289 303 1 1 3 0 0 0 54494 155 154 155 154 48|4137.71 0
289 303 1 1 3 0 0 0 54496 155 154 155 154 48|4137.77 0
289 303 1 1 3 0 0 0 54498 155 154 155 154 48|4137.79 0
289 303 1 1 3 0 0 0 54502 155 154 155 154 48|4137.82 0
289 303 1 1 3 0 0 0 54506 155 154 155 154 48|4137.85 0
289 303 1 1 3 0 0 0 54512 155 154 155 154 48|4137.87 0
289 303 1 1 3 0 0 0 54517 155 154 155 154 48|4137.90 0
289 303 1 1 3 0 0 0 54518 155 154 155 154 48|4137.92 0
289 303 1 1 3 0 0 0 54524 155 154 155 154 48|4137.95 0
289 303 1 1 3 0 0 0 54530 155 154 155 154 48|4137.98 0
289 303 1 1 3 0 0 0 54540 155 154 155 154 48|4138.02 0
289 303 1 1 3 0 0 0 54542 155 154 155 154 48|4138.04 0
289 303 1 1 3 0 0 0 54547 155 154 155 154 48|4138.06 0
289 303 1 1 3 0 0 0 54549 155 154 155 154 48|4138.08 0
289 303 1 1 3 0 0 0 54559 155 154 155 154 48|4138.11 0
289 303 1 1 3 0 0 0 54561 155 154 155 154 48|4138.13 0
289 303 1 1 3 0 0 0 54565 155 154 155 154 48|4138.16 0
289 303 1 1 3 0 0 0 54569 155 154 155 154 48|4138.18 0
289 303 1 1 3 0 0 0 54576 155 154 155 154 48|4138.22 0
289 303 1 1 3 0 0 0 54579 155 154 155 154 48|4138.24 0
289 303 1 1 3 0 0 0 54582 155 154 155 154 48|4138.27 0
289 303 1 1 3 0 0 0 54585 155 154 155 154 48|4138.29 0
289 303 1 1 3 0 0 0 54588 155 154 155 154 48|4138.32 0
289 303 1 1 3 0 0 0 54591 155 154 155 154 48|4138.37 0
289 303 1 1 3 0 0 0 54601 155 154 155 154 48|4138.40 0
289 303 1 1 3 0 0 0 54604 155 154 155 154 48|4138.42 0
289 303 1 1 3 0 0 0 54606 155 154 155 154 48|4138.43 0
289 303 1 1 3 0 0 0 54609 155 154 155 154 48|4138.45 0
289 303 1 1 3 0 0 0 54611 155 154 155 154 48|4138.48 0
289 303 1 1 3 0 0 0 54617 155 154 155 154 48|4138.51 0
289 303 1 1 3 0 0 0 54619 155 154 155 154 48|4138.53 0
289 303 1 1 3 0 0 0 54625 155 154 155 154 48|4138.55 0
289 303 1 1 3 0 0 0 54628 155 154 155 154 48|4138.57 0
289 303 1 1 3 0 0 0 54635 155 154 155 154 48|4138.59 0
289 303 1 1 3 0 0 0 54644 155 154 155 154 48|4138.63 0
289 303 1 1 3 0 0 0 54647 155 154 155 154 48|4138.65 0
289 303 1 1 3 0 0 0 54649 155 154 155 154 48|4138.67 0
289 303 1 1 3 0 0 0 54654 155 154 155 154 48|4138.69 0
289 303 1 1 3 0 0 0 54659 155 154 155 154 48|4138.71 0
289 303 1 1 3 0 0 0 54662 155 154 155 154 48|4138.73 0
289 303 1 1 3 0 0 0 54667 155 154 155 154 48|4138.75 0
289 303 1 1 3 0 0 0 54669 155 154 155 154 48|4138.77 0
289 303 1 1 3 0 0 0 54672 155 154 155 154 48|4138.81 0
289 303 1 1 3 0 0 0 54680 155 154 155 154 48|4138.83 0
289 303 1 1 3 0 0 0 54684 155 154 155 154 48|4138.85 0
289 303 1 1 3 0 0 0 54687 155 154 155 154 48|4138.87 0
289 303 1 1 3 0 0 0 54693 155 154 155 154 48|4138.90 0
289 303 1 1 3 0 0 0 54700 155 154 155 154 48|4138.95 0
289 303 1 1 3 0 0 0 54709 155 154 155 154 48|4138.99 0
289 303 1 1 3 0 0 0 54715 155 154 155 154 48|4139.02 0
289 303 1 1 3 0 0 0 54720 155 154 155 154 48|4139.04 0
289 303 1 1 3 0 0 0 54725 155 154 155 154 48|4139.06 0
289 303 1 1 3 0 0 0 54728 155 154 155 154 48|4139.10 0
289 303 1 1 3 0 0 0 54731 155 154 155 154 48|4139.13 0
289 303 1 1 3 0 0 0 54739 155 154 155 154 48|4139.16 0
289 303 1 1 3 0 0 0 54744 155 154 155 154 48|4139.18 0
289 303 1 1 3 0 0 0 54749 155 154 155 154 48|4139.20 0
289 303 1 1 3 0 0 0 54757 155 154 155 154 48|4139.23 0
289 303 1 1 3 0 0 0 54762 155 154 155 154 48|4139.26 0
289 303 1 1 3 0 0 0 54764 155 154 155 154 48|4139.28 0
289 303 1 1 3 0 0 0 54768 155 154 155 154 48|4139.31 0
289 303 1 1 3 0 0 0 54779 155 154 155 154 48|4139.34 0
289 303 1 1 3 0 0 0 54783 155 154 155 154 48|4139.37 0
289 303 1 1 3 0 0 0 54789 155 154 155 154 48|4139.41 0
289 303 1 1 3 0 0 0 54793 155 154 155 154 48|4139.46 0
289 303 1 1 3 0 0 0 54803 155 154 155 154 48|4139.49 0
289 303 1 1 3 0 0 0 54806 155 154 155 154 48|4139.51 0
289 303 1 1 3 0 0 0 54809 155 154 155 154 48|4139.53 0
289 303 1 1 3 0 0 0 54812 155 154 155 154 48|4139.55 0
289 303 1 1 3 0 0 0 54814 155 154 155 154 48|4139.57 0
289 303 1 1 3 0 0 0 54816 155 154 155 154 48|4139.59 0
289 303 1 1 3 0 0 0 54819 155 154 155 154 48|4139.61 0
289 303 1 1 3 0 0 0 54823 155 154 155 154 48|4139.63 0
289 303 1 1 3 0 0 0 54825 155 154 155 154 48|4139.65 0
289 303 1 1 3 0 0 0 54826 155 154 155 154 48|4139.67 0
289 303 1 1 3 0 0 0 54827 155 154 155 154 48|4139.69 0
289 303 1 1 3 0 0 0 54835 155 154 155 154 48|4139.73 0
289 303 1 1 3 0 0 0 54837 155 154 155 154 48|4139.75 0
289 303 1 1 3 0 0 0 54841 155 154 155 154 48|4139.77 0
289 303 1 1 3 0 0 0 54843 155 154 155 154 48|4139.79 0
289 303 1 1 3 0 0 0 54847 155 154 155 154 48|4139.81 0
289 303 1 1 3 0 0 0 54852 155 154 155 154 48|4139.85 0
289 303 1 1 3 0 0 0 54858 155 154 155 154 48|4139.88 0
289 303 1 1 3 0 0 0 54862 155 154 155 154 48|4139.90 0
289 303 1 1 3 0 0 0 54864 155 154 155 154 48|4139.92 0
289 303 1 1 3 0 0 0 54867 155 154 155 154 48|4139.94 0
289 303 1 1 3 0 0 0 54869 155 154 155 154 48|4139.96 0
289 303 1 1 3 0 0 0 54878 155 154 155 154 48|4140.00 0
289 303 1 1 3 0 0 0 54883 155 154 155 154 48|4140.03 0
289 303 1 1 3 0 0 0 54890 155 154 155 154 48|4140.07 0
289 303 1 1 3 0 0 0 54894 155 154 155 154 48|4140.10 0
289 303 1 1 3 0 0 0 54898 155 154 155 154 48|4140.12 0
289 303 1 1 3 0 0 0 54900 155 154 155 154 48|4140.14 0
289 303 1 1 3 0 0 0 54902 155 154 155 154 48|4140.16 0
289 303 1 1 3 0 0 0 54905 155 154 155 154 48|4140.18 0
289 303 1 1 3 0 0 0 54911 155 154 155 154 48|4140.21 0
289 303 1 1 3 0 0 0 54915 155 154 155 154 48|4140.23 0
289 303 1 1 3 0 0 0 54918 155 154 155 154 48|4140.25 0
289 303 1 1 3 0 0 0 54920 155 154 155 154 48|4140.27 0
289 303 1 1 3 0 0 0 54922 155 154 155 154 48|4140.29 0
289 303 1 1 3 0 0 0 54929 155 154 155 154 48|4140.31 0
289 303 1 1 3 0 0 0 54932 155 154 155 154 48|4140.33 0
289 303 1 1 3 0 0 0 54937 155 154 155 154 48|4140.35 0
289 303 1 1 3 0 0 0 54939 155 154 155 154 48|4140.37 0
289 303 1 1 3 0 0 0 54944 155 154 155 154 48|4140.40 0
289 303 1 1 3 0 0 0 54948 155 154 155 154 48|4140.42 0
289 303 1 1 3 0 0 0 54954 155 154 155 154 48|4140.46 0
289 303 1 1 3 0 0 0 54957 155 154 155 154 48|4140.48 0
289 303 1 1 3 0 0 0 54962 155 154 155 154 48|4140.50 0
289 303 1 1 3 0 0 0 54964 155 154 155 154 48|4140.52 0
289 303 1 1 3 0 0 0 54968 155 154 155 154 48|4140.54 0
289 303 1 1 3 0 0 0 54972 155 154 155 154 48|4140.56 0
289 303 1 1 3 0 0 0 54974 155 154 155 154 48|4140.58 0
289 303 1 1 3 0 0 0 54980 155 154 155 154 48|4140.60 0
289 303 1 1 3 0 0 0 54983 155 154 155 154 48|4140.63 0
289 303 1 1 3 0 0 0 54989 155 154 155 154 48|4140.65 0
289 303 1 1 3 0 0 0 54995 155 154 155 154 48|4140.67 0
289 303 1 1 3 0 0 0 55001 155 154 155 154 48|4140.70 0
289 303 1 1 3 0 0 0 55004 155 154 155 154 48|4140.72 0
289 303 1 1 3 0 0 0 55012 155 154 155 154 48|4140.75 0
289 303 1 1 3 0 0 0 55015 155 154 155 154 48|4140.77 0
289 303 1 1 3 0 0 0 55018 155 154 155 154 48|4140.79 0
289 303 1 1 3 0 0 0 55027 155 154 155 154 48|4140.81 0
289 303 1 1 3 0 0 0 55029 155 154 155 154 48|4140.84 0
289 303 1 1 3 0 0 0 55035 155 154 155 154 48|4140.87 0
289 303 1 1 3 0 0 0 55046 155 154 155 154 48|4140.90 0
289 303 1 1 3 0 0 0 55053 155 154 155 154 48|4140.94 0
289 303 1 1 3 0 0 0 55062 155 154 155 154 48|4141.00 0
289 303 1 1 3 0 0 0 55066 155 154 155 154 48|4141.02 0
289 303 1 1 3 0 0 0 55067 155 154 155 154 48|4141.04 0
289 303 1 1 3 0 0 0 55072 155 154 155 154 48|4141.06 0
289 303 1 1 3 0 0 0 55074 155 154 155 154 48|4141.08 0
289 303 1 1 3 0 0 0 55081 155 154 155 154 48|4141.12 0
289 303 1 1 3 0 0 0 55086 155 154 155 154 48|4141.16 0
289 303 1 1 3 0 0 0 55091 155 154 155 154 48|4141.19 0
289 303 1 1 3 0 0 0 55098 155 154 155 154 48|4141.21 0
289 303 1 1 3 0 0 0 55105 155 154 155 154 48|4141.24 0
289 303 1 1 3 0 0 0 55109 155 154 155 154 48|4141.26 0
289 303 1 1 3 0 0 0 55115 155 154 155 154 48|4141.29 0
289 303 1 1 3 0 0 0 55119 155 154 155 154 48|4141.31 0
289 303 1 1 3 0 0 0 55123 155 154 155 154 48|4141.35 0
289 303 1 1 3 0 0 0 55127 155 154 155 154 48|4141.37 0
289 303 1 1 3 0 0 0 55129 155 154 155 154 48|4141.45 0
289 303 1 1 3 0 0 0 55144 155 154 155 154 48|4141.49 0
289 303 1 1 3 0 0 0 55150 155 154 155 154 48|4141.51 0
289 303 1 1 3 0 0 0 55153 155 154 155 154 48|4141.53 0
289 303 1 1 3 0 0 0 55158 155 154 155 154 48|4141.56 0
289 303 1 1 3 0 0 0 55164 155 154 155 154 48|4141.58 0
289 303 1 1 3 0 0 0 55168 155 154 155 154 48|4141.62 0
289 303 1 1 3 0 0 0 55174 155 154 155 154 48|4141.65 0
289 303 1 1 3 0 0 0 55181 155 154 155 154 48|4141.67 0
289 303 1 1 3 0 0 0 55188 155 154 155 154 48|4141.71 0
289 303 1 1 3 0 0 0 55192 155 154 155 154 48|4141.73 0
289 303 1 1 3 0 0 0 55194 155 154 155 154 48|4141.75 0
289 303 1 1 3 0 0 0 55199 155 154 155 154 48|4141.77 0
289 303 1 1 3 0 0 0 55201 155 154 155 154 48|4141.79 0
289 303 1 1 3 0 0 0 55205 155 154 155 154 48|4141.81 0
289 303 1 1 3 0 0 0 55207 155 154 155 154 48|4141.83 0
289 303 1 1 3 0 0 0 55213 155 154 155 154 48|4141.85 0
289 303 1 1 3 0 0 0 55216 155 154 155 154 48|4141.87 0
289 303 1 1 3 0 0 0 55218 155 154 155 154 48|4141.89 0
289 303 1 1 3 0 0 0 55223 155 154 155 154 48|4141.93 0
289 303 1 1 3 0 0 0 55232 155 154 155 154 48|4141.98 0
289 303 1 1 3 0 0 0 55239 155 154 155 154 48|4142.02 0
289 303 1 1 3 0 0 0 55242 155 154 155 154 48|4142.05 0
289 303 1 1 3 0 0 0 55244 155 154 155 154 48|4142.06 0
289 303 1 1 3 0 0 0 55247 155 154 155 154 48|4142.09 0
289 303 1 1 3 0 0 0 55252 155 154 155 154 48|4142.10 0
289 303 1 1 3 0 0 0 55254 155 154 155 154 48|4142.12 0
289 303 1 1 3 0 0 0 55260 155 154 155 154 48|4142.14 0
289 303 1 1 3 0 0 0 55263 155 154 155 154 48|4142.16 0
289 303 1 1 3 0 0 0 55268 155 154 155 154 48|4142.19 0
289 303 1 1 3 0 0 0 55277 155 154 155 154 48|4142.23 0
289 303 1 1 3 0 0 0 55283 155 154 155 154 48|4142.26 0
289 303 1 1 3 0 0 0 55288 155 154 155 154 48|4142.28 0
289 303 1 1 3 0 0 0 55294 155 154 155 154 48|4142.32 0
289 303 1 1 3 0 0 0 55296 155 154 155 154 48|4142.33 0
289 303 1 1 3 0 0 0 55300 155 154 155 154 48|4142.35 0
289 303 1 1 3 0 0 0 55302 155 154 155 154 48|4142.37 0
289 303 1 1 3 0 0 0 55304 155 154 155 154 48|4142.39 0
289 303 1 1 3 0 0 0 55306 155 154 155 154 48|4142.41 0
289 303 1 1 3 0 0 0 55309 155 154 155 154 48|4142.43 0
289 303 1 1 3 0 0 0 55314 155 154 155 154 48|4142.47 0
289 303 1 1 3 0 0 0 55322 155 154 155 154 48|4142.51 0
289 303 1 1 3 0 0 0 55324 155 154 155 154 48|4142.53 0
289 303 1 1 3 0 0 0 55331 155 154 155 154 48|4142.55 0
289 303 1 1 3 0 0 0 55335 155 154 155 154 48|4142.58 0
289 303 1 1 3 0 0 0 55337 155 154 155 154 48|4142.60 0
289 303 1 1 3 0 0 0 55341 155 154 155 154 48|4142.62 0
289 303 1 1 3 0 0 0 55344 155 154 155 154 48|4142.64 0
289 303 1 1 3 0 0 0 55352 155 154 155 154 48|4142.68 0
289 303 1 1 3 0 0 0 55356 155 154 155 154 48|4142.71 0
289 303 1 1 3 0 0 0 55363 155 154 155 154 48|4142.73 0
289 303 1 1 3 0 0 0 55365 155 154 155 154 48|4142.75 0
289 303 1 1 3 0 0 0 55371 155 154 155 154 48|4142.77 0
289 303 1 1 3 0 0 0 55376 155 154 155 154 48|4142.79 0
289 303 1 1 3 0 0 0 55378 155 154 155 154 48|4142.81 0
289 303 1 1 3 0 0 0 55380 155 154 155 154 48|4142.83 0
289 303 1 1 3 0 0 0 55384 155 154 155 154 48|4142.87 0
289 303 1 1 3 0 0 0 55387 155 154 155 154 48|4142.89 0
289 303 1 1 3 0 0 0 55388 155 154 155 154 48|4142.91 0
289 303 1 1 3 0 0 0 55393 155 154 155 154 48|4142.93 0
289 303 1 1 3 0 0 0 55401 155 154 155 154 48|4142.97 0
289 303 1 1 3 0 0 0 55406 155 154 155 154 48|4143.02 0
289 303 1 1 3 0 0 0 55411 155 154 155 154 48|4143.05 0
289 303 1 1 3 0 0 0 55413 155 154 155 154 48|4143.07 0
289 303 1 1 3 0 0 0 55416 155 154 155 154 48|4143.09 0
289 303 1 1 3 0 0 0 55427 155 154 155 154 48|4143.14 0
289 303 1 1 3 0 0 0 55429 155 154 155 154 48|4143.16 0
289 303 1 1 3 0 0 0 55436 155 154 155 154 48|4143.20 0
289 303 1 1 3 0 0 0 55440 155 154 155 154 48|4143.23 0
289 303 1 1 3 0 0 0 55446 155 154 155 154 48|4143.26 0
289 303 1 1 3 0 0 0 55447 155 154 155 154 48|4143.28 0
289 303 1 1 3 0 0 0 55450 155 154 155 154 48|4143.30 0
289 303 1 1 3 0 0 0 55452 155 154 155 154 48|4143.33 0
289 303 1 1 3 0 0 0 55465 155 154 155 154 48|4143.37 0
289 303 1 1 3 0 0 0 55473 155 154 155 154 48|4143.41 0
289 303 1 1 3 0 0 0 55475 155 154 155 154 48|4143.43 0
289 303 1 1 3 0 0 0 55481 155 154 155 154 48|4143.45 0
289 303 1 1 3 0 0 0 55483 155 154 155 154 48|4143.48 0
289 303 1 1 3 0 0 0 55491 155 154 155 154 48|4143.50 0
289 303 1 1 3 0 0 0 55494 155 154 155 154 48|4143.51 0
289 303 1 1 3 0 0 0 55496 155 154 155 154 48|4143.53 0
289 303 1 1 3 0 0 0 55501 155 154 155 154 48|4143.55 0
289 303 1 1 3 0 0 0 55505 155 154 155 154 48|4143.57 0
289 303 1 1 3 0 0 0 55510 155 154 155 154 48|4143.59 0
289 303 1 1 3 0 0 0 55512 155 154 155 154 48|4143.61 0
289 303 1 1 3 0 0 0 55518 155 154 155 154 48|4143.63 0
289 303 1 1 3 0 0 0 55523 155 154 155 154 48|4143.66 0
289 303 1 1 3 0 0 0 55526 155 154 155 154 48|4143.68 0
289 303 1 1 3 0 0 0 55534 155 154 155 154 48|4143.70 0
289 303 1 1 3 0 0 0 55538 155 154 155 154 48|4143.72 0
289 303 1 1 3 0 0 0 55543 155 154 155 154 48|4143.74 0
289 303 1 1 3 0 0 0 55549 155 154 155 154 48|4143.77 0
289 303 1 1 3 0 0 0 55556 155 154 155 154 48|4143.80 0
289 303 1 1 3 0 0 0 55565 155 154 155 154 48|4143.82 0
289 303 1 1 3 0 0 0 55568 155 154 155 154 48|4143.85 0
289 303 1 1 3 0 0 0 55576 155 154 155 154 48|4143.87 0
289 303 1 1 3 0 0 0 55579 155 154 155 154 48|4143.89 0
289 303 1 1 3 0 0 0 55582 155 154 155 154 48|4143.91 0
289 303 1 1 3 0 0 0 55584 155 154 155 154 48|4143.93 0
289 303 1 1 3 0 0 0 55587 155 154 155 154 48|4143.95 0
289 303 1 1 3 0 0 0 55589 155 154 155 154 48|4143.97 0
289 303 1 1 3 0 0 0 55597 155 154 155 154 48|4143.99 0
289 303 1 1 3 0 0 0 55601 155 154 155 154 48|4144.01 0
289 303 1 1 3 0 0 0 55611 155 154 155 154 48|4144.03 0
289 303 1 1 3 0 0 0 55616 155 154 155 154 48|4144.05 0
289 303 1 1 3 0 0 0 55625 155 154 155 154 48|4144.07 0
289 303 1 1 3 0 0 0 55629 155 154 155 154 48|4144.09 0
289 303 1 1 3 0 0 0 55637 155 154 155 154 48|4144.11 0
289 303 1 1 3 0 0 0 55640 155 154 155 154 48|4144.13 0
289 303 1 1 3 0 0 0 55645 155 154 155 154 48|4144.15 0
289 303 1 1 3 0 0 0 55655 155 154 155 154 48|4144.19 0
289 303 1 1 3 0 0 0 55658 155 154 155 154 48|4144.21 0
289 303 1 1 3 0 0 0 55666 155 154 155 154 48|4144.23 0
289 303 1 1 3 0 0 0 55670 155 154 155 154 48|4144.25 0
289 303 1 1 3 0 0 0 55673 155 154 155 154 48|4144.27 0
289 303 1 1 3 0 0 0 55676 155 154 155 154 48|4144.29 0
289 303 1 1 3 0 0 0 55680 155 154 155 154 48|4144.31 0
289 303 1 1 3 0 0 0 55683 155 154 155 154 48|4144.33 0
289 303 1 1 3 0 0 0 55689 155 154 155 154 48|4144.35 0
289 303 1 1 3 0 0 0 55693 155 154 155 154 48|4144.37 0
289 303 1 1 3 0 0 0 55700 155 154 155 154 48|4144.40 0
289 303 1 1 3 0 0 0 55704 155 154 155 154 48|4144.42 0
289 303 1 1 3 0 0 0 55709 155 154 155 154 48|4144.45 0
289 303 1 1 3 0 0 0 55711 155 154 155 154 48|4144.47 0
289 303 1 1 3 0 0 0 55715 155 154 155 154 48|4144.50 0
289 303 1 1 3 0 0 0 55720 155 154 155 154 48|4144.53 0
289 303 1 1 3 0 0 0 55726 155 154 155 154 48|4144.55 0
289 303 1 1 3 0 0 0 55728 155 154 155 154 48|4144.57 0
289 303 1 1 3 0 0 0 55732 155 154 155 154 48|4144.59 0
289 303 1 1 3 0 0 0 55734 155 154 155 154 48|4144.61 0
289 303 1 1 3 0 0 0 55737 155 154 155 154 48|4144.63 0
289 303 1 1 3 0 0 0 55739 155 154 155 154 48|4144.65 0
289 303 1 1 3 0 0 0 55741 155 154 155 154 48|4144.67 0
289 303 1 1 3 0 0 0 55745 155 154 155 154 48|4144.70 0
289 303 1 1 3 0 0 0 55749 155 154 155 154 48|4144.74 0
289 303 1 1 3 0 0 0 55753 155 154 155 154 48|4144.76 0
289 303 1 1 3 0 0 0 55757 155 154 155 154 48|4144.78 0
289 303 1 1 3 0 0 0 55763 155 154 155 154 48|4144.81 0
289 303 1 1 3 0 0 0 55765 155 154 155 154 48|4144.83 0
289 303 1 1 3 0 0 0 55769 155 154 155 154 48|4144.85 0
289 303 1 1 3 0 0 0 55770 155 154 155 154 48|4144.87 0
289 303 1 1 3 0 0 0 55772 155 154 155 154 48|4144.89 0
289 303 1 1 3 0 0 0 55775 155 154 155 154 48|4144.91 0
289 303 1 1 3 0 0 0 55778 155 154 155 154 48|4144.94 0
289 303 1 1 3 0 0 0 55782 155 154 155 154 48|4144.96 0
289 303 1 1 3 0 0 0 55786 155 154 155 154 48|4144.98 0
289 303 1 1 3 0 0 0 55793 155 154 155 154 48|4145.02 0
289 303 1 1 3 0 0 0 55795 155 154 155 154 48|4145.04 0
289 303 1 1 3 0 0 0 55797 155 154 155 154 48|4145.06 0
289 303 1 1 3 0 0 0 55802 155 154 155 154 48|4145.08 0
289 303 1 1 3 0 0 0 55809 155 154 155 154 48|4145.10 0
289 303 1 1 3 0 0 0 55812 155 154 155 154 48|4145.13 0
289 303 1 1 3 0 0 0 55818 155 154 155 154 48|4145.14 0
289 303 1 1 3 0 0 0 55819 155 154 155 154 48|4145.16 0
289 303 1 1 3 0 0 0 55823 155 154 155 154 48|4145.18 0
289 303 1 1 3 0 0 0 55827 155 154 155 154 48|4145.21 0
289 303 1 1 3 0 0 0 55830 155 154 155 154 48|4145.24 0
289 303 1 1 3 0 0 0 55838 155 154 155 154 48|4145.27 0
289 303 1 1 3 0 0 0 55840 155 154 155 154 48|4145.28 0
289 303 1 1 3 0 0 0 55845 155 154 155 154 48|4145.30 0
289 303 1 1 3 0 0 0 55847 155 154 155 154 48|4145.33 0
289 303 1 1 3 0 0 0 55852 155 154 155 154 48|4145.35 0
289 303 1 1 3 0 0 0 55856 155 154 155 154 48|4145.37 0
289 303 1 1 3 0 0 0 55860 155 154 155 154 48|4145.40 0
289 303 1 1 3 0 0 0 55867 155 154 155 154 48|4145.44 0
289 303 1 1 3 0 0 0 55874 155 154 155 154 48|4145.46 0
289 303 1 1 3 0 0 0 55880 155 154 155 154 48|4145.49 0
289 303 1 1 3 0 0 0 55882 155 154 155 154 48|4145.51 0
289 303 1 1 3 0 0 0 55888 155 154 155 154 48|4145.53 0
289 303 1 1 3 0 0 0 55892 155 154 155 154 48|4145.55 0
289 303 1 1 3 0 0 0 55899 155 154 155 154 48|4145.58 0
289 303 1 1 3 0 0 0 55901 155 154 155 154 48|4145.60 0
289 303 1 1 3 0 0 0 55904 155 154 155 154 48|4145.62 0
289 303 1 1 3 0 0 0 55909 155 154 155 154 48|4145.65 0
289 303 1 1 3 0 0 0 55918 155 154 155 154 48|4145.67 0
289 303 1 1 3 0 0 0 55920 155 154 155 154 48|4145.69 0
289 303 1 1 3 0 0 0 55924 155 154 155 154 48|4145.71 0
289 303 1 1 3 0 0 0 55932 155 154 155 154 48|4145.75 0
289 303 1 1 3 0 0 0 55933 155 154 155 154 48|4145.79 0
289 303 1 1 3 0 0 0 55945 155 154 155 154 48|4145.84 0
289 303 1 1 3 0 0 0 55948 155 154 155 154 48|4145.86 0
289 303 1 1 3 0 0 0 55950 155 154 155 154 48|4145.88 0
289 303 1 1 3 0 0 0 55957 155 154 155 154 48|4145.91 0
289 303 1 1 3 0 0 0 55964 155 154 155 154 48|4145.93 0
289 303 1 1 3 0 0 0 55966 155 154 155 154 48|4145.95 0
289 303 1 1 3 0 0 0 55970 155 154 155 154 48|4145.99 0
289 303 1 1 3 0 0 0 55979 155 154 155 154 48|4146.03 0
289 303 1 1 3 0 0 0 55981 155 154 155 154 48|4146.06 0
289 303 1 1 3 0 0 0 55989 155 154 155 154 48|4146.10 0
289 303 1 1 3 0 0 0 55991 155 154 155 154 48|4146.13 0
289 303 1 1 3 0 0 0 55995 155 154 155 154 48|4146.18 0
289 303 1 1 3 0 0 0 55997 155 154 155 154 48|4146.20 0
289 303 1 1 3 0 0 0 56002 155 154 155 154 48|4146.25 0
289 303 1 1 3 0 0 0 56008 155 154 155 154 48|4146.27 0
289 303 1 1 3 0 0 0 56011 155 154 155 154 48|4146.29 0
289 303 1 1 3 0 0 0 56013 155 154 155 154 48|4146.31 0
289 303 1 1 3 0 0 0 56014 155 154 155 154 48|4146.33 0
289 303 1 1 3 0 0 0 56018 155 154 155 154 48|4146.35 0
289 303 1 1 3 0 0 0 56021 155 154 155 154 48|4146.37 0
289 303 1 1 3 0 0 0 56023 155 154 155 154 48|4146.39 0
289 303 1 1 3 0 0 0 56027 155 154 155 154 48|4146.41 0
289 303 1 1 3 0 0 0 56028 155 154 155 154 48|4146.43 0
289 303 1 1 3 0 0 0 56031 155 154 155 154 48|4146.44 0
289 303 1 1 3 0 0 0 56037 155 154 155 154 48|4146.46 0
289 303 1 1 3 0 0 0 56039 155 154 155 154 48|4146.48 0
289 303 1 1 3 0 0 0 56041 155 154 155 154 48|4146.50 0
289 303 1 1 3 0 0 0 56043 155 154 155 154 48|4146.52 0
289 303 1 1 3 0 0 0 56046 155 154 155 154 48|4146.54 0
289 303 1 1 3 0 0 0 56048 155 154 155 154 48|4146.56 0
289 303 1 1 3 0 0 0 56052 155 154 155 154 48|4146.57 0
289 303 1 1 3 0 0 0 56055 155 154 155 154 48|4146.59 0
289 303 1 1 3 0 0 0 56060 155 154 155 154 48|4146.61 0
289 303 1 1 3 0 0 0 56063 155 154 155 154 48|4146.62 0
289 303 1 1 3 0 0 0 56067 155 154 155 154 48|4146.66 0
289 303 1 1 3 0 0 0 56074 155 154 155 154 48|4146.69 0
289 303 1 1 3 0 0 0 56076 155 154 155 154 48|4146.71 0
289 303 1 1 3 0 0 0 56078 155 154 155 154 48|4146.73 0
289 303 1 1 3 0 0 0 56081 155 154 155 154 48|4146.74 0
289 303 1 1 3 0 0 0 56082 155 154 155 154 48|4146.76 0
289 303 1 1 3 0 0 0 56089 155 154 155 154 48|4146.78 0
289 303 1 1 3 0 0 0 56091 155 154 155 154 48|4146.79 0
289 303 1 1 3 0 0 0 56093 155 154 155 154 48|4146.81 0
289 303 1 1 3 0 0 0 56098 155 154 155 154 48|4146.83 0
289 303 1 1 3 0 0 0 56106 155 154 155 154 48|4146.87 0
289 303 1 1 3 0 0 0 56111 155 154 155 154 48|4146.91 0
289 303 1 1 3 0 0 0 56112 155 154 155 154 48|4146.99 0
289 303 1 1 3 0 0 0 56141 155 154 155 154 48|4147.07 0
289 303 1 1 3 0 0 0 56148 155 154 155 154 48|4147.11 0
289 303 1 1 3 0 0 0 56153 155 154 155 154 48|4147.15 0
289 303 1 1 3 0 0 0 56165 155 154 155 154 48|4147.19 0
289 303 1 1 3 0 0 0 56170 155 154 155 154 48|4147.23 0
289 303 1 1 3 0 0 0 56179 155 154 155 154 48|4147.28 0
289 303 1 1 3 0 0 0 56183 155 154 155 154 48|4147.32 0
289 303 1 1 3 0 0 0 56193 155 154 155 154 48|4147.36 0
289 303 1 1 3 0 0 0 56200 155 154 155 154 48|4147.40 0
289 303 1 1 3 0 0 0 56205 155 154 155 154 48|4147.42 0
289 303 1 1 3 0 0 0 56208 155 154 155 154 48|4147.45 0
289 303 1 1 3 0 0 0 56210 155 154 155 154 48|4147.48 0
289 303 1 1 3 0 0 0 56215 155 154 155 154 48|4147.51 0
289 303 1 1 3 0 0 0 56219 155 154 155 154 48|4147.54 0
289 303 1 1 3 0 0 0 56220 155 154 155 154 48|4147.56 0
289 303 1 1 3 0 0 0 56224 155 154 155 154 48|4147.58 0
289 303 1 1 3 0 0 0 56227 155 154 155 154 48|4147.61 0
289 303 1 1 3 0 0 0 56232 155 154 155 154 48|4147.63 0
289 303 1 1 3 0 0 0 56237 155 154 155 154 48|4147.67 0
289 303 1 1 3 0 0 0 56239 155 154 155 154 48|4147.69 0
289 303 1 1 3 0 0 0 56245 155 154 155 154 48|4147.71 0
289 303 1 1 3 0 0 0 56246 155 154 155 154 48|4147.74 0
289 303 1 1 3 0 0 0 56249 155 154 155 154 48|4147.76 0
289 303 1 1 3 0 0 0 56253 155 154 155 154 48|4147.78 0
289 303 1 1 3 0 0 0 56257 155 154 155 154 48|4147.80 0
289 303 1 1 3 0 0 0 56262 155 154 155 154 48|4147.85 0
289 303 1 1 3 0 0 0 56268 155 154 155 154 48|4147.88 0
289 303 1 1 3 0 0 0 56271 155 154 155 154 48|4147.90 0
289 303 1 1 3 0 0 0 56281 155 154 155 154 48|4147.94 0
289 303 1 1 3 0 0 0 56287 155 154 155 154 48|4147.98 0
289 303 1 1 3 0 0 0 56290 155 154 155 154 48|4148.00 0
289 303 1 1 3 0 0 0 56293 155 154 155 154 48|4148.02 0
289 303 1 1 3 0 0 0 56295 155 154 155 154 48|4148.04 0
289 303 1 1 3 0 0 0 56300 155 154 155 154 48|4148.06 0
289 303 1 1 3 0 0 0 56303 155 154 155 154 48|4148.08 0
289 303 1 1 3 0 0 0 56307 155 154 155 154 48|4148.10 0
289 303 1 1 3 0 0 0 56309 155 154 155 154 48|4148.12 0
289 303 1 1 3 0 0 0 56312 155 154 155 154 48|4148.15 0
289 303 1 1 3 0 0 0 56317 155 154 155 154 48|4148.17 0
289 303 1 1 3 0 0 0 56321 155 154 155 154 48|4148.19 0
289 303 1 1 3 0 0 0 56322 155 154 155 154 48|4148.21 0
289 303 1 1 3 0 0 0 56325 155 154 155 154 48|4148.23 0
289 303 1 1 3 0 0 0 56329 155 154 155 154 48|4148.28 0
289 303 1 1 3 0 0 0 56334 155 154 155 154 48|4148.30 0
289 303 1 1 3 0 0 0 56343 155 154 155 154 48|4148.35 0
289 303 1 1 3 0 0 0 56347 155 154 155 154 48|4148.37 0
289 303 1 1 3 0 0 0 56349 155 154 155 154 48|4148.42 0
289 303 1 1 3 0 0 0 56360 155 154 155 154 48|4148.49 0
289 303 1 1 3 0 0 0 56362 155 154 155 154 48|4148.51 0
289 303 1 1 3 0 0 0 56365 155 154 155 154 48|4148.54 0
289 303 1 1 3 0 0 0 56369 155 154 155 154 48|4148.56 0
289 303 1 1 3 0 0 0 56371 155 154 155 154 48|4148.58 0
289 303 1 1 3 0 0 0 56378 155 154 155 154 48|4148.63 0
289 303 1 1 3 0 0 0 56382 155 154 155 154 48|4148.66 0
289 303 1 1 3 0 0 0 56384 155 154 155 154 48|4148.68 0
289 303 1 1 3 0 0 0 56388 155 154 155 154 48|4148.70 0
289 303 1 1 3 0 0 0 56390 155 154 155 154 48|4148.72 0
289 303 1 1 3 0 0 0 56395 155 154 155 154 48|4148.74 0
289 303 1 1 3 0 0 0 56397 155 154 155 154 48|4148.76 0
289 303 1 1 3 0 0 0 56402 155 154 155 154 48|4148.78 0
289 303 1 1 3 0 0 0 56404 155 154 155 154 48|4148.81 0
289 303 1 1 3 0 0 0 56406 155 154 155 154 48|4148.83 0
289 303 1 1 3 0 0 0 56409 155 154 155 154 48|4148.85 0
289 303 1 1 3 0 0 0 56414 155 154 155 154 48|4148.87 0
289 303 1 1 3 0 0 0 56416 155 154 155 154 48|4148.89 0
289 303 1 1 3 0 0 0 56422 155 154 155 154 48|4148.91 0
289 303 1 1 3 0 0 0 56423 155 154 155 154 48|4148.93 0
289 303 1 1 3 0 0 0 56429 155 154 155 154 48|4148.95 0
289 303 1 1 3 0 0 0 56431 155 154 155 154 48|4148.97 0
289 303 1 1 3 0 0 0 56435 155 154 155 154 48|4149.01 0
289 303 1 1 3 0 0 0 56442 155 154 155 154 48|4149.04 0
289 303 1 1 3 0 0 0 56446 155 154 155 154 48|4149.08 0
289 303 1 1 3 0 0 0 56453 155 154 155 154 48|4149.12 0
289 303 1 1 3 0 0 0 56455 155 154 155 154 48|4149.15 0
289 303 1 1 3 0 0 0 56461 155 154 155 154 48|4149.18 0
289 303 1 1 3 0 0 0 56463 155 154 155 154 48|4149.20 0
289 303 1 1 3 0 0 0 56467 155 154 155 154 48|4149.22 0
289 303 1 1 3 0 0 0 56472 155 154 155 154 48|4149.25 0
289 303 1 1 3 0 0 0 56476 155 154 155 154 48|4149.27 0
289 303 1 1 3 0 0 0 56477 155 154 155 154 48|4149.29 0
289 303 1 1 3 0 0 0 56481 155 154 155 154 48|4149.31 0
289 303 1 1 3 0 0 0 56487 155 154 155 154 48|4149.34 0
289 303 1 1 3 0 0 0 56491 155 154 155 154 48|4149.38 0
289 303 1 1 3 0 0 0 56496 155 154 155 154 48|4149.40 0
289 303 1 1 3 0 0 0 56503 155 154 155 154 48|4149.43 0
289 303 1 1 3 0 0 0 56508 155 154 155 154 48|4149.47 0
289 303 1 1 3 0 0 0 56519 155 154 155 154 48|4149.50 0
289 303 1 1 3 0 0 0 56524 155 154 155 154 48|4149.53 0
289 303 1 1 3 0 0 0 56528 155 154 155 154 48|4149.56 0
289 303 1 1 3 0 0 0 56536 155 154 155 154 48|4149.59 0
289 303 1 1 3 0 0 0 56543 155 154 155 154 48|4149.64 0
289 303 1 1 3 0 0 0 56548 155 154 155 154 48|4149.67 0
289 303 1 1 3 0 0 0 56549 155 154 155 154 48|4149.70 0
289 303 1 1 3 0 0 0 56551 155 154 155 154 48|4149.72 0
289 303 1 1 3 0 0 0 56563 155 154 155 154 48|4149.76 0
289 303 1 1 3 0 0 0 56569 155 154 155 154 48|4149.78 0
289 303 1 1 3 0 0 0 56578 155 154 155 154 48|4149.83 0
289 303 1 1 3 0 0 0 56583 155 154 155 154 48|4149.85 0
289 303 1 1 3 0 0 0 56586 155 154 155 154 48|4149.87 0
289 303 1 1 3 0 0 0 56591 155 154 155 154 48|4149.89 0
289 303 1 1 3 0 0 0 56593 155 154 155 154 48|4149.91 0
289 303 1 1 3 0 0 0 56598 155 154 155 154 48|4149.93 0
289 303 1 1 3 0 0 0 56600 155 154 155 154 48|4149.95 0
289 303 1 1 3 0 0 0 56604 155 154 155 154 48|4149.98 0
289 303 1 1 3 0 0 0 56606 155 154 155 154 48|4150.00 0
289 303 1 1 3 0 0 0 56610 155 154 155 154 48|4150.02 0
289 303 1 1 3 0 0 0 56614 155 154 155 154 48|4150.04 0
289 303 1 1 3 0 0 0 56618 155 154 155 154 48|4150.06 0
289 303 1 1 3 0 0 0 56621 155 154 155 154 48|4150.08 0
289 303 1 1 3 0 0 0 56625 155 154 155 154 48|4150.10 0
289 303 1 1 3 0 0 0 56629 155 154 155 154 48|4150.12 0
289 303 1 1 3 0 0 0 56632 155 154 155 154 48|4150.14 0
289 303 1 1 3 0 0 0 56634 155 154 155 154 48|4150.16 0
289 303 1 1 3 0 0 0 56639 155 154 155 154 48|4150.18 0
289 303 1 1 3 0 0 0 56642 155 154 155 154 48|4150.20 0
289 303 1 1 3 0 0 0 56647 155 154 155 154 48|4150.22 0
289 303 1 1 3 0 0 0 56652 155 154 155 154 48|4150.24 0
289 303 1 1 3 0 0 0 56657 155 154 155 154 48|4150.26 0
289 303 1 1 3 0 0 0 56664 155 154 155 154 48|4150.31 0
289 303 1 1 3 0 0 0 56676 155 154 155 154 48|4150.39 0
289 303 1 1 3 0 0 0 56689 155 154 155 154 48|4150.47 0
289 303 1 1 3 0 0 0 56701 155 154 155 154 48|4150.55 0
289 303 1 1 3 0 0 0 56716 155 154 155 154 48|4150.63 0
289 303 1 1 3 0 0 0 56735 155 154 155 154 48|4150.71 0
289 303 1 1 3 0 0 0 56747 155 154 155 154 48|4150.79 0
289 303 1 1 3 0 0 0 56755 155 154 155 154 48|4150.85 0
289 303 1 1 3 0 0 0 56763 155 154 155 154 48|4150.89 0
289 303 1 1 3 0 0 0 56770 155 154 155 154 48|4150.93 0
289 303 1 1 3 0 0 0 56776 155 154 155 154 48|4150.97 0
289 303 1 1 3 0 0 0 56789 155 154 155 154 48|4151.01 0
289 303 1 1 3 0 0 0 56797 155 154 155 154 48|4151.05 0
289 303 1 1 3 0 0 0 56805 155 154 155 154 48|4151.09 0
289 303 1 1 3 0 0 0 56813 155 154 155 154 48|4151.13 0
289 303 1 1 3 0 0 0 56822 155 154 155 154 48|4151.17 0
289 303 1 1 3 0 0 0 56824 155 154 155 154 48|4151.21 0
289 303 1 1 3 0 0 0 56836 155 154 155 154 48|4151.25 0
289 303 1 1 3 0 0 0 56850 155 154 155 154 48|4151.29 0
289 303 1 1 3 0 0 0 56857 155 154 155 154 48|4151.33 0
289 303 1 1 3 0 0 0 56869 155 154 155 154 48|4151.37 0
289 303 1 1 3 0 0 0 56877 155 154 155 154 48|4151.41 0
289 303 1 1 3 0 0 0 56887 155 154 155 154 48|4151.45 0
289 303 1 1 3 0 0 0 56894 155 154 155 154 48|4151.49 0
289 303 1 1 3 0 0 0 56903 155 154 155 154 48|4151.52 0
289 303 1 1 3 0 0 0 56921 155 154 155 154 48|4151.60 0
289 303 1 1 3 0 0 0 56950 155 154 155 154 48|4151.68 0
289 303 1 1 3 0 0 0 56967 155 154 155 154 48|4151.76 0
289 303 1 1 3 0 0 0 56980 155 154 155 154 48|4151.84 0
289 303 1 1 3 0 0 0 57000 155 154 155 154 48|4151.92 0
289 303 1 1 3 0 0 0 57016 155 154 155 154 48|4152.00 0
289 303 1 1 3 0 0 0 57031 155 154 155 154 48|4152.08 0
289 303 1 1 3 0 0 0 57039 155 154 155 154 48|4152.12 0
289 303 1 1 3 0 0 0 57045 155 154 155 154 48|4152.16 0
289 303 1 1 3 0 0 0 57053 155 154 155 154 48|4152.20 0
289 303 1 1 3 0 0 0 57062 155 154 155 154 48|4152.24 0
289 303 1 1 3 0 0 0 57070 155 154 155 154 48|4152.28 0
289 303 1 1 3 0 0 0 57074 155 154 155 154 48|4152.32 0
289 303 1 1 3 0 0 0 57081 155 154 155 154 48|4152.36 0
289 303 1 1 3 0 0 0 57088 155 154 155 154 48|4152.40 0
289 303 1 1 3 0 0 0 57098 155 154 155 154 48|4152.44 0
289 303 1 1 3 0 0 0 57104 155 154 155 154 48|4152.48 0
289 303 1 1 3 0 0 0 57110 155 154 155 154 48|4152.52 0
289 303 1 1 3 0 0 0 57117 155 154 155 154 48|4152.56 0
289 303 1 1 3 0 0 0 57125 155 154 155 154 48|4152.60 0
289 303 1 1 3 0 0 0 57136 155 154 155 154 48|4152.64 0
289 303 1 1 3 0 0 0 57145 155 154 155 154 48|4152.68 0
289 303 1 1 3 0 0 0 57150 155 154 155 154 48|4152.72 0
289 303 1 1 3 0 0 0 57156 155 154 155 154 48|4152.76 0
289 303 1 1 3 0 0 0 57162 155 154 155 154 48|4152.80 0
289 303 1 1 3 0 0 0 57170 155 154 155 154 48|4152.84 0
289 303 1 1 3 0 0 0 57176 155 154 155 154 48|4152.88 0
289 303 1 1 3 0 0 0 57180 155 154 155 154 48|4152.91 0
289 303 1 1 3 0 0 0 57186 155 154 155 154 48|4152.96 0
289 303 1 1 3 0 0 0 57192 155 154 155 154 48|4152.99 0
289 303 1 1 3 0 0 0 57198 155 154 155 154 48|4153.03 0
289 303 1 1 3 0 0 0 57204 155 154 155 154 48|4153.07 0
289 303 1 1 3 0 0 0 57206 155 154 155 154 48|4153.13 0
289 303 1 1 3 0 0 0 57223 155 154 155 154 48|4153.21 0
289 303 1 1 3 0 0 0 57238 155 154 155 154 48|4153.29 0
289 303 1 1 3 0 0 0 57253 155 154 155 154 48|4153.37 0
289 303 1 1 3 0 0 0 57275 155 154 155 154 48|4153.45 0
289 303 1 1 3 0 0 0 57289 155 154 155 154 48|4153.53 0
289 303 1 1 3 0 0 0 57301 155 154 155 154 48|4153.62 0
289 303 1 1 3 0 0 0 57310 155 154 155 154 48|4153.66 0
289 303 1 1 3 0 0 0 57314 155 154 155 154 48|4153.70 0
289 303 1 1 3 0 0 0 57321 155 154 155 154 48|4153.74 0
289 303 1 1 3 0 0 0 57326 155 154 155 154 48|4153.78 0
289 303 1 1 3 0 0 0 57332 155 154 155 154 48|4153.82 0
289 303 1 1 3 0 0 0 57337 155 154 155 154 48|4153.86 0
289 303 1 1 3 0 0 0 57344 155 154 155 154 48|4153.90 0
289 303 1 1 3 0 0 0 57356 155 154 155 154 48|4153.93 0
289 303 1 1 3 0 0 0 57361 155 154 155 154 48|4153.97 0
289 303 1 1 3 0 0 0 57367 155 154 155 154 48|4154.01 0
289 303 1 1 3 0 0 0 57372 155 154 155 154 48|4154.05 0
289 303 1 1 3 0 0 0 57379 155 154 155 154 48|4154.09 0
289 303 1 1 3 0 0 0 57386 155 154 155 154 48|4154.13 0
289 303 1 1 3 0 0 0 57390 155 154 155 154 48|4154.17 0
289 303 1 1 3 0 0 0 57395 155 154 155 154 48|4154.21 0
289 303 1 1 3 0 0 0 57401 155 154 155 154 48|4154.25 0
289 303 1 1 3 0 0 0 57410 155 154 155 154 48|4154.29 0
289 303 1 1 3 0 0 0 57417 155 154 155 154 48|4154.33 0
289 303 1 1 3 0 0 0 57423 155 154 155 154 48|4154.37 0
289 303 1 1 3 0 0 0 57430 155 154 155 154 48|4154.41 0
289 303 1 1 3 0 0 0 57435 155 154 155 154 48|4154.45 0
289 303 1 1 3 0 0 0 57440 155 154 155 154 48|4154.49 0
289 303 1 1 3 0 0 0 57444 155 154 155 154 48|4154.53 0
289 303 1 1 3 0 0 0 57451 155 154 155 154 48|4154.57 0
289 303 1 1 3 0 0 0 57453 155 154 155 154 48|4154.61 0
289 303 1 1 3 0 0 0 57462 155 154 155 154 48|4154.65 0
289 303 1 1 3 0 0 0 57466 155 154 155 154 48|4154.70 0
289 303 1 1 3 0 0 0 57480 155 154 155 154 48|4154.78 0
289 303 1 1 3 0 0 0 57493 155 154 155 154 48|4154.86 0
289 303 1 1 3 0 0 0 57507 155 154 155 154 48|4154.94 0
289 303 1 1 3 0 0 0 57517 155 154 155 154 48|4155.00 0
289 303 1 1 3 0 0 0 57521 155 154 155 154 48|4155.04 0
289 303 1 1 3 0 0 0 57530 155 154 155 154 48|4155.08 0
289 303 1 1 3 0 0 0 57536 155 154 155 154 48|4155.12 0
289 303 1 1 3 0 0 0 57544 155 154 155 154 48|4155.16 0
289 303 1 1 3 0 0 0 57556 155 154 155 154 48|4155.20 0
289 303 1 1 3 0 0 0 57561 155 154 155 154 48|4155.24 0
289 303 1 1 3 0 0 0 57563 155 154 155 154 48|4155.28 0
289 303 1 1 3 0 0 0 57568 155 154 155 154 48|4155.32 0
289 303 1 1 3 0 0 0 57572 155 154 155 154 48|4155.36 0
289 303 1 1 3 0 0 0 57577 155 154 155 154 48|4155.40 0
289 303 1 1 3 0 0 0 57584 155 154 155 154 48|4155.44 0
289 303 1 1 3 0 0 0 57593 155 154 155 154 48|4155.48 0
289 303 1 1 3 0 0 0 57598 155 154 155 154 48|4155.52 0
289 303 1 1 3 0 0 0 57607 155 154 155 154 48|4155.56 0
289 303 1 1 3 0 0 0 57612 155 154 155 154 48|4155.60 0
289 303 1 1 3 0 0 0 57623 155 154 155 154 48|4155.64 0
289 303 1 1 3 0 0 0 57627 155 154 155 154 48|4155.68 0
289 303 1 1 3 0 0 0 57633 155 154 155 154 48|4155.72 0
289 303 1 1 3 0 0 0 57647 155 154 155 154 48|4155.76 0
289 303 1 1 3 0 0 0 57659 155 154 155 154 48|4155.80 0
289 303 1 1 3 0 0 0 57667 155 154 155 154 48|4155.84 0
289 303 1 1 3 0 0 0 57678 155 154 155 154 48|4155.88 0
289 303 1 1 3 0 0 0 57685 155 154 155 154 48|4155.92 0
289 303 1 1 3 0 0 0 57695 155 154 155 154 48|4155.96 0
289 303 1 1 3 0 0 0 57710 155 154 155 154 48|4156.00 0
289 303 1 1 3 0 0 0 57720 155 154 155 154 48|4156.04 0
289 303 1 1 3 0 0 0 57729 155 154 155 154 48|4156.08 0
289 303 1 1 3 0 0 0 57739 155 154 155 154 48|4156.12 0
289 303 1 1 3 0 0 0 57749 155 154 155 154 48|4156.16 0
289 303 1 1 3 0 0 0 57754 155 154 155 154 48|4156.20 0
289 303 1 1 3 0 0 0 57760 155 154 155 154 48|4156.24 0
289 303 1 1 3 0 0 0 57772 155 154 155 154 48|4156.31 0
289 303 1 1 3 0 0 0 57788 155 154 155 154 48|4156.39 0
289 303 1 1 3 0 0 0 57799 155 154 155 154 48|4156.47 0
289 303 1 1 3 0 0 0 57816 155 154 155 154 48|4156.56 0
289 303 1 1 3 0 0 0 57831 155 154 155 154 48|4156.64 0
289 303 1 1 3 0 0 0 57843 155 154 155 154 48|4156.72 0
289 303 1 1 3 0 0 0 57859 155 154 155 154 48|4156.80 0
289 303 1 1 3 0 0 0 57868 155 154 155 154 48|4156.85 0
289 303 1 1 3 0 0 0 57880 155 154 155 154 48|4156.90 0
289 303 1 1 3 0 0 0 57885 155 154 155 154 48|4156.94 0
289 303 1 1 3 0 0 0 57891 155 154 155 154 48|4156.98 0
289 303 1 1 3 0 0 0 57903 155 154 155 154 48|4157.02 0
289 303 1 1 3 0 0 0 57910 155 154 155 154 48|4157.06 0
289 303 1 1 3 0 0 0 57919 155 154 155 154 48|4157.10 0
289 303 1 1 3 0 0 0 57924 155 154 155 154 48|4157.14 0
289 303 1 1 3 0 0 0 57933 155 154 155 154 48|4157.18 0
289 303 1 1 3 0 0 0 57943 155 154 155 154 48|4157.22 0
289 303 1 1 3 0 0 0 57952 155 154 155 154 48|4157.26 0
289 303 1 1 3 0 0 0 57959 155 154 155 154 48|4157.30 0
289 303 1 1 3 0 0 0 57967 155 154 155 154 48|4157.34 0
289 303 1 1 3 0 0 0 57972 155 154 155 154 48|4157.37 0
289 303 1 1 3 0 0 0 57979 155 154 155 154 48|4157.41 0
289 303 1 1 3 0 0 0 57984 155 154 155 154 48|4157.45 0
289 303 1 1 3 0 0 0 57990 155 154 155 154 48|4157.50 0
289 303 1 1 3 0 0 0 58008 155 154 155 154 48|4157.58 0
289 303 1 1 3 0 0 0 58022 155 154 155 154 48|4157.66 0
289 303 1 1 3 0 0 0 58036 155 154 155 154 48|4157.74 0
289 303 1 1 3 0 0 0 58052 155 154 155 154 48|4157.82 0
289 303 1 1 3 0 0 0 58061 155 154 155 154 48|4157.90 0
289 303 1 1 3 0 0 0 58072 155 154 155 154 48|4157.98 0
289 303 1 1 3 0 0 0 58081 155 154 155 154 48|4158.04 0
289 303 1 1 3 0 0 0 58088 155 154 155 154 48|4158.08 0
289 303 1 1 3 0 0 0 58093 155 154 155 154 48|4158.12 0
289 303 1 1 3 0 0 0 58102 155 154 155 154 48|4158.16 0
289 303 1 1 3 0 0 0 58113 155 154 155 154 48|4158.20 0
289 303 1 1 3 0 0 0 58119 155 154 155 154 48|4158.24 0
289 303 1 1 3 0 0 0 58129 155 154 155 154 48|4158.28 0
289 303 1 1 3 0 0 0 58136 155 154 155 154 48|4158.32 0
289 303 1 1 3 0 0 0 58142 155 154 155 154 48|4158.36 0
289 303 1 1 3 0 0 0 58150 155 154 155 154 48|4158.40 0
289 303 1 1 3 0 0 0 58158 155 154 155 154 48|4158.44 0
289 303 1 1 3 0 0 0 58164 155 154 155 154 48|4158.47 0
289 303 1 1 3 0 0 0 58171 155 154 155 154 48|4158.51 0
289 303 1 1 3 0 0 0 58178 155 154 155 154 48|4158.55 0
289 303 1 1 3 0 0 0 58185 155 154 155 154 48|4158.59 0
289 303 1 1 3 0 0 0 58194 155 154 155 154 48|4158.63 0
289 303 1 1 3 0 0 0 58202 155 154 155 154 48|4158.67 0
289 303 1 1 3 0 0 0 58203 155 154 155 154 48|4158.71 0
289 303 1 1 3 0 0 0 58222 155 154 155 154 48|4158.75 0
289 303 1 1 3 0 0 0 58231 155 154 155 154 48|4158.79 0
289 303 1 1 3 0 0 0 58242 155 154 155 154 48|4158.83 0
289 303 1 1 3 0 0 0 58250 155 154 155 154 48|4158.87 0
289 303 1 1 3 0 0 0 58256 155 154 155 154 48|4158.91 0
289 303 1 1 3 0 0 0 58264 155 154 155 154 48|4158.95 0
289 303 1 1 3 0 0 0 58272 155 154 155 154 48|4158.99 0
289 303 1 1 3 0 0 0 58277 155 154 155 154 48|4159.03 0
289 303 1 1 3 0 0 0 58284 155 154 155 154 48|4159.06 0
289 303 1 1 3 0 0 0 58293 155 154 155 154 48|4159.11 0
289 303 1 1 3 0 0 0 58301 155 154 155 154 48|4159.14 0
289 303 1 1 3 0 0 0 58311 155 154 155 154 48|4159.19 0
289 303 1 1 3 0 0 0 58320 155 154 155 154 48|4159.23 0
289 303 1 1 3 0 0 0 58325 155 154 155 154 48|4159.27 0
289 303 1 1 3 0 0 0 58337 155 154 155 154 48|4159.30 0
289 303 1 1 3 0 0 0 58343 155 154 155 154 48|4159.34 0
289 303 1 1 3 0 0 0 58355 155 154 155 154 48|4159.40 0
289 303 1 1 3 0 0 0 58374 155 154 155 154 48|4159.48 0
289 303 1 1 3 0 0 0 58384 155 154 155 154 48|4159.56 0
289 303 1 1 3 0 0 0 58404 155 154 155 154 48|4159.64 0
289 303 1 1 3 0 0 0 58412 155 154 155 154 48|4159.70 0
289 303 1 1 3 0 0 0 58419 155 154 155 154 48|4159.74 0
289 303 1 1 3 0 0 0 58422 155 154 155 154 48|4159.78 0
289 303 1 1 3 0 0 0 58432 155 154 155 154 48|4159.82 0
289 303 1 1 3 0 0 0 58441 155 154 155 154 48|4159.86 0
289 303 1 1 3 0 0 0 58447 155 154 155 154 48|4159.90 0
289 303 1 1 3 0 0 0 58455 155 154 155 154 48|4159.94 0
289 303 1 1 3 0 0 0 58463 155 154 155 154 48|4159.98 0
289 303 1 1 3 0 0 0 58473 155 154 155 154 48|4160.02 0
289 303 1 1 3 0 0 0 58480 155 154 155 154 48|4160.06 0
289 303 1 1 3 0 0 0 58484 155 154 155 154 48|4160.10 0
289 303 1 1 3 0 0 0 58490 155 154 155 154 48|4160.14 0
289 303 1 1 3 0 0 0 58494 155 154 155 154 48|4160.18 0
289 303 1 1 3 0 0 0 58499 155 154 155 154 48|4160.22 0
289 303 1 1 3 0 0 0 58508 155 154 155 154 48|4160.26 0
289 303 1 1 3 0 0 0 58514 155 154 155 154 48|4160.30 0
289 303 1 1 3 0 0 0 58520 155 154 155 154 48|4160.33 0
289 303 1 1 3 0 0 0 58523 155 154 155 154 48|4160.37 0
289 303 1 1 3 0 0 0 58530 155 154 155 154 48|4160.41 0
289 303 1 1 3 0 0 0 58537 155 154 155 154 48|4160.45 0
289 303 1 1 3 0 0 0 58543 155 154 155 154 48|4160.49 0
289 303 1 1 3 0 0 0 58548 155 154 155 154 48|4160.53 0
289 303 1 1 3 0 0 0 58551 155 154 155 154 48|4160.57 0
289 303 1 1 3 0 0 0 58558 155 154 155 154 48|4160.61 0
289 303 1 1 3 0 0 0 58565 155 154 155 154 48|4160.69 0
289 303 1 1 3 0 0 0 58574 155 154 155 154 48|4160.73 0
289 303 1 1 3 0 0 0 58581 155 154 155 154 48|4160.77 0
289 303 1 1 3 0 0 0 58582 155 154 155 154 48|4160.81 0
289 303 1 1 3 0 0 0 58594 155 154 155 154 48|4160.85 0
289 303 1 1 3 0 0 0 58601 155 154 155 154 48|4160.89 0
289 303 1 1 3 0 0 0 58604 155 154 155 154 48|4160.92 0
289 303 1 1 3 0 0 0 58617 155 154 155 154 48|4160.96 0
289 303 1 1 3 0 0 0 58628 155 154 155 154 48|4161.00 0
289 303 1 1 3 0 0 0 58634 155 154 155 154 48|4161.04 0
289 303 1 1 3 0 0 0 58640 155 154 155 154 48|4161.08 0
289 303 1 1 3 0 0 0 58646 155 154 155 154 48|4161.12 0
289 303 1 1 3 0 0 0 58653 155 154 155 154 48|4161.16 0
289 303 1 1 3 0 0 0 58660 155 154 155 154 48|4161.20 0
289 303 1 1 3 0 0 0 58668 155 154 155 154 48|4161.24 0
289 303 1 1 3 0 0 0 58685 155 154 155 154 48|4161.32 0
289 303 1 1 3 0 0 0 58709 155 154 155 154 48|4161.40 0
289 303 1 1 3 0 0 0 58728 155 154 155 154 48|4161.48 0
289 303 1 1 3 0 0 0 58739 155 154 155 154 48|4161.56 0
289 303 1 1 3 0 0 0 58747 155 154 155 154 48|4161.60 0
289 303 1 1 3 0 0 0 58755 155 154 155 154 48|4161.64 0
289 303 1 1 3 0 0 0 58759 155 154 155 154 48|4161.68 0
289 303 1 1 3 0 0 0 58770 155 154 155 154 48|4161.72 0
289 303 1 1 3 0 0 0 58781 155 154 155 154 48|4161.77 0
289 303 1 1 3 0 0 0 58789 155 154 155 154 48|4161.83 0
289 303 1 1 3 0 0 0 58799 155 154 155 154 48|4161.87 0
289 303 1 1 3 0 0 0 58805 155 154 155 154 48|4161.91 0
289 303 1 1 3 0 0 0 58811 155 154 155 154 48|4161.95 0
289 303 1 1 3 0 0 0 58818 155 154 155 154 48|4161.99 0
289 303 1 1 3 0 0 0 58821 155 154 155 154 48|4162.03 0
289 303 1 1 3 0 0 0 58829 155 154 155 154 48|4162.07 0
289 303 1 1 3 0 0 0 58837 155 154 155 154 48|4162.11 0
289 303 1 1 3 0 0 0 58841 155 154 155 154 48|4162.15 0
289 303 1 1 3 0 0 0 58850 155 154 155 154 48|4162.19 0
289 303 1 1 3 0 0 0 58856 155 154 155 154 48|4162.23 0
289 303 1 1 3 0 0 0 58863 155 154 155 154 48|4162.27 0
289 303 1 1 3 0 0 0 58870 155 154 155 154 48|4162.31 0
289 303 1 1 3 0 0 0 58873 155 154 155 154 48|4162.35 0
289 303 1 1 3 0 0 0 58882 155 154 155 154 48|4162.39 0
289 303 1 1 3 0 0 0 58890 155 154 155 154 48|4162.43 0
289 303 1 1 3 0 0 0 58896 155 154 155 154 48|4162.47 0
289 303 1 1 3 0 0 0 58902 155 154 155 154 48|4162.51 0
289 303 1 1 3 0 0 0 58906 155 154 155 154 48|4162.54 0
289 303 1 1 3 0 0 0 58912 155 154 155 154 48|4162.58 0
289 303 1 1 3 0 0 0 58925 155 154 155 154 48|4162.62 0
289 303 1 1 3 0 0 0 58934 155 154 155 154 48|4162.66 0
289 303 1 1 3 0 0 0 58943 155 154 155 154 48|4162.70 0
289 303 1 1 3 0 0 0 58950 155 154 155 154 48|4162.74 0
289 303 1 1 3 0 0 0 58956 155 154 155 154 48|4162.78 0
289 303 1 1 3 0 0 0 58960 155 154 155 154 48|4162.82 0
289 303 1 1 3 0 0 0 58974 155 154 155 154 48|4162.90 0
289 303 1 1 3 0 0 0 58994 155 154 155 154 48|4162.98 0
289 303 1 1 3 0 0 0 59005 155 154 155 154 48|4163.06 0
289 303 1 1 3 0 0 0 59017 155 154 155 154 48|4163.13 0
289 303 1 1 3 0 0 0 59024 155 154 155 154 48|4163.17 0
289 303 1 1 3 0 0 0 59035 155 154 155 154 48|4163.21 0
289 303 1 1 3 0 0 0 59040 155 154 155 154 48|4163.25 0
289 303 1 1 3 0 0 0 59054 155 154 155 154 48|4163.30 0
289 303 1 1 3 0 0 0 59063 155 154 155 154 48|4163.35 0
289 303 1 1 3 0 0 0 59070 155 154 155 154 48|4163.39 0
289 303 1 1 3 0 0 0 59076 155 154 155 154 48|4163.42 0
289 303 1 1 3 0 0 0 59081 155 154 155 154 48|4163.47 0
289 303 1 1 3 0 0 0 59085 155 154 155 154 48|4163.51 0
289 303 1 1 3 0 0 0 59092 155 154 155 154 48|4163.55 0
289 303 1 1 3 0 0 0 59096 155 154 155 154 48|4163.59 0
289 303 1 1 3 0 0 0 59106 155 154 155 154 48|4163.63 0
289 303 1 1 3 0 0 0 59110 155 154 155 154 48|4163.66 0
289 303 1 1 3 0 0 0 59117 155 154 155 154 48|4163.71 0
289 303 1 1 3 0 0 0 59122 155 154 155 154 48|4163.75 0
289 303 1 1 3 0 0 0 59128 155 154 155 154 48|4163.79 0
289 303 1 1 3 0 0 0 59137 155 154 155 154 48|4163.83 0
289 303 1 1 3 0 0 0 59143 155 154 155 154 48|4163.86 0
289 303 1 1 3 0 0 0 59146 155 154 155 154 48|4163.90 0
289 303 1 1 3 0 0 0 59154 155 154 155 154 48|4163.94 0
289 303 1 1 3 0 0 0 59159 155 154 155 154 48|4163.98 0
289 303 1 1 3 0 0 0 59164 155 154 155 154 48|4164.02 0
289 303 1 1 3 0 0 0 59171 155 154 155 154 48|4164.06 0
289 303 1 1 3 0 0 0 59176 155 154 155 154 48|4164.10 0
289 303 1 1 3 0 0 0 59187 155 154 155 154 48|4164.14 0
289 303 1 1 3 0 0 0 59196 155 154 155 154 48|4164.18 0
289 303 1 1 3 0 0 0 59201 155 154 155 154 48|4164.22 0
289 303 1 1 3 0 0 0 59208 155 154 155 154 48|4164.26 0
289 303 1 1 3 0 0 0 59216 155 154 155 154 48|4164.30 0
289 303 1 1 3 0 0 0 59226 155 154 155 154 48|4164.34 0
289 303 1 1 3 0 0 0 59230 155 154 155 154 48|4164.38 0
289 303 1 1 3 0 0 0 59236 155 154 155 154 48|4164.42 0
289 303 1 1 3 0 0 0 59245 155 154 155 154 48|4164.46 0
289 303 1 1 3 0 0 0 59254 155 154 155 154 48|4164.50 0
289 303 1 1 3 0 0 0 59262 155 154 155 154 48|4164.54 0
289 303 1 1 3 0 0 0 59270 155 154 155 154 48|4164.58 0
289 303 1 1 3 0 0 0 59277 155 154 155 154 48|4164.62 0
289 303 1 1 3 0 0 0 59287 155 154 155 154 48|4164.66 0
289 303 1 1 3 0 0 0 59294 155 154 155 154 48|4164.70 0
289 303 1 1 3 0 0 0 59301 155 154 155 154 48|4164.74 0
289 303 1 1 3 0 0 0 59306 155 154 155 154 48|4164.78 0
289 303 1 1 3 0 0 0 59311 155 154 155 154 48|4164.82 0
289 303 1 1 3 0 0 0 59320 155 154 155 154 48|4164.86 0
289 303 1 1 3 0 0 0 59327 155 154 155 154 48|4164.90 0
289 303 1 1 3 0 0 0 59337 155 154 155 154 48|4164.94 0
289 303 1 1 3 0 0 0 59341 155 154 155 154 48|4164.98 0
289 303 1 1 3 0 0 0 59354 155 154 155 154 48|4165.04 0
289 303 1 1 3 0 0 0 59369 155 154 155 154 48|4165.12 0
289 303 1 1 3 0 0 0 59384 155 154 155 154 48|4165.20 0
289 303 1 1 3 0 0 0 59401 155 154 155 154 48|4165.28 0
289 303 1 1 3 0 0 0 59414 155 154 155 154 48|4165.36 0
289 303 1 1 3 0 0 0 59426 155 154 155 154 48|4165.44 0
289 303 1 1 3 0 0 0 59436 155 154 155 154 48|4165.52 0
289 303 1 1 3 0 0 0 59446 155 154 155 154 48|4165.57 0
289 303 1 1 3 0 0 0 59461 155 154 155 154 48|4165.61 0
289 303 1 1 3 0 0 0 59469 155 154 155 154 48|4165.65 0
289 303 1 1 3 0 0 0 59475 155 154 155 154 48|4165.69 0
289 303 1 1 3 0 0 0 59480 155 154 155 154 48|4165.73 0
289 303 1 1 3 0 0 0 59484 155 154 155 154 48|4165.77 0
289 303 1 1 3 0 0 0 59493 155 154 155 154 48|4165.81 0
289 303 1 1 3 0 0 0 59500 155 154 155 154 48|4165.85 0
289 303 1 1 3 0 0 0 59509 155 154 155 154 48|4165.89 0
289 303 1 1 3 0 0 0 59519 155 154 155 154 48|4165.93 0
289 303 1 1 3 0 0 0 59527 155 154 155 154 48|4165.99 0
289 303 1 1 3 0 0 0 59544 155 154 155 154 48|4166.07 0
289 303 1 1 3 0 0 0 59553 155 154 155 154 48|4166.15 0
289 303 1 1 3 0 0 0 59570 155 154 155 154 48|4166.23 0
289 303 1 1 3 0 0 0 59583 155 154 155 154 48|4166.31 0
289 303 1 1 3 0 0 0 59597 155 154 155 154 48|4166.39 0
289 303 1 1 3 0 0 0 59607 155 154 155 154 48|4166.46 0
289 303 1 1 3 0 0 0 59622 155 154 155 154 48|4166.51 0
289 303 1 1 3 0 0 0 59630 155 154 155 154 48|4166.55 0
289 303 1 1 3 0 0 0 59633 155 154 155 154 48|4166.59 0
289 303 1 1 3 0 0 0 59638 155 154 155 154 48|4166.63 0
289 303 1 1 3 0 0 0 59646 155 154 155 154 48|4166.67 0
289 303 1 1 3 0 0 0 59652 155 154 155 154 48|4166.71 0
289 303 1 1 3 0 0 0 59663 155 154 155 154 48|4166.75 0
289 303 1 1 3 0 0 0 59671 155 154 155 154 48|4166.79 0
289 303 1 1 3 0 0 0 59676 155 154 155 154 48|4166.83 0
289 303 1 1 3 0 0 0 59685 155 154 155 154 48|4166.87 0
289 303 1 1 3 0 0 0 59694 155 154 155 154 48|4166.91 0
289 303 1 1 3 0 0 0 59701 155 154 155 154 48|4166.95 0
289 303 1 1 3 0 0 0 59709 155 154 155 154 48|4166.99 0
289 303 1 1 3 0 0 0 59716 155 154 155 154 48|4167.03 0
289 303 1 1 3 0 0 0 59722 155 154 155 154 48|4167.07 0
289 303 1 1 3 0 0 0 59729 155 154 155 154 48|4167.11 0
289 303 1 1 3 0 0 0 59735 155 154 155 154 48|4167.15 0
289 303 1 1 3 0 0 0 59748 155 154 155 154 48|4167.19 0
289 303 1 1 3 0 0 0 59758 155 154 155 154 48|4167.26 0
289 303 1 1 3 0 0 0 59772 155 154 155 154 48|4167.34 0
289 303 1 1 3 0 0 0 59791 155 154 155 154 48|4167.42 0
289 303 1 1 3 0 0 0 59812 155 154 155 154 48|4167.50 0
289 303 1 1 3 0 0 0 59829 155 154 155 154 48|4167.59 0
289 303 1 1 3 0 0 0 59841 155 154 155 154 48|4167.67 0
289 303 1 1 3 0 0 0 59854 155 154 155 154 48|4167.75 0
289 303 1 1 3 0 0 0 59869 155 154 155 154 48|4167.82 0
289 303 1 1 3 0 0 0 59882 155 154 155 154 48|4167.90 0
289 303 1 1 3 0 0 0 59900 155 154 155 154 48|4167.98 0
289 303 1 1 3 0 0 0 59904 155 154 155 154 48|4168.03 0
289 303 1 1 3 0 0 0 59912 155 154 155 154 48|4168.07 0
289 303 1 1 3 0 0 0 59918 155 154 155 154 48|4168.11 0
289 303 1 1 3 0 0 0 59923 155 154 155 154 48|4168.15 0
289 303 1 1 3 0 0 0 59928 155 154 155 154 48|4168.19 0
289 303 1 1 3 0 0 0 59935 155 154 155 154 48|4168.23 0
289 303 1 1 3 0 0 0 59947 155 154 155 154 48|4168.27 0
289 303 1 1 3 0 0 0 59960 155 154 155 154 48|4168.31 0
289 303 1 1 3 0 0 0 59966 155 154 155 154 48|4168.35 0
289 303 1 1 3 0 0 0 59972 155 154 155 154 48|4168.39 0
289 303 1 1 3 0 0 0 59980 155 154 155 154 48|4168.43 0
289 303 1 1 3 0 0 0 59990 155 154 155 154 48|4168.46 0
289 303 1 1 3 0 0 0 59997 155 154 155 154 48|4168.50 0
289 303 1 1 3 0 0 0 60005 155 154 155 154 48|4168.54 0
289 303 1 1 3 0 0 0 60011 155 154 155 154 48|4168.58 0
289 303 1 1 3 0 0 0 60018 155 154 155 154 48|4168.62 0
289 303 1 1 3 0 0 0 60024 155 154 155 154 48|4168.66 0
289 303 1 1 3 0 0 0 60029 155 154 155 154 48|4168.70 0
289 303 1 1 3 0 0 0 60034 155 154 155 154 48|4168.74 0
289 303 1 1 3 0 0 0 60039 155 154 155 154 48|4168.78 0
289 303 1 1 3 0 0 0 60044 155 154 155 154 48|4168.82 0
289 303 1 1 3 0 0 0 60050 155 154 155 154 48|4168.86 0
289 303 1 1 3 0 0 0 60061 155 154 155 154 48|4168.90 0
289 303 1 1 3 0 0 0 60070 155 154 155 154 48|4168.94 0
289 303 1 1 3 0 0 0 60077 155 154 155 154 48|4168.98 0
289 303 1 1 3 0 0 0 60084 155 154 155 154 48|4169.02 0
289 303 1 1 3 0 0 0 60096 155 154 155 154 48|4169.06 0
289 303 1 1 3 0 0 0 60106 155 154 155 154 48|4169.12 0
289 303 1 1 3 0 0 0 60118 155 154 155 154 48|4169.20 0
289 303 1 1 3 0 0 0 60135 155 154 155 154 48|4169.28 0
289 303 1 1 3 0 0 0 60152 155 154 155 154 48|4169.36 0
289 303 1 1 3 0 0 0 60168 155 154 155 154 48|4169.43 0
289 303 1 1 3 0 0 0 60185 155 154 155 154 48|4169.51 0
289 303 1 1 3 0 0 0 60198 155 154 155 154 48|4169.59 0
289 303 1 1 3 0 0 0 60211 155 154 155 154 48|4169.65 0
289 303 1 1 3 0 0 0 60218 155 154 155 154 48|4169.69 0
289 303 1 1 3 0 0 0 60222 155 154 155 154 48|4169.73 0
289 303 1 1 3 0 0 0 60232 155 154 155 154 48|4169.77 0
289 303 1 1 3 0 0 0 60241 155 154 155 154 48|4169.81 0
289 303 1 1 3 0 0 0 60251 155 154 155 154 48|4169.84 0
289 303 1 1 3 0 0 0 60256 155 154 155 154 48|4169.88 0
289 303 1 1 3 0 0 0 60262 155 154 155 154 48|4169.92 0
289 303 1 1 3 0 0 0 60269 155 154 155 154 48|4169.96 0
289 303 1 1 3 0 0 0 60276 155 154 155 154 48|4170.00 0
289 303 1 1 3 0 0 0 60282 155 154 155 154 48|4170.04 0
289 303 1 1 3 0 0 0 60289 155 154 155 154 48|4170.08 0
289 303 1 1 3 0 0 0 60296 155 154 155 154 48|4170.12 0
289 303 1 1 3 0 0 0 60305 155 154 155 154 48|4170.16 0
289 303 1 1 3 0 0 0 60314 155 154 155 154 48|4170.20 0
289 303 1 1 3 0 0 0 60319 155 154 155 154 48|4170.24 0
289 303 1 1 3 0 0 0 60324 155 154 155 154 48|4170.28 0
289 303 1 1 3 0 0 0 60330 155 154 155 154 48|4170.32 0
289 303 1 1 3 0 0 0 60336 155 154 155 154 48|4170.36 0
289 303 1 1 3 0 0 0 60342 155 154 155 154 48|4170.40 0
289 303 1 1 3 0 0 0 60345 155 154 155 154 48|4170.44 0
289 303 1 1 3 0 0 0 60355 155 154 155 154 48|4170.47 0
289 303 1 1 3 0 0 0 60363 155 154 155 154 48|4170.51 0
289 303 1 1 3 0 0 0 60367 155 154 155 154 48|4170.55 0
289 303 1 1 3 0 0 0 60376 155 154 155 154 48|4170.60 0
289 303 1 1 3 0 0 0 60380 155 154 155 154 48|4170.63 0
289 303 1 1 3 0 0 0 60394 155 154 155 154 48|4170.70 0
289 303 1 1 3 0 0 0 60409 155 154 155 154 48|4170.78 0
289 303 1 1 3 0 0 0 60417 155 154 155 154 48|4170.86 0
289 303 1 1 3 0 0 0 60436 155 154 155 154 48|4170.94 0
289 303 1 1 3 0 0 0 60442 155 154 155 154 48|4170.99 0
289 303 1 1 3 0 0 0 60449 155 154 155 154 48|4171.03 0
289 303 1 1 3 0 0 0 60455 155 154 155 154 48|4171.07 0
289 303 1 1 3 0 0 0 60462 155 154 155 154 48|4171.11 0
289 303 1 1 3 0 0 0 60474 155 154 155 154 48|4171.15 0
289 303 1 1 3 0 0 0 60480 155 154 155 154 48|4171.20 0
289 303 1 1 3 0 0 0 60488 155 154 155 154 48|4171.24 0
289 303 1 1 3 0 0 0 60497 155 154 155 154 48|4171.28 0
289 303 1 1 3 0 0 0 60505 155 154 155 154 48|4171.32 0
289 303 1 1 3 0 0 0 60513 155 154 155 154 48|4171.36 0
289 303 1 1 3 0 0 0 60521 155 154 155 154 48|4171.40 0
289 303 1 1 3 0 0 0 60526 155 154 155 154 48|4171.44 0
289 303 1 1 3 0 0 0 60532 155 154 155 154 48|4171.48 0
289 303 1 1 3 0 0 0 60541 155 154 155 154 48|4171.52 0
289 303 1 1 3 0 0 0 60547 155 154 155 154 48|4171.56 0
289 303 1 1 3 0 0 0 60557 155 154 155 154 48|4171.59 0
289 303 1 1 3 0 0 0 60562 155 154 155 154 48|4171.63 0
289 303 1 1 3 0 0 0 60572 155 154 155 154 48|4171.68 0
289 303 1 1 3 0 0 0 60579 155 154 155 154 48|4171.72 0
289 303 1 1 3 0 0 0 60591 155 154 155 154 48|4171.76 0
289 303 1 1 3 0 0 0 60596 155 154 155 154 48|4171.80 0
289 303 1 1 3 0 0 0 60601 155 154 155 154 48|4171.83 0
289 303 1 1 3 0 0 0 60606 155 154 155 154 48|4171.87 0
289 303 1 1 3 0 0 0 60616 155 154 155 154 48|4171.92 0
289 303 1 1 3 0 0 0 60630 155 154 155 154 48|4172.00 0
289 303 1 1 3 0 0 0 60650 155 154 155 154 48|4172.08 0
289 303 1 1 3 0 0 0 60669 155 154 155 154 48|4172.16 0
289 303 1 1 3 0 0 0 60687 155 154 155 154 48|4172.24 0
289 303 1 1 3 0 0 0 60702 155 154 155 154 48|4172.32 0
289 303 1 1 3 0 0 0 60713 155 154 155 154 48|4172.40 0
289 303 1 1 3 0 0 0 60731 155 154 155 154 48|4172.48 0
289 303 1 1 3 0 0 0 60746 155 154 155 154 48|4172.56 0
289 303 1 1 3 0 0 0 60756 155 154 155 154 48|4172.64 0
289 303 1 1 3 0 0 0 60770 155 154 155 154 48|4172.72 0
289 303 1 1 3 0 0 0 60779 155 154 155 154 48|4172.79 0
289 303 1 1 3 0 0 0 60794 155 154 155 154 48|4172.87 0
289 303 1 1 3 0 0 0 60810 155 154 155 154 48|4172.95 0
289 303 1 1 3 0 0 0 60813 155 154 155 154 48|4173.03 0
289 303 1 1 3 0 0 0 60832 155 154 155 154 48|4173.11 0
289 303 1 1 3 0 0 0 60847 155 154 155 154 48|4173.18 0
289 303 1 1 3 0 0 0 60856 155 154 155 154 48|4173.22 0
289 303 1 1 3 0 0 0 60859 155 154 155 154 48|4173.26 0
289 303 1 1 3 0 0 0 60867 155 154 155 154 48|4173.30 0
289 303 1 1 3 0 0 0 60875 155 154 155 154 48|4173.34 0
289 303 1 1 3 0 0 0 60880 155 154 155 154 48|4173.38 0
289 303 1 1 3 0 0 0 60888 155 154 155 154 48|4173.42 0
289 303 1 1 3 0 0 0 60896 155 154 155 154 48|4173.45 0
289 303 1 1 3 0 0 0 60902 155 154 155 154 48|4173.49 0
289 303 1 1 3 0 0 0 60905 155 154 155 154 48|4173.53 0
289 303 1 1 3 0 0 0 60916 155 154 155 154 48|4173.57 0
289 303 1 1 3 0 0 0 60924 155 154 155 154 48|4173.61 0
289 303 1 1 3 0 0 0 60929 155 154 155 154 48|4173.65 0
289 303 1 1 3 0 0 0 60939 155 154 155 154 48|4173.69 0
289 303 1 1 3 0 0 0 60946 155 154 155 154 48|4173.73 0
289 303 1 1 3 0 0 0 60950 155 154 155 154 48|4173.77 0
289 303 1 1 3 0 0 0 60960 155 154 155 154 48|4173.84 0
289 303 1 1 3 0 0 0 60976 155 154 155 154 48|4173.92 0
289 303 1 1 3 0 0 0 60990 155 154 155 154 48|4174.00 0
289 303 1 1 3 0 0 0 61003 155 154 155 154 48|4174.08 0
289 303 1 1 3 0 0 0 61019 155 154 155 154 48|4174.13 0
289 303 1 1 3 0 0 0 61024 155 154 155 154 48|4174.17 0
289 303 1 1 3 0 0 0 61030 155 154 155 154 48|4174.21 0
289 303 1 1 3 0 0 0 61040 155 154 155 154 48|4174.25 0
289 303 1 1 3 0 0 0 61044 155 154 155 154 48|4174.29 0
289 303 1 1 3 0 0 0 61050 155 154 155 154 48|4174.34 0
289 303 1 1 3 0 0 0 61058 155 154 155 154 48|4174.38 0
289 303 1 1 3 0 0 0 61068 155 154 155 154 48|4174.42 0
289 303 1 1 3 0 0 0 61072 155 154 155 154 48|4174.46 0
289 303 1 1 3 0 0 0 61078 155 154 155 154 48|4174.50 0
289 303 1 1 3 0 0 0 61082 155 154 155 154 48|4174.54 0
289 303 1 1 3 0 0 0 61087 155 154 155 154 48|4174.58 0
289 303 1 1 3 0 0 0 61093 155 154 155 154 48|4174.62 0
289 303 1 1 3 0 0 0 61102 155 154 155 154 48|4174.66 0
289 303 1 1 3 0 0 0 61112 155 154 155 154 48|4174.70 0
289 303 1 1 3 0 0 0 61119 155 154 155 154 48|4174.74 0
289 303 1 1 3 0 0 0 61124 155 154 155 154 48|4174.77 0
289 303 1 1 3 0 0 0 61129 155 154 155 154 48|4174.81 0
289 303 1 1 3 0 0 0 61131 155 154 155 154 48|4174.85 0
289 303 1 1 3 0 0 0 61142 155 154 155 154 48|4174.89 0
289 303 1 1 3 0 0 0 61148 155 154 155 154 48|4174.93 0
289 303 1 1 3 0 0 0 61155 155 154 155 154 48|4174.97 0
289 303 1 1 3 0 0 0 61170 155 154 155 154 48|4175.01 0
289 303 1 1 3 0 0 0 61175 155 154 155 154 48|4175.05 0
289 303 1 1 3 0 0 0 61189 155 154 155 154 48|4175.09 0
289 303 1 1 3 0 0 0 61198 155 154 155 154 48|4175.13 0
289 303 1 1 3 0 0 0 61208 155 154 155 154 48|4175.17 0
289 303 1 1 3 0 0 0 61212 155 154 155 154 48|4175.21 0
289 303 1 1 3 0 0 0 61220 155 154 155 154 48|4175.25 0
289 303 1 1 3 0 0 0 61227 155 154 155 154 48|4175.29 0
289 303 1 1 3 0 0 0 61233 155 154 155 154 48|4175.33 0
289 303 1 1 3 0 0 0 61243 155 154 155 154 48|4175.38 0
289 303 1 1 3 0 0 0 61257 155 154 155 154 48|4175.46 0
289 303 1 1 3 0 0 0 61268 155 154 155 154 48|4175.54 0
289 303 1 1 3 0 0 0 61280 155 154 155 154 48|4175.62 0
289 303 1 1 3 0 0 0 61300 155 154 155 154 48|4175.70 0
289 303 1 1 3 0 0 0 61313 155 154 155 154 48|4175.78 0
289 303 1 1 3 0 0 0 61326 155 154 155 154 48|4175.86 0
289 303 1 1 3 0 0 0 61338 155 154 155 154 48|4175.94 0
289 303 1 1 3 0 0 0 61350 155 154 155 154 48|4176.02 0
289 303 1 1 3 0 0 0 61363 155 154 155 154 48|4176.10 0
289 303 1 1 3 0 0 0 61367 155 154 155 154 48|4176.18 0
289 303 1 1 3 0 0 0 61393 155 154 155 154 48|4176.33 0
289 303 1 1 3 0 0 0 61411 155 154 155 154 48|4176.41 0
289 303 1 1 3 0 0 0 61422 155 154 155 154 48|4176.49 0
289 303 1 1 3 0 0 0 61442 155 154 155 154 48|4176.57 0
289 303 1 1 3 0 0 0 61453 155 154 155 154 48|4176.63 0
289 303 1 1 3 0 0 0 61456 155 154 155 154 48|4176.67 0
289 303 1 1 3 0 0 0 61466 155 154 155 154 48|4176.71 0
289 303 1 1 3 0 0 0 61470 155 154 155 154 48|4176.75 0
289 303 1 1 3 0 0 0 61476 155 154 155 154 48|4176.79 0
289 303 1 1 3 0 0 0 61484 155 154 155 154 48|4176.83 0
289 303 1 1 3 0 0 0 61491 155 154 155 154 48|4176.87 0
289 303 1 1 3 0 0 0 61501 155 154 155 154 48|4176.91 0
289 303 1 1 3 0 0 0 61508 155 154 155 154 48|4176.95 0
289 303 1 1 3 0 0 0 61517 155 154 155 154 48|4176.99 0
289 303 1 1 3 0 0 0 61525 155 154 155 154 48|4177.03 0
289 303 1 1 3 0 0 0 61530 155 154 155 154 48|4177.07 0
289 303 1 1 3 0 0 0 61536 155 154 155 154 48|4177.11 0
289 303 1 1 3 0 0 0 61547 155 154 155 154 48|4177.14 0
289 303 1 1 3 0 0 0 61553 155 154 155 154 48|4177.18 0
289 303 1 1 3 0 0 0 61562 155 154 155 154 48|4177.22 0
289 303 1 1 3 0 0 0 61572 155 154 155 154 48|4177.26 0
289 303 1 1 3 0 0 0 61582 155 154 155 154 48|4177.30 0
289 303 1 1 3 0 0 0 61591 155 154 155 154 48|4177.34 0
289 303 1 1 3 0 0 0 61596 155 154 155 154 48|4177.38 0
289 303 1 1 3 0 0 0 61605 155 154 155 154 48|4177.42 0
289 303 1 1 3 0 0 0 61610 155 154 155 154 48|4177.46 0
289 303 1 1 3 0 0 0 61614 155 154 155 154 48|4177.50 0
289 303 1 1 3 0 0 0 61627 155 154 155 154 48|4177.54 0
289 303 1 1 3 0 0 0 61636 155 154 155 154 48|4177.58 0
289 303 1 1 3 0 0 0 61641 155 154 155 154 48|4177.62 0
289 303 1 1 3 0 0 0 61650 155 154 155 154 48|4177.66 0
289 303 1 1 3 0 0 0 61656 155 154 155 154 48|4177.70 0
289 303 1 1 3 0 0 0 61663 155 154 155 154 48|4177.74 0
289 303 1 1 3 0 0 0 61671 155 154 155 154 48|4177.78 0
289 303 1 1 3 0 0 0 61679 155 154 155 154 48|4177.82 0
289 303 1 1 3 0 0 0 61683 155 154 155 154 48|4177.86 0
289 303 1 1 3 0 0 0 61693 155 154 155 154 48|4177.90 0
289 303 1 1 3 0 0 0 61703 155 154 155 154 48|4177.96 0
289 303 1 1 3 0 0 0 61709 155 154 155 154 48|4178.01 0
289 303 1 1 3 0 0 0 61717 155 154 155 154 48|4178.05 0
289 303 1 1 3 0 0 0 61729 155 154 155 154 48|4178.09 0
289 303 1 1 3 0 0 0 61735 155 154 155 154 48|4178.13 0
289 303 1 1 3 0 0 0 61740 155 154 155 154 48|4178.17 0
289 303 1 1 3 0 0 0 61756 155 154 155 154 48|4178.25 0
289 303 1 1 3 0 0 0 61773 155 154 155 154 48|4178.33 0
289 303 1 1 3 0 0 0 61795 155 154 155 154 48|4178.41 0
289 303 1 1 3 0 0 0 61817 155 154 155 154 48|4178.48 0
289 303 1 1 3 0 0 0 61831 155 154 155 154 48|4178.56 0
289 303 1 1 3 0 0 0 61847 155 154 155 154 48|4178.64 0
289 303 1 1 3 0 0 0 61867 155 154 155 154 48|4178.72 0
289 303 1 1 3 0 0 0 61876 155 154 155 154 48|4178.76 0
289 303 1 1 3 0 0 0 61880 155 154 155 154 48|4178.80 0
289 303 1 1 3 0 0 0 61887 155 154 155 154 48|4178.84 0
289 303 1 1 3 0 0 0 61894 155 154 155 154 48|4178.88 0
289 303 1 1 3 0 0 0 61902 155 154 155 154 48|4178.92 0
289 303 1 1 3 0 0 0 61909 155 154 155 154 48|4178.96 0
289 303 1 1 3 0 0 0 61913 155 154 155 154 48|4179.00 0
289 303 1 1 3 0 0 0 61922 155 154 155 154 48|4179.04 0
289 303 1 1 3 0 0 0 61928 155 154 155 154 48|4179.08 0
289 303 1 1 3 0 0 0 61937 155 154 155 154 48|4179.12 0
289 303 1 1 3 0 0 0 61944 155 154 155 154 48|4179.15 0
289 303 1 1 3 0 0 0 61950 155 154 155 154 48|4179.19 0
289 303 1 1 3 0 0 0 61962 155 154 155 154 48|4179.24 0
289 303 1 1 3 0 0 0 61968 155 154 155 154 48|4179.28 0
289 303 1 1 3 0 0 0 61975 155 154 155 154 48|4179.32 0
289 303 1 1 3 0 0 0 61981 155 154 155 154 48|4179.36 0
289 303 1 1 3 0 0 0 61982 155 154 155 154 48|4179.55 0
289 303 1 1 3 0 0 0 61983 155 154 155 154 48|4179.59 0
289 303 1 1 3 0 0 0 61987 155 154 155 154 48|4180.02 0
289 303 1 1 3 0 0 0 61995 155 154 155 154 48|4180.14 0
289 303 1 1 3 0 0 0 62001 155 154 155 154 48|4180.22 0
289 303 1 1 3 0 0 0 62003 155 154 155 154 48|4180.30 0
289 303 1 1 3 0 0 0 62006 155 154 155 154 48|4180.92 0
289 303 1 1 3 0 0 0 62008 155 154 155 154 48|4181.24 0
289 303 1 1 3 0 0 0 62024 155 154 155 154 48|4181.48 0
289 303 1 1 3 0 0 0 62038 155 154 155 154 48|4181.57 0
289 303 1 1 3 0 0 0 62070 155 154 155 154 48|4181.73 0
289 303 1 1 3 0 0 0 62086 155 154 155 154 48|4181.81 0
289 303 1 1 3 0 0 0 62094 155 154 155 154 48|4181.88 0
289 303 1 1 3 0 0 0 62119 155 154 155 154 48|4181.96 0
289 303 1 1 3 0 0 0 62137 155 154 155 154 48|4182.05 0
289 303 1 1 3 0 0 0 62146 155 154 155 154 48|4182.12 0
289 303 1 1 3 0 0 0 62148 155 154 155 154 48|4182.20 0
289 303 1 1 3 0 0 0 62153 155 154 155 154 48|4182.58 0
289 303 1 1 3 0 0 0 62163 155 154 155 154 48|4182.70 0
289 303 1 1 3 0 0 0 62172 155 154 155 154 48|4182.82 0
289 303 1 1 3 0 0 0 62172 155 155 155 155 48|4184.06 0
289 303 1 1 3 0 0 0 62183 156 155 156 155 48|4184.14 0
289 303 1 1 3 0 0 0 62184 156 155 156 155 48|4184.45 0
289 303 1 1 3 0 0 0 62185 156 155 156 155 48|4185.07 0
289 303 1 1 4 0 0 0 62185 156 155 156 155 48|4186.32 0
289 303 1 1 4 0 0 0 62186 156 155 156 155 48|4186.36 0
289 303 1 1 4 0 0 0 62187 156 155 156 155 48|4186.39 0
289 303 1 1 4 0 0 0 62221 156 155 156 155 48|4186.43 0
289 303 1 1 4 0 0 0 62225 156 155 156 155 48|4186.51 0
289 303 1 1 4 0 0 0 62258 156 155 156 155 48|4186.55 0
289 303 1 1 4 0 0 0 62265 156 155 156 155 48|4186.59 0
289 303 1 1 4 0 0 0 62266 156 155 156 155 48|4186.67 0
289 303 1 1 4 0 0 0 62270 156 155 156 155 48|4186.71 0
289 303 1 1 4 0 0 0 62271 156 155 156 155 48|4186.90 0
289 303 1 1 4 0 0 0 62277 156 155 156 155 48|4186.94 0
289 303 1 1 4 0 0 0 62279 156 155 156 155 48|4186.98 0
289 303 1 1 4 0 0 0 62288 156 155 156 155 48|4187.06 0
289 303 1 1 4 0 0 0 62289 156 155 156 155 48|4187.10 0
289 303 1 1 4 0 0 0 62297 156 155 156 155 48|4187.18 0
289 303 1 1 4 0 0 0 62298 156 155 156 155 48|4187.22 0
289 303 1 1 4 0 0 0 62299 156 155 156 155 48|4187.85 0
289 303 1 1 4 0 0 0 62303 156 155 156 155 48|4188.54 0
289 303 1 1 4 0 0 0 62319 156 155 156 155 48|4188.56 0
289 303 1 1 4 0 0 0 62322 156 155 156 155 48|4188.58 0
289 303 1 1 4 0 0 0 62324 156 155 156 155 48|4188.60 0
289 303 1 1 4 0 0 0 62329 156 155 156 155 48|4188.62 0
289 303 1 1 4 0 0 0 62331 156 155 156 155 48|4188.64 0
289 303 1 1 4 0 0 0 62336 156 155 156 155 48|4188.66 0
289 303 1 1 4 0 0 0 62337 156 155 156 155 48|4188.68 0
289 303 1 1 4 0 0 0 62340 156 155 156 155 48|4188.70 0
289 303 1 1 4 0 0 0 62342 156 155 156 155 48|4188.73 0
289 303 1 1 4 0 0 0 62346 156 155 156 155 48|4188.74 0
289 303 1 1 4 0 0 0 62351 156 155 156 155 48|4188.78 0
289 303 1 1 4 0 0 0 62358 156 155 156 155 48|4188.82 0
289 303 1 1 4 0 0 0 62368 156 155 156 155 48|4188.86 0
289 303 1 1 4 0 0 0 62380 156 155 156 155 48|4188.90 0
289 303 1 1 4 0 0 0 62390 156 155 156 155 48|4188.94 0
289 303 1 1 4 0 0 0 62392 156 155 156 155 48|4188.96 0
289 303 1 1 4 0 0 0 62398 156 155 156 155 48|4188.99 0
289 303 1 1 4 0 0 0 62400 156 155 156 155 48|4189.03 0
289 303 1 1 4 0 0 0 62403 156 155 156 155 48|4189.14 0
289 303 1 1 4 0 0 0 62406 156 155 156 155 48|4189.58 0
289 303 1 1 4 0 0 0 62407 156 155 156 155 48|4189.60 0
289 303 1 1 4 0 0 0 62413 156 155 156 155 48|4189.71 0
289 303 1 1 4 0 0 0 62423 156 155 156 155 48|4189.73 0
289 303 1 1 4 0 0 0 62430 156 155 156 155 48|4189.84 0
289 303 1 1 4 0 0 0 62433 156 155 156 155 48|4189.87 0
289 303 1 1 4 0 0 0 62434 156 155 156 155 48|4190.01 0
289 303 1 1 4 0 0 0 62436 156 155 156 155 48|4191.04 0
289 303 1 1 4 0 0 0 62437 156 155 156 155 48|4191.09 0
289 303 1 1 4 0 0 0 62438 156 155 156 155 48|4191.11 0
289 303 1 1 4 0 0 0 62447 156 155 156 155 48|4191.15 0
289 303 1 1 4 0 0 0 62449 156 155 156 155 48|4191.19 0
289 303 1 1 4 0 0 0 62451 156 155 156 155 48|4191.21 0
289 303 1 1 4 0 0 0 62460 156 155 156 155 48|4191.25 0
289 303 1 1 4 0 0 0 62463 156 155 156 155 48|4191.28 0
289 303 1 1 4 0 0 0 62467 156 155 156 155 48|4191.30 0
289 303 1 1 4 0 0 0 62468 156 155 156 155 48|4191.32 0
289 303 1 1 4 0 0 0 62473 156 155 156 155 48|4191.34 0
289 303 1 1 4 0 0 0 62477 156 155 156 155 48|4191.36 0
289 303 1 1 4 0 0 0 62481 156 155 156 155 48|4191.39 0
289 303 1 1 4 0 0 0 62484 156 155 156 155 48|4191.42 0
289 303 1 1 4 0 0 0 62490 156 155 156 155 48|4191.45 0
289 303 1 1 4 0 0 0 62492 156 155 156 155 48|4191.49 0
289 303 1 1 4 0 0 0 62493 156 155 156 155 48|4191.54 0
289 303 1 1 4 0 0 0 62495 156 155 156 155 48|4191.57 0
289 303 1 1 4 0 0 0 62497 156 155 156 155 48|4191.64 0
289 303 1 1 4 0 0 0 62500 156 155 156 155 48|4191.66 0
289 303 1 1 4 0 0 0 62502 156 155 156 155 48|4191.68 0
289 303 1 1 4 0 0 0 62514 156 155 156 155 48|4191.76 0
289 303 1 1 4 0 0 0 62517 156 155 156 155 48|4191.79 0
289 303 1 1 4 0 0 0 62529 156 155 156 155 48|4191.81 0
289 303 1 1 4 0 0 0 62536 156 155 156 155 48|4191.83 0
289 303 1 1 4 0 0 0 62540 156 155 156 155 48|4191.85 0
289 303 1 1 4 0 0 0 62542 156 155 156 155 48|4191.87 0
289 303 1 1 4 0 0 0 62550 156 155 156 155 48|4191.89 0
289 303 1 1 4 0 0 0 62556 156 155 156 155 48|4191.93 0
289 303 1 1 4 0 0 0 62557 156 155 156 155 48|4191.98 0
289 303 1 1 4 0 0 0 62559 156 155 156 155 48|4191.99 0
289 303 1 1 4 0 0 0 62565 156 155 156 155 48|4192.02 0
289 303 1 1 4 0 0 0 62566 156 155 156 155 48|4192.03 0
289 303 1 1 4 0 0 0 62568 156 155 156 155 48|4192.05 0
289 303 1 1 4 0 0 0 62569 156 155 156 155 48|4192.96 0
289 303 1 1 4 0 0 0 62579 156 155 156 155 48|4193.56 0
289 303 1 1 4 0 0 0 62580 156 155 156 155 48|4193.60 0
289 303 1 1 4 0 0 0 62584 156 155 156 155 48|4193.64 0
289 303 1 1 4 0 0 0 62592 156 155 156 155 48|4193.66 0
289 303 1 1 4 0 0 0 62596 156 155 156 155 48|4193.68 0
289 303 1 1 4 0 0 0 62600 156 155 156 155 48|4193.70 0
289 303 1 1 4 0 0 0 62605 156 155 156 155 48|4193.73 0
289 303 1 1 4 0 0 0 62607 156 155 156 155 48|4193.75 0
289 303 1 1 4 0 0 0 62615 156 155 156 155 48|4193.77 0
289 303 1 1 4 0 0 0 62618 156 155 156 155 48|4193.79 0
289 303 1 1 4 0 0 0 62623 156 155 156 155 48|4193.81 0
289 303 1 1 4 0 0 0 62627 156 155 156 155 48|4193.83 0
289 303 1 1 4 0 0 0 62631 156 155 156 155 48|4193.85 0
289 303 1 1 4 0 0 0 62632 156 155 156 155 48|4193.87 0
289 303 1 1 4 0 0 0 62636 156 155 156 155 48|4193.89 0
289 303 1 1 4 0 0 0 62640 156 155 156 155 48|4193.91 0
289 303 1 1 4 0 0 0 62646 156 155 156 155 48|4194.01 0
289 303 1 1 4 0 0 0 62657 156 155 156 155 48|4194.03 0
289 303 1 1 4 0 0 0 62660 156 155 156 155 48|4194.05 0
289 303 1 1 4 0 0 0 62664 156 155 156 155 48|4194.07 0
289 303 1 1 4 0 0 0 62667 156 155 156 155 48|4194.09 0
289 303 1 1 4 0 0 0 62672 156 155 156 155 48|4194.11 0
289 303 1 1 4 0 0 0 62674 156 155 156 155 48|4194.13 0
289 303 1 1 4 0 0 0 62678 156 155 156 155 48|4194.15 0
289 303 1 1 4 0 0 0 62682 156 155 156 155 48|4194.17 0
289 303 1 1 4 0 0 0 62686 156 155 156 155 48|4194.18 0
289 303 1 1 4 0 0 0 62689 156 155 156 155 48|4194.20 0
289 303 1 1 4 0 0 0 62691 156 155 156 155 48|4194.22 0
289 303 1 1 4 0 0 0 62697 156 155 156 155 48|4194.24 0
289 303 1 1 4 0 0 0 62699 156 155 156 155 48|4194.25 0
289 303 1 1 4 0 0 0 62701 156 155 156 155 48|4194.27 0
289 303 1 1 4 0 0 0 62706 156 155 156 155 48|4194.30 0
289 303 1 1 4 0 0 0 62709 156 155 156 155 48|4194.32 0
289 303 1 1 4 0 0 0 62710 156 155 156 155 48|4194.34 0
289 303 1 1 4 0 0 0 62712 156 155 156 155 48|4194.35 0
289 303 1 1 4 0 0 0 62716 156 155 156 155 48|4194.37 0
289 303 1 1 4 0 0 0 62718 156 155 156 155 48|4194.39 0
289 303 1 1 4 0 0 0 62724 156 155 156 155 48|4194.42 0
289 303 1 1 4 0 0 0 62726 156 155 156 155 48|4194.44 0
289 303 1 1 4 0 0 0 62730 156 155 156 155 48|4194.45 0
289 303 1 1 4 0 0 0 62734 156 155 156 155 48|4194.47 0
289 303 1 1 4 0 0 0 62738 156 155 156 155 48|4194.49 0
289 303 1 1 4 0 0 0 62745 156 155 156 155 48|4194.51 0
289 303 1 1 4 0 0 0 62755 156 155 156 155 48|4194.55 0
289 303 1 1 4 0 0 0 62758 156 155 156 155 48|4194.57 0
289 303 1 1 4 0 0 0 62766 156 155 156 155 48|4194.59 0
289 303 1 1 4 0 0 0 62770 156 155 156 155 48|4194.62 0
289 303 1 1 4 0 0 0 62782 156 155 156 155 48|4194.66 0
289 303 1 1 4 0 0 0 62784 156 155 156 155 48|4194.69 0
289 303 1 1 4 0 0 0 62793 156 155 156 155 48|4194.72 0
289 303 1 1 4 0 0 0 62801 156 155 156 155 48|4194.76 0
289 303 1 1 4 0 0 0 62807 156 155 156 155 48|4194.79 0
289 303 1 1 4 0 0 0 62815 156 155 156 155 48|4194.81 0
289 303 1 1 4 0 0 0 62817 156 155 156 155 48|4194.83 0
289 303 1 1 4 0 0 0 62818 156 155 156 155 48|4194.85 0
289 303 1 1 4 0 0 0 62824 156 155 156 155 48|4194.87 0
289 303 1 1 4 0 0 0 62827 156 155 156 155 48|4194.89 0
289 303 1 1 4 0 0 0 62832 156 155 156 155 48|4194.92 0
289 303 1 1 4 0 0 0 62845 156 155 156 155 48|4194.96 0
289 303 1 1 4 0 0 0 62848 156 155 156 155 48|4194.99 0
289 303 1 1 4 0 0 0 62854 156 155 156 155 48|4195.01 0
289 303 1 1 4 0 0 0 62859 156 155 156 155 48|4195.04 0
289 303 1 1 4 0 0 0 62862 156 155 156 155 48|4195.05 0
289 303 1 1 4 0 0 0 62869 156 155 156 155 48|4195.07 0
289 303 1 1 4 0 0 0 62872 156 155 156 155 48|4195.10 0
289 303 1 1 4 0 0 0 62877 156 155 156 155 48|4195.12 0
289 303 1 1 4 0 0 0 62883 156 155 156 155 48|4195.14 0
289 303 1 1 4 0 0 0 62886 156 155 156 155 48|4195.16 0
289 303 1 1 4 0 0 0 62893 156 155 156 155 48|4195.19 0
289 303 1 1 4 0 0 0 62895 156 155 156 155 48|4195.21 0
289 303 1 1 4 0 0 0 62899 156 155 156 155 48|4195.24 0
289 303 1 1 4 0 0 0 62903 156 155 156 155 48|4195.26 0
289 303 1 1 4 0 0 0 62908 156 155 156 155 48|4195.28 0
289 303 1 1 4 0 0 0 62911 156 155 156 155 48|4195.32 0
289 303 1 1 4 0 0 0 62922 156 155 156 155 48|4195.37 0
289 303 1 1 4 0 0 0 62934 156 155 156 155 48|4195.41 0
289 303 1 1 4 0 0 0 62941 156 155 156 155 48|4195.45 0
289 303 1 1 4 0 0 0 62948 156 155 156 155 48|4195.49 0
289 303 1 1 4 0 0 0 62960 156 155 156 155 48|4195.53 0
289 303 1 1 4 0 0 0 62967 156 155 156 155 48|4195.56 0
289 303 1 1 4 0 0 0 62973 156 155 156 155 48|4195.58 0
289 303 1 1 4 0 0 0 62977 156 155 156 155 48|4195.60 0
289 303 1 1 4 0 0 0 62982 156 155 156 155 48|4195.62 0
289 303 1 1 4 0 0 0 62984 156 155 156 155 48|4195.64 0
289 303 1 1 4 0 0 0 62990 156 155 156 155 48|4195.67 0
289 303 1 1 4 0 0 0 62997 156 155 156 155 48|4195.69 0
289 303 1 1 4 0 0 0 62998 156 155 156 155 48|4195.71 0
289 303 1 1 4 0 0 0 63007 156 155 156 155 48|4195.73 0
289 303 1 1 4 0 0 0 63010 156 155 156 155 48|4195.75 0
289 303 1 1 4 0 0 0 63017 156 155 156 155 48|4195.79 0
289 303 1 1 4 0 0 0 63021 156 155 156 155 48|4195.82 0
289 303 1 1 4 0 0 0 63028 156 155 156 155 48|4195.86 0
289 303 1 1 4 0 0 0 63030 156 155 156 155 48|4195.88 0
289 303 1 1 4 0 0 0 63034 156 155 156 155 48|4195.90 0
289 303 1 1 4 0 0 0 63036 156 155 156 155 48|4195.92 0
289 303 1 1 4 0 0 0 63042 156 155 156 155 48|4195.94 0
289 303 1 1 4 0 0 0 63044 156 155 156 155 48|4195.96 0
289 303 1 1 4 0 0 0 63050 156 155 156 155 48|4195.99 0
289 303 1 1 4 0 0 0 63052 156 155 156 155 48|4196.01 0
289 303 1 1 4 0 0 0 63057 156 155 156 155 48|4196.03 0
289 303 1 1 4 0 0 0 63059 156 155 156 155 48|4196.05 0
289 303 1 1 4 0 0 0 63063 156 155 156 155 48|4196.08 0
289 303 1 1 4 0 0 0 63068 156 155 156 155 48|4196.10 0
289 303 1 1 4 0 0 0 63071 156 155 156 155 48|4196.12 0
289 303 1 1 4 0 0 0 63078 156 155 156 155 48|4196.14 0
289 303 1 1 4 0 0 0 63082 156 155 156 155 48|4196.17 0
289 303 1 1 4 0 0 0 63089 156 155 156 155 48|4196.20 0
289 303 1 1 4 0 0 0 63096 156 155 156 155 48|4196.22 0
289 303 1 1 4 0 0 0 63098 156 155 156 155 48|4196.24 0
289 303 1 1 4 0 0 0 63101 156 155 156 155 48|4196.26 0
289 303 1 1 4 0 0 0 63107 156 155 156 155 48|4196.28 0
289 303 1 1 4 0 0 0 63108 156 155 156 155 48|4196.30 0
289 303 1 1 4 0 0 0 63111 156 155 156 155 48|4196.32 0
289 303 1 1 4 0 0 0 63118 156 155 156 155 48|4196.34 0
289 303 1 1 4 0 0 0 63122 156 155 156 155 48|4196.36 0
289 303 1 1 4 0 0 0 63126 156 155 156 155 48|4196.38 0
289 303 1 1 4 0 0 0 63128 156 155 156 155 48|4196.40 0
289 303 1 1 4 0 0 0 63134 156 155 156 155 48|4196.42 0
289 303 1 1 4 0 0 0 63135 156 155 156 155 48|4196.44 0
289 303 1 1 4 0 0 0 63141 156 155 156 155 48|4196.46 0
289 303 1 1 4 0 0 0 63143 156 155 156 155 48|4196.48 0
289 303 1 1 4 0 0 0 63145 156 155 156 155 48|4196.50 0
289 303 1 1 4 0 0 0 63147 156 155 156 155 48|4196.52 0
289 303 1 1 4 0 0 0 63152 156 155 156 155 48|4196.54 0
289 303 1 1 4 0 0 0 63155 156 155 156 155 48|4196.56 0
289 303 1 1 4 0 0 0 63158 156 155 156 155 48|4196.59 0
289 303 1 1 4 0 0 0 63161 156 155 156 155 48|4196.61 0
289 303 1 1 4 0 0 0 63165 156 155 156 155 48|4196.66 0
289 303 1 1 4 0 0 0 63173 156 155 156 155 48|4196.69 0
289 303 1 1 4 0 0 0 63180 156 155 156 155 48|4196.74 0
289 303 1 1 4 0 0 0 63189 156 155 156 155 48|4196.78 0
289 303 1 1 4 0 0 0 63196 156 155 156 155 48|4196.82 0
289 303 1 1 4 0 0 0 63203 156 155 156 155 48|4196.86 0
289 303 1 1 4 0 0 0 63208 156 155 156 155 48|4196.89 0
289 303 1 1 4 0 0 0 63214 156 155 156 155 48|4196.91 0
289 303 1 1 4 0 0 0 63219 156 155 156 155 48|4196.94 0
289 303 1 1 4 0 0 0 63221 156 155 156 155 48|4196.97 0
289 303 1 1 4 0 0 0 63227 156 155 156 155 48|4196.99 0
289 303 1 1 4 0 0 0 63232 156 155 156 155 48|4197.01 0
289 303 1 1 4 0 0 0 63237 156 155 156 155 48|4197.03 0
289 303 1 1 4 0 0 0 63239 156 155 156 155 48|4197.05 0
289 303 1 1 4 0 0 0 63242 156 155 156 155 48|4197.08 0
289 303 1 1 4 0 0 0 63246 156 155 156 155 48|4197.10 0
289 303 1 1 4 0 0 0 63250 156 155 156 155 48|4197.12 0
289 303 1 1 4 0 0 0 63253 156 155 156 155 48|4197.14 0
289 303 1 1 4 0 0 0 63258 156 155 156 155 48|4197.17 0
289 303 1 1 4 0 0 0 63265 156 155 156 155 48|4197.19 0
289 303 1 1 4 0 0 0 63274 156 155 156 155 48|4197.22 0
289 303 1 1 4 0 0 0 63276 156 155 156 155 48|4197.24 0
289 303 1 1 4 0 0 0 63281 156 155 156 155 48|4197.26 0
289 303 1 1 4 0 0 0 63284 156 155 156 155 48|4197.29 0
289 303 1 1 4 0 0 0 63290 156 155 156 155 48|4197.31 0
289 303 1 1 4 0 0 0 63297 156 155 156 155 48|4197.34 0
289 303 1 1 4 0 0 0 63304 156 155 156 155 48|4197.37 0
289 303 1 1 4 0 0 0 63307 156 155 156 155 48|4197.40 0
289 303 1 1 4 0 0 0 63316 156 155 156 155 48|4197.44 0
289 303 1 1 4 0 0 0 63319 156 155 156 155 48|4197.46 0
289 303 1 1 4 0 0 0 63322 156 155 156 155 48|4197.50 0
289 303 1 1 4 0 0 0 63325 156 155 156 155 48|4197.52 0
289 303 1 1 4 0 0 0 63329 156 155 156 155 48|4197.54 0
289 303 1 1 4 0 0 0 63335 156 155 156 155 48|4197.57 0
289 303 1 1 4 0 0 0 63337 156 155 156 155 48|4197.59 0
289 303 1 1 4 0 0 0 63345 156 155 156 155 48|4197.63 0
289 303 1 1 4 0 0 0 63353 156 155 156 155 48|4197.66 0
289 303 1 1 4 0 0 0 63356 156 155 156 155 48|4197.68 0
289 303 1 1 4 0 0 0 63358 156 155 156 155 48|4197.72 0
289 303 1 1 4 0 0 0 63368 156 155 156 155 48|4197.74 0
289 303 1 1 4 0 0 0 63371 156 155 156 155 48|4197.77 0
289 303 1 1 4 0 0 0 63380 156 155 156 155 48|4197.80 0
289 303 1 1 4 0 0 0 63396 156 155 156 155 48|4197.85 0
289 303 1 1 4 0 0 0 63401 156 155 156 155 48|4197.88 0
289 303 1 1 4 0 0 0 63405 156 155 156 155 48|4197.90 0
289 303 1 1 4 0 0 0 63411 156 155 156 155 48|4197.92 0
289 303 1 1 4 0 0 0 63421 156 155 156 155 48|4197.94 0
289 303 1 1 4 0 0 0 63427 156 155 156 155 48|4197.96 0
289 303 1 1 4 0 0 0 63438 156 155 156 155 48|4197.98 0
289 303 1 1 4 0 0 0 63446 156 155 156 155 48|4198.01 0
289 303 1 1 4 0 0 0 63450 156 155 156 155 48|4198.03 0
289 303 1 1 4 0 0 0 63454 156 155 156 155 48|4198.05 0
289 303 1 1 4 0 0 0 63468 156 155 156 155 48|4198.09 0
289 303 1 1 4 0 0 0 63475 156 155 156 155 48|4198.12 0
289 303 1 1 4 0 0 0 63482 156 155 156 155 48|4198.15 0
289 303 1 1 4 0 0 0 63489 156 155 156 155 48|4198.17 0
289 303 1 1 4 0 0 0 63492 156 155 156 155 48|4198.20 0
289 303 1 1 4 0 0 0 63499 156 155 156 155 48|4198.23 0
289 303 1 1 4 0 0 0 63502 156 155 156 155 48|4198.25 0
289 303 1 1 4 0 0 0 63512 156 155 156 155 48|4198.28 0
289 303 1 1 4 0 0 0 63517 156 155 156 155 48|4198.30 0
289 303 1 1 4 0 0 0 63521 156 155 156 155 48|4198.32 0
289 303 1 1 4 0 0 0 63524 156 155 156 155 48|4198.35 0
289 303 1 1 4 0 0 0 63545 156 155 156 155 48|4198.43 0
289 303 1 1 4 0 0 0 63549 156 155 156 155 48|4198.45 0
289 303 1 1 4 0 0 0 63555 156 155 156 155 48|4198.48 0
289 303 1 1 4 0 0 0 63562 156 155 156 155 48|4198.50 0
289 303 1 1 4 0 0 0 63566 156 155 156 155 48|4198.52 0
289 303 1 1 4 0 0 0 63580 156 155 156 155 48|4198.54 0
289 303 1 1 4 0 0 0 63584 156 155 156 155 48|4198.56 0
289 303 1 1 4 0 0 0 63590 156 155 156 155 48|4198.58 0
289 303 1 1 4 0 0 0 63594 156 155 156 155 48|4198.60 0
289 303 1 1 4 0 0 0 63603 156 155 156 155 48|4198.62 0
289 303 1 1 4 0 0 0 63608 156 155 156 155 48|4198.64 0
289 303 1 1 4 0 0 0 63611 156 155 156 155 48|4198.67 0
289 303 1 1 4 0 0 0 63618 156 155 156 155 48|4198.69 0
289 303 1 1 4 0 0 0 63621 156 155 156 155 48|4198.72 0
289 303 1 1 4 0 0 0 63627 156 155 156 155 48|4198.75 0
289 303 1 1 4 0 0 0 63635 156 155 156 155 48|4198.80 0
289 303 1 1 4 0 0 0 63646 156 155 156 155 48|4198.85 0
289 303 1 1 4 0 0 0 63654 156 155 156 155 48|4198.89 0
289 303 1 1 4 0 0 0 63664 156 155 156 155 48|4198.93 0
289 303 1 1 4 0 0 0 63674 156 155 156 155 48|4198.97 0
289 303 1 1 4 0 0 0 63680 156 155 156 155 48|4199.01 0
289 303 1 1 4 0 0 0 63686 156 155 156 155 48|4199.03 0
289 303 1 1 4 0 0 0 63698 156 155 156 155 48|4199.08 0
289 303 1 1 4 0 0 0 63703 156 155 156 155 48|4199.11 0
289 303 1 1 4 0 0 0 63708 156 155 156 155 48|4199.13 0
289 303 1 1 4 0 0 0 63711 156 155 156 155 48|4199.15 0
289 303 1 1 4 0 0 0 63713 156 155 156 155 48|4199.17 0
289 303 1 1 4 0 0 0 63717 156 155 156 155 48|4199.19 0
289 303 1 1 4 0 0 0 63722 156 155 156 155 48|4199.23 0
289 303 1 1 4 0 0 0 63725 156 155 156 155 48|4199.27 0
289 303 1 1 4 0 0 0 63729 156 155 156 155 48|4199.31 0
289 303 1 1 4 0 0 0 63745 156 155 156 155 48|4199.33 0
289 303 1 1 4 0 0 0 63754 156 155 156 155 48|4199.35 0
289 303 1 1 4 0 0 0 63763 156 155 156 155 48|4199.40 0
289 303 1 1 4 0 0 0 63774 156 155 156 155 48|4199.43 0
289 303 1 1 4 0 0 0 63783 156 155 156 155 48|4199.47 0
289 303 1 1 4 0 0 0 63802 156 155 156 155 48|4199.51 0
289 303 1 1 4 0 0 0 63810 156 155 156 155 48|4199.54 0
289 303 1 1 4 0 0 0 63815 156 155 156 155 48|4199.57 0
289 303 1 1 4 0 0 0 63825 156 155 156 155 48|4199.60 0
289 303 1 1 4 0 0 0 63828 156 155 156 155 48|4199.62 0
289 303 1 1 4 0 0 0 63834 156 155 156 155 48|4199.64 0
289 303 1 1 4 0 0 0 63839 156 155 156 155 48|4199.66 0
289 303 1 1 4 0 0 0 63843 156 155 156 155 48|4199.68 0
289 303 1 1 4 0 0 0 63847 156 155 156 155 48|4199.70 0
289 303 1 1 4 0 0 0 63850 156 155 156 155 48|4199.72 0
289 303 1 1 4 0 0 0 63856 156 155 156 155 48|4199.74 0
289 303 1 1 4 0 0 0 63869 156 155 156 155 48|4199.79 0
289 303 1 1 4 0 0 0 63873 156 155 156 155 48|4199.82 0
289 303 1 1 4 0 0 0 63875 156 155 156 155 48|4199.93 0
289 303 1 1 4 0 0 0 63876 156 155 156 155 48|4200.11 0
289 303 1 1 4 0 0 0 63884 156 155 156 155 48|4200.24 0
289 303 1 1 4 0 0 0 63889 156 155 156 155 48|4200.34 0
289 303 1 1 4 0 0 0 63890 156 155 156 155 48|4200.36 0
289 303 1 1 4 0 0 0 63898 156 155 156 155 48|4200.38 0
289 303 1 1 4 0 0 0 63908 156 155 156 155 48|4200.45 0
289 303 1 1 4 0 0 0 63909 156 155 156 155 48|4200.47 0
289 303 1 1 4 0 0 0 63910 156 155 156 155 48|4200.82 0
289 303 1 1 4 0 0 0 63915 156 155 156 155 48|4201.70 0
289 303 1 1 4 0 0 0 63920 156 155 156 155 48|4201.74 0
289 303 1 1 4 0 0 0 63929 156 155 156 155 48|4201.80 0
289 303 1 1 4 0 0 0 63940 156 155 156 155 48|4201.84 0
289 303 1 1 4 0 0 0 63951 156 155 156 155 48|4201.90 0
289 303 1 1 4 0 0 0 63957 156 155 156 155 48|4201.93 0
289 303 1 1 4 0 0 0 63961 156 155 156 155 48|4201.95 0
289 303 1 1 4 0 0 0 63968 156 155 156 155 48|4201.97 0
289 303 1 1 4 0 0 0 63974 156 155 156 155 48|4201.99 0
289 303 1 1 4 0 0 0 63978 156 155 156 155 48|4202.01 0
289 303 1 1 4 0 0 0 63983 156 155 156 155 48|4202.04 0
289 303 1 1 4 0 0 0 63986 156 155 156 155 48|4202.06 0
289 303 1 1 4 0 0 0 63994 156 155 156 155 48|4202.08 0
289 303 1 1 4 0 0 0 63996 156 155 156 155 48|4202.10 0
289 303 1 1 4 0 0 0 64002 156 155 156 155 48|4202.12 0
289 303 1 1 4 0 0 0 64006 156 155 156 155 48|4202.14 0
289 303 1 1 4 0 0 0 64009 156 155 156 155 48|4202.16 0
289 303 1 1 4 0 0 0 64015 156 155 156 155 48|4202.18 0
289 303 1 1 4 0 0 0 64024 156 155 156 155 48|4202.20 0
289 303 1 1 4 0 0 0 64027 156 155 156 155 48|4202.22 0
289 303 1 1 4 0 0 0 64034 156 155 156 155 48|4202.24 0
289 303 1 1 4 0 0 0 64049 156 155 156 155 48|4202.30 0
289 303 1 1 4 0 0 0 64067 156 155 156 155 48|4202.37 0
289 303 1 1 4 0 0 0 64078 156 155 156 155 48|4202.44 0
289 303 1 1 4 0 0 0 64080 156 155 156 155 48|4202.60 0
289 303 1 1 4 0 0 0 64088 156 155 156 155 48|4202.84 0
289 303 1 1 4 0 0 0 64091 156 155 156 155 48|4202.88 0
289 303 1 1 4 0 0 0 64097 156 155 156 155 48|4202.92 0
289 303 1 1 4 0 0 0 64104 156 155 156 155 48|4202.96 0
289 303 1 1 4 0 0 0 64105 156 155 156 155 48|4203.00 0
289 303 1 1 4 0 0 0 64113 156 155 156 155 48|4203.04 0
289 303 1 1 4 0 0 0 64114 156 155 156 155 48|4204.13 0
289 303 1 1 4 0 0 0 64115 156 155 156 155 48|4204.38 0
289 303 1 1 4 0 0 0 64116 156 155 156 155 48|4204.46 0
289 303 1 1 4 0 0 0 64126 156 155 156 155 48|4204.52 0
289 303 1 1 4 0 0 0 64130 156 155 156 155 48|4204.56 0
289 303 1 1 4 0 0 0 64133 156 155 156 155 48|4204.60 0
289 303 1 1 4 0 0 0 64140 156 155 156 155 48|4204.64 0
289 303 1 1 4 0 0 0 64149 156 155 156 155 48|4204.68 0
289 303 1 1 4 0 0 0 64167 156 155 156 155 48|4204.76 0
289 303 1 1 4 0 0 0 64175 156 155 156 155 48|4204.80 0
289 303 1 1 4 0 0 0 64178 156 155 156 155 48|4204.92 0
289 303 1 1 4 0 0 0 64181 156 155 156 155 48|4205.08 0
289 303 1 1 4 0 0 0 64182 156 155 156 155 48|4205.12 0
289 303 1 1 4 0 0 0 64191 156 155 156 155 48|4205.16 0
289 303 1 1 4 0 0 0 64201 156 155 156 155 48|4205.24 0
289 303 1 1 4 0 0 0 64208 156 155 156 155 48|4205.32 0
289 303 1 1 4 0 0 0 64210 156 155 156 155 48|4205.36 0
289 303 1 1 4 0 0 0 64211 156 155 156 155 48|4206.18 0
289 303 1 1 4 0 0 0 64212 156 155 156 155 48|4206.84 0
289 303 1 1 4 0 0 0 64214 156 155 156 155 48|4206.92 0
289 303 1 1 4 0 0 0 64218 156 155 156 155 48|4206.96 0
289 303 1 1 4 0 0 0 64223 156 155 156 155 48|4207.00 0
289 303 1 1 4 0 0 0 64227 156 155 156 155 48|4207.04 0
289 303 1 1 4 0 0 0 64236 156 155 156 155 48|4207.08 0
289 303 1 1 4 0 0 0 64246 156 155 156 155 48|4207.12 0
289 303 1 1 4 0 0 0 64254 156 155 156 155 48|4207.16 0
289 303 1 1 4 0 0 0 64260 156 155 156 155 48|4207.20 0
289 303 1 1 4 0 0 0 64263 156 155 156 155 48|4207.24 0
289 303 1 1 4 0 0 0 64272 156 155 156 155 48|4207.28 0
289 303 1 1 4 0 0 0 64286 156 155 156 155 48|4207.32 0
289 303 1 1 4 0 0 0 64290 156 155 156 155 48|4207.35 0
289 303 1 1 4 0 0 0 64298 156 155 156 155 48|4207.39 0
289 303 1 1 4 0 0 0 64303 156 155 156 155 48|4207.44 0
289 303 1 1 4 0 0 0 64311 156 155 156 155 48|4207.47 0
289 303 1 1 4 0 0 0 64317 156 155 156 155 48|4207.52 0
289 303 1 1 4 0 0 0 64318 156 155 156 155 48|4207.56 0
289 303 1 1 4 0 0 0 64336 156 155 156 155 48|4207.63 0
289 303 1 1 4 0 0 0 64343 156 155 156 155 48|4207.71 0
289 303 1 1 4 0 0 0 64361 156 155 156 155 48|4207.79 0
289 303 1 1 4 0 0 0 64374 156 155 156 155 48|4207.87 0
289 303 1 1 4 0 0 0 64387 156 155 156 155 48|4207.95 0
289 303 1 1 4 0 0 0 64394 156 155 156 155 48|4207.99 0
289 303 1 1 4 0 0 0 64404 156 155 156 155 48|4208.03 0
289 303 1 1 4 0 0 0 64416 156 155 156 155 48|4208.11 0
289 303 1 1 4 0 0 0 64423 156 155 156 155 48|4208.15 0
289 303 1 1 4 0 0 0 64428 156 155 156 155 48|4208.19 0
289 303 1 1 4 0 0 0 64436 156 155 156 155 48|4208.23 0
289 303 1 1 4 0 0 0 64441 156 155 156 155 48|4208.28 0
289 303 1 1 4 0 0 0 64448 156 155 156 155 48|4208.32 0
289 303 1 1 4 0 0 0 64453 156 155 156 155 48|4208.36 0
289 303 1 1 4 0 0 0 64455 156 155 156 155 48|4208.40 0
289 303 1 1 4 0 0 0 64457 156 155 156 155 48|4208.51 0
289 303 1 1 4 0 0 0 64467 156 155 156 155 48|4209.25 0
289 303 1 1 4 0 0 0 64480 156 155 156 155 48|4209.33 0
289 303 1 1 4 0 0 0 64489 156 155 156 155 48|4209.41 0
289 303 1 1 4 0 0 0 64490 156 155 156 155 48|4209.49 0
289 303 1 1 4 0 0 0 64493 156 155 156 155 48|4209.64 0
289 303 1 1 4 0 0 0 64494 156 155 156 155 48|4209.88 0
289 303 1 1 4 0 0 0 64497 156 155 156 155 48|4210.03 0
289 303 1 1 4 0 0 0 64499 156 155 156 155 48|4210.34 0
289 303 1 1 4 0 0 0 64500 156 155 156 155 48|4210.52 0
289 303 1 1 4 0 0 0 64508 156 155 156 155 48|4210.56 0
289 303 1 1 4 0 0 0 64510 156 155 156 155 48|4210.60 0
289 303 1 1 4 0 0 0 64515 156 155 156 155 48|4210.68 0
289 303 1 1 4 0 0 0 64520 156 155 156 155 48|4210.72 0
289 303 1 1 4 0 0 0 64528 156 155 156 155 48|4210.76 0
289 303 1 1 4 0 0 0 64535 156 155 156 155 48|4210.80 0
289 303 1 1 4 0 0 0 64541 156 155 156 155 48|4210.84 0
289 303 1 1 4 0 0 0 64547 156 155 156 155 48|4210.88 0
289 303 1 1 4 0 0 0 64564 156 155 156 155 48|4210.92 0
289 303 1 1 4 0 0 0 64566 156 155 156 155 48|4210.96 0
289 303 1 1 4 0 0 0 64579 156 155 156 155 48|4211.00 0
289 303 1 1 4 0 0 0 64582 156 155 156 155 48|4211.04 0
289 303 1 1 4 0 0 0 64591 156 155 156 155 48|4211.08 0
289 303 1 1 4 0 0 0 64599 156 155 156 155 48|4211.12 0
289 303 1 1 4 0 0 0 64615 156 155 156 155 48|4211.16 0
289 303 1 1 4 0 0 0 64621 156 155 156 155 48|4211.20 0
289 303 1 1 4 0 0 0 64630 156 155 156 155 48|4211.24 0
289 303 1 1 4 0 0 0 64635 156 155 156 155 48|4211.28 0
289 303 1 1 4 0 0 0 64645 156 155 156 155 48|4211.32 0
289 303 1 1 4 0 0 0 64653 156 155 156 155 48|4211.36 0
289 303 1 1 4 0 0 0 64660 156 155 156 155 48|4211.39 0
289 303 1 1 4 0 0 0 64672 156 155 156 155 48|4211.43 0
289 303 1 1 4 0 0 0 64683 156 155 156 155 48|4211.48 0
289 303 1 1 4 0 0 0 64693 156 155 156 155 48|4211.52 0
289 303 1 1 4 0 0 0 64702 156 155 156 155 48|4211.56 0
289 303 1 1 4 0 0 0 64708 156 155 156 155 48|4211.59 0
289 303 1 1 4 0 0 0 64716 156 155 156 155 48|4211.63 0
289 303 1 1 4 0 0 0 64722 156 155 156 155 48|4211.67 0
289 303 1 1 4 0 0 0 64726 156 155 156 155 48|4211.72 0
289 303 1 1 4 0 0 0 64731 156 155 156 155 48|4211.75 0
289 303 1 1 4 0 0 0 64735 156 155 156 155 48|4211.80 0
289 303 1 1 4 0 0 0 64743 156 155 156 155 48|4211.84 0
289 303 1 1 4 0 0 0 64753 156 155 156 155 48|4211.88 0
289 303 1 1 4 0 0 0 64760 156 155 156 155 48|4211.92 0
289 303 1 1 4 0 0 0 64765 156 155 156 155 48|4211.96 0
289 303 1 1 4 0 0 0 64772 156 155 156 155 48|4212.00 0
289 303 1 1 4 0 0 0 64780 156 155 156 155 48|4212.05 0
289 303 1 1 4 0 0 0 64789 156 155 156 155 48|4212.13 0
289 303 1 1 4 0 0 0 64802 156 155 156 155 48|4212.21 0
289 303 1 1 4 0 0 0 64814 156 155 156 155 48|4212.29 0
289 303 1 1 4 0 0 0 64824 156 155 156 155 48|4212.37 0
289 303 1 1 4 0 0 0 64838 156 155 156 155 48|4212.44 0
289 303 1 1 4 0 0 0 64851 156 155 156 155 48|4212.52 0
289 303 1 1 4 0 0 0 64863 156 155 156 155 48|4212.58 0
289 303 1 1 4 0 0 0 64869 156 155 156 155 48|4212.62 0
289 303 1 1 4 0 0 0 64875 156 155 156 155 48|4212.66 0
289 303 1 1 4 0 0 0 64884 156 155 156 155 48|4212.70 0
289 303 1 1 4 0 0 0 64889 156 155 156 155 48|4212.74 0
289 303 1 1 4 0 0 0 64897 156 155 156 155 48|4212.78 0
289 303 1 1 4 0 0 0 64898 156 155 156 155 48|4212.82 0
289 303 1 1 4 0 0 0 64904 156 155 156 155 48|4212.86 0
289 303 1 1 4 0 0 0 64909 156 155 156 155 48|4212.90 0
289 303 1 1 4 0 0 0 64913 156 155 156 155 48|4212.94 0
289 303 1 1 4 0 0 0 64921 156 155 156 155 48|4212.98 0
289 303 1 1 4 0 0 0 64928 156 155 156 155 48|4213.02 0
289 303 1 1 4 0 0 0 64935 156 155 156 155 48|4213.06 0
289 303 1 1 4 0 0 0 64944 156 155 156 155 48|4213.10 0
289 303 1 1 4 0 0 0 64947 156 155 156 155 48|4213.13 0
289 303 1 1 4 0 0 0 64960 156 155 156 155 48|4213.21 0
289 303 1 1 4 0 0 0 64966 156 155 156 155 48|4213.25 0
289 303 1 1 4 0 0 0 64972 156 155 156 155 48|4213.29 0
289 303 1 1 4 0 0 0 64976 156 155 156 155 48|4213.33 0
289 303 1 1 4 0 0 0 64979 156 155 156 155 48|4213.37 0
289 303 1 1 4 0 0 0 64990 156 155 156 155 48|4213.41 0
289 303 1 1 4 0 0 0 64998 156 155 156 155 48|4213.45 0
289 303 1 1 4 0 0 0 65004 156 155 156 155 48|4213.49 0
289 303 1 1 4 0 0 0 65011 156 155 156 155 48|4213.53 0
289 303 1 1 4 0 0 0 65017 156 155 156 155 48|4213.57 0
289 303 1 1 4 0 0 0 65022 156 155 156 155 48|4213.62 0
289 303 1 1 4 0 0 0 65024 156 155 156 155 48|4213.65 0
289 303 1 1 4 0 0 0 65029 156 155 156 155 48|4213.69 0
289 303 1 1 4 0 0 0 65035 156 155 156 155 48|4213.73 0
289 303 1 1 4 0 0 0 65042 156 155 156 155 48|4213.77 0
289 303 1 1 4 0 0 0 65049 156 155 156 155 48|4213.81 0
289 303 1 1 4 0 0 0 65056 156 155 156 155 48|4213.85 0
289 303 1 1 4 0 0 0 65062 156 155 156 155 48|4213.89 0
289 303 1 1 4 0 0 0 65070 156 155 156 155 48|4213.93 0
289 303 1 1 4 0 0 0 65074 156 155 156 155 48|4213.97 0
289 303 1 1 4 0 0 0 65080 156 155 156 155 48|4214.01 0
289 303 1 1 4 0 0 0 65087 156 155 156 155 48|4214.05 0
289 303 1 1 4 0 0 0 65092 156 155 156 155 48|4214.09 0
289 303 1 1 4 0 0 0 65098 156 155 156 155 48|4214.13 0
289 303 1 1 4 0 0 0 65104 156 155 156 155 48|4214.17 0
289 303 1 1 4 0 0 0 65112 156 155 156 155 48|4214.21 0
289 303 1 1 4 0 0 0 65118 156 155 156 155 48|4214.25 0
289 303 1 1 4 0 0 0 65123 156 155 156 155 48|4214.28 0
289 303 1 1 4 0 0 0 65129 156 155 156 155 48|4214.33 0
289 303 1 1 4 0 0 0 65136 156 155 156 155 48|4214.37 0
289 303 1 1 4 0 0 0 65140 156 155 156 155 48|4214.41 0
289 303 1 1 4 0 0 0 65147 156 155 156 155 48|4214.44 0
289 303 1 1 4 0 0 0 65152 156 155 156 155 48|4214.48 0
289 303 1 1 4 0 0 0 65161 156 155 156 155 48|4214.52 0
289 303 1 1 4 0 0 0 65175 156 155 156 155 48|4214.59 0
289 303 1 1 4 0 0 0 65191 156 155 156 155 48|4214.67 0
289 303 1 1 4 0 0 0 65206 156 155 156 155 48|4214.75 0
289 303 1 1 4 0 0 0 65225 156 155 156 155 48|4214.83 0
289 303 1 1 4 0 0 0 65236 156 155 156 155 48|4214.91 0
289 303 1 1 4 0 0 0 65249 156 155 156 155 48|4215.00 0
289 303 1 1 4 0 0 0 65251 156 155 156 155 48|4215.07 0
289 303 1 1 4 0 0 0 65255 156 155 156 155 48|4215.11 0
289 303 1 1 4 0 0 0 65264 156 155 156 155 48|4215.15 0
289 303 1 1 4 0 0 0 65272 156 155 156 155 48|4215.19 0
289 303 1 1 4 0 0 0 65280 156 155 156 155 48|4215.23 0
289 303 1 1 4 0 0 0 65286 156 155 156 155 48|4215.27 0
289 303 1 1 4 0 0 0 65297 156 155 156 155 48|4215.31 0
289 303 1 1 4 0 0 0 65303 156 155 156 155 48|4215.35 0
289 303 1 1 4 0 0 0 65308 156 155 156 155 48|4215.39 0
289 303 1 1 4 0 0 0 65320 156 155 156 155 48|4215.43 0
289 303 1 1 4 0 0 0 65329 156 155 156 155 48|4215.47 0
289 303 1 1 4 0 0 0 65336 156 155 156 155 48|4215.51 0
289 303 1 1 4 0 0 0 65348 156 155 156 155 48|4215.55 0
289 303 1 1 4 0 0 0 65352 156 155 156 155 48|4215.59 0
289 303 1 1 4 0 0 0 65357 156 155 156 155 48|4215.63 0
289 303 1 1 4 0 0 0 65363 156 155 156 155 48|4215.67 0
289 303 1 1 4 0 0 0 65367 156 155 156 155 48|4215.71 0
289 303 1 1 4 0 0 0 65379 156 155 156 155 48|4215.74 0
289 303 1 1 4 0 0 0 65391 156 155 156 155 48|4215.78 0
289 303 1 1 4 0 0 0 65407 156 155 156 155 48|4215.86 0
289 303 1 1 4 0 0 0 65424 156 155 156 155 48|4215.94 0
289 303 1 1 4 0 0 0 65449 156 155 156 155 48|4216.02 0
289 303 1 1 4 0 0 0 65466 156 155 156 155 48|4216.10 0
289 303 1 1 4 0 0 0 65482 156 155 156 155 48|4216.18 0
289 303 1 1 4 0 0 0 65500 156 155 156 155 48|4216.26 0
289 303 1 1 4 0 0 0 65508 156 155 156 155 48|4216.34 0
289 303 1 1 4 0 0 0 65511 156 155 156 155 48|4216.49 0
289 303 1 1 4 0 0 0 65517 156 155 156 155 48|4217.29 0
289 303 1 1 4 0 0 0 65518 156 155 156 155 48|4217.33 0
289 303 1 1 4 0 0 0 65533 156 155 156 155 48|4217.37 0
289 303 1 1 4 0 0 0 65535 156 155 156 155 48|4217.45 0
289 303 1 1 4 0 0 0 65544 156 155 156 155 48|4217.49 0
289 303 1 1 4 0 0 0 65545 156 155 156 155 48|4218.42 0
289 303 1 1 4 0 0 0 65556 156 155 156 155 48|4219.00 0
289 303 1 1 4 0 0 0 65576 156 155 156 155 48|4219.09 0
289 303 1 1 4 0 0 0 65582 156 155 156 155 48|4219.14 0
289 303 1 1 4 0 0 0 65592 156 155 156 155 48|4219.21 0
289 303 1 1 4 0 0 0 65603 156 155 156 155 48|4219.27 0
289 303 1 1 4 0 0 0 65618 156 155 156 155 48|4219.36 0
289 303 1 1 4 0 0 0 65630 156 155 156 155 48|4219.44 0
289 303 1 1 4 0 0 0 65654 156 155 156 155 48|4219.52 0
289 303 1 1 4 0 0 0 65663 156 155 156 155 48|4219.58 0
289 303 1 1 4 0 0 0 65669 156 155 156 155 48|4219.62 0
289 303 1 1 4 0 0 0 65678 156 155 156 155 48|4219.66 0
289 303 1 1 4 0 0 0 65686 156 155 156 155 48|4219.70 0
289 303 1 1 4 0 0 0 65692 156 155 156 155 48|4219.74 0
289 303 1 1 4 0 0 0 65696 156 155 156 155 48|4219.78 0
289 303 1 1 4 0 0 0 65698 156 155 156 155 48|4219.93 0
289 303 1 1 4 0 0 0 65703 156 155 156 155 48|4220.36 0
289 303 1 1 4 0 0 0 65707 156 155 156 155 48|4220.40 0
289 303 1 1 4 0 0 0 65719 156 155 156 155 48|4220.47 0
289 303 1 1 4 0 0 0 65733 156 155 156 155 48|4220.55 0
289 303 1 1 4 0 0 0 65734 156 155 156 155 48|4220.59 0
289 303 1 1 4 0 0 0 65737 156 155 156 155 48|4220.79 0
289 303 1 1 4 0 0 0 65741 156 155 156 155 48|4220.98 0
289 303 1 1 4 0 0 0 65743 156 155 156 155 48|4221.14 0
289 303 1 1 4 0 0 0 65747 156 155 156 155 48|4221.33 0
289 303 1 1 4 0 0 0 65749 156 155 156 155 48|4221.60 0
289 303 1 1 4 0 0 0 65757 156 155 156 155 48|4221.76 0
289 303 1 1 4 0 0 0 65759 156 155 156 155 48|4221.80 0
289 303 1 1 4 0 0 0 65771 156 155 156 155 48|4221.83 0
289 303 1 1 4 0 0 0 65778 156 155 156 155 48|4221.87 0
289 303 1 1 4 0 0 0 65789 156 155 156 155 48|4221.91 0
289 303 1 1 4 0 0 0 65797 156 155 156 155 48|4221.95 0
289 303 1 1 4 0 0 0 65805 156 155 156 155 48|4221.99 0
289 303 1 1 4 0 0 0 65813 156 155 156 155 48|4222.03 0
289 303 1 1 4 0 0 0 65815 156 155 156 155 48|4222.15 0
289 303 1 1 4 0 0 0 65817 156 155 156 155 48|4222.23 0
289 303 1 1 4 0 0 0 65818 156 155 156 155 48|4222.27 0
289 303 1 1 4 0 0 0 65822 156 155 156 155 48|4222.40 0
289 303 1 1 4 0 0 0 65827 156 155 156 155 48|4222.48 0
289 303 1 1 4 0 0 0 65839 156 155 156 155 48|4222.56 0
289 303 1 1 4 0 0 0 65846 156 155 156 155 48|4222.64 0
289 303 1 1 4 0 0 0 65847 156 155 156 155 48|4222.72 0
289 303 1 1 4 0 0 0 65848 156 155 156 155 48|4223.79 0
289 303 1 1 4 0 0 0 65851 156 155 156 155 48|4224.29 0
289 303 1 1 4 0 0 0 65862 156 155 156 155 48|4224.33 0
289 303 1 1 4 0 0 0 65869 156 155 156 155 48|4224.37 0
289 303 1 1 4 0 0 0 65873 156 155 156 155 48|4224.41 0
289 303 1 1 4 0 0 0 65879 156 155 156 155 48|4224.45 0
289 303 1 1 4 0 0 0 65886 156 155 156 155 48|4224.49 0
289 303 1 1 4 0 0 0 65893 156 155 156 155 48|4224.53 0
289 303 1 1 4 0 0 0 65901 156 155 156 155 48|4224.57 0
289 303 1 1 4 0 0 0 65906 156 155 156 155 48|4224.61 0
289 303 1 1 4 0 0 0 65912 156 155 156 155 48|4224.65 0
289 303 1 1 4 0 0 0 65917 156 155 156 155 48|4224.69 0
289 303 1 1 4 0 0 0 65923 156 155 156 155 48|4224.73 0
289 303 1 1 4 0 0 0 65931 156 155 156 155 48|4224.77 0
289 303 1 1 4 0 0 0 65935 156 155 156 155 48|4224.81 0
289 303 1 1 4 0 0 0 65941 156 155 156 155 48|4224.85 0
289 303 1 1 4 0 0 0 65949 156 155 156 155 48|4224.89 0
289 303 1 1 4 0 0 0 65953 156 155 156 155 48|4224.93 0
289 303 1 1 4 0 0 0 65958 156 155 156 155 48|4224.97 0
289 303 1 1 4 0 0 0 65961 156 155 156 155 48|4225.01 0
289 303 1 1 4 0 0 0 65965 156 155 156 155 48|4225.05 0
289 303 1 1 4 0 0 0 65972 156 155 156 155 48|4225.08 0
289 303 1 1 4 0 0 0 65977 156 155 156 155 48|4225.12 0
289 303 1 1 4 0 0 0 65984 156 155 156 155 48|4225.16 0
289 303 1 1 4 0 0 0 65989 156 155 156 155 48|4225.20 0
289 303 1 1 4 0 0 0 65993 156 155 156 155 48|4225.24 0
289 303 1 1 4 0 0 0 65999 156 155 156 155 48|4225.28 0
289 303 1 1 4 0 0 0 66006 156 155 156 155 48|4225.32 0
289 303 1 1 4 0 0 0 66009 156 155 156 155 48|4225.36 0
289 303 1 1 4 0 0 0 66016 156 155 156 155 48|4225.40 0
289 303 1 1 4 0 0 0 66020 156 155 156 155 48|4225.44 0
289 303 1 1 4 0 0 0 66025 156 155 156 155 48|4225.48 0
289 303 1 1 4 0 0 0 66031 156 155 156 155 48|4225.52 0
289 303 1 1 4 0 0 0 66033 156 155 156 155 48|4225.56 0
289 303 1 1 4 0 0 0 66039 156 155 156 155 48|4225.60 0
289 303 1 1 4 0 0 0 66046 156 155 156 155 48|4225.64 0
289 303 1 1 4 0 0 0 66052 156 155 156 155 48|4225.67 0
289 303 1 1 4 0 0 0 66057 156 155 156 155 48|4225.71 0
289 303 1 1 4 0 0 0 66062 156 155 156 155 48|4225.75 0
289 303 1 1 4 0 0 0 66067 156 155 156 155 48|4225.79 0
289 303 1 1 4 0 0 0 66074 156 155 156 155 48|4225.83 0
289 303 1 1 4 0 0 0 66079 156 155 156 155 48|4225.87 0
289 303 1 1 4 0 0 0 66083 156 155 156 155 48|4225.91 0
289 303 1 1 4 0 0 0 66098 156 155 156 155 48|4225.99 0
289 303 1 1 4 0 0 0 66108 156 155 156 155 48|4226.07 0
289 303 1 1 4 0 0 0 66119 156 155 156 155 48|4226.15 0
289 303 1 1 4 0 0 0 66129 156 155 156 155 48|4226.22 0
289 303 1 1 4 0 0 0 66138 156 155 156 155 48|4226.30 0
289 303 1 1 4 0 0 0 66155 156 155 156 155 48|4226.38 0
289 303 1 1 4 0 0 0 66159 156 155 156 155 48|4226.43 0
289 303 1 1 4 0 0 0 66170 156 155 156 155 48|4226.47 0
289 303 1 1 4 0 0 0 66175 156 155 156 155 48|4226.51 0
289 303 1 1 4 0 0 0 66186 156 155 156 155 48|4226.55 0
289 303 1 1 4 0 0 0 66189 156 155 156 155 48|4226.59 0
289 303 1 1 4 0 0 0 66192 156 155 156 155 48|4226.63 0
289 303 1 1 4 0 0 0 66198 156 155 156 155 48|4226.67 0
289 303 1 1 4 0 0 0 66210 156 155 156 155 48|4226.71 0
289 303 1 1 4 0 0 0 66220 156 155 156 155 48|4226.74 0
289 303 1 1 4 0 0 0 66227 156 155 156 155 48|4226.78 0
289 303 1 1 4 0 0 0 66237 156 155 156 155 48|4226.82 0
289 303 1 1 4 0 0 0 66248 156 155 156 155 48|4226.86 0
289 303 1 1 4 0 0 0 66259 156 155 156 155 48|4226.90 0
289 303 1 1 4 0 0 0 66266 156 155 156 155 48|4226.94 0
289 303 1 1 4 0 0 0 66271 156 155 156 155 48|4226.98 0
289 303 1 1 4 0 0 0 66277 156 155 156 155 48|4227.02 0
289 303 1 1 4 0 0 0 66279 156 155 156 155 48|4227.06 0
289 303 1 1 4 0 0 0 66281 156 155 156 155 48|4227.18 0
289 303 1 1 4 0 0 0 66282 156 155 156 155 48|4227.98 0
289 303 1 1 4 0 0 0 66286 156 155 156 155 48|4228.10 0
289 303 1 1 4 0 0 0 66287 156 155 156 155 48|4228.14 0
289 303 1 1 4 0 0 0 66295 156 155 156 155 48|4228.22 0
289 303 1 1 4 0 0 0 66299 156 155 156 155 48|4228.30 0
289 303 1 1 4 0 0 0 66305 156 155 156 155 48|4228.34 0
289 303 1 1 4 0 0 0 66306 156 155 156 155 48|4228.57 0
289 303 1 1 4 0 0 0 66307 156 155 156 155 48|4229.12 0
289 303 1 1 4 0 0 0 66308 156 155 156 155 48|4229.87 0
289 303 1 1 4 0 0 0 66318 156 155 156 155 48|4229.96 0
289 303 1 1 4 0 0 0 66319 156 155 156 155 48|4230.00 0
289 303 1 1 4 0 0 0 66329 156 155 156 155 48|4230.04 0
289 303 1 1 4 0 0 0 66335 156 155 156 155 48|4230.08 0
289 303 1 1 4 0 0 0 66350 156 155 156 155 48|4230.12 0
289 303 1 1 4 0 0 0 66356 156 155 156 155 48|4230.16 0
289 303 1 1 4 0 0 0 66368 156 155 156 155 48|4230.20 0
289 303 1 1 4 0 0 0 66383 156 155 156 155 48|4230.27 0
289 303 1 1 4 0 0 0 66399 156 155 156 155 48|4230.35 0
289 303 1 1 4 0 0 0 66411 156 155 156 155 48|4230.43 0
289 303 1 1 4 0 0 0 66425 156 155 156 155 48|4230.51 0
289 303 1 1 4 0 0 0 66439 156 155 156 155 48|4230.59 0
289 303 1 1 4 0 0 0 66445 156 155 156 155 48|4230.67 0
289 303 1 1 4 0 0 0 66462 156 155 156 155 48|4230.75 0
289 303 1 1 4 0 0 0 66474 156 155 156 155 48|4230.83 0
289 303 1 1 4 0 0 0 66489 156 155 156 155 48|4230.91 0
289 303 1 1 4 0 0 0 66494 156 155 156 155 48|4230.99 0
289 303 1 1 4 0 0 0 66515 156 155 156 155 48|4231.07 0
289 303 1 1 4 0 0 0 66527 156 155 156 155 48|4231.15 0
289 303 1 1 4 0 0 0 66538 156 155 156 155 48|4231.23 0
289 303 1 1 4 0 0 0 66549 156 155 156 155 48|4231.31 0
289 303 1 1 4 0 0 0 66564 156 155 156 155 48|4231.39 0
289 303 1 1 4 0 0 0 66569 156 155 156 155 48|4231.43 0
289 303 1 1 4 0 0 0 66579 156 155 156 155 48|4231.47 0
289 303 1 1 4 0 0 0 66584 156 155 156 155 48|4231.51 0
289 303 1 1 4 0 0 0 66591 156 155 156 155 48|4231.55 0
289 303 1 1 4 0 0 0 66599 156 155 156 155 48|4231.59 0
289 303 1 1 4 0 0 0 66607 156 155 156 155 48|4231.63 0
289 303 1 1 4 0 0 0 66614 156 155 156 155 48|4231.67 0
289 303 1 1 4 0 0 0 66622 156 155 156 155 48|4231.71 0
289 303 1 1 4 0 0 0 66631 156 155 156 155 48|4231.75 0
289 303 1 1 4 0 0 0 66641 156 155 156 155 48|4231.79 0
289 303 1 1 4 0 0 0 66648 156 155 156 155 48|4231.83 0
289 303 1 1 4 0 0 0 66656 156 155 156 155 48|4231.87 0
289 303 1 1 4 0 0 0 66664 156 155 156 155 48|4231.91 0
289 303 1 1 4 0 0 0 66668 156 155 156 155 48|4231.95 0
289 303 1 1 4 0 0 0 66678 156 155 156 155 48|4231.99 0
289 303 1 1 4 0 0 0 66685 156 155 156 155 48|4232.02 0
289 303 1 1 4 0 0 0 66691 156 155 156 155 48|4232.06 0
289 303 1 1 4 0 0 0 66701 156 155 156 155 48|4232.11 0
289 303 1 1 4 0 0 0 66702 156 155 156 155 48|4232.18 0
289 303 1 1 4 0 0 0 66719 156 155 156 155 48|4232.22 0
289 303 1 1 4 0 0 0 66725 156 155 156 155 48|4232.26 0
289 303 1 1 4 0 0 0 66733 156 155 156 155 48|4232.30 0
289 303 1 1 4 0 0 0 66742 156 155 156 155 48|4232.34 0
289 303 1 1 4 0 0 0 66749 156 155 156 155 48|4232.38 0
289 303 1 1 4 0 0 0 66751 156 155 156 155 48|4232.42 0
289 303 1 1 4 0 0 0 66757 156 155 156 155 48|4232.46 0
289 303 1 1 4 0 0 0 66767 156 155 156 155 48|4232.50 0
289 303 1 1 4 0 0 0 66775 156 155 156 155 48|4232.54 0
289 303 1 1 4 0 0 0 66782 156 155 156 155 48|4232.58 0
289 303 1 1 4 0 0 0 66787 156 155 156 155 48|4232.62 0
289 303 1 1 4 0 0 0 66793 156 155 156 155 48|4232.66 0
289 303 1 1 4 0 0 0 66800 156 155 156 155 48|4232.70 0
289 303 1 1 4 0 0 0 66806 156 155 156 155 48|4232.77 0
289 303 1 1 4 0 0 0 66816 156 155 156 155 48|4232.85 0
289 303 1 1 4 0 0 0 66827 156 155 156 155 48|4232.93 0
289 303 1 1 4 0 0 0 66835 156 155 156 155 48|4233.01 0
289 303 1 1 4 0 0 0 66852 156 155 156 155 48|4233.09 0
289 303 1 1 4 0 0 0 66864 156 155 156 155 48|4233.17 0
289 303 1 1 4 0 0 0 66877 156 155 156 155 48|4233.25 0
289 303 1 1 4 0 0 0 66893 156 155 156 155 48|4233.33 0
289 303 1 1 4 0 0 0 66904 156 155 156 155 48|4233.41 0
289 303 1 1 4 0 0 0 66923 156 155 156 155 48|4233.49 0
289 303 1 1 4 0 0 0 66928 156 155 156 155 48|4233.57 0
289 303 1 1 4 0 0 0 66942 156 155 156 155 48|4233.65 0
289 303 1 1 4 0 0 0 66959 156 155 156 155 48|4233.73 0
289 303 1 1 4 0 0 0 66971 156 155 156 155 48|4233.80 0
289 303 1 1 4 0 0 0 66987 156 155 156 155 48|4233.88 0
289 303 1 1 4 0 0 0 66998 156 155 156 155 48|4233.96 0
289 303 1 1 4 0 0 0 67006 156 155 156 155 48|4234.01 0
289 303 1 1 4 0 0 0 67009 156 155 156 155 48|4234.05 0
289 303 1 1 4 0 0 0 67020 156 155 156 155 48|4234.09 0
289 303 1 1 4 0 0 0 67028 156 155 156 155 48|4234.13 0
289 303 1 1 4 0 0 0 67034 156 155 156 155 48|4234.17 0
289 303 1 1 4 0 0 0 67036 156 155 156 155 48|4234.20 0
289 303 1 1 4 0 0 0 67043 156 155 156 155 48|4234.24 0
289 303 1 1 4 0 0 0 67052 156 155 156 155 48|4234.28 0
289 303 1 1 4 0 0 0 67065 156 155 156 155 48|4234.32 0
289 303 1 1 4 0 0 0 67077 156 155 156 155 48|4234.36 0
289 303 1 1 4 0 0 0 67087 156 155 156 155 48|4234.40 0
289 303 1 1 4 0 0 0 67091 156 155 156 155 48|4234.44 0
289 303 1 1 4 0 0 0 67097 156 155 156 155 48|4234.48 0
289 303 1 1 4 0 0 0 67098 156 155 156 155 48|4234.52 0
289 303 1 1 4 0 0 0 67100 156 155 156 155 48|4234.60 0
289 303 1 1 4 0 0 0 67105 156 155 156 155 48|4234.91 0
289 303 1 1 4 0 0 0 67114 156 155 156 155 48|4234.99 0
289 303 1 1 4 0 0 0 67121 156 155 156 155 48|4235.07 0
289 303 1 1 4 0 0 0 67130 156 155 156 155 48|4235.15 0
289 303 1 1 4 0 0 0 67131 156 155 156 155 48|4235.59 0
289 303 1 1 4 0 0 0 67133 156 155 156 155 48|4236.37 0
289 303 1 1 4 0 0 0 67139 156 155 156 155 48|4236.41 0
289 303 1 1 4 0 0 0 67146 156 155 156 155 48|4236.44 0
289 303 1 1 4 0 0 0 67149 156 155 156 155 48|4236.48 0
289 303 1 1 4 0 0 0 67166 156 155 156 155 48|4236.52 0
289 303 1 1 4 0 0 0 67174 156 155 156 155 48|4236.56 0
289 303 1 1 4 0 0 0 67178 156 155 156 155 48|4236.60 0
289 303 1 1 4 0 0 0 67183 156 155 156 155 48|4236.64 0
289 303 1 1 4 0 0 0 67194 156 155 156 155 48|4236.68 0
289 303 1 1 4 0 0 0 67206 156 155 156 155 48|4236.72 0
289 303 1 1 4 0 0 0 67214 156 155 156 155 48|4236.76 0
289 303 1 1 4 0 0 0 67227 156 155 156 155 48|4236.80 0
289 303 1 1 4 0 0 0 67236 156 155 156 155 48|4236.84 0
289 303 1 1 4 0 0 0 67244 156 155 156 155 48|4236.88 0
289 303 1 1 4 0 0 0 67250 156 155 156 155 48|4236.91 0
289 303 1 1 4 0 0 0 67259 156 155 156 155 48|4236.95 0
289 303 1 1 4 0 0 0 67265 156 155 156 155 48|4236.99 0
289 303 1 1 4 0 0 0 67275 156 155 156 155 48|4237.03 0
289 303 1 1 4 0 0 0 67280 156 155 156 155 48|4237.07 0
289 303 1 1 4 0 0 0 67289 156 155 156 155 48|4237.11 0
289 303 1 1 4 0 0 0 67293 156 155 156 155 48|4237.15 0
289 303 1 1 4 0 0 0 67299 156 155 156 155 48|4237.19 0
289 303 1 1 4 0 0 0 67306 156 155 156 155 48|4237.23 0
289 303 1 1 4 0 0 0 67314 156 155 156 155 48|4237.27 0
289 303 1 1 4 0 0 0 67321 156 155 156 155 48|4237.31 0
289 303 1 1 4 0 0 0 67331 156 155 156 155 48|4237.35 0
289 303 1 1 4 0 0 0 67341 156 155 156 155 48|4237.39 0
289 303 1 1 4 0 0 0 67348 156 155 156 155 48|4237.43 0
289 303 1 1 4 0 0 0 67353 156 155 156 155 48|4237.47 0
289 303 1 1 4 0 0 0 67355 156 155 156 155 48|4237.51 0
289 303 1 1 4 0 0 0 67366 156 155 156 155 48|4237.55 0
289 303 1 1 4 0 0 0 67374 156 155 156 155 48|4237.59 0
289 303 1 1 4 0 0 0 67381 156 155 156 155 48|4237.63 0
289 303 1 1 4 0 0 0 67388 156 155 156 155 48|4237.66 0
289 303 1 1 4 0 0 0 67398 156 155 156 155 48|4237.70 0
289 303 1 1 4 0 0 0 67405 156 155 156 155 48|4237.75 0
289 303 1 1 4 0 0 0 67413 156 155 156 155 48|4237.79 0
289 303 1 1 4 0 0 0 67420 156 155 156 155 48|4237.83 0
289 303 1 1 4 0 0 0 67431 156 155 156 155 48|4237.86 0
289 303 1 1 4 0 0 0 67437 156 155 156 155 48|4237.90 0
289 303 1 1 4 0 0 0 67444 156 155 156 155 48|4237.94 0
289 303 1 1 4 0 0 0 67448 156 155 156 155 48|4238.02 0
289 303 1 1 4 0 0 0 67455 156 155 156 155 48|4238.06 0
289 303 1 1 4 0 0 0 67469 156 155 156 155 48|4238.10 0
289 303 1 1 4 0 0 0 67477 156 155 156 155 48|4238.14 0
289 303 1 1 4 0 0 0 67490 156 155 156 155 48|4238.18 0
289 303 1 1 4 0 0 0 67498 156 155 156 155 48|4238.22 0
289 303 1 1 4 0 0 0 67508 156 155 156 155 48|4238.26 0
289 303 1 1 4 0 0 0 67519 156 155 156 155 48|4238.30 0
289 303 1 1 4 0 0 0 67535 156 155 156 155 48|4238.34 0
289 303 1 1 4 0 0 0 67541 156 155 156 155 48|4238.40 0
289 303 1 1 4 0 0 0 67559 156 155 156 155 48|4238.47 0
289 303 1 1 4 0 0 0 67561 156 155 156 155 48|4238.55 0
289 303 1 1 4 0 0 0 67563 156 155 156 155 48|4238.63 0
289 303 1 1 4 0 0 0 67564 156 155 156 155 48|4238.85 0
289 303 1 1 4 0 0 0 67565 156 155 156 155 48|4238.97 0
