wall,ap_uptime,fatal,modem_rst,subsys2,modem_up,himi_conn,c0,c1,c2,c1_dis,c2_dis,rild,qmuxd,netmgrd,rmt_storage,time_daemon
1790110828,5298.59,0,1,ONLINE,5291.98,0,1076188,916,54446,0,0,1,1,1,1,1
1790110833,5303.80,0,1,ONLINE,5297.19,0,1076896,916,54446,0,0,1,1,1,1,1
1790110839,5309.00,0,1,ONLINE,5302.39,0,1077658,916,54446,0,0,1,1,1,1,1
1790110844,5314.21,0,1,ONLINE,5307.60,0,1078370,916,54446,0,0,1,1,1,1,1
1790110849,5319.42,0,1,ONLINE,5312.81,0,1079465,916,54446,0,0,1,1,1,1,1
1790110854,5324.64,0,1,ONLINE,5318.03,0,1081692,916,54446,0,0,1,1,1,1,1
1790110859,5329.88,0,1,ONLINE,5323.27,0,1083918,916,54446,0,0,1,1,1,1,1
1790110865,5335.09,0,1,ONLINE,5328.48,0,1086123,916,54446,0,0,1,1,1,1,1
1790110870,5340.31,0,1,ONLINE,5333.70,0,1088372,916,54446,0,0,1,1,1,1,1
1790110875,5345.52,0,1,ONLINE,5338.91,0,1090261,916,54446,0,0,1,1,1,1,1
1790110880,5350.73,0,1,ONLINE,5344.12,0,1092978,916,54446,0,0,1,1,1,1,1
1790110886,5355.95,0,1,ONLINE,5349.34,0,1093562,916,54446,0,0,1,1,1,1,1
1790110891,5361.16,0,1,ONLINE,5354.55,0,1094199,916,54446,0,0,1,1,1,1,1
1790110896,5366.37,0,1,ONLINE,5359.76,0,1094831,916,54446,0,0,1,1,1,1,1
1790110901,5371.58,0,1,ONLINE,5364.97,0,1095380,916,54446,0,0,1,1,1,1,1
1790110906,5376.79,0,1,ONLINE,5370.18,0,1096031,916,54446,0,0,1,1,1,1,1
1790110912,5382.00,0,1,ONLINE,5375.39,0,1096693,916,54446,0,0,1,1,1,1,1
1790110917,5387.21,0,1,ONLINE,5380.60,0,1097307,916,54446,0,0,1,1,1,1,1
1790110922,5392.43,0,1,ONLINE,5385.82,0,1097940,916,54446,0,0,1,1,1,1,1
1790110927,5397.64,0,1,ONLINE,5391.03,0,1099192,916,54446,0,0,1,1,1,1,1
1790110932,5402.85,0,1,ONLINE,5396.24,0,1102353,916,54446,0,0,1,1,1,1,1
1790110938,5408.07,0,1,ONLINE,5401.46,0,1103780,916,54446,0,0,1,1,1,1,1
1790110943,5413.28,0,1,ONLINE,5406.67,0,1104383,916,54446,0,0,1,1,1,1,1
1790110948,5418.50,0,1,ONLINE,5411.89,0,1104815,916,54446,0,0,1,1,1,1,1
1790110953,5423.71,0,1,ONLINE,5417.10,0,1105730,916,54446,0,0,1,1,1,1,1
1790110959,5428.92,0,1,ONLINE,5422.31,0,1106449,916,54446,0,0,1,1,1,1,1
1790110964,5434.13,0,1,ONLINE,5427.52,0,1107134,916,54446,0,0,1,1,1,1,1
1790110969,5439.35,0,1,ONLINE,5432.74,0,1107986,916,54446,0,0,1,1,1,1,1
1790110974,5444.56,0,1,ONLINE,5437.95,0,1108591,916,54446,0,0,1,1,1,1,1
1790110979,5449.77,0,1,ONLINE,5443.16,0,1109228,916,54446,0,0,1,1,1,1,1
1790110985,5454.99,0,1,ONLINE,5448.38,0,1109852,916,54446,0,0,1,1,1,1,1
1790110990,5460.20,0,1,ONLINE,5453.59,0,1110555,916,54446,0,0,1,1,1,1,1
1790110995,5465.41,0,1,ONLINE,5458.80,0,1111176,916,54446,0,0,1,1,1,1,1
1790111000,5470.62,0,1,ONLINE,5464.01,0,1111980,916,54446,0,0,1,1,1,1,1
1790111005,5475.84,0,1,ONLINE,5469.23,0,1112559,916,54446,0,0,1,1,1,1,1
1790111011,5481.05,0,1,ONLINE,5474.44,0,1113259,916,54446,0,0,1,1,1,1,1
1790111016,5486.26,0,1,ONLINE,5479.65,0,1114011,916,54446,0,0,1,1,1,1,1
1790111021,5491.48,0,1,ONLINE,5484.87,0,1114600,916,54446,0,0,1,1,1,1,1
1790111026,5496.69,0,1,ONLINE,5490.08,0,1115162,916,54446,0,0,1,1,1,1,1
1790111031,5501.90,0,1,ONLINE,5495.29,0,1116072,916,54446,0,0,1,1,1,1,1
1790111037,5507.11,0,1,ONLINE,5500.50,0,1116732,916,54446,0,0,1,1,1,1,1
1790111042,5512.32,0,1,ONLINE,5505.71,0,1118976,916,54446,0,0,1,1,1,1,1
1790111047,5517.54,0,1,ONLINE,5510.93,0,1122464,916,54446,0,0,1,1,1,1,1
1790111052,5522.76,0,1,ONLINE,5516.15,0,1125553,916,54446,0,0,1,1,1,1,1
1790111058,5527.98,0,1,ONLINE,5521.37,0,1127570,916,54446,0,0,1,1,1,1,1
1790111063,5533.20,0,1,ONLINE,5526.59,0,1130319,916,54446,0,0,1,1,1,1,1
1790111068,5538.42,0,1,ONLINE,5531.81,0,1131947,916,54446,0,0,1,1,1,1,1
1790111073,5543.64,0,1,ONLINE,5537.03,0,1133580,916,54446,0,0,1,1,1,1,1
1790111078,5548.85,0,1,ONLINE,5542.24,0,1135350,916,54446,0,0,1,1,1,1,1
1790111084,5554.08,0,1,ONLINE,5547.47,0,1137288,916,54446,0,0,1,1,1,1,1
1790111089,5559.29,0,1,ONLINE,5552.68,0,1139794,916,54446,0,0,1,1,1,1,1
1790111094,5564.52,0,1,ONLINE,5557.91,0,1141730,916,54446,0,0,1,1,1,1,1
1790111099,5569.74,0,1,ONLINE,5563.13,0,1144038,916,54446,0,0,1,1,1,1,1
1790111105,5574.98,0,1,ONLINE,5568.37,0,1145870,916,54446,0,0,1,1,1,1,1
1790111110,5580.20,0,1,ONLINE,5573.59,0,1148469,916,54446,0,0,1,1,1,1,1
1790111115,5585.41,0,1,ONLINE,5578.80,0,1150821,916,54446,0,0,1,1,1,1,1
1790111120,5590.63,0,1,ONLINE,5584.02,0,1153253,916,54446,0,0,1,1,1,1,1
1790111125,5595.85,0,1,ONLINE,5589.24,0,1156166,916,54446,0,0,1,1,1,1,1
1790111131,5601.08,0,1,ONLINE,5594.47,0,1158968,916,54446,0,0,1,1,1,1,1
1790111136,5606.30,0,1,ONLINE,5599.69,0,1161429,916,54446,0,0,1,1,1,1,1
1790111141,5611.52,0,1,ONLINE,5604.91,0,1163680,916,54446,0,0,1,1,1,1,1
1790111146,5616.74,0,1,ONLINE,5610.13,0,1166240,916,54446,0,0,1,1,1,1,1
1790111152,5621.95,0,1,ONLINE,5615.34,0,1168686,916,54446,0,0,1,1,1,1,1
1790111157,5627.17,0,1,ONLINE,5620.56,0,1172107,916,54446,0,0,1,1,1,1,1
1790111162,5632.39,0,1,ONLINE,5625.78,0,1175185,916,54446,0,0,1,1,1,1,1
1790111167,5637.61,0,1,ONLINE,5631.00,0,1178089,916,54446,0,0,1,1,1,1,1
1790111172,5642.82,0,1,ONLINE,5636.21,0,1180738,916,54446,0,0,1,1,1,1,1
1790111178,5648.04,0,1,ONLINE,5641.43,0,1184230,916,54446,0,0,1,1,1,1,1
1790111183,5653.27,0,1,ONLINE,5646.66,0,1188115,916,54446,0,0,1,1,1,1,1
1790111188,5658.50,0,1,ONLINE,5651.89,0,1191558,916,54446,0,0,1,1,1,1,1
1790111193,5663.73,0,1,ONLINE,5657.12,0,1194687,916,54446,0,0,1,1,1,1,1
1790111199,5668.95,0,1,ONLINE,5662.34,0,1198231,916,54446,0,0,1,1,1,1,1
1790111204,5674.18,0,1,ONLINE,5667.57,0,1201279,916,54446,0,0,1,1,1,1,1
1790111209,5679.40,0,1,ONLINE,5672.79,0,1204671,916,54446,0,0,1,1,1,1,1
1790111214,5684.62,0,1,ONLINE,5678.01,0,1205543,916,54446,0,0,1,1,1,1,1
1790111219,5689.84,0,1,ONLINE,5683.23,0,1206649,916,54446,0,0,1,1,1,1,1
1790111225,5695.06,0,1,ONLINE,5688.45,0,1208896,916,54446,0,0,1,1,1,1,1
1790111230,5700.28,0,1,ONLINE,5693.67,0,1211488,916,54446,0,0,1,1,1,1,1
1790111235,5705.50,0,1,ONLINE,5698.89,0,1214632,916,54446,0,0,1,1,1,1,1
1790111240,5710.73,0,1,ONLINE,5704.12,0,1217819,916,54446,0,0,1,1,1,1,1
1790111246,5715.95,0,1,ONLINE,5709.34,0,1220946,916,54446,0,0,1,1,1,1,1
1790111251,5721.17,0,1,ONLINE,5714.56,0,1223116,916,54446,0,0,1,1,1,1,1
1790111256,5726.40,0,1,ONLINE,5719.79,0,1226360,916,54446,0,0,1,1,1,1,1
1790111261,5731.63,0,1,ONLINE,5725.02,0,1228681,916,54446,0,0,1,1,1,1,1
1790111266,5736.85,0,1,ONLINE,5730.24,0,1231658,916,54446,0,0,1,1,1,1,1
1790111272,5742.07,0,1,ONLINE,5735.46,0,1234426,916,54446,0,0,1,1,1,1,1
1790111277,5747.29,0,1,ONLINE,5740.68,0,1236942,916,54446,0,0,1,1,1,1,1
1790111282,5752.50,0,1,ONLINE,5745.89,0,1239818,916,54446,0,0,1,1,1,1,1
1790111287,5757.71,0,1,ONLINE,5751.10,0,1242957,916,54446,0,0,1,1,1,1,1
1790111293,5762.93,0,1,ONLINE,5756.32,0,1246023,916,54446,0,0,1,1,1,1,1
1790111298,5768.16,0,1,ONLINE,5761.55,0,1247293,916,54446,0,0,1,1,1,1,1
1790111303,5773.37,0,1,ONLINE,5766.76,0,1249153,916,54446,0,0,1,1,1,1,1
1790111308,5778.59,0,1,ONLINE,5771.98,0,1252948,916,54446,0,0,1,1,1,1,1
1790111313,5783.81,0,1,ONLINE,5777.20,0,1255236,916,54446,0,0,1,1,1,1,1
1790111319,5789.02,0,1,ONLINE,5782.41,0,1255899,916,54446,0,0,1,1,1,1,1
1790111324,5794.23,0,1,ONLINE,5787.62,0,1256436,916,54446,0,0,1,1,1,1,1
1790111329,5799.45,0,1,ONLINE,5792.84,0,1257234,916,54446,0,0,1,1,1,1,1
1790111334,5804.66,0,1,ONLINE,5798.05,0,1257980,916,54446,0,0,1,1,1,1,1
1790111339,5809.87,0,1,ONLINE,5803.26,0,1259814,916,54446,0,0,1,1,1,1,1
1790111345,5815.09,0,1,ONLINE,5808.48,0,1261648,916,54446,0,0,1,1,1,1,1
1790111350,5820.31,0,1,ONLINE,5813.70,0,1263345,916,54446,0,0,1,1,1,1,1
1790111355,5825.53,0,1,ONLINE,5818.92,0,1266758,916,54446,0,0,1,1,1,1,1
1790111360,5830.75,0,1,ONLINE,5824.14,0,1268946,916,54446,0,0,1,1,1,1,1
1790111366,5835.98,0,1,ONLINE,5829.37,0,1272494,916,54446,0,0,1,1,1,1,1
1790111371,5841.21,0,1,ONLINE,5834.60,0,1275034,916,54446,0,0,1,1,1,1,1
1790111376,5846.43,0,1,ONLINE,5839.82,0,1276881,916,54446,0,0,1,1,1,1,1
1790111381,5851.66,0,1,ONLINE,5845.05,0,1279838,916,54446,0,0,1,1,1,1,1
1790111386,5856.89,0,1,ONLINE,5850.28,0,1282083,916,54446,0,0,1,1,1,1,1
1790111392,5862.11,0,1,ONLINE,5855.50,0,1285070,916,54446,0,0,1,1,1,1,1
1790111397,5867.33,0,1,ONLINE,5860.72,0,1287998,916,54446,0,0,1,1,1,1,1
1790111402,5872.56,0,1,ONLINE,5865.95,0,1291022,916,54446,0,0,1,1,1,1,1
1790111407,5877.77,0,1,ONLINE,5871.16,0,1292323,916,54446,0,0,1,1,1,1,1
1790111413,5882.98,0,1,ONLINE,5876.37,0,1292934,916,54446,0,0,1,1,1,1,1
1790111418,5888.20,0,1,ONLINE,5881.59,0,1293674,916,54446,0,0,1,1,1,1,1
1790111423,5893.41,0,1,ONLINE,5886.80,0,1294248,916,54446,0,0,1,1,1,1,1
1790111428,5898.62,0,1,ONLINE,5892.01,0,1294759,916,54446,0,0,1,1,1,1,1
1790111433,5903.83,0,1,ONLINE,5897.22,0,1295312,916,54446,0,0,1,1,1,1,1
1790111439,5909.04,0,1,ONLINE,5902.43,0,1297018,916,54446,0,0,1,1,1,1,1
1790111444,5914.26,0,1,ONLINE,5907.65,0,1299809,916,54446,0,0,1,1,1,1,1
1790111449,5919.49,0,1,ONLINE,5912.88,0,1302274,916,54446,0,0,1,1,1,1,1
1790111454,5924.70,0,1,ONLINE,5918.09,0,1303983,916,54446,0,0,1,1,1,1,1
1790111460,5929.93,0,1,ONLINE,5923.32,0,1306297,916,54446,0,0,1,1,1,1,1
1790111465,5935.16,0,1,ONLINE,5928.55,0,1309546,916,54446,0,0,1,1,1,1,1
1790111470,5940.37,0,1,ONLINE,5933.76,0,1312693,916,54446,0,0,1,1,1,1,1
1790111475,5945.59,0,1,ONLINE,5938.98,0,1315118,916,54446,0,0,1,1,1,1,1
1790111480,5950.80,0,1,ONLINE,5944.19,0,1317837,916,54446,0,0,1,1,1,1,1
1790111486,5956.02,0,1,ONLINE,5949.41,0,1320350,916,54446,0,0,1,1,1,1,1
1790111491,5961.23,0,1,ONLINE,5954.62,0,1322703,916,54446,0,0,1,1,1,1,1
1790111496,5966.44,0,1,ONLINE,5959.83,0,1324678,916,54446,0,0,1,1,1,1,1
1790111501,5971.68,0,1,ONLINE,5965.07,0,1327218,916,54446,0,0,1,1,1,1,1
1790111506,5976.90,0,1,ONLINE,5970.29,0,1330100,916,54446,0,0,1,1,1,1,1
1790111512,5982.12,0,1,ONLINE,5975.51,0,1330911,916,54446,0,0,1,1,1,1,1
1790111517,5987.34,0,1,ONLINE,5980.73,0,1331559,916,54446,0,0,1,1,1,1,1
1790111522,5992.55,0,1,ONLINE,5985.94,0,1332337,916,54446,0,0,1,1,1,1,1
1790111527,5997.76,0,1,ONLINE,5991.15,0,1333307,916,54446,0,0,1,1,1,1,1
1790111533,6002.97,0,1,ONLINE,5996.36,0,1334151,916,54446,0,0,1,1,1,1,1
1790111538,6008.19,0,1,ONLINE,6001.58,0,1335034,916,54446,0,0,1,1,1,1,1
1790111543,6013.40,0,1,ONLINE,6006.79,0,1335757,916,54446,0,0,1,1,1,1,1
1790111548,6018.61,0,1,ONLINE,6012.00,0,1336354,916,54446,0,0,1,1,1,1,1
1790111553,6023.82,0,1,ONLINE,6017.21,0,1337264,916,54446,0,0,1,1,1,1,1
1790111559,6029.03,0,1,ONLINE,6022.42,0,1337916,916,54446,0,0,1,1,1,1,1
1790111564,6034.25,0,1,ONLINE,6027.64,0,1338555,916,54446,0,0,1,1,1,1,1
1790111569,6039.45,0,1,ONLINE,6032.84,0,1339159,916,54446,0,0,1,1,1,1,1
1790111574,6044.67,0,1,ONLINE,6038.06,0,1339842,916,54446,0,0,1,1,1,1,1
1790111579,6049.90,0,1,ONLINE,6043.29,0,1340600,916,54446,0,0,1,1,1,1,1
1790111585,6055.11,0,1,ONLINE,6048.50,0,1341199,916,54446,0,0,1,1,1,1,1
1790111590,6060.33,0,1,ONLINE,6053.72,0,1342028,916,54446,0,0,1,1,1,1,1
1790111595,6065.55,0,1,ONLINE,6058.94,0,1342626,916,54446,0,0,1,1,1,1,1
1790111600,6070.77,0,1,ONLINE,6064.16,0,1343351,916,54446,0,0,1,1,1,1,1
1790111606,6075.98,0,1,ONLINE,6069.37,0,1344017,916,54446,0,0,1,1,1,1,1
1790111611,6081.19,0,1,ONLINE,6074.58,0,1344845,916,54446,0,0,1,1,1,1,1
1790111616,6086.40,0,1,ONLINE,6079.79,0,1345516,916,54446,0,0,1,1,1,1,1
1790111621,6091.61,0,1,ONLINE,6085.00,0,1346261,916,54446,0,0,1,1,1,1,1
1790111626,6096.83,0,1,ONLINE,6090.22,0,1347172,916,54446,0,0,1,1,1,1,1
1790111632,6102.04,0,1,ONLINE,6095.43,0,1347937,916,54446,0,0,1,1,1,1,1
1790111637,6107.26,0,1,ONLINE,6100.65,0,1348641,916,54446,0,0,1,1,1,1,1
1790111642,6112.47,0,1,ONLINE,6105.86,0,1349063,921,54592,0,0,1,1,1,1,1
1790111647,6117.68,0,1,ONLINE,6111.07,0,1349663,928,54808,0,0,1,1,1,1,1
1790111652,6122.90,0,1,ONLINE,6116.29,0,1350340,928,54808,0,0,1,1,1,1,1
1790111658,6128.11,0,1,ONLINE,6121.50,0,1350853,928,54808,0,0,1,1,1,1,1
1790111663,6133.32,0,1,ONLINE,6126.71,0,1351518,928,54808,0,0,1,1,1,1,1
1790111668,6138.53,0,1,ONLINE,6131.92,0,1352108,928,54808,0,0,1,1,1,1,1
1790111673,6143.75,0,1,ONLINE,6137.14,0,1352808,928,54808,0,0,1,1,1,1,1
1790111679,6148.96,0,1,ONLINE,6142.35,0,1353528,928,54808,0,0,1,1,1,1,1
1790111684,6154.17,0,1,ONLINE,6147.56,0,1354220,928,54808,0,0,1,1,1,1,1
1790111689,6159.39,0,1,ONLINE,6152.78,0,1355029,928,54808,0,0,1,1,1,1,1
1790111694,6164.61,0,1,ONLINE,6158.00,0,1355639,928,54808,0,0,1,1,1,1,1
1790111699,6169.82,0,1,ONLINE,6163.21,0,1356195,928,54808,0,0,1,1,1,1,1
1790111705,6175.04,0,1,ONLINE,6168.43,0,1356746,928,54808,0,0,1,1,1,1,1
1790111710,6180.25,0,1,ONLINE,6173.64,0,1357377,928,54808,0,0,1,1,1,1,1
1790111715,6185.46,0,1,ONLINE,6178.85,0,1357959,928,54808,0,0,1,1,1,1,1
1790111720,6190.68,0,1,ONLINE,6184.07,0,1358563,928,54808,0,0,1,1,1,1,1
1790111725,6195.89,0,1,ONLINE,6189.28,0,1359043,928,54808,0,0,1,1,1,1,1
1790111731,6201.12,0,1,ONLINE,6194.51,0,1359746,928,54808,0,0,1,1,1,1,1
1790111736,6206.33,0,1,ONLINE,6199.72,0,1360414,928,54808,0,0,1,1,1,1,1
1790111741,6211.54,0,1,ONLINE,6204.93,0,1361141,928,54808,0,0,1,1,1,1,1
1790111746,6216.76,0,1,ONLINE,6210.15,0,1361741,928,54808,0,0,1,1,1,1,1
1790111752,6221.98,0,1,ONLINE,6215.37,0,1362507,928,54808,0,0,1,1,1,1,1
1790111757,6227.20,0,1,ONLINE,6220.59,0,1363015,928,54808,0,0,1,1,1,1,1
1790111762,6232.41,0,1,ONLINE,6225.80,0,1363570,928,54808,0,0,1,1,1,1,1
1790111767,6237.62,0,1,ONLINE,6231.01,0,1364195,928,54808,0,0,1,1,1,1,1
1790111772,6242.83,0,1,ONLINE,6236.22,0,1364846,928,54808,0,0,1,1,1,1,1
1790111778,6248.05,0,1,ONLINE,6241.44,0,1365365,928,54808,0,0,1,1,1,1,1
1790111783,6253.25,0,1,ONLINE,6246.64,0,1366131,928,54808,0,0,1,1,1,1,1
1790111788,6258.46,0,1,ONLINE,6251.85,0,1366890,928,54808,0,0,1,1,1,1,1
1790111793,6263.68,0,1,ONLINE,6257.07,0,1367570,928,54808,0,0,1,1,1,1,1
1790111798,6268.90,0,1,ONLINE,6262.29,0,1368330,928,54808,0,0,1,1,1,1,1
1790111804,6274.11,0,1,ONLINE,6267.50,0,1369002,928,54808,0,0,1,1,1,1,1
1790111809,6279.32,0,1,ONLINE,6272.71,0,1369830,928,54808,0,0,1,1,1,1,1
1790111814,6284.53,0,1,ONLINE,6277.92,0,1370400,928,54808,0,0,1,1,1,1,1
1790111819,6289.75,0,1,ONLINE,6283.14,0,1370975,928,54808,0,0,1,1,1,1,1
1790111825,6294.99,0,1,ONLINE,6288.38,0,1371641,928,54808,0,0,1,1,1,1,1
1790111830,6300.21,0,1,ONLINE,6293.60,0,1372431,928,54808,0,0,1,1,1,1,1
1790111835,6305.42,0,1,ONLINE,6298.81,0,1372926,928,54808,0,0,1,1,1,1,1
1790111840,6310.63,0,1,ONLINE,6304.02,0,1373602,928,54808,0,0,1,1,1,1,1
1790111845,6315.84,0,1,ONLINE,6309.23,0,1374415,928,54808,0,0,1,1,1,1,1
1790111851,6321.07,0,1,ONLINE,6314.46,0,1375236,928,54808,0,0,1,1,1,1,1
1790111856,6326.29,0,1,ONLINE,6319.68,0,1375848,928,54808,0,0,1,1,1,1,1
1790111861,6331.51,0,1,ONLINE,6324.90,0,1376522,928,54808,0,0,1,1,1,1,1
1790111866,6336.72,0,1,ONLINE,6330.11,0,1377071,928,54808,0,0,1,1,1,1,1
1790111872,6341.93,0,1,ONLINE,6335.32,0,1377837,928,54808,0,0,1,1,1,1,1
1790111877,6347.15,0,1,ONLINE,6340.54,0,1378401,928,54808,0,0,1,1,1,1,1
1790111882,6352.36,0,1,ONLINE,6345.75,0,1378978,928,54808,0,0,1,1,1,1,1
1790111887,6357.58,0,1,ONLINE,6350.97,0,1379726,928,54808,0,0,1,1,1,1,1
1790111892,6362.79,0,1,ONLINE,6356.18,0,1380297,928,54808,0,0,1,1,1,1,1
1790111898,6368.01,0,1,ONLINE,6361.40,0,1380742,928,54808,0,0,1,1,1,1,1
1790111903,6373.22,0,1,ONLINE,6366.61,0,1381530,928,54808,0,0,1,1,1,1,1
1790111908,6378.44,0,1,ONLINE,6371.83,0,1382029,928,54808,0,0,1,1,1,1,1
1790111913,6383.66,0,1,ONLINE,6377.05,0,1382590,928,54808,0,0,1,1,1,1,1
1790111918,6388.87,0,1,ONLINE,6382.26,0,1383391,928,54808,0,0,1,1,1,1,1
1790111924,6394.08,0,1,ONLINE,6387.47,0,1383952,928,54808,0,0,1,1,1,1,1
1790111929,6399.29,0,1,ONLINE,6392.68,0,1384559,928,54808,0,0,1,1,1,1,1
1790111934,6404.50,0,1,ONLINE,6397.89,0,1385314,928,54808,0,0,1,1,1,1,1
1790111939,6409.72,0,1,ONLINE,6403.11,0,1385940,928,54808,0,0,1,1,1,1,1
1790111945,6414.95,0,1,ONLINE,6408.34,0,1386494,928,54808,0,0,1,1,1,1,1
1790111950,6420.16,0,1,ONLINE,6413.55,0,1387154,928,54808,0,0,1,1,1,1,1
1790111955,6425.38,0,1,ONLINE,6418.77,0,1387636,928,54808,0,0,1,1,1,1,1
1790111960,6430.61,0,1,ONLINE,6424.00,0,1388304,928,54808,0,0,1,1,1,1,1
1790111965,6435.82,0,1,ONLINE,6429.21,0,1388940,928,54808,0,0,1,1,1,1,1
1790111971,6441.04,0,1,ONLINE,6434.43,0,1389688,928,54808,0,0,1,1,1,1,1
1790111976,6446.26,0,1,ONLINE,6439.65,0,1390383,928,54808,0,0,1,1,1,1,1
1790111981,6451.48,0,1,ONLINE,6444.87,0,1391085,928,54808,0,0,1,1,1,1,1
1790111986,6456.69,0,1,ONLINE,6450.08,0,1391643,928,54808,0,0,1,1,1,1,1
1790111991,6461.91,0,1,ONLINE,6455.30,0,1392404,928,54808,0,0,1,1,1,1,1
1790111997,6467.12,0,1,ONLINE,6460.51,0,1393014,928,54808,0,0,1,1,1,1,1
1790112002,6472.33,0,1,ONLINE,6465.72,0,1393893,928,54808,0,0,1,1,1,1,1
1790112007,6477.54,0,1,ONLINE,6470.93,0,1394629,928,54808,0,0,1,1,1,1,1
1790112012,6482.76,0,1,ONLINE,6476.15,0,1395179,928,54808,0,0,1,1,1,1,1
1790112018,6487.98,0,1,ONLINE,6481.37,0,1395344,942,55129,0,0,1,1,1,1,1
1790112023,6493.19,0,1,ONLINE,6486.58,0,1396038,942,55129,0,0,1,1,1,1,1
1790112028,6498.42,0,1,ONLINE,6491.81,0,1396673,942,55129,0,0,1,1,1,1,1
1790112033,6503.64,0,1,ONLINE,6497.03,0,1397258,942,55129,0,0,1,1,1,1,1
1790112038,6508.86,0,1,ONLINE,6502.25,0,1397837,942,55129,0,0,1,1,1,1,1
1790112044,6514.10,0,1,ONLINE,6507.49,0,1398391,942,55129,0,0,1,1,1,1,1
1790112049,6519.31,0,1,ONLINE,6512.70,0,1399105,942,55129,0,0,1,1,1,1,1
1790112054,6524.53,0,1,ONLINE,6517.92,0,1399842,942,55129,0,0,1,1,1,1,1
1790112059,6529.75,0,1,ONLINE,6523.14,0,1400386,942,55129,0,0,1,1,1,1,1
1790112065,6534.96,0,1,ONLINE,6528.35,0,1401044,942,55129,0,0,1,1,1,1,1
1790112070,6540.18,0,1,ONLINE,6533.57,0,1401655,942,55129,0,0,1,1,1,1,1
1790112075,6545.39,0,1,ONLINE,6538.78,0,1402242,942,55129,0,0,1,1,1,1,1
1790112080,6550.61,0,1,ONLINE,6544.00,0,1403045,942,55129,0,0,1,1,1,1,1
1790112085,6555.82,0,1,ONLINE,6549.21,0,1403671,942,55129,0,0,1,1,1,1,1
1790112091,6561.03,0,1,ONLINE,6554.42,0,1404195,942,55129,0,0,1,1,1,1,1
1790112096,6566.25,0,1,ONLINE,6559.64,0,1405090,942,55129,0,0,1,1,1,1,1
1790112101,6571.46,0,1,ONLINE,6564.85,0,1405619,942,55129,0,0,1,1,1,1,1
1790112106,6576.68,0,1,ONLINE,6570.07,0,1406154,942,55129,0,0,1,1,1,1,1
1790112111,6581.89,0,1,ONLINE,6575.28,0,1407188,942,55129,0,0,1,1,1,1,1
1790112117,6587.11,0,1,ONLINE,6580.50,0,1407726,942,55129,0,0,1,1,1,1,1
1790112122,6592.33,0,1,ONLINE,6585.72,0,1408394,942,55129,0,0,1,1,1,1,1
1790112127,6597.55,0,1,ONLINE,6590.94,0,1408953,942,55129,0,0,1,1,1,1,1
1790112132,6602.77,0,1,ONLINE,6596.16,0,1409590,942,55129,0,0,1,1,1,1,1
1790112138,6607.98,0,1,ONLINE,6601.37,0,1410129,942,55129,0,0,1,1,1,1,1
1790112143,6613.21,0,1,ONLINE,6606.60,0,1410886,942,55129,0,0,1,1,1,1,1
1790112148,6618.44,0,1,ONLINE,6611.83,0,1411520,942,55129,0,0,1,1,1,1,1
1790112153,6623.65,0,1,ONLINE,6617.04,0,1411995,942,55129,0,0,1,1,1,1,1
1790112158,6628.86,0,1,ONLINE,6622.25,0,1412703,942,55129,0,0,1,1,1,1,1
1790112164,6634.08,0,1,ONLINE,6627.47,0,1413193,942,55129,0,0,1,1,1,1,1
1790112169,6639.30,0,1,ONLINE,6632.69,0,1413909,942,55129,0,0,1,1,1,1,1
1790112174,6644.51,0,1,ONLINE,6637.90,0,1414479,942,55129,0,0,1,1,1,1,1
1790112179,6649.72,0,1,ONLINE,6643.11,0,1415125,942,55129,0,0,1,1,1,1,1
1790112185,6654.94,0,1,ONLINE,6648.33,0,1415896,942,55129,0,0,1,1,1,1,1
1790112190,6660.16,0,1,ONLINE,6653.55,0,1416622,942,55129,0,0,1,1,1,1,1
1790112195,6665.38,0,1,ONLINE,6658.77,0,1417102,942,55129,0,0,1,1,1,1,1
1790112200,6670.59,0,1,ONLINE,6663.98,0,1417959,942,55129,0,0,1,1,1,1,1
1790112205,6675.81,0,1,ONLINE,6669.20,0,1418677,942,55129,0,0,1,1,1,1,1
1790112211,6681.02,0,1,ONLINE,6674.41,0,1419193,942,55129,0,0,1,1,1,1,1
1790112216,6686.23,0,1,ONLINE,6679.62,0,1419872,942,55129,0,0,1,1,1,1,1
1790112221,6691.45,0,1,ONLINE,6684.84,0,1420474,942,55129,0,0,1,1,1,1,1
1790112226,6696.66,0,1,ONLINE,6690.05,0,1420958,942,55129,0,0,1,1,1,1,1
1790112231,6701.88,0,1,ONLINE,6695.27,0,1421755,942,55129,0,0,1,1,1,1,1
1790112237,6707.10,0,1,ONLINE,6700.49,0,1422376,942,55129,0,0,1,1,1,1,1
1790112242,6712.32,0,1,ONLINE,6705.71,0,1423132,942,55129,0,0,1,1,1,1,1
1790112247,6717.54,0,1,ONLINE,6710.93,0,1423774,942,55129,0,0,1,1,1,1,1
1790112252,6722.75,0,1,ONLINE,6716.14,0,1424458,942,55129,0,0,1,1,1,1,1
1790112258,6727.98,0,1,ONLINE,6721.37,0,1425088,942,55129,0,0,1,1,1,1,1
1790112263,6733.20,0,1,ONLINE,6726.59,0,1425720,942,55129,0,0,1,1,1,1,1
1790112268,6738.41,0,1,ONLINE,6731.80,0,1426154,942,55129,0,0,1,1,1,1,1
1790112273,6743.64,0,1,ONLINE,6737.03,0,1426400,952,55479,0,0,1,1,1,1,1
1790112278,6748.85,0,1,ONLINE,6742.24,0,1426687,961,55835,0,0,1,1,1,1,1
1790112284,6754.07,0,1,ONLINE,6747.46,0,1427265,963,55879,0,0,1,1,1,1,1
1790112289,6759.28,0,1,ONLINE,6752.67,0,1428034,963,55879,0,0,1,1,1,1,1
1790112294,6764.50,0,1,ONLINE,6757.89,0,1428679,963,55879,0,0,1,1,1,1,1
1790112299,6769.71,0,1,ONLINE,6763.10,0,1429143,963,55879,0,0,1,1,1,1,1
1790112305,6774.93,0,1,ONLINE,6768.32,0,1429587,967,56179,0,0,1,1,1,1,1
1790112310,6780.15,0,1,ONLINE,6773.54,0,1430104,967,56179,0,0,1,1,1,1,1
1790112315,6785.36,0,1,ONLINE,6778.75,0,1430567,967,56179,0,0,1,1,1,1,1
1790112320,6790.57,0,1,ONLINE,6783.96,0,1431299,967,56179,0,0,1,1,1,1,1
1790112325,6795.79,0,1,ONLINE,6789.18,0,1431958,967,56179,0,0,1,1,1,1,1
1790112331,6801.00,0,1,ONLINE,6794.39,0,1432568,967,56179,0,0,1,1,1,1,1
1790112336,6806.21,0,1,ONLINE,6799.60,0,1433154,967,56179,0,0,1,1,1,1,1
1790112341,6811.43,0,1,ONLINE,6804.82,0,1433836,967,56179,0,0,1,1,1,1,1
1790112346,6816.65,0,1,ONLINE,6810.04,0,1434335,967,56179,0,0,1,1,1,1,1
1790112351,6821.86,0,1,ONLINE,6815.25,0,1435064,967,56179,0,0,1,1,1,1,1
1790112357,6827.07,0,1,ONLINE,6820.46,0,1435524,967,56179,0,0,1,1,1,1,1
1790112362,6832.28,0,1,ONLINE,6825.67,0,1435900,973,56557,0,0,1,1,1,1,1
1790112367,6837.51,0,1,ONLINE,6830.90,0,1436536,973,56557,0,0,1,1,1,1,1
1790112372,6842.72,0,1,ONLINE,6836.11,0,1436986,973,56557,0,0,1,1,1,1,1
1790112378,6847.93,0,1,ONLINE,6841.32,0,1437243,977,56802,0,0,1,1,1,1,1
1790112383,6853.15,0,1,ONLINE,6846.54,0,1437902,978,56916,0,0,1,1,1,1,1
1790112388,6858.36,0,1,ONLINE,6851.75,0,1438478,978,56916,0,0,1,1,1,1,1
1790112393,6863.59,0,1,ONLINE,6856.98,0,1439307,978,56916,0,0,1,1,1,1,1
1790112398,6868.80,0,1,ONLINE,6862.19,0,1439977,978,56916,0,0,1,1,1,1,1
1790112404,6874.01,0,1,ONLINE,6867.40,0,1440523,978,56916,0,0,1,1,1,1,1
1790112409,6879.23,0,1,ONLINE,6872.62,0,1441515,978,56916,0,0,1,1,1,1,1
1790112414,6884.44,0,1,ONLINE,6877.83,0,1442158,978,56916,0,0,1,1,1,1,1
1790112419,6889.66,0,1,ONLINE,6883.05,0,1442823,978,56916,0,0,1,1,1,1,1
1790112424,6894.88,0,1,ONLINE,6888.27,0,1443428,978,56916,0,0,1,1,1,1,1
1790112430,6900.09,0,1,ONLINE,6893.48,0,1444113,978,56916,0,0,1,1,1,1,1
1790112435,6905.31,0,1,ONLINE,6898.70,0,1444654,978,56916,0,0,1,1,1,1,1
1790112440,6910.53,0,1,ONLINE,6903.92,0,1445498,978,56916,0,0,1,1,1,1,1
1790112445,6915.75,0,1,ONLINE,6909.14,0,1446128,978,56916,0,0,1,1,1,1,1
1790112451,6920.96,0,1,ONLINE,6914.35,0,1446422,989,57196,0,0,1,1,1,1,1
1790112456,6926.18,0,1,ONLINE,6919.57,0,1446990,990,57259,0,0,1,1,1,1,1
1790112461,6931.39,0,1,ONLINE,6924.78,0,1447517,990,57259,0,0,1,1,1,1,1
1790112466,6936.61,0,1,ONLINE,6930.00,0,1448146,990,57259,0,0,1,1,1,1,1
1790112471,6941.83,0,1,ONLINE,6935.22,0,1449153,990,57259,0,0,1,1,1,1,1
1790112477,6947.04,0,1,ONLINE,6940.43,0,1449610,990,57259,0,0,1,1,1,1,1
1790112482,6952.26,0,1,ONLINE,6945.65,0,1450120,990,57259,0,0,1,1,1,1,1
1790112487,6957.48,0,1,ONLINE,6950.87,0,1450654,990,57259,0,0,1,1,1,1,1
1790112492,6962.70,0,1,ONLINE,6956.09,0,1451367,990,57259,0,0,1,1,1,1,1
1790112498,6967.91,0,1,ONLINE,6961.30,0,1452031,990,57259,0,0,1,1,1,1,1
1790112503,6973.13,0,1,ONLINE,6966.52,0,1452706,990,57259,0,0,1,1,1,1,1
1790112508,6978.35,0,1,ONLINE,6971.74,0,1453316,990,57259,0,0,1,1,1,1,1
1790112513,6983.56,0,1,ONLINE,6976.95,0,1454103,990,57259,0,0,1,1,1,1,1
1790112518,6988.79,0,1,ONLINE,6982.18,0,1454573,995,57469,0,0,1,1,1,1,1
1790112524,6994.00,0,1,ONLINE,6987.39,0,1454751,1003,57895,0,0,1,1,1,1,1
1790112529,6999.22,0,1,ONLINE,6992.61,0,1455431,1003,57895,0,0,1,1,1,1,1
1790112534,7004.44,0,1,ONLINE,6997.83,0,1456003,1003,57895,0,0,1,1,1,1,1
1790112539,7009.66,0,1,ONLINE,7003.05,0,1456337,1004,58047,0,0,1,1,1,1,1
1790112544,7014.88,0,1,ONLINE,7008.27,0,1456862,1008,58234,0,0,1,1,1,1,1
1790112550,7020.11,0,1,ONLINE,7013.50,0,1457365,1008,58234,0,0,1,1,1,1,1
1790112555,7025.33,0,1,ONLINE,7018.72,0,1457580,1014,58568,0,0,1,1,1,1,1
1790112560,7030.54,0,1,ONLINE,7023.93,0,1458160,1014,58568,0,0,1,1,1,1,1
1790112565,7035.76,0,1,ONLINE,7029.15,0,1458708,1014,58568,0,0,1,1,1,1,1
1790112571,7040.97,0,1,ONLINE,7034.36,0,1459055,1014,58717,0,0,1,1,1,1,1
1790112576,7046.19,0,1,ONLINE,7039.58,0,1459221,1019,59022,0,0,1,1,1,1,1
1790112581,7051.41,0,1,ONLINE,7044.80,0,1459723,1019,59022,0,0,1,1,1,1,1
1790112586,7056.63,0,1,ONLINE,7050.02,0,1460428,1019,59022,0,0,1,1,1,1,1
1790112591,7061.86,0,1,ONLINE,7055.25,0,1461117,1019,59022,0,0,1,1,1,1,1
1790112597,7067.08,0,1,ONLINE,7060.47,0,1461889,1019,59022,0,0,1,1,1,1,1
1790112602,7072.29,0,1,ONLINE,7065.68,0,1462607,1019,59022,0,0,1,1,1,1,1
1790112607,7077.52,0,1,ONLINE,7070.91,0,1463315,1019,59022,0,0,1,1,1,1,1
1790112612,7082.74,0,1,ONLINE,7076.13,0,1464090,1019,59022,0,0,1,1,1,1,1
1790112618,7087.96,0,1,ONLINE,7081.35,0,1464655,1019,59022,0,0,1,1,1,1,1
1790112623,7093.17,0,1,ONLINE,7086.56,0,1465323,1019,59022,0,0,1,1,1,1,1
1790112628,7098.38,0,1,ONLINE,7091.77,0,1465891,1019,59022,0,0,1,1,1,1,1
1790112633,7103.60,0,1,ONLINE,7096.99,0,1466750,1019,59022,0,0,1,1,1,1,1
1790112638,7108.82,0,1,ONLINE,7102.21,0,1467307,1019,59022,0,0,1,1,1,1,1
1790112644,7114.04,0,1,ONLINE,7107.43,0,1467855,1019,59022,0,0,1,1,1,1,1
1790112649,7119.25,0,1,ONLINE,7112.64,0,1468487,1019,59022,0,0,1,1,1,1,1
1790112654,7124.47,0,1,ONLINE,7117.86,0,1469016,1019,59022,0,0,1,1,1,1,1
1790112659,7129.68,0,1,ONLINE,7123.07,0,1469519,1019,59022,0,0,1,1,1,1,1
1790112664,7134.90,0,1,ONLINE,7128.29,0,1470054,1019,59022,0,0,1,1,1,1,1
1790112670,7140.13,0,1,ONLINE,7133.52,0,1470634,1019,59022,0,0,1,1,1,1,1
1790112675,7145.35,0,1,ONLINE,7138.74,0,1471162,1019,59022,0,0,1,1,1,1,1
1790112680,7150.57,0,1,ONLINE,7143.96,0,1471709,1019,59022,0,0,1,1,1,1,1
1790112685,7155.79,0,1,ONLINE,7149.18,0,1472294,1019,59022,0,0,1,1,1,1,1
1790112691,7161.01,0,1,ONLINE,7154.40,0,1472957,1019,59022,0,0,1,1,1,1,1
1790112696,7166.23,0,1,ONLINE,7159.62,0,1473691,1019,59022,0,0,1,1,1,1,1
1790112701,7171.45,0,1,ONLINE,7164.84,0,1474323,1019,59022,0,0,1,1,1,1,1
1790112706,7176.66,0,1,ONLINE,7170.05,0,1474839,1019,59022,0,0,1,1,1,1,1
1790112711,7181.88,0,1,ONLINE,7175.27,0,1475522,1019,59022,0,0,1,1,1,1,1
1790112717,7187.10,0,1,ONLINE,7180.49,0,1476062,1019,59022,0,0,1,1,1,1,1
1790112722,7192.32,0,1,ONLINE,7185.71,0,1476663,1019,59022,0,0,1,1,1,1,1
1790112727,7197.55,0,1,ONLINE,7190.94,0,1477382,1019,59022,0,0,1,1,1,1,1
1790112732,7202.76,0,1,ONLINE,7196.15,0,1477941,1019,59022,0,0,1,1,1,1,1
1790112738,7207.98,0,1,ONLINE,7201.37,0,1478204,1022,59232,0,0,1,1,1,1,1
1790112743,7213.20,0,1,ONLINE,7206.59,0,1478757,1023,59268,0,0,1,1,1,1,1
1790112748,7218.42,0,1,ONLINE,7211.81,0,1479264,1023,59268,0,0,1,1,1,1,1
1790112753,7223.63,0,1,ONLINE,7217.02,0,1479782,1023,59268,0,0,1,1,1,1,1
1790112758,7228.84,0,1,ONLINE,7222.23,0,1480359,1023,59268,0,0,1,1,1,1,1
1790112764,7234.06,0,1,ONLINE,7227.45,0,1480951,1023,59268,0,0,1,1,1,1,1
1790112769,7239.28,0,1,ONLINE,7232.67,0,1481489,1023,59268,0,0,1,1,1,1,1
1790112774,7244.49,0,1,ONLINE,7237.88,0,1482182,1023,59268,0,0,1,1,1,1,1
1790112779,7249.71,0,1,ONLINE,7243.10,0,1482566,1024,59331,0,0,1,1,1,1,1
1790112785,7254.94,0,1,ONLINE,7248.33,0,1483031,1026,59482,0,0,1,1,1,1,1
1790112790,7260.15,0,1,ONLINE,7253.54,0,1483523,1026,59482,0,0,1,1,1,1,1
1790112795,7265.37,0,1,ONLINE,7258.76,0,1483643,1027,59823,0,0,1,1,1,1,1
1790112800,7270.59,0,1,ONLINE,7263.98,0,1484031,1028,60030,0,0,1,1,1,1,1
1790112805,7275.80,0,1,ONLINE,7269.19,0,1484634,1028,60030,0,0,1,1,1,1,1
1790112811,7281.02,0,1,ONLINE,7274.41,0,1485254,1028,60030,0,0,1,1,1,1,1
1790112816,7286.34,0,1,ONLINE,7279.73,0,1485965,1028,60030,0,0,1,1,1,1,1
1790112821,7291.55,0,1,ONLINE,7284.94,0,1486502,1028,60030,0,0,1,1,1,1,1
1790112826,7296.77,0,1,ONLINE,7290.16,0,1486955,1028,60030,0,0,1,1,1,1,1
1790112832,7301.99,0,1,ONLINE,7295.38,0,1487743,1028,60030,0,0,1,1,1,1,1
1790112837,7307.22,0,1,ONLINE,7300.61,0,1488261,1028,60030,0,0,1,1,1,1,1
1790112842,7312.43,0,1,ONLINE,7305.82,0,1488340,1032,60440,0,0,1,1,1,1,1
1790112847,7317.66,0,1,ONLINE,7311.05,0,1488768,1035,60567,0,0,1,1,1,1,1
1790112852,7322.87,0,1,ONLINE,7316.26,0,1489211,1035,60567,0,0,1,1,1,1,1
1790112858,7328.09,0,1,ONLINE,7321.48,0,1489862,1035,60567,0,0,1,1,1,1,1
1790112863,7333.31,0,1,ONLINE,7326.70,0,1490573,1035,60567,0,0,1,1,1,1,1
1790112868,7338.53,0,1,ONLINE,7331.92,0,1491049,1035,60567,0,0,1,1,1,1,1
1790112873,7343.74,0,1,ONLINE,7337.13,0,1491377,1043,60871,0,0,1,1,1,1,1
1790112879,7348.96,0,1,ONLINE,7342.35,0,1492128,1043,60871,0,0,1,1,1,1,1
1790112884,7354.18,0,1,ONLINE,7347.57,0,1492637,1043,60871,0,0,1,1,1,1,1
1790112889,7359.41,0,1,ONLINE,7352.80,0,1493241,1043,60871,0,0,1,1,1,1,1
1790112894,7364.62,0,1,ONLINE,7358.01,0,1493919,1043,60871,0,0,1,1,1,1,1
1790112899,7369.85,0,1,ONLINE,7363.24,0,1494353,1043,60871,0,0,1,1,1,1,1
1790112905,7375.06,0,1,ONLINE,7368.45,0,1495044,1043,60871,0,0,1,1,1,1,1
1790112910,7380.27,0,1,ONLINE,7373.66,0,1495608,1043,60871,0,0,1,1,1,1,1
1790112915,7385.49,0,1,ONLINE,7378.88,0,1496164,1043,60871,0,0,1,1,1,1,1
1790112920,7390.70,0,1,ONLINE,7384.09,0,1496835,1043,60871,0,0,1,1,1,1,1
1790112926,7395.92,0,1,ONLINE,7389.31,0,1497449,1043,60871,0,0,1,1,1,1,1
1790112931,7401.13,0,1,ONLINE,7394.52,0,1498038,1043,60871,0,0,1,1,1,1,1
1790112936,7406.35,0,1,ONLINE,7399.74,0,1498578,1043,60871,0,0,1,1,1,1,1
1790112941,7411.57,0,1,ONLINE,7404.96,0,1499119,1043,60871,0,0,1,1,1,1,1
1790112946,7416.78,0,1,ONLINE,7410.17,0,1499840,1043,60871,0,0,1,1,1,1,1
1790112952,7422.00,0,1,ONLINE,7415.39,0,1500497,1043,60871,0,0,1,1,1,1,1
1790112957,7427.22,0,1,ONLINE,7420.61,0,1501061,1043,60871,0,0,1,1,1,1,1
1790112962,7432.45,0,1,ONLINE,7425.84,0,1501716,1043,60871,0,0,1,1,1,1,1
1790112967,7437.66,0,1,ONLINE,7431.05,0,1502581,1043,60871,0,0,1,1,1,1,1
1790112972,7442.87,0,1,ONLINE,7436.26,0,1503194,1043,60871,0,0,1,1,1,1,1
1790112978,7448.10,0,1,ONLINE,7441.49,0,1503513,1045,60972,0,0,1,1,1,1,1
1790112983,7453.32,0,1,ONLINE,7446.71,0,1503975,1049,61113,0,0,1,1,1,1,1
1790112988,7458.54,0,1,ONLINE,7451.93,0,1504540,1049,61113,0,0,1,1,1,1,1
1790112993,7463.76,0,1,ONLINE,7457.15,0,1505126,1049,61113,0,0,1,1,1,1,1
1790112999,7468.99,0,1,ONLINE,7462.38,0,1505824,1049,61113,0,0,1,1,1,1,1
1790113004,7474.21,0,1,ONLINE,7467.60,0,1506359,1049,61113,0,0,1,1,1,1,1
1790113009,7479.43,0,1,ONLINE,7472.82,0,1506924,1049,61113,0,0,1,1,1,1,1
1790113014,7484.65,0,1,ONLINE,7478.04,0,1507604,1049,61113,0,0,1,1,1,1,1
1790113019,7489.87,0,1,ONLINE,7483.26,0,1508158,1049,61113,0,0,1,1,1,1,1
1790113025,7495.09,0,1,ONLINE,7488.48,0,1508749,1049,61113,0,0,1,1,1,1,1
1790113030,7500.31,0,1,ONLINE,7493.70,0,1509444,1049,61113,0,0,1,1,1,1,1
1790113035,7505.53,0,1,ONLINE,7498.92,0,1509942,1049,61113,0,0,1,1,1,1,1
1790113040,7510.75,0,1,ONLINE,7504.14,0,1510582,1049,61113,0,0,1,1,1,1,1
1790113046,7515.97,0,1,ONLINE,7509.36,0,1511125,1049,61113,0,0,1,1,1,1,1
1790113051,7521.19,0,1,ONLINE,7514.58,0,1511791,1049,61113,0,0,1,1,1,1,1
1790113056,7526.43,0,1,ONLINE,7519.82,0,1512357,1049,61113,0,0,1,1,1,1,1
1790113061,7531.64,0,1,ONLINE,7525.03,0,1512964,1049,61113,0,0,1,1,1,1,1
1790113066,7536.86,0,1,ONLINE,7530.25,0,1513545,1049,61113,0,0,1,1,1,1,1
1790113072,7542.08,0,1,ONLINE,7535.47,0,1514186,1049,61113,0,0,1,1,1,1,1
1790113077,7547.29,0,1,ONLINE,7540.68,0,1514697,1049,61113,0,0,1,1,1,1,1
1790113082,7552.51,0,1,ONLINE,7545.90,0,1515299,1049,61113,0,0,1,1,1,1,1
1790113087,7557.73,0,1,ONLINE,7551.12,0,1515877,1049,61113,0,0,1,1,1,1,1
1790113093,7562.95,0,1,ONLINE,7556.34,0,1516101,1054,61407,0,0,1,1,1,1,1
1790113098,7568.17,0,1,ONLINE,7561.56,0,1516662,1055,61418,0,0,1,1,1,1,1
1790113103,7573.38,0,1,ONLINE,7566.77,0,1517303,1055,61418,0,0,1,1,1,1,1
1790113108,7578.60,0,1,ONLINE,7571.99,0,1517893,1055,61418,0,0,1,1,1,1,1
1790113113,7583.82,0,1,ONLINE,7577.21,0,1518514,1055,61418,0,0,1,1,1,1,1
1790113119,7589.05,0,1,ONLINE,7582.44,0,1519187,1055,61418,0,0,1,1,1,1,1
1790113124,7594.27,0,1,ONLINE,7587.66,0,1519679,1057,61565,0,0,1,1,1,1,1
1790113129,7599.49,0,1,ONLINE,7592.88,0,1520172,1062,61743,0,0,1,1,1,1,1
1790113134,7604.71,0,1,ONLINE,7598.10,0,1520799,1062,61743,0,0,1,1,1,1,1
1790113140,7609.94,0,1,ONLINE,7603.33,0,1521286,1062,61743,0,0,1,1,1,1,1
1790113145,7615.15,0,1,ONLINE,7608.54,0,1521869,1062,61743,0,0,1,1,1,1,1
1790113150,7620.36,0,1,ONLINE,7613.75,0,1522287,1062,61743,0,0,1,1,1,1,1
1790113155,7625.58,0,1,ONLINE,7618.97,0,1522371,1064,62048,0,0,1,1,1,1,1
1790113160,7630.80,0,1,ONLINE,7624.19,0,1522483,1072,62565,0,0,1,1,1,1,1
1790113166,7636.03,0,1,ONLINE,7629.42,0,1523071,1072,62565,0,0,1,1,1,1,1
1790113171,7641.25,0,1,ONLINE,7634.64,0,1523629,1072,62565,0,0,1,1,1,1,1
1790113176,7646.46,0,1,ONLINE,7639.85,0,1524255,1072,62565,0,0,1,1,1,1,1
1790113181,7651.69,0,1,ONLINE,7645.08,0,1524859,1072,62565,0,0,1,1,1,1,1
1790113186,7656.91,0,1,ONLINE,7650.30,0,1525317,1072,62565,0,0,1,1,1,1,1
1790113192,7662.12,0,1,ONLINE,7655.51,0,1526154,1072,62565,0,0,1,1,1,1,1
1790113197,7667.34,0,1,ONLINE,7660.73,0,1526831,1072,62565,0,0,1,1,1,1,1
1790113202,7672.56,0,1,ONLINE,7665.95,0,1527415,1072,62565,0,0,1,1,1,1,1
1790113207,7677.78,0,1,ONLINE,7671.17,0,1527988,1072,62565,0,0,1,1,1,1,1
1790113213,7682.99,0,1,ONLINE,7676.38,0,1528425,1072,62565,0,0,1,1,1,1,1
1790113218,7688.21,0,1,ONLINE,7681.60,0,1529055,1072,62565,0,0,1,1,1,1,1
1790113223,7693.43,0,1,ONLINE,7686.82,0,1529695,1072,62565,0,0,1,1,1,1,1
1790113228,7698.65,0,1,ONLINE,7692.04,0,1530337,1072,62565,0,0,1,1,1,1,1
1790113233,7703.86,0,1,ONLINE,7697.25,0,1530529,1073,62806,0,0,1,1,1,1,1
1790113239,7709.08,0,1,ONLINE,7702.47,0,1530809,1078,63100,0,0,1,1,1,1,1
1790113244,7714.30,0,1,ONLINE,7707.69,0,1531023,1079,63312,0,0,1,1,1,1,1
1790113249,7719.52,0,1,ONLINE,7712.91,0,1531412,1083,63673,0,0,1,1,1,1,1
1790113254,7724.73,0,1,ONLINE,7718.12,0,1532066,1083,63673,0,0,1,1,1,1,1
1790113260,7729.95,0,1,ONLINE,7723.34,0,1532552,1083,63673,0,0,1,1,1,1,1
1790113265,7735.16,0,1,ONLINE,7728.55,0,1533086,1083,63673,0,0,1,1,1,1,1
1790113270,7740.38,0,1,ONLINE,7733.77,0,1533558,1083,63673,0,0,1,1,1,1,1
1790113275,7745.60,0,1,ONLINE,7738.99,0,1533837,1084,63952,0,0,1,1,1,1,1
1790113280,7750.81,0,1,ONLINE,7744.20,0,1534232,1093,64278,0,0,1,1,1,1,1
1790113286,7756.03,0,1,ONLINE,7749.42,0,1534979,1093,64278,0,0,1,1,1,1,1
1790113291,7761.25,0,1,ONLINE,7754.64,0,1535586,1093,64278,0,0,1,1,1,1,1
1790113296,7766.48,0,1,ONLINE,7759.87,0,1536231,1093,64278,0,0,1,1,1,1,1
1790113301,7771.70,0,1,ONLINE,7765.09,0,1536757,1093,64278,0,0,1,1,1,1,1
1790113307,7776.92,0,1,ONLINE,7770.31,0,1537508,1093,64278,0,0,1,1,1,1,1
1790113312,7782.15,0,1,ONLINE,7775.54,0,1538284,1093,64278,0,0,1,1,1,1,1
1790113317,7787.36,0,1,ONLINE,7780.75,0,1538780,1093,64278,0,0,1,1,1,1,1
1790113322,7792.60,0,1,ONLINE,7785.99,0,1539382,1093,64278,0,0,1,1,1,1,1
1790113327,7797.82,0,1,ONLINE,7791.21,0,1539707,1097,64590,0,0,1,1,1,1,1
1790113333,7803.03,0,1,ONLINE,7796.42,0,1540038,1098,64704,0,0,1,1,1,1,1
1790113338,7808.25,0,1,ONLINE,7801.64,0,1540476,1101,64867,0,0,1,1,1,1,1
1790113343,7813.46,0,1,ONLINE,7806.85,0,1541186,1101,64867,0,0,1,1,1,1,1
1790113348,7818.70,0,1,ONLINE,7812.09,0,1541728,1101,64867,0,0,1,1,1,1,1
1790113354,7823.91,0,1,ONLINE,7817.30,0,1542182,1101,64867,0,0,1,1,1,1,1
1790113359,7829.14,0,1,ONLINE,7822.53,0,1542834,1101,64867,0,0,1,1,1,1,1
1790113364,7834.36,0,1,ONLINE,7827.75,0,1543471,1101,64867,0,0,1,1,1,1,1
1790113369,7839.57,0,1,ONLINE,7832.96,0,1544093,1101,64867,0,0,1,1,1,1,1
1790113374,7844.80,0,1,ONLINE,7838.19,0,1544650,1101,64867,0,0,1,1,1,1,1
1790113380,7850.02,0,1,ONLINE,7843.41,0,1545167,1101,64867,0,0,1,1,1,1,1
1790113385,7855.24,0,1,ONLINE,7848.63,0,1545226,1114,65437,0,0,1,1,1,1,1
1790113390,7860.45,0,1,ONLINE,7853.84,0,1545824,1116,65519,0,0,1,1,1,1,1
1790113395,7865.67,0,1,ONLINE,7859.06,0,1546383,1116,65519,0,0,1,1,1,1,1
1790113400,7870.88,0,1,ONLINE,7864.27,0,1546705,1134,65909,0,0,1,1,1,1,1
1790113406,7876.11,0,1,ONLINE,7869.50,0,1547410,1134,65909,0,0,1,1,1,1,1
1790113411,7881.32,0,1,ONLINE,7874.71,0,1547930,1134,65909,0,0,1,1,1,1,1
1790113416,7886.54,0,1,ONLINE,7879.93,0,1548453,1134,65909,0,0,1,1,1,1,1
1790113421,7891.75,0,1,ONLINE,7885.14,0,1549093,1134,65909,0,0,1,1,1,1,1
1790113427,7896.97,0,1,ONLINE,7890.36,0,1549670,1134,65909,0,0,1,1,1,1,1
1790113432,7902.20,0,1,ONLINE,7895.59,0,1550338,1134,65909,0,0,1,1,1,1,1
1790113437,7907.41,0,1,ONLINE,7900.80,0,1551003,1134,65909,0,0,1,1,1,1,1
1790113442,7912.63,0,1,ONLINE,7906.02,0,1551146,1139,66317,0,0,1,1,1,1,1
1790113447,7917.85,0,1,ONLINE,7911.24,0,1551472,1150,66629,0,0,1,1,1,1,1
1790113453,7923.07,0,1,ONLINE,7916.46,0,1551979,1150,66629,0,0,1,1,1,1,1
1790113458,7928.28,0,1,ONLINE,7921.67,0,1552615,1150,66629,0,0,1,1,1,1,1
1790113463,7933.50,0,1,ONLINE,7926.89,0,1553104,1150,66629,0,0,1,1,1,1,1
1790113468,7938.72,0,1,ONLINE,7932.11,0,1553596,1150,66629,0,0,1,1,1,1,1
1790113474,7943.94,0,1,ONLINE,7937.33,0,1554099,1150,66629,0,0,1,1,1,1,1
1790113479,7949.15,0,1,ONLINE,7942.54,0,1554697,1150,66629,0,0,1,1,1,1,1
1790113484,7954.37,0,1,ONLINE,7947.76,0,1555234,1150,66629,0,0,1,1,1,1,1
1790113489,7959.59,0,1,ONLINE,7952.98,0,1556028,1150,66629,0,0,1,1,1,1,1
1790113494,7964.81,0,1,ONLINE,7958.20,0,1556499,1150,66629,0,0,1,1,1,1,1
1790113500,7970.03,0,1,ONLINE,7963.42,0,1556557,1151,67053,0,0,1,1,1,1,1
1790113505,7975.24,0,1,ONLINE,7968.63,0,1557134,1152,67154,0,0,1,1,1,1,1
1790113510,7980.48,0,1,ONLINE,7973.87,0,1557671,1152,67154,0,0,1,1,1,1,1
1790113515,7985.70,0,1,ONLINE,7979.09,0,1558271,1152,67154,0,0,1,1,1,1,1
1790113521,7990.91,0,1,ONLINE,7984.30,0,1558902,1152,67154,0,0,1,1,1,1,1
1790113526,7996.14,0,1,ONLINE,7989.53,0,1559383,1152,67154,0,0,1,1,1,1,1
1790113531,8001.36,0,1,ONLINE,7994.75,0,1559984,1152,67154,0,0,1,1,1,1,1
1790113536,8006.58,0,1,ONLINE,7999.97,0,1560530,1152,67154,0,0,1,1,1,1,1
1790113541,8011.79,0,1,ONLINE,8005.18,0,1560901,1152,67217,0,0,1,1,1,1,1
1790113547,8017.02,0,1,ONLINE,8010.41,0,1561219,1161,67437,0,0,1,1,1,1,1
1790113552,8022.24,0,1,ONLINE,8015.63,0,1562014,1161,67437,0,0,1,1,1,1,1
1790113557,8027.45,0,1,ONLINE,8020.84,0,1562615,1161,67437,0,0,1,1,1,1,1
1790113562,8032.68,0,1,ONLINE,8026.07,0,1563130,1161,67437,0,0,1,1,1,1,1
1790113567,8037.89,0,1,ONLINE,8031.28,0,1563736,1161,67437,0,0,1,1,1,1,1
1790113573,8043.11,0,1,ONLINE,8036.50,0,1564309,1161,67437,0,0,1,1,1,1,1
1790113578,8048.32,0,1,ONLINE,8041.71,0,1564758,1161,67437,0,0,1,1,1,1,1
1790113583,8053.55,0,1,ONLINE,8046.94,0,1565303,1161,67437,0,0,1,1,1,1,1
1790113588,8058.78,0,1,ONLINE,8052.17,0,1565578,1171,67747,0,0,1,1,1,1,1
1790113594,8063.99,0,1,ONLINE,8057.38,0,1566288,1171,67747,0,0,1,1,1,1,1
1790113599,8069.22,0,1,ONLINE,8062.61,0,1566859,1171,67747,0,0,1,1,1,1,1
1790113604,8074.44,0,1,ONLINE,8067.83,0,1567488,1171,67747,0,0,1,1,1,1,1
1790113610,8079.99,0,1,ONLINE,8073.38,0,1568293,1171,67747,0,0,1,1,1,1,1
1790113615,8085.21,0,1,ONLINE,8078.60,0,1569020,1171,67747,0,0,1,1,1,1,1
1790113620,8090.43,0,1,ONLINE,8083.82,0,1569542,1171,67747,0,0,1,1,1,1,1
1790113625,8095.65,0,1,ONLINE,8089.04,0,1570152,1171,67747,0,0,1,1,1,1,1
1790113630,8100.87,0,1,ONLINE,8094.26,0,1570739,1171,67747,0,0,1,1,1,1,1
1790113636,8106.08,0,1,ONLINE,8099.47,0,1571199,1171,67747,0,0,1,1,1,1,1
1790113641,8111.30,0,1,ONLINE,8104.69,0,1571407,1174,68074,0,0,1,1,1,1,1
1790113646,8116.53,0,1,ONLINE,8109.92,0,1571904,1174,68074,0,0,1,1,1,1,1
1790113651,8121.75,0,1,ONLINE,8115.14,0,1572557,1174,68074,0,0,1,1,1,1,1
1790113657,8126.97,0,1,ONLINE,8120.36,0,1573243,1174,68074,0,0,1,1,1,1,1
1790113662,8132.19,0,1,ONLINE,8125.58,0,1573932,1174,68074,0,0,1,1,1,1,1
1790113667,8137.40,0,1,ONLINE,8130.79,0,1574541,1174,68074,0,0,1,1,1,1,1
1790113672,8142.61,0,1,ONLINE,8136.00,0,1575142,1174,68074,0,0,1,1,1,1,1
1790113677,8147.84,0,1,ONLINE,8141.23,0,1575687,1174,68074,0,0,1,1,1,1,1
1790113683,8153.06,0,1,ONLINE,8146.45,0,1576369,1174,68074,0,0,1,1,1,1,1
1790113688,8158.27,0,1,ONLINE,8151.66,0,1577169,1174,68074,0,0,1,1,1,1,1
1790113693,8163.49,0,1,ONLINE,8156.88,0,1577673,1174,68074,0,0,1,1,1,1,1
1790113698,8168.70,0,1,ONLINE,8162.09,0,1578314,1174,68074,0,0,1,1,1,1,1
1790113704,8173.92,0,1,ONLINE,8167.31,0,1579034,1174,68074,0,0,1,1,1,1,1
1790113709,8179.13,0,1,ONLINE,8172.52,0,1579559,1174,68074,0,0,1,1,1,1,1
1790113714,8184.36,0,1,ONLINE,8177.75,0,1580086,1174,68074,0,0,1,1,1,1,1
1790113719,8189.57,0,1,ONLINE,8182.96,0,1580878,1174,68074,0,0,1,1,1,1,1
1790113724,8194.79,0,1,ONLINE,8188.18,0,1581406,1174,68074,0,0,1,1,1,1,1
1790113730,8200.00,0,1,ONLINE,8193.39,0,1581631,1178,68402,0,0,1,1,1,1,1
1790113735,8205.22,0,1,ONLINE,8198.61,0,1582175,1178,68402,0,0,1,1,1,1,1
1790113740,8210.44,0,1,ONLINE,8203.83,0,1582774,1178,68402,0,0,1,1,1,1,1
1790113745,8215.66,0,1,ONLINE,8209.05,0,1583403,1178,68402,0,0,1,1,1,1,1
1790113750,8220.89,0,1,ONLINE,8214.28,0,1584300,1178,68402,0,0,1,1,1,1,1
1790113756,8226.11,0,1,ONLINE,8219.50,0,1584827,1178,68402,0,0,1,1,1,1,1
1790113761,8231.32,0,1,ONLINE,8224.71,0,1585669,1178,68402,0,0,1,1,1,1,1
1790113766,8236.54,0,1,ONLINE,8229.93,0,1586289,1178,68402,0,0,1,1,1,1,1
1790113771,8241.75,0,1,ONLINE,8235.14,0,1586855,1178,68402,0,0,1,1,1,1,1
1790113777,8246.96,0,1,ONLINE,8240.35,0,1587605,1178,68402,0,0,1,1,1,1,1
1790113782,8252.18,0,1,ONLINE,8245.57,0,1588321,1178,68402,0,0,1,1,1,1,1
1790113787,8257.40,0,1,ONLINE,8250.79,0,1588865,1178,68402,0,0,1,1,1,1,1
1790113792,8262.61,0,1,ONLINE,8256.00,0,1589482,1178,68402,0,0,1,1,1,1,1
1790113797,8267.83,0,1,ONLINE,8261.22,0,1589983,1178,68402,0,0,1,1,1,1,1
1790113803,8273.05,0,1,ONLINE,8266.44,0,1590178,1182,68712,0,0,1,1,1,1,1
1790113808,8278.27,0,1,ONLINE,8271.66,0,1590831,1182,68712,0,0,1,1,1,1,1
1790113813,8283.49,0,1,ONLINE,8276.88,0,1591290,1182,68712,0,0,1,1,1,1,1
1790113818,8288.70,0,1,ONLINE,8282.09,0,1591583,1185,68892,0,0,1,1,1,1,1
1790113824,8293.92,0,1,ONLINE,8287.31,0,1592130,1187,68965,0,0,1,1,1,1,1
1790113829,8299.15,0,1,ONLINE,8292.54,0,1592716,1187,68965,0,0,1,1,1,1,1
1790113834,8304.36,0,1,ONLINE,8297.75,0,1593323,1187,68965,0,0,1,1,1,1,1
1790113839,8309.58,0,1,ONLINE,8302.97,0,1593865,1187,68965,0,0,1,1,1,1,1
1790113844,8314.79,0,1,ONLINE,8308.18,0,1594419,1187,68965,0,0,1,1,1,1,1
1790113850,8320.01,0,1,ONLINE,8313.40,0,1595132,1187,68965,0,0,1,1,1,1,1
1790113855,8325.24,0,1,ONLINE,8318.63,0,1595702,1187,68965,0,0,1,1,1,1,1
1790113860,8330.46,0,1,ONLINE,8323.85,0,1596131,1188,69015,0,0,1,1,1,1,1
1790113865,8335.68,0,1,ONLINE,8329.07,0,1596473,1192,69229,0,0,1,1,1,1,1
1790113870,8340.89,0,1,ONLINE,8334.28,0,1597124,1192,69229,0,0,1,1,1,1,1
1790113876,8346.10,0,1,ONLINE,8339.49,0,1597683,1192,69229,0,0,1,1,1,1,1
1790113881,8351.32,0,1,ONLINE,8344.71,0,1597925,1198,69584,0,0,1,1,1,1,1
1790113886,8356.54,0,1,ONLINE,8349.93,0,1598528,1198,69584,0,0,1,1,1,1,1
1790113891,8361.76,0,1,ONLINE,8355.15,0,1599066,1198,69584,0,0,1,1,1,1,1
1790113897,8366.98,0,1,ONLINE,8360.37,0,1599704,1198,69584,0,0,1,1,1,1,1
1790113902,8372.20,0,1,ONLINE,8365.59,0,1600309,1198,69584,0,0,1,1,1,1,1
1790113907,8377.42,0,1,ONLINE,8370.81,0,1600990,1198,69584,0,0,1,1,1,1,1
1790113912,8382.63,0,1,ONLINE,8376.02,0,1601683,1198,69584,0,0,1,1,1,1,1
1790113917,8387.85,0,1,ONLINE,8381.24,0,1602000,1198,69761,0,0,1,1,1,1,1
1790113923,8393.08,0,1,ONLINE,8386.47,0,1602592,1200,69890,0,0,1,1,1,1,1
1790113928,8398.29,0,1,ONLINE,8391.68,0,1603231,1200,69890,0,0,1,1,1,1,1
1790113933,8403.51,0,1,ONLINE,8396.90,0,1603674,1200,69890,0,0,1,1,1,1,1
1790113938,8408.73,0,1,ONLINE,8402.12,0,1604169,1200,69890,0,0,1,1,1,1,1
1790113944,8413.94,0,1,ONLINE,8407.33,0,1604805,1200,69890,0,0,1,1,1,1,1
1790113949,8419.17,0,1,ONLINE,8412.56,0,1605419,1200,69890,0,0,1,1,1,1,1
1790113954,8424.39,0,1,ONLINE,8417.78,0,1606006,1200,69890,0,0,1,1,1,1,1
1790113959,8429.62,0,1,ONLINE,8423.01,0,1606616,1200,69890,0,0,1,1,1,1,1
1790113964,8434.83,0,1,ONLINE,8428.22,0,1607077,1200,69890,0,0,1,1,1,1,1
1790113970,8440.05,0,1,ONLINE,8433.44,0,1607742,1200,69890,0,0,1,1,1,1,1
1790113975,8445.27,0,1,ONLINE,8438.66,0,1608330,1200,69890,0,0,1,1,1,1,1
1790113980,8450.48,0,1,ONLINE,8443.87,0,1608904,1200,69890,0,0,1,1,1,1,1
1790113985,8455.70,0,1,ONLINE,8449.09,0,1609705,1200,69890,0,0,1,1,1,1,1
1790113991,8460.94,0,1,ONLINE,8454.33,0,1610254,1200,69890,0,0,1,1,1,1,1
1790113996,8466.16,0,1,ONLINE,8459.55,0,1610695,1200,69890,0,0,1,1,1,1,1
1790114001,8471.38,0,1,ONLINE,8464.77,0,1611315,1200,69890,0,0,1,1,1,1,1
1790114006,8476.60,0,1,ONLINE,8469.99,0,1611822,1200,69890,0,0,1,1,1,1,1
1790114011,8481.81,0,1,ONLINE,8475.20,0,1612375,1200,69890,0,0,1,1,1,1,1
1790114017,8487.02,0,1,ONLINE,8480.41,0,1612987,1200,69890,0,0,1,1,1,1,1
1790114022,8492.24,0,1,ONLINE,8485.63,0,1613585,1200,69890,0,0,1,1,1,1,1
1790114027,8497.45,0,1,ONLINE,8490.84,0,1614032,1200,69890,0,0,1,1,1,1,1
1790114032,8502.66,0,1,ONLINE,8496.05,0,1614615,1200,69890,0,0,1,1,1,1,1
1790114037,8507.89,0,1,ONLINE,8501.28,0,1615223,1200,69890,0,0,1,1,1,1,1
1790114043,8513.11,0,1,ONLINE,8506.50,0,1615890,1200,69890,0,0,1,1,1,1,1
1790114048,8518.32,0,1,ONLINE,8511.71,0,1616519,1200,69890,0,0,1,1,1,1,1
1790114053,8523.55,0,1,ONLINE,8516.94,0,1617151,1200,69890,0,0,1,1,1,1,1
1790114058,8528.76,0,1,ONLINE,8522.15,0,1617650,1200,69890,0,0,1,1,1,1,1
1790114064,8533.98,0,1,ONLINE,8527.37,0,1618406,1200,69890,0,0,1,1,1,1,1
1790114069,8539.20,0,1,ONLINE,8532.59,0,1619040,1200,69890,0,0,1,1,1,1,1
1790114074,8544.41,0,1,ONLINE,8537.80,0,1619579,1200,69890,0,0,1,1,1,1,1
1790114079,8549.63,0,1,ONLINE,8543.02,0,1620198,1200,69890,0,0,1,1,1,1,1
1790114084,8554.87,0,1,ONLINE,8548.26,0,1620705,1200,69890,0,0,1,1,1,1,1
1790114090,8560.08,0,1,ONLINE,8553.47,0,1621345,1200,69890,0,0,1,1,1,1,1
1790114095,8565.30,0,1,ONLINE,8558.69,0,1622014,1200,69890,0,0,1,1,1,1,1
1790114100,8570.51,0,1,ONLINE,8563.90,0,1622692,1200,69890,0,0,1,1,1,1,1
1790114105,8575.74,0,1,ONLINE,8569.13,0,1623333,1200,69890,0,0,1,1,1,1,1
1790114111,8580.96,0,1,ONLINE,8574.35,0,1624048,1200,69890,0,0,1,1,1,1,1
1790114116,8586.18,0,1,ONLINE,8579.57,0,1624419,1202,70039,0,0,1,1,1,1,1
1790114121,8591.39,0,1,ONLINE,8584.78,0,1624534,1206,70464,0,0,1,1,1,1,1
1790114126,8596.61,0,1,ONLINE,8590.00,0,1625161,1206,70464,0,0,1,1,1,1,1
1790114131,8601.82,0,1,ONLINE,8595.21,0,1625610,1206,70464,0,0,1,1,1,1,1
1790114137,8607.04,0,1,ONLINE,8600.43,0,1626122,1206,70464,0,0,1,1,1,1,1
1790114142,8612.26,0,1,ONLINE,8605.65,0,1626716,1206,70464,0,0,1,1,1,1,1
1790114147,8617.48,0,1,ONLINE,8610.87,0,1627062,1209,70667,0,0,1,1,1,1,1
1790114152,8622.70,0,1,ONLINE,8616.09,0,1627528,1213,70771,0,0,1,1,1,1,1
1790114158,8627.94,0,1,ONLINE,8621.33,0,1627962,1213,70771,0,0,1,1,1,1,1
1790114163,8633.15,0,1,ONLINE,8626.54,0,1628654,1213,70771,0,0,1,1,1,1,1
1790114168,8638.37,0,1,ONLINE,8631.76,0,1629239,1213,70771,0,0,1,1,1,1,1
1790114173,8643.59,0,1,ONLINE,8636.98,0,1629829,1213,70771,0,0,1,1,1,1,1
1790114178,8648.80,0,1,ONLINE,8642.19,0,1630474,1213,70771,0,0,1,1,1,1,1
1790114184,8654.02,0,1,ONLINE,8647.41,0,1631263,1213,70771,0,0,1,1,1,1,1
1790114189,8659.24,0,1,ONLINE,8652.63,0,1631917,1213,70771,0,0,1,1,1,1,1
1790114194,8664.46,0,1,ONLINE,8657.85,0,1632690,1213,70771,0,0,1,1,1,1,1
1790114199,8669.68,0,1,ONLINE,8663.07,0,1633373,1213,70771,0,0,1,1,1,1,1
1790114204,8674.90,0,1,ONLINE,8668.29,0,1634146,1213,70771,0,0,1,1,1,1,1
1790114210,8680.11,0,1,ONLINE,8673.50,0,1634917,1213,70771,0,0,1,1,1,1,1
1790114215,8685.33,0,1,ONLINE,8678.72,0,1635622,1213,70771,0,0,1,1,1,1,1
1790114220,8690.54,0,1,ONLINE,8683.93,0,1636253,1213,70771,0,0,1,1,1,1,1
1790114225,8695.76,0,1,ONLINE,8689.15,0,1636826,1213,70771,0,0,1,1,1,1,1
1790114231,8700.98,0,1,ONLINE,8694.37,0,1637341,1213,70771,0,0,1,1,1,1,1
1790114236,8706.20,0,1,ONLINE,8699.59,0,1637895,1213,70771,0,0,1,1,1,1,1
1790114241,8711.41,0,1,ONLINE,8704.80,0,1638424,1213,70771,0,0,1,1,1,1,1
1790114246,8716.64,0,1,ONLINE,8710.03,0,1638960,1213,70771,0,0,1,1,1,1,1
1790114251,8721.85,0,1,ONLINE,8715.24,0,1639173,1213,71038,0,0,1,1,1,1,1
1790114257,8727.07,0,1,ONLINE,8720.46,0,1639574,1219,71354,0,0,1,1,1,1,1
1790114262,8732.28,0,1,ONLINE,8725.67,0,1640096,1219,71354,0,0,1,1,1,1,1
1790114267,8737.50,0,1,ONLINE,8730.89,0,1640378,1225,71667,0,0,1,1,1,1,1
1790114272,8742.72,0,1,ONLINE,8736.11,0,1641016,1225,71674,0,0,1,1,1,1,1
1790114278,8747.93,0,1,ONLINE,8741.32,0,1641443,1225,71674,0,0,1,1,1,1,1
1790114283,8753.15,0,1,ONLINE,8746.54,0,1641688,1231,71897,0,0,1,1,1,1,1
1790114288,8758.37,0,1,ONLINE,8751.76,0,1642233,1231,71897,0,0,1,1,1,1,1
1790114293,8763.59,0,1,ONLINE,8756.98,0,1642777,1231,71897,0,0,1,1,1,1,1
1790114298,8768.81,0,1,ONLINE,8762.20,0,1643078,1237,72160,0,0,1,1,1,1,1
1790114304,8774.03,0,1,ONLINE,8767.42,0,1643627,1237,72160,0,0,1,1,1,1,1
1790114309,8779.24,0,1,ONLINE,8772.63,0,1644157,1237,72160,0,0,1,1,1,1,1
1790114314,8784.46,0,1,ONLINE,8777.85,0,1644740,1237,72160,0,0,1,1,1,1,1
1790114319,8789.68,0,1,ONLINE,8783.07,0,1645228,1237,72160,0,0,1,1,1,1,1
1790114324,8794.90,0,1,ONLINE,8788.29,0,1645758,1237,72160,0,0,1,1,1,1,1
1790114330,8800.11,0,1,ONLINE,8793.50,0,1646611,1237,72160,0,0,1,1,1,1,1
1790114335,8805.33,0,1,ONLINE,8798.72,0,1647168,1237,72160,0,0,1,1,1,1,1
1790114340,8810.55,0,1,ONLINE,8803.94,0,1647694,1237,72160,0,0,1,1,1,1,1
1790114345,8815.78,0,1,ONLINE,8809.17,0,1647998,1238,72359,0,0,1,1,1,1,1
1790114351,8820.99,0,1,ONLINE,8814.38,0,1648506,1243,72482,0,0,1,1,1,1,1
1790114356,8826.21,0,1,ONLINE,8819.60,0,1649083,1243,72482,0,0,1,1,1,1,1
1790114361,8831.42,0,1,ONLINE,8824.81,0,1649914,1243,72482,0,0,1,1,1,1,1
1790114366,8836.64,0,1,ONLINE,8830.03,0,1650448,1243,72482,0,0,1,1,1,1,1
1790114371,8841.87,0,1,ONLINE,8835.26,0,1650882,1243,72482,0,0,1,1,1,1,1
1790114377,8847.09,0,1,ONLINE,8840.48,0,1651353,1243,72482,0,0,1,1,1,1,1
1790114382,8852.31,0,1,ONLINE,8845.70,0,1651792,1243,72507,0,0,1,1,1,1,1
1790114387,8857.53,0,1,ONLINE,8850.92,0,1652166,1250,72753,0,0,1,1,1,1,1
1790114392,8862.76,0,1,ONLINE,8856.15,0,1652740,1250,72753,0,0,1,1,1,1,1
1790114398,8867.98,0,1,ONLINE,8861.37,0,1653296,1250,72753,0,0,1,1,1,1,1
1790114403,8873.19,0,1,ONLINE,8866.58,0,1653519,1265,73197,0,0,1,1,1,1,1
1790114408,8878.41,0,1,ONLINE,8871.80,0,1654308,1265,73197,0,0,1,1,1,1,1
1790114413,8883.64,0,1,ONLINE,8877.03,0,1654955,1265,73197,0,0,1,1,1,1,1
1790114418,8888.87,0,1,ONLINE,8882.26,0,1655474,1265,73197,0,0,1,1,1,1,1
1790114424,8894.08,0,1,ONLINE,8887.47,0,1656049,1265,73197,0,0,1,1,1,1,1
1790114429,8899.30,0,1,ONLINE,8892.69,0,1656762,1265,73197,0,0,1,1,1,1,1
1790114434,8904.52,0,1,ONLINE,8897.91,0,1657626,1265,73197,0,0,1,1,1,1,1
1790114439,8909.73,0,1,ONLINE,8903.12,0,1658400,1265,73197,0,0,1,1,1,1,1
1790114445,8914.97,0,1,ONLINE,8908.36,0,1658885,1265,73197,0,0,1,1,1,1,1
1790114450,8920.18,0,1,ONLINE,8913.57,0,1659640,1265,73197,0,0,1,1,1,1,1
1790114455,8925.40,0,1,ONLINE,8918.79,0,1660283,1265,73197,0,0,1,1,1,1,1
1790114460,8930.62,0,1,ONLINE,8924.01,0,1660829,1265,73197,0,0,1,1,1,1,1
1790114465,8935.83,0,1,ONLINE,8929.22,0,1661400,1265,73197,0,0,1,1,1,1,1
1790114471,8941.05,0,1,ONLINE,8934.44,0,1662032,1265,73197,0,0,1,1,1,1,1
1790114476,8946.26,0,1,ONLINE,8939.65,0,1662637,1265,73197,0,0,1,1,1,1,1
1790114481,8951.49,0,1,ONLINE,8944.88,0,1663214,1265,73197,0,0,1,1,1,1,1
1790114486,8956.71,0,1,ONLINE,8950.10,0,1663727,1265,73197,0,0,1,1,1,1,1
1790114492,8961.92,0,1,ONLINE,8955.31,0,1664297,1265,73197,0,0,1,1,1,1,1
1790114497,8967.14,0,1,ONLINE,8960.53,0,1664897,1265,73197,0,0,1,1,1,1,1
1790114502,8972.35,0,1,ONLINE,8965.74,0,1665377,1265,73197,0,0,1,1,1,1,1
1790114507,8977.58,0,1,ONLINE,8970.97,0,1665916,1265,73197,0,0,1,1,1,1,1
1790114512,8982.80,0,1,ONLINE,8976.19,0,1666434,1265,73197,0,0,1,1,1,1,1
1790114518,8988.01,0,1,ONLINE,8981.40,0,1667025,1265,73197,0,0,1,1,1,1,1
1790114523,8993.23,0,1,ONLINE,8986.62,0,1667604,1265,73197,0,0,1,1,1,1,1
1790114528,8998.44,0,1,ONLINE,8991.83,0,1668128,1265,73197,0,0,1,1,1,1,1
1790114533,9003.66,0,1,ONLINE,8997.05,0,1668799,1265,73197,0,0,1,1,1,1,1
1790114538,9008.87,0,1,ONLINE,9002.26,0,1669238,1265,73268,0,0,1,1,1,1,1
1790114544,9014.09,0,1,ONLINE,9007.48,0,1669671,1274,73558,0,0,1,1,1,1,1
1790114549,9019.30,0,1,ONLINE,9012.69,0,1670200,1274,73558,0,0,1,1,1,1,1
1790114554,9024.52,0,1,ONLINE,9017.91,0,1670844,1274,73558,0,0,1,1,1,1,1
1790114559,9029.73,0,1,ONLINE,9023.12,0,1671488,1274,73558,0,0,1,1,1,1,1
1790114565,9034.96,0,1,ONLINE,9028.35,0,1672177,1274,73558,0,0,1,1,1,1,1
1790114570,9040.19,0,1,ONLINE,9033.58,0,1672918,1274,73558,0,0,1,1,1,1,1
1790114575,9045.41,0,1,ONLINE,9038.80,0,1673387,1274,73558,0,0,1,1,1,1,1
1790114580,9050.62,0,1,ONLINE,9044.01,0,1673610,1274,73857,0,0,1,1,1,1,1
1790114585,9055.84,0,1,ONLINE,9049.23,0,1674203,1274,73857,0,0,1,1,1,1,1
1790114591,9061.05,0,1,ONLINE,9054.44,0,1674744,1274,73857,0,0,1,1,1,1,1
1790114596,9066.28,0,1,ONLINE,9059.67,0,1675240,1274,73857,0,0,1,1,1,1,1
1790114601,9071.50,0,1,ONLINE,9064.89,0,1675821,1274,73857,0,0,1,1,1,1,1
1790114606,9076.72,0,1,ONLINE,9070.11,0,1676308,1274,73857,0,0,1,1,1,1,1
1790114612,9081.94,0,1,ONLINE,9075.33,0,1676510,1275,74041,0,0,1,1,1,1,1
1790114617,9087.16,0,1,ONLINE,9080.55,0,1676720,1279,74322,0,0,1,1,1,1,1
1790114622,9092.39,0,1,ONLINE,9085.78,0,1677235,1279,74322,0,0,1,1,1,1,1
1790114627,9097.60,0,1,ONLINE,9090.99,0,1677530,1282,74530,0,0,1,1,1,1,1
1790114632,9102.82,0,1,ONLINE,9096.21,0,1678041,1284,74610,0,0,1,1,1,1,1
1790114638,9108.04,0,1,ONLINE,9101.43,0,1678608,1284,74610,0,0,1,1,1,1,1
1790114643,9113.26,0,1,ONLINE,9106.65,0,1679084,1284,74610,0,0,1,1,1,1,1
1790114648,9118.47,0,1,ONLINE,9111.86,0,1679179,1306,75211,0,0,1,1,1,1,1
1790114653,9123.69,0,1,ONLINE,9117.08,0,1679544,1311,75330,0,0,1,1,1,1,1
1790114658,9128.91,0,1,ONLINE,9122.30,0,1679849,1314,75568,0,0,1,1,1,1,1
1790114664,9134.13,0,1,ONLINE,9127.52,0,1680367,1314,75568,0,0,1,1,1,1,1
1790114669,9139.35,0,1,ONLINE,9132.74,0,1680932,1314,75568,0,0,1,1,1,1,1
1790114674,9144.56,0,1,ONLINE,9137.95,0,1681437,1314,75568,0,0,1,1,1,1,1
1790114679,9149.78,0,1,ONLINE,9143.17,0,1681988,1314,75568,0,0,1,1,1,1,1
1790114685,9155.00,0,1,ONLINE,9148.39,0,1682546,1314,75568,0,0,1,1,1,1,1
1790114690,9160.23,0,1,ONLINE,9153.62,0,1683222,1314,75568,0,0,1,1,1,1,1
1790114695,9165.45,0,1,ONLINE,9158.84,0,1683687,1314,75568,0,0,1,1,1,1,1
1790114700,9170.67,0,1,ONLINE,9164.06,0,1684245,1314,75568,0,0,1,1,1,1,1
1790114705,9175.88,0,1,ONLINE,9169.27,0,1684902,1314,75568,0,0,1,1,1,1,1
1790114711,9181.10,0,1,ONLINE,9174.49,0,1685613,1314,75568,0,0,1,1,1,1,1
1790114716,9186.32,0,1,ONLINE,9179.71,0,1686070,1314,75568,0,0,1,1,1,1,1
1790114721,9191.54,0,1,ONLINE,9184.93,0,1686363,1317,75870,0,0,1,1,1,1,1
1790114726,9196.76,0,1,ONLINE,9190.15,0,1686910,1317,75870,0,0,1,1,1,1,1
1790114732,9201.99,0,1,ONLINE,9195.38,0,1687386,1317,75870,0,0,1,1,1,1,1
1790114737,9207.21,0,1,ONLINE,9200.60,0,1688014,1317,75870,0,0,1,1,1,1,1
1790114742,9212.43,0,1,ONLINE,9205.82,0,1688587,1317,75870,0,0,1,1,1,1,1
1790114747,9217.72,0,1,ONLINE,9211.11,0,1689123,1317,75870,0,0,1,1,1,1,1
1790114753,9222.94,0,1,ONLINE,9216.33,0,1689917,1317,75870,0,0,1,1,1,1,1
1790114758,9228.15,0,1,ONLINE,9221.54,0,1690577,1317,75870,0,0,1,1,1,1,1
1790114763,9233.36,0,1,ONLINE,9226.75,0,1691309,1317,75870,0,0,1,1,1,1,1
1790114768,9238.58,0,1,ONLINE,9231.97,0,1691957,1317,75870,0,0,1,1,1,1,1
1790114773,9243.82,0,1,ONLINE,9237.21,0,1692516,1317,75870,0,0,1,1,1,1,1
1790114779,9249.03,0,1,ONLINE,9242.42,0,1693055,1317,75870,0,0,1,1,1,1,1
1790114784,9254.25,0,1,ONLINE,9247.64,0,1693667,1317,75870,0,0,1,1,1,1,1
1790114789,9259.46,0,1,ONLINE,9252.85,0,1694255,1317,75870,0,0,1,1,1,1,1
1790114794,9264.68,0,1,ONLINE,9258.07,0,1694983,1317,75870,0,0,1,1,1,1,1
1790114799,9269.91,0,1,ONLINE,9263.30,0,1695603,1317,75870,0,0,1,1,1,1,1
1790114805,9275.13,0,1,ONLINE,9268.52,0,1696142,1317,75870,0,0,1,1,1,1,1
1790114810,9280.35,0,1,ONLINE,9273.74,0,1696654,1317,75870,0,0,1,1,1,1,1
1790114815,9285.56,0,1,ONLINE,9278.95,0,1697406,1317,75870,0,0,1,1,1,1,1
1790114820,9290.78,0,1,ONLINE,9284.17,0,1698222,1317,75870,0,0,1,1,1,1,1
1790114826,9296.00,0,1,ONLINE,9289.39,0,1698973,1317,75870,0,0,1,1,1,1,1
1790114831,9301.22,0,1,ONLINE,9294.61,0,1699599,1317,75870,0,0,1,1,1,1,1
1790114836,9306.44,0,1,ONLINE,9299.83,0,1700198,1317,75870,0,0,1,1,1,1,1
1790114841,9311.65,0,1,ONLINE,9305.04,0,1700786,1317,75870,0,0,1,1,1,1,1
1790114846,9316.87,0,1,ONLINE,9310.26,0,1701448,1317,75870,0,0,1,1,1,1,1
1790114852,9322.10,0,1,ONLINE,9315.49,0,1701826,1318,76004,0,0,1,1,1,1,1
1790114857,9327.32,0,1,ONLINE,9320.71,0,1702316,1328,76249,0,0,1,1,1,1,1
1790114862,9332.54,0,1,ONLINE,9325.93,0,1702991,1328,76249,0,0,1,1,1,1,1
1790114867,9337.76,0,1,ONLINE,9331.15,0,1703505,1328,76249,0,0,1,1,1,1,1
1790114873,9342.97,0,1,ONLINE,9336.36,0,1704341,1328,76249,0,0,1,1,1,1,1
1790114878,9348.19,0,1,ONLINE,9341.58,0,1704722,1328,76249,0,0,1,1,1,1,1
1790114883,9353.41,0,1,ONLINE,9346.80,0,1704931,1333,76614,0,0,1,1,1,1,1
1790114888,9358.62,0,1,ONLINE,9352.01,0,1705518,1333,76614,0,0,1,1,1,1,1
1790114893,9363.84,0,1,ONLINE,9357.23,0,1706060,1333,76614,0,0,1,1,1,1,1
1790114899,9369.06,0,1,ONLINE,9362.45,0,1706389,1343,76872,0,0,1,1,1,1,1
1790114904,9374.28,0,1,ONLINE,9367.67,0,1707017,1345,76967,0,0,1,1,1,1,1
1790114909,9379.51,0,1,ONLINE,9372.90,0,1707417,1345,76967,0,0,1,1,1,1,1
1790114914,9384.72,0,1,ONLINE,9378.11,0,1708006,1345,76967,0,0,1,1,1,1,1
1790114920,9389.94,0,1,ONLINE,9383.33,0,1708585,1345,76967,0,0,1,1,1,1,1
1790114925,9395.15,0,1,ONLINE,9388.54,0,1709077,1345,76967,0,0,1,1,1,1,1
1790114930,9400.38,0,1,ONLINE,9393.77,0,1709181,1368,77581,0,0,1,1,1,1,1
1790114935,9405.63,0,1,ONLINE,9399.02,0,1709783,1368,77628,0,0,1,1,1,1,1
1790114940,9410.85,0,1,ONLINE,9404.24,0,1710337,1368,77628,0,0,1,1,1,1,1
1790114946,9416.07,0,1,ONLINE,9409.46,0,1710897,1368,77628,0,0,1,1,1,1,1
1790114951,9421.29,0,1,ONLINE,9414.68,0,1711539,1368,77628,0,0,1,1,1,1,1
1790114956,9426.51,0,1,ONLINE,9419.90,0,1711614,1384,78129,0,0,1,1,1,1,1
1790114961,9431.73,0,1,ONLINE,9425.12,0,1712285,1387,78190,0,0,1,1,1,1,1
1790114967,9436.95,0,1,ONLINE,9430.34,0,1712837,1387,78190,0,0,1,1,1,1,1
1790114972,9442.17,0,1,ONLINE,9435.56,0,1713456,1387,78190,0,0,1,1,1,1,1
1790114977,9447.39,0,1,ONLINE,9440.78,0,1713929,1387,78190,0,0,1,1,1,1,1
1790114982,9452.62,0,1,ONLINE,9446.01,0,1714508,1387,78190,0,0,1,1,1,1,1
1790114987,9457.83,0,1,ONLINE,9451.22,0,1714995,1387,78190,0,0,1,1,1,1,1
1790114993,9463.05,0,1,ONLINE,9456.44,0,1715574,1387,78190,0,0,1,1,1,1,1
1790114998,9468.27,0,1,ONLINE,9461.66,0,1715958,1391,78317,0,0,1,1,1,1,1
1790115003,9473.49,0,1,ONLINE,9466.88,0,1716420,1398,78492,0,0,1,1,1,1,1
1790115008,9478.71,0,1,ONLINE,9472.10,0,1717101,1398,78492,0,0,1,1,1,1,1
1790115014,9483.92,0,1,ONLINE,9477.31,0,1717462,1398,78492,0,0,1,1,1,1,1
1790115019,9489.14,0,1,ONLINE,9482.53,0,1718070,1398,78492,0,0,1,1,1,1,1
1790115024,9494.36,0,1,ONLINE,9487.75,0,1718742,1398,78492,0,0,1,1,1,1,1
1790115029,9499.58,0,1,ONLINE,9492.97,0,1719425,1398,78492,0,0,1,1,1,1,1
1790115034,9504.81,0,1,ONLINE,9498.20,0,1719880,1398,78492,0,0,1,1,1,1,1
1790115040,9510.03,0,1,ONLINE,9503.42,0,1720411,1398,78492,0,0,1,1,1,1,1
1790115045,9515.24,0,1,ONLINE,9508.63,0,1720952,1398,78492,0,0,1,1,1,1,1
1790115050,9520.46,0,1,ONLINE,9513.85,0,1721580,1398,78492,0,0,1,1,1,1,1
1790115055,9525.68,0,1,ONLINE,9519.07,0,1722264,1398,78492,0,0,1,1,1,1,1
1790115060,9530.90,0,1,ONLINE,9524.29,0,1722717,1398,78492,0,0,1,1,1,1,1
1790115066,9536.13,0,1,ONLINE,9529.52,0,1723281,1398,78492,0,0,1,1,1,1,1
1790115071,9541.34,0,1,ONLINE,9534.73,0,1724020,1398,78492,0,0,1,1,1,1,1
1790115076,9546.56,0,1,ONLINE,9539.95,0,1724433,1400,78597,0,0,1,1,1,1,1
1790115081,9551.78,0,1,ONLINE,9545.17,0,1724564,1410,79053,0,0,1,1,1,1,1
1790115087,9557.01,0,1,ONLINE,9550.40,0,1725099,1410,79053,0,0,1,1,1,1,1
1790115092,9562.23,0,1,ONLINE,9555.62,0,1725654,1410,79053,0,0,1,1,1,1,1
1790115097,9567.44,0,1,ONLINE,9560.83,0,1726277,1410,79053,0,0,1,1,1,1,1
1790115102,9572.67,0,1,ONLINE,9566.06,0,1726918,1410,79053,0,0,1,1,1,1,1
1790115107,9577.89,0,1,ONLINE,9571.28,0,1727421,1410,79053,0,0,1,1,1,1,1
1790115113,9583.10,0,1,ONLINE,9576.49,0,1728197,1410,79053,0,0,1,1,1,1,1
1790115118,9588.32,0,1,ONLINE,9581.71,0,1728793,1410,79053,0,0,1,1,1,1,1
1790115123,9593.54,0,1,ONLINE,9586.93,0,1729111,1410,79266,0,0,1,1,1,1,1
1790115128,9598.76,0,1,ONLINE,9592.15,0,1729605,1412,79363,0,0,1,1,1,1,1
1790115134,9603.98,0,1,ONLINE,9597.37,0,1730128,1412,79363,0,0,1,1,1,1,1
1790115139,9609.19,0,1,ONLINE,9602.58,0,1730664,1412,79363,0,0,1,1,1,1,1
1790115144,9614.41,0,1,ONLINE,9607.80,0,1731278,1412,79363,0,0,1,1,1,1,1
1790115149,9619.63,0,1,ONLINE,9613.02,0,1731809,1412,79363,0,0,1,1,1,1,1
1790115154,9624.86,0,1,ONLINE,9618.25,0,1732320,1412,79363,0,0,1,1,1,1,1
1790115160,9630.08,0,1,ONLINE,9623.47,0,1732920,1412,79363,0,0,1,1,1,1,1
1790115165,9635.29,0,1,ONLINE,9628.68,0,1733458,1412,79363,0,0,1,1,1,1,1
1790115170,9640.52,0,1,ONLINE,9633.91,0,1733950,1412,79363,0,0,1,1,1,1,1
1790115175,9645.73,0,1,ONLINE,9639.12,0,1734585,1412,79363,0,0,1,1,1,1,1
1790115181,9650.95,0,1,ONLINE,9644.34,0,1734934,1416,79527,0,0,1,1,1,1,1
1790115186,9656.17,0,1,ONLINE,9649.56,0,1735477,1416,79637,0,0,1,1,1,1,1
1790115191,9661.39,0,1,ONLINE,9654.78,0,1736053,1416,79637,0,0,1,1,1,1,1
1790115196,9666.61,0,1,ONLINE,9660.00,0,1736571,1416,79637,0,0,1,1,1,1,1
1790115201,9671.82,0,1,ONLINE,9665.21,0,1737201,1416,79637,0,0,1,1,1,1,1
1790115207,9677.04,0,1,ONLINE,9670.43,0,1737846,1416,79637,0,0,1,1,1,1,1
1790115212,9682.26,0,1,ONLINE,9675.65,0,1738423,1416,79637,0,0,1,1,1,1,1
1790115217,9687.48,0,1,ONLINE,9680.87,0,1739057,1416,79637,0,0,1,1,1,1,1
1790115222,9692.69,0,1,ONLINE,9686.08,0,1739670,1416,79637,0,0,1,1,1,1,1
1790115228,9697.92,0,1,ONLINE,9691.31,0,1740191,1416,79637,0,0,1,1,1,1,1
1790115233,9703.14,0,1,ONLINE,9696.53,0,1740789,1416,79637,0,0,1,1,1,1,1
1790115238,9708.35,0,1,ONLINE,9701.74,0,1741251,1416,79637,0,0,1,1,1,1,1
1790115243,9713.57,0,1,ONLINE,9706.96,0,1741630,1419,79712,0,0,1,1,1,1,1
1790115248,9718.79,0,1,ONLINE,9712.18,0,1742106,1421,79962,0,0,1,1,1,1,1
1790115254,9724.01,0,1,ONLINE,9717.40,0,1742526,1421,79962,0,0,1,1,1,1,1
1790115259,9729.23,0,1,ONLINE,9722.62,0,1743017,1421,79962,0,0,1,1,1,1,1
1790115264,9734.44,0,1,ONLINE,9727.83,0,1743535,1421,79962,0,0,1,1,1,1,1
1790115269,9739.65,0,1,ONLINE,9733.04,0,1744098,1421,79962,0,0,1,1,1,1,1
1790115274,9744.88,0,1,ONLINE,9738.27,0,1744678,1421,79962,0,0,1,1,1,1,1
1790115280,9750.10,0,1,ONLINE,9743.49,0,1745369,1421,79962,0,0,1,1,1,1,1
1790115285,9755.32,0,1,ONLINE,9748.71,0,1745940,1421,79962,0,0,1,1,1,1,1
1790115290,9760.53,0,1,ONLINE,9753.92,0,1746688,1421,79962,0,0,1,1,1,1,1
1790115295,9765.75,0,1,ONLINE,9759.14,0,1747256,1421,79962,0,0,1,1,1,1,1
1790115301,9770.96,0,1,ONLINE,9764.35,0,1747796,1421,79962,0,0,1,1,1,1,1
1790115306,9776.18,0,1,ONLINE,9769.57,0,1748515,1421,79962,0,0,1,1,1,1,1
1790115311,9781.40,0,1,ONLINE,9774.79,0,1749040,1422,79989,0,0,1,1,1,1,1
1790115316,9786.62,0,1,ONLINE,9780.01,0,1749106,1428,80383,0,0,1,1,1,1,1
1790115321,9791.83,0,1,ONLINE,9785.22,0,1749693,1428,80389,0,0,1,1,1,1,1
1790115327,9797.04,0,1,ONLINE,9790.43,0,1750207,1428,80389,0,0,1,1,1,1,1
1790115332,9802.26,0,1,ONLINE,9795.65,0,1750929,1428,80389,0,0,1,1,1,1,1
1790115337,9807.49,0,1,ONLINE,9800.88,0,1751494,1428,80389,0,0,1,1,1,1,1
1790115342,9812.72,0,1,ONLINE,9806.11,0,1752000,1428,80389,0,0,1,1,1,1,1
1790115348,9817.94,0,1,ONLINE,9811.33,0,1752460,1428,80389,0,0,1,1,1,1,1
1790115353,9823.18,0,1,ONLINE,9816.57,0,1753076,1428,80389,0,0,1,1,1,1,1
1790115358,9828.41,0,1,ONLINE,9821.80,0,1753636,1428,80389,0,0,1,1,1,1,1
1790115363,9833.63,0,1,ONLINE,9827.02,0,1754173,1428,80389,0,0,1,1,1,1,1
1790115368,9838.85,0,1,ONLINE,9832.24,0,1754738,1428,80389,0,0,1,1,1,1,1
1790115374,9844.06,0,1,ONLINE,9837.45,0,1755004,1429,80540,0,0,1,1,1,1,1
1790115379,9849.29,0,1,ONLINE,9842.68,0,1755611,1429,80636,0,0,1,1,1,1,1
1790115384,9854.53,0,1,ONLINE,9847.92,0,1756173,1429,80636,0,0,1,1,1,1,1
1790115389,9859.75,0,1,ONLINE,9853.14,0,1756740,1429,80636,0,0,1,1,1,1,1
1790115395,9864.96,0,1,ONLINE,9858.35,0,1757284,1429,80636,0,0,1,1,1,1,1
1790115400,9870.18,0,1,ONLINE,9863.57,0,1757850,1429,80636,0,0,1,1,1,1,1
1790115405,9875.40,0,1,ONLINE,9868.79,0,1758323,1429,80636,0,0,1,1,1,1,1
1790115410,9880.62,0,1,ONLINE,9874.01,0,1758995,1429,80636,0,0,1,1,1,1,1
1790115415,9885.84,0,1,ONLINE,9879.23,0,1759698,1429,80636,0,0,1,1,1,1,1
1790115421,9891.07,0,1,ONLINE,9884.46,0,1760325,1429,80636,0,0,1,1,1,1,1
1790115426,9896.28,0,1,ONLINE,9889.67,0,1760814,1429,80636,0,0,1,1,1,1,1
1790115431,9901.50,0,1,ONLINE,9894.89,0,1761300,1429,80636,0,0,1,1,1,1,1
1790115436,9906.73,0,1,ONLINE,9900.12,0,1761961,1429,80636,0,0,1,1,1,1,1
1790115442,9911.94,0,1,ONLINE,9905.33,0,1762515,1429,80636,0,0,1,1,1,1,1
1790115447,9917.16,0,1,ONLINE,9910.55,0,1763252,1429,80636,0,0,1,1,1,1,1
1790115452,9922.37,0,1,ONLINE,9915.76,0,1763716,1429,80636,0,0,1,1,1,1,1
1790115457,9927.59,0,1,ONLINE,9920.98,0,1764247,1429,80636,0,0,1,1,1,1,1
1790115462,9932.81,0,1,ONLINE,9926.20,0,1764900,1429,80636,0,0,1,1,1,1,1
1790115468,9938.02,0,1,ONLINE,9931.41,0,1765482,1429,80636,0,0,1,1,1,1,1
1790115473,9943.24,0,1,ONLINE,9936.63,0,1766029,1429,80636,0,0,1,1,1,1,1
1790115478,9948.45,0,1,ONLINE,9941.84,0,1766702,1429,80636,0,0,1,1,1,1,1
1790115483,9953.66,0,1,ONLINE,9947.05,0,1767314,1429,80636,0,0,1,1,1,1,1
1790115488,9958.88,0,1,ONLINE,9952.27,0,1767995,1429,80636,0,0,1,1,1,1,1
1790115494,9964.09,0,1,ONLINE,9957.48,0,1768638,1429,80636,0,0,1,1,1,1,1
1790115499,9969.31,0,1,ONLINE,9962.70,0,1769333,1429,80636,0,0,1,1,1,1,1
1790115504,9974.52,0,1,ONLINE,9967.91,0,1770084,1429,80636,0,0,1,1,1,1,1
1790115509,9979.74,0,1,ONLINE,9973.13,0,1770726,1429,80636,0,0,1,1,1,1,1
1790115515,9984.96,0,1,ONLINE,9978.35,0,1771275,1429,80636,0,0,1,1,1,1,1
1790115520,9990.17,0,1,ONLINE,9983.56,0,1771847,1429,80636,0,0,1,1,1,1,1
1790115525,9995.39,0,1,ONLINE,9988.78,0,1772412,1429,80636,0,0,1,1,1,1,1
1790115530,10000.63,0,1,ONLINE,9994.02,0,1773113,1429,80636,0,0,1,1,1,1,1
1790115535,10005.85,0,1,ONLINE,9999.24,0,1773753,1429,80636,0,0,1,1,1,1,1
1790115541,10011.08,0,1,ONLINE,10004.47,0,1774184,1430,80684,0,0,1,1,1,1,1
1790115546,10016.30,0,1,ONLINE,10009.69,0,1774592,1433,80863,0,0,1,1,1,1,1
1790115551,10021.51,0,1,ONLINE,10014.90,0,1775236,1433,80863,0,0,1,1,1,1,1
1790115556,10026.73,0,1,ONLINE,10020.12,0,1775675,1433,80863,0,0,1,1,1,1,1
1790115562,10031.95,0,1,ONLINE,10025.34,0,1776343,1433,80863,0,0,1,1,1,1,1
1790115567,10037.17,0,1,ONLINE,10030.56,0,1776881,1433,80863,0,0,1,1,1,1,1
1790115572,10042.38,0,1,ONLINE,10035.77,0,1777443,1433,80863,0,0,1,1,1,1,1
1790115577,10047.60,0,1,ONLINE,10040.99,0,1778251,1433,80863,0,0,1,1,1,1,1
1790115582,10052.83,0,1,ONLINE,10046.22,0,1778781,1433,80863,0,0,1,1,1,1,1
1790115588,10058.05,0,1,ONLINE,10051.44,0,1779490,1433,80863,0,0,1,1,1,1,1
1790115593,10063.27,0,1,ONLINE,10056.66,0,1780050,1433,80863,0,0,1,1,1,1,1
1790115598,10068.48,0,1,ONLINE,10061.87,0,1780491,1433,80863,0,0,1,1,1,1,1
1790115603,10073.70,0,1,ONLINE,10067.09,0,1780521,1438,81399,0,0,1,1,1,1,1
1790115609,10078.93,0,1,ONLINE,10072.32,0,1781097,1438,81456,0,0,1,1,1,1,1
1790115614,10084.14,0,1,ONLINE,10077.53,0,1781601,1438,81456,0,0,1,1,1,1,1
1790115619,10089.36,0,1,ONLINE,10082.75,0,1781813,1440,81706,0,0,1,1,1,1,1
1790115624,10094.58,0,1,ONLINE,10087.97,0,1782310,1440,81706,0,0,1,1,1,1,1
1790115629,10099.79,0,1,ONLINE,10093.18,0,1782901,1440,81706,0,0,1,1,1,1,1
1790115635,10105.01,0,1,ONLINE,10098.40,0,1783440,1440,81706,0,0,1,1,1,1,1
1790115640,10110.23,0,1,ONLINE,10103.62,0,1784007,1440,81706,0,0,1,1,1,1,1
1790115645,10115.46,0,1,ONLINE,10108.85,0,1784502,1440,81706,0,0,1,1,1,1,1
1790115650,10120.67,0,1,ONLINE,10114.06,0,1785303,1440,81706,0,0,1,1,1,1,1
1790115655,10125.90,0,1,ONLINE,10119.29,0,1785792,1440,81706,0,0,1,1,1,1,1
1790115661,10131.12,0,1,ONLINE,10124.51,0,1785991,1440,82014,0,0,1,1,1,1,1
1790115666,10136.33,0,1,ONLINE,10129.72,0,1786680,1440,82014,0,0,1,1,1,1,1
1790115671,10141.56,0,1,ONLINE,10134.95,0,1787150,1440,82014,0,0,1,1,1,1,1
1790115676,10146.77,0,1,ONLINE,10140.16,0,1787669,1440,82014,0,0,1,1,1,1,1
1790115682,10151.99,0,1,ONLINE,10145.38,0,1788284,1440,82014,0,0,1,1,1,1,1
1790115687,10157.20,0,1,ONLINE,10150.59,0,1788852,1440,82014,0,0,1,1,1,1,1
1790115692,10162.42,0,1,ONLINE,10155.81,0,1789479,1440,82014,0,0,1,1,1,1,1
1790115697,10167.63,0,1,ONLINE,10161.02,0,1790170,1440,82014,0,0,1,1,1,1,1
1790115702,10172.85,0,1,ONLINE,10166.24,0,1790662,1440,82014,0,0,1,1,1,1,1
1790115708,10178.14,0,1,ONLINE,10171.53,0,1790900,1445,82294,0,0,1,1,1,1,1
1790115713,10183.36,0,1,ONLINE,10176.75,0,1791535,1446,82325,0,0,1,1,1,1,1
1790115718,10188.58,0,1,ONLINE,10181.97,0,1792189,1446,82325,0,0,1,1,1,1,1
1790115723,10193.80,0,1,ONLINE,10187.19,0,1792750,1446,82325,0,0,1,1,1,1,1
1790115729,10199.01,0,1,ONLINE,10192.40,0,1793029,1460,82615,0,0,1,1,1,1,1
1790115734,10204.23,0,1,ONLINE,10197.62,0,1793272,1461,82833,0,0,1,1,1,1,1
1790115739,10209.46,0,1,ONLINE,10202.85,0,1793513,1465,83120,0,0,1,1,1,1,1
1790115744,10214.68,0,1,ONLINE,10208.07,0,1794017,1465,83120,0,0,1,1,1,1,1
1790115749,10219.90,0,1,ONLINE,10213.29,0,1794520,1465,83120,0,0,1,1,1,1,1
1790115755,10225.11,0,1,ONLINE,10218.50,0,1795097,1465,83120,0,0,1,1,1,1,1
1790115760,10230.33,0,1,ONLINE,10223.72,0,1795702,1465,83120,0,0,1,1,1,1,1
1790115765,10235.55,0,1,ONLINE,10228.94,0,1795912,1468,83327,0,0,1,1,1,1,1
1790115770,10240.76,0,1,ONLINE,10234.15,0,1796110,1473,83600,0,0,1,1,1,1,1
1790115776,10245.98,0,1,ONLINE,10239.37,0,1796686,1473,83600,0,0,1,1,1,1,1
1790115781,10251.20,0,1,ONLINE,10244.59,0,1796945,1477,83831,0,0,1,1,1,1,1
1790115786,10256.43,0,1,ONLINE,10249.82,0,1797547,1478,83884,0,0,1,1,1,1,1
1790115791,10261.65,0,1,ONLINE,10255.04,0,1798250,1478,83884,0,0,1,1,1,1,1
1790115796,10266.86,0,1,ONLINE,10260.25,0,1798736,1478,83884,0,0,1,1,1,1,1
1790115802,10272.09,0,1,ONLINE,10265.48,0,1799275,1478,83884,0,0,1,1,1,1,1
1790115807,10277.31,0,1,ONLINE,10270.70,0,1799775,1478,83884,0,0,1,1,1,1,1
1790115812,10282.53,0,1,ONLINE,10275.92,0,1800190,1478,83934,0,0,1,1,1,1,1
1790115817,10287.76,0,1,ONLINE,10281.15,0,1800585,1487,84139,0,0,1,1,1,1,1
1790115823,10292.98,0,1,ONLINE,10286.37,0,1801054,1487,84139,0,0,1,1,1,1,1
1790115828,10298.20,0,1,ONLINE,10291.59,0,1801340,1493,84472,0,0,1,1,1,1,1
1790115833,10303.43,0,1,ONLINE,10296.82,0,1802037,1493,84472,0,0,1,1,1,1,1
1790115838,10308.64,0,1,ONLINE,10302.03,0,1802716,1493,84472,0,0,1,1,1,1,1
1790115843,10313.86,0,1,ONLINE,10307.25,0,1803323,1493,84472,0,0,1,1,1,1,1
1790115849,10319.08,0,1,ONLINE,10312.47,0,1804075,1493,84472,0,0,1,1,1,1,1
1790115854,10324.31,0,1,ONLINE,10317.70,0,1804764,1493,84472,0,0,1,1,1,1,1
1790115859,10329.53,0,1,ONLINE,10322.92,0,1805536,1493,84472,0,0,1,1,1,1,1
1790115864,10334.76,0,1,ONLINE,10328.15,0,1806119,1493,84472,0,0,1,1,1,1,1
1790115870,10339.98,0,1,ONLINE,10333.37,0,1806601,1493,84472,0,0,1,1,1,1,1
1790115875,10345.20,0,1,ONLINE,10338.59,0,1807176,1493,84472,0,0,1,1,1,1,1
1790115880,10350.43,0,1,ONLINE,10343.82,0,1807858,1493,84472,0,0,1,1,1,1,1
1790115885,10355.65,0,1,ONLINE,10349.04,0,1808382,1493,84472,0,0,1,1,1,1,1
1790115890,10360.88,0,1,ONLINE,10354.27,0,1808907,1493,84472,0,0,1,1,1,1,1
1790115896,10366.10,0,1,ONLINE,10359.49,0,1809471,1493,84472,0,0,1,1,1,1,1
1790115901,10371.32,0,1,ONLINE,10364.71,0,1810106,1493,84472,0,0,1,1,1,1,1
1790115906,10376.53,0,1,ONLINE,10369.92,0,1810671,1493,84472,0,0,1,1,1,1,1
1790115911,10381.75,0,1,ONLINE,10375.14,0,1811329,1493,84472,0,0,1,1,1,1,1
1790115917,10386.98,0,1,ONLINE,10380.37,0,1811904,1493,84472,0,0,1,1,1,1,1
1790115922,10392.19,0,1,ONLINE,10385.58,0,1812551,1493,84472,0,0,1,1,1,1,1
1790115927,10397.40,0,1,ONLINE,10390.79,0,1813184,1493,84472,0,0,1,1,1,1,1
1790115932,10402.63,0,1,ONLINE,10396.02,0,1813655,1493,84472,0,0,1,1,1,1,1
1790115937,10407.85,0,1,ONLINE,10401.24,0,1814240,1493,84472,0,0,1,1,1,1,1
1790115943,10413.07,0,1,ONLINE,10406.46,0,1814941,1493,84472,0,0,1,1,1,1,1
1790115948,10418.28,0,1,ONLINE,10411.67,0,1815680,1493,84472,0,0,1,1,1,1,1
1790115953,10423.50,0,1,ONLINE,10416.89,0,1816388,1493,84472,0,0,1,1,1,1,1
1790115958,10428.72,0,1,ONLINE,10422.11,0,1816863,1493,84472,0,0,1,1,1,1,1
1790115964,10433.94,0,1,ONLINE,10427.33,0,1817274,1493,84531,0,0,1,1,1,1,1
1790115969,10439.17,0,1,ONLINE,10432.56,0,1817560,1500,84759,0,0,1,1,1,1,1
1790115974,10444.39,0,1,ONLINE,10437.78,0,1817812,1509,85078,0,0,1,1,1,1,1
1790115979,10449.61,0,1,ONLINE,10443.00,0,1817878,1523,85536,0,0,1,1,1,1,1
1790115984,10454.83,0,1,ONLINE,10448.22,0,1818506,1526,85583,0,0,1,1,1,1,1
1790115990,10460.05,0,1,ONLINE,10453.44,0,1819027,1526,85583,0,0,1,1,1,1,1
1790115995,10465.26,0,1,ONLINE,10458.65,0,1819516,1526,85583,0,0,1,1,1,1,1
1790116000,10470.47,0,1,ONLINE,10463.86,0,1820049,1526,85583,0,0,1,1,1,1,1
1790116005,10475.69,0,1,ONLINE,10469.08,0,1820472,1526,85583,0,0,1,1,1,1,1
1790116011,10480.92,0,1,ONLINE,10474.31,0,1821279,1526,85583,0,0,1,1,1,1,1
1790116016,10486.13,0,1,ONLINE,10479.52,0,1821810,1526,85583,0,0,1,1,1,1,1
1790116021,10491.35,0,1,ONLINE,10484.74,0,1822404,1526,85583,0,0,1,1,1,1,1
1790116026,10496.57,0,1,ONLINE,10489.96,0,1822931,1526,85583,0,0,1,1,1,1,1
1790116031,10501.79,0,1,ONLINE,10495.18,0,1823382,1526,85583,0,0,1,1,1,1,1
1790116037,10507.01,0,1,ONLINE,10500.40,0,1823985,1526,85583,0,0,1,1,1,1,1
1790116042,10512.22,0,1,ONLINE,10505.61,0,1824783,1526,85583,0,0,1,1,1,1,1
1790116047,10517.44,0,1,ONLINE,10510.83,0,1825321,1526,85583,0,0,1,1,1,1,1
1790116052,10522.66,0,1,ONLINE,10516.05,0,1825723,1526,85583,0,0,1,1,1,1,1
1790116057,10527.88,0,1,ONLINE,10521.27,0,1826277,1526,85583,0,0,1,1,1,1,1
1790116063,10533.10,0,1,ONLINE,10526.49,0,1826469,1527,85793,0,0,1,1,1,1,1
1790116068,10538.33,0,1,ONLINE,10531.72,0,1827028,1528,85810,0,0,1,1,1,1,1
1790116073,10543.55,0,1,ONLINE,10536.94,0,1827544,1528,85810,0,0,1,1,1,1,1
1790116078,10548.77,0,1,ONLINE,10542.16,0,1828098,1528,85810,0,0,1,1,1,1,1
1790116084,10553.99,0,1,ONLINE,10547.38,0,1828683,1528,85810,0,0,1,1,1,1,1
1790116089,10559.21,0,1,ONLINE,10552.60,0,1829279,1528,85810,0,0,1,1,1,1,1
1790116094,10564.44,0,1,ONLINE,10557.83,0,1829872,1528,85810,0,0,1,1,1,1,1
1790116099,10569.66,0,1,ONLINE,10563.05,0,1830451,1528,85810,0,0,1,1,1,1,1
1790116104,10574.88,0,1,ONLINE,10568.27,0,1831002,1528,85810,0,0,1,1,1,1,1
1790116110,10580.12,0,1,ONLINE,10573.51,0,1831575,1528,85810,0,0,1,1,1,1,1
1790116115,10585.34,0,1,ONLINE,10578.73,0,1832097,1528,85810,0,0,1,1,1,1,1
1790116120,10590.59,0,1,ONLINE,10583.98,0,1832562,1528,85810,0,0,1,1,1,1,1
1790116125,10595.80,0,1,ONLINE,10589.19,0,1832936,1528,85810,0,0,1,1,1,1,1
1790116131,10601.02,0,1,ONLINE,10594.41,0,1833515,1528,85810,0,0,1,1,1,1,1
1790116136,10606.24,0,1,ONLINE,10599.63,0,1834084,1528,85810,0,0,1,1,1,1,1
1790116141,10611.46,0,1,ONLINE,10604.85,0,1834648,1528,85810,0,0,1,1,1,1,1
1790116146,10616.68,0,1,ONLINE,10610.07,0,1835214,1528,85810,0,0,1,1,1,1,1
1790116151,10621.90,0,1,ONLINE,10615.29,0,1835716,1528,85810,0,0,1,1,1,1,1
1790116157,10627.12,0,1,ONLINE,10620.51,0,1835869,1528,86042,0,0,1,1,1,1,1
1790116162,10632.33,0,1,ONLINE,10625.72,0,1836257,1536,86314,0,0,1,1,1,1,1
1790116167,10637.55,0,1,ONLINE,10630.94,0,1836911,1536,86314,0,0,1,1,1,1,1
1790116172,10642.77,0,1,ONLINE,10636.16,0,1837425,1536,86314,0,0,1,1,1,1,1
1790116178,10647.99,0,1,ONLINE,10641.38,0,1837979,1536,86314,0,0,1,1,1,1,1
1790116183,10653.20,0,1,ONLINE,10646.59,0,1838448,1536,86314,0,0,1,1,1,1,1
1790116188,10658.42,0,1,ONLINE,10651.81,0,1838639,1540,86574,0,0,1,1,1,1,1
1790116193,10663.64,0,1,ONLINE,10657.03,0,1839334,1540,86574,0,0,1,1,1,1,1
1790116198,10668.87,0,1,ONLINE,10662.26,0,1840100,1540,86574,0,0,1,1,1,1,1
1790116204,10674.09,0,1,ONLINE,10667.48,0,1840478,1543,86725,0,0,1,1,1,1,1
1790116209,10679.31,0,1,ONLINE,10672.70,0,1841180,1548,86940,0,0,1,1,1,1,1
1790116214,10684.52,0,1,ONLINE,10677.91,0,1841674,1548,86940,0,0,1,1,1,1,1
1790116219,10689.76,0,1,ONLINE,10683.15,0,1842041,1556,87241,0,0,1,1,1,1,1
1790116225,10694.98,0,1,ONLINE,10688.37,0,1842684,1556,87241,0,0,1,1,1,1,1
1790116230,10700.19,0,1,ONLINE,10693.58,0,1843300,1556,87241,0,0,1,1,1,1,1
1790116235,10705.41,0,1,ONLINE,10698.80,0,1843562,1556,87416,0,0,1,1,1,1,1
1790116240,10710.63,0,1,ONLINE,10704.02,0,1843993,1559,87531,0,0,1,1,1,1,1
1790116245,10715.87,0,1,ONLINE,10709.26,0,1844448,1559,87531,0,0,1,1,1,1,1
1790116251,10721.09,0,1,ONLINE,10714.48,0,1844760,1566,87821,0,0,1,1,1,1,1
1790116256,10726.31,0,1,ONLINE,10719.70,0,1845230,1566,87821,0,0,1,1,1,1,1
1790116261,10731.53,0,1,ONLINE,10724.92,0,1845784,1566,87821,0,0,1,1,1,1,1
1790116266,10736.75,0,1,ONLINE,10730.14,0,1846363,1566,87821,0,0,1,1,1,1,1
1790116272,10741.97,0,1,ONLINE,10735.36,0,1846931,1566,87821,0,0,1,1,1,1,1
1790116277,10747.19,0,1,ONLINE,10740.58,0,1847431,1566,87821,0,0,1,1,1,1,1
1790116282,10752.41,0,1,ONLINE,10745.80,0,1848247,1566,87821,0,0,1,1,1,1,1
1790116287,10757.64,0,1,ONLINE,10751.03,0,1848887,1566,87821,0,0,1,1,1,1,1
1790116292,10762.86,0,1,ONLINE,10756.25,0,1849497,1566,87821,0,0,1,1,1,1,1
1790116298,10768.07,0,1,ONLINE,10761.46,0,1850048,1566,87821,0,0,1,1,1,1,1
1790116303,10773.30,0,1,ONLINE,10766.69,0,1850656,1566,87821,0,0,1,1,1,1,1
1790116308,10778.51,0,1,ONLINE,10771.90,0,1851246,1566,87821,0,0,1,1,1,1,1
1790116313,10783.73,0,1,ONLINE,10777.12,0,1851939,1566,87821,0,0,1,1,1,1,1
1790116319,10788.94,0,1,ONLINE,10782.33,0,1852334,1566,87821,0,0,1,1,1,1,1
1790116324,10794.16,0,1,ONLINE,10787.55,0,1852628,1574,88140,0,0,1,1,1,1,1
1790116329,10799.38,0,1,ONLINE,10792.77,0,1853182,1574,88140,0,0,1,1,1,1,1
1790116334,10804.60,0,1,ONLINE,10797.99,0,1853808,1574,88140,0,0,1,1,1,1,1
1790116339,10809.82,0,1,ONLINE,10803.21,0,1854364,1574,88140,0,0,1,1,1,1,1
1790116345,10815.03,0,1,ONLINE,10808.42,0,1854954,1574,88140,0,0,1,1,1,1,1
1790116350,10820.25,0,1,ONLINE,10813.64,0,1855502,1574,88140,0,0,1,1,1,1,1
1790116355,10825.47,0,1,ONLINE,10818.86,0,1855768,1578,88359,0,0,1,1,1,1,1
1790116360,10830.69,0,1,ONLINE,10824.08,0,1856452,1579,88418,0,0,1,1,1,1,1
1790116365,10835.90,0,1,ONLINE,10829.29,0,1856922,1579,88418,0,0,1,1,1,1,1
1790116371,10841.13,0,1,ONLINE,10834.52,0,1857783,1579,88418,0,0,1,1,1,1,1
1790116376,10846.36,0,1,ONLINE,10839.75,0,1858338,1579,88418,0,0,1,1,1,1,1
1790116381,10851.58,0,1,ONLINE,10844.97,0,1858851,1579,88418,0,0,1,1,1,1,1
1790116386,10856.80,0,1,ONLINE,10850.19,0,1859339,1579,88418,0,0,1,1,1,1,1
1790116392,10862.02,0,1,ONLINE,10855.41,0,1859830,1579,88418,0,0,1,1,1,1,1
1790116397,10867.24,0,1,ONLINE,10860.63,0,1860308,1579,88418,0,0,1,1,1,1,1
1790116402,10872.46,0,1,ONLINE,10865.85,0,1860864,1579,88418,0,0,1,1,1,1,1
1790116407,10877.68,0,1,ONLINE,10871.07,0,1861303,1579,88418,0,0,1,1,1,1,1
1790116412,10882.91,0,1,ONLINE,10876.30,0,1861779,1579,88418,0,0,1,1,1,1,1
1790116418,10888.13,0,1,ONLINE,10881.52,0,1862349,1579,88418,0,0,1,1,1,1,1
1790116423,10893.35,0,1,ONLINE,10886.74,0,1862916,1579,88418,0,0,1,1,1,1,1
1790116428,10898.57,0,1,ONLINE,10891.96,0,1863485,1579,88418,0,0,1,1,1,1,1
1790116433,10903.79,0,1,ONLINE,10897.18,0,1864105,1579,88418,0,0,1,1,1,1,1
1790116439,10909.02,0,1,ONLINE,10902.41,0,1864536,1579,88418,0,0,1,1,1,1,1
1790116444,10914.24,0,1,ONLINE,10907.63,0,1864825,1582,88744,0,0,1,1,1,1,1
1790116449,10919.45,0,1,ONLINE,10912.84,0,1865103,1585,88993,0,0,1,1,1,1,1
1790116454,10924.68,0,1,ONLINE,10918.07,0,1865561,1585,88993,0,0,1,1,1,1,1
1790116459,10929.89,0,1,ONLINE,10923.28,0,1866116,1585,88993,0,0,1,1,1,1,1
1790116465,10935.11,0,1,ONLINE,10928.50,0,1866732,1585,88993,0,0,1,1,1,1,1
1790116470,10940.34,0,1,ONLINE,10933.73,0,1867381,1585,88993,0,0,1,1,1,1,1
1790116475,10945.56,0,1,ONLINE,10938.95,0,1867937,1585,88993,0,0,1,1,1,1,1
1790116480,10950.78,0,1,ONLINE,10944.17,0,1868476,1585,88993,0,0,1,1,1,1,1
1790116486,10956.00,0,1,ONLINE,10949.39,0,1868974,1585,88993,0,0,1,1,1,1,1
1790116491,10961.21,0,1,ONLINE,10954.60,0,1869630,1585,88993,0,0,1,1,1,1,1
1790116496,10966.43,0,1,ONLINE,10959.82,0,1870241,1585,88993,0,0,1,1,1,1,1
1790116501,10971.65,0,1,ONLINE,10965.04,0,1870719,1585,88993,0,0,1,1,1,1,1
1790116506,10976.87,0,1,ONLINE,10970.26,0,1871431,1585,88993,0,0,1,1,1,1,1
1790116512,10982.08,0,1,ONLINE,10975.47,0,1872165,1585,88993,0,0,1,1,1,1,1
1790116517,10987.30,0,1,ONLINE,10980.69,0,1872726,1585,88993,0,0,1,1,1,1,1
1790116522,10992.52,0,1,ONLINE,10985.91,0,1872996,1586,89313,0,0,1,1,1,1,1
1790116527,10997.75,0,1,ONLINE,10991.14,0,1873695,1586,89313,0,0,1,1,1,1,1
1790116533,11002.97,0,1,ONLINE,10996.36,0,1874187,1586,89313,0,0,1,1,1,1,1
1790116538,11008.19,0,1,ONLINE,11001.58,0,1874507,1592,89570,0,0,1,1,1,1,1
1790116543,11013.41,0,1,ONLINE,11006.80,0,1875123,1593,89605,0,0,1,1,1,1,1
1790116548,11018.62,0,1,ONLINE,11012.01,0,1875720,1593,89605,0,0,1,1,1,1,1
1790116553,11023.84,0,1,ONLINE,11017.23,0,1876246,1593,89605,0,0,1,1,1,1,1
1790116559,11029.05,0,1,ONLINE,11022.44,0,1876764,1593,89605,0,0,1,1,1,1,1
1790116564,11034.27,0,1,ONLINE,11027.66,0,1877304,1593,89605,0,0,1,1,1,1,1
1790116569,11039.51,0,1,ONLINE,11032.90,0,1878014,1593,89605,0,0,1,1,1,1,1
1790116574,11044.73,0,1,ONLINE,11038.12,0,1878584,1593,89605,0,0,1,1,1,1,1
1790116580,11049.95,0,1,ONLINE,11043.34,0,1879297,1593,89605,0,0,1,1,1,1,1
1790116585,11055.16,0,1,ONLINE,11048.55,0,1879811,1593,89605,0,0,1,1,1,1,1
1790116590,11060.38,0,1,ONLINE,11053.77,0,1880325,1593,89605,0,0,1,1,1,1,1
1790116595,11065.61,0,1,ONLINE,11059.00,0,1880928,1593,89605,0,0,1,1,1,1,1
1790116600,11070.83,0,1,ONLINE,11064.22,0,1881847,1593,89605,0,0,1,1,1,1,1
1790116606,11076.05,0,1,ONLINE,11069.44,0,1882323,1593,89605,0,0,1,1,1,1,1
1790116611,11081.27,0,1,ONLINE,11074.66,0,1883118,1593,89605,0,0,1,1,1,1,1
1790116616,11086.48,0,1,ONLINE,11079.87,0,1883668,1593,89605,0,0,1,1,1,1,1
1790116621,11091.72,0,1,ONLINE,11085.11,0,1883878,1595,89858,0,0,1,1,1,1,1
1790116627,11096.94,0,1,ONLINE,11090.33,0,1883932,1601,90345,0,0,1,1,1,1,1
1790116632,11102.18,0,1,ONLINE,11095.57,0,1884412,1602,90418,0,0,1,1,1,1,1
1790116637,11107.39,0,1,ONLINE,11100.78,0,1884823,1602,90418,0,0,1,1,1,1,1
1790116642,11112.61,0,1,ONLINE,11106.00,0,1885603,1602,90418,0,0,1,1,1,1,1
1790116647,11117.83,0,1,ONLINE,11111.22,0,1886145,1602,90418,0,0,1,1,1,1,1
1790116653,11123.05,0,1,ONLINE,11116.44,0,1886418,1602,90692,0,0,1,1,1,1,1
1790116658,11128.26,0,1,ONLINE,11121.65,0,1886969,1602,90692,0,0,1,1,1,1,1
1790116663,11133.49,0,1,ONLINE,11126.88,0,1887436,1602,90692,0,0,1,1,1,1,1
1790116668,11138.71,0,1,ONLINE,11132.10,0,1888012,1602,90692,0,0,1,1,1,1,1
1790116674,11143.93,0,1,ONLINE,11137.32,0,1888607,1602,90692,0,0,1,1,1,1,1
1790116679,11149.15,0,1,ONLINE,11142.54,0,1889116,1602,90692,0,0,1,1,1,1,1
1790116684,11154.37,0,1,ONLINE,11147.76,0,1889369,1602,91044,0,0,1,1,1,1,1
1790116689,11159.59,0,1,ONLINE,11152.98,0,1890007,1602,91044,0,0,1,1,1,1,1
1790116694,11164.80,0,1,ONLINE,11158.19,0,1890604,1602,91044,0,0,1,1,1,1,1
1790116700,11170.02,0,1,ONLINE,11163.41,0,1891171,1602,91044,0,0,1,1,1,1,1
1790116705,11175.24,0,1,ONLINE,11168.63,0,1891824,1602,91044,0,0,1,1,1,1,1
1790116710,11180.47,0,1,ONLINE,11173.86,0,1892254,1602,91044,0,0,1,1,1,1,1
1790116715,11185.68,0,1,ONLINE,11179.07,0,1892794,1602,91044,0,0,1,1,1,1,1
1790116720,11190.90,0,1,ONLINE,11184.29,0,1893316,1602,91044,0,0,1,1,1,1,1
1790116726,11196.12,0,1,ONLINE,11189.51,0,1893883,1602,91044,0,0,1,1,1,1,1
1790116731,11201.34,0,1,ONLINE,11194.73,0,1894794,1602,91044,0,0,1,1,1,1,1
1790116736,11206.56,0,1,ONLINE,11199.95,0,1895368,1602,91044,0,0,1,1,1,1,1
1790116741,11211.78,0,1,ONLINE,11205.17,0,1895682,1605,91286,0,0,1,1,1,1,1
1790116747,11217.00,0,1,ONLINE,11210.39,0,1896233,1605,91286,0,0,1,1,1,1,1
1790116752,11222.22,0,1,ONLINE,11215.61,0,1896635,1605,91286,0,0,1,1,1,1,1
1790116757,11227.43,0,1,ONLINE,11220.82,0,1897382,1605,91286,0,0,1,1,1,1,1
1790116762,11232.65,0,1,ONLINE,11226.04,0,1897988,1605,91286,0,0,1,1,1,1,1
1790116767,11237.87,0,1,ONLINE,11231.26,0,1898445,1605,91286,0,0,1,1,1,1,1
1790116773,11243.08,0,1,ONLINE,11236.47,0,1898950,1605,91286,0,0,1,1,1,1,1
1790116778,11248.30,0,1,ONLINE,11241.69,0,1899546,1605,91286,0,0,1,1,1,1,1
1790116783,11253.52,0,1,ONLINE,11246.91,0,1900052,1605,91286,0,0,1,1,1,1,1
1790116788,11258.74,0,1,ONLINE,11252.13,0,1900657,1605,91286,0,0,1,1,1,1,1
1790116794,11263.95,0,1,ONLINE,11257.34,0,1901349,1605,91286,0,0,1,1,1,1,1
1790116799,11269.17,0,1,ONLINE,11262.56,0,1901873,1605,91286,0,0,1,1,1,1,1
1790116804,11274.40,0,1,ONLINE,11267.79,0,1902565,1605,91286,0,0,1,1,1,1,1
1790116809,11279.62,0,1,ONLINE,11273.01,0,1903150,1605,91286,0,0,1,1,1,1,1
1790116814,11284.84,0,1,ONLINE,11278.23,0,1903779,1605,91286,0,0,1,1,1,1,1
1790116820,11290.06,0,1,ONLINE,11283.45,0,1904004,1618,91621,0,0,1,1,1,1,1
1790116825,11295.28,0,1,ONLINE,11288.67,0,1904750,1618,91621,0,0,1,1,1,1,1
1790116830,11300.51,0,1,ONLINE,11293.90,0,1905226,1619,91650,0,0,1,1,1,1,1
1790116835,11305.73,0,1,ONLINE,11299.12,0,1905554,1626,91929,0,0,1,1,1,1,1
1790116841,11310.95,0,1,ONLINE,11304.34,0,1906124,1626,91929,0,0,1,1,1,1,1
1790116846,11316.16,0,1,ONLINE,11309.55,0,1906683,1626,91929,0,0,1,1,1,1,1
1790116851,11321.38,0,1,ONLINE,11314.77,0,1907316,1626,91929,0,0,1,1,1,1,1
1790116856,11326.61,0,1,ONLINE,11320.00,0,1907954,1626,91929,0,0,1,1,1,1,1
1790116861,11331.83,0,1,ONLINE,11325.22,0,1908616,1626,91929,0,0,1,1,1,1,1
1790116867,11337.05,0,1,ONLINE,11330.44,0,1909257,1626,91929,0,0,1,1,1,1,1
1790116872,11342.28,0,1,ONLINE,11335.67,0,1909809,1626,91929,0,0,1,1,1,1,1
1790116877,11347.50,0,1,ONLINE,11340.89,0,1910238,1626,91929,0,0,1,1,1,1,1
1790116882,11352.73,0,1,ONLINE,11346.12,0,1910863,1626,91929,0,0,1,1,1,1,1
1790116888,11357.95,0,1,ONLINE,11351.34,0,1911405,1626,91929,0,0,1,1,1,1,1
1790116893,11363.17,0,1,ONLINE,11356.56,0,1912119,1626,91929,0,0,1,1,1,1,1
1790116898,11368.39,0,1,ONLINE,11361.78,0,1912555,1626,91929,0,0,1,1,1,1,1
1790116903,11373.63,0,1,ONLINE,11367.02,0,1913207,1626,91929,0,0,1,1,1,1,1
1790116908,11378.84,0,1,ONLINE,11372.23,0,1913819,1626,91929,0,0,1,1,1,1,1
1790116914,11384.07,0,1,ONLINE,11377.46,0,1914432,1626,91929,0,0,1,1,1,1,1
1790116919,11389.28,0,1,ONLINE,11382.67,0,1915137,1626,91929,0,0,1,1,1,1,1
1790116924,11394.51,0,1,ONLINE,11387.90,0,1915611,1636,92163,0,0,1,1,1,1,1
1790116929,11399.74,0,1,ONLINE,11393.13,0,1916064,1641,92347,0,0,1,1,1,1,1
1790116935,11404.97,0,1,ONLINE,11398.36,0,1916555,1641,92347,0,0,1,1,1,1,1
1790116940,11410.19,0,1,ONLINE,11403.58,0,1917320,1641,92347,0,0,1,1,1,1,1
1790116945,11415.41,0,1,ONLINE,11408.80,0,1917905,1641,92347,0,0,1,1,1,1,1
1790116950,11420.63,0,1,ONLINE,11414.02,0,1918321,1641,92347,0,0,1,1,1,1,1
1790116955,11425.85,0,1,ONLINE,11419.24,0,1918633,1649,92671,0,0,1,1,1,1,1
1790116961,11431.07,0,1,ONLINE,11424.46,0,1919231,1649,92671,0,0,1,1,1,1,1
1790116966,11436.29,0,1,ONLINE,11429.68,0,1919738,1649,92671,0,0,1,1,1,1,1
1790116971,11441.51,0,1,ONLINE,11434.90,0,1920374,1649,92671,0,0,1,1,1,1,1
1790116976,11446.74,0,1,ONLINE,11440.13,0,1921029,1649,92671,0,0,1,1,1,1,1
1790116982,11451.97,0,1,ONLINE,11445.36,0,1921642,1649,92671,0,0,1,1,1,1,1
1790116987,11457.20,0,1,ONLINE,11450.59,0,1922262,1649,92671,0,0,1,1,1,1,1
1790116992,11462.41,0,1,ONLINE,11455.80,0,1922775,1649,92671,0,0,1,1,1,1,1
1790116997,11467.64,0,1,ONLINE,11461.03,0,1923289,1649,92671,0,0,1,1,1,1,1
1790117002,11472.88,0,1,ONLINE,11466.27,0,1923516,1653,92923,0,0,1,1,1,1,1
1790117008,11478.10,0,1,ONLINE,11471.49,0,1924142,1653,92923,0,0,1,1,1,1,1
1790117013,11483.33,0,1,ONLINE,11476.72,0,1924818,1653,92923,0,0,1,1,1,1,1
1790117018,11488.54,0,1,ONLINE,11481.93,0,1925393,1653,92923,0,0,1,1,1,1,1
1790117023,11493.77,0,1,ONLINE,11487.16,0,1926078,1653,92923,0,0,1,1,1,1,1
1790117029,11499.00,0,1,ONLINE,11492.39,0,1926665,1653,92923,0,0,1,1,1,1,1
1790117034,11504.21,0,1,ONLINE,11497.60,0,1927256,1653,92923,0,0,1,1,1,1,1
1790117039,11509.43,0,1,ONLINE,11502.82,0,1927808,1653,92923,0,0,1,1,1,1,1
1790117044,11514.65,0,1,ONLINE,11508.04,0,1928111,1658,93173,0,0,1,1,1,1,1
1790117049,11519.88,0,1,ONLINE,11513.27,0,1928569,1659,93247,0,0,1,1,1,1,1
1790117055,11525.10,0,1,ONLINE,11518.49,0,1929074,1659,93247,0,0,1,1,1,1,1
1790117060,11530.31,0,1,ONLINE,11523.70,0,1929156,1666,93750,0,0,1,1,1,1,1
1790117065,11535.54,0,1,ONLINE,11528.93,0,1929624,1666,93847,0,0,1,1,1,1,1
1790117070,11540.76,0,1,ONLINE,11534.15,0,1930110,1666,93847,0,0,1,1,1,1,1
1790117076,11545.98,0,1,ONLINE,11539.37,0,1930726,1666,93847,0,0,1,1,1,1,1
1790117081,11551.21,0,1,ONLINE,11544.60,0,1931238,1666,93847,0,0,1,1,1,1,1
1790117086,11556.42,0,1,ONLINE,11549.81,0,1931778,1666,93847,0,0,1,1,1,1,1
1790117091,11561.66,0,1,ONLINE,11555.05,0,1932534,1666,93847,0,0,1,1,1,1,1
1790117096,11566.89,0,1,ONLINE,11560.28,0,1933088,1666,93847,0,0,1,1,1,1,1
1790117102,11572.11,0,1,ONLINE,11565.50,0,1933728,1666,93847,0,0,1,1,1,1,1
1790117107,11577.33,0,1,ONLINE,11570.72,0,1934367,1666,93847,0,0,1,1,1,1,1
1790117112,11582.56,0,1,ONLINE,11575.95,0,1934844,1667,93904,0,0,1,1,1,1,1
1790117117,11587.79,0,1,ONLINE,11581.18,0,1935306,1674,94136,0,0,1,1,1,1,1
1790117123,11593.02,0,1,ONLINE,11586.41,0,1935983,1674,94136,0,0,1,1,1,1,1
1790117128,11598.24,0,1,ONLINE,11591.63,0,1936585,1674,94136,0,0,1,1,1,1,1
1790117133,11603.45,0,1,ONLINE,11596.84,0,1936781,1682,94486,0,0,1,1,1,1,1
1790117138,11608.68,0,1,ONLINE,11602.07,0,1937149,1694,94765,0,0,1,1,1,1,1
1790117143,11613.90,0,1,ONLINE,11607.29,0,1937726,1694,94765,0,0,1,1,1,1,1
1790117149,11619.13,0,1,ONLINE,11612.52,0,1938315,1694,94765,0,0,1,1,1,1,1
1790117154,11624.63,0,1,ONLINE,11618.02,0,1938889,1694,94765,0,0,1,1,1,1,1
1790117159,11629.86,0,1,ONLINE,11623.25,0,1939473,1694,94765,0,0,1,1,1,1,1
1790117165,11635.09,0,1,ONLINE,11628.48,0,1940087,1694,94765,0,0,1,1,1,1,1
1790117170,11640.30,0,1,ONLINE,11633.69,0,1940668,1694,94765,0,0,1,1,1,1,1
1790117175,11645.52,0,1,ONLINE,11638.91,0,1941254,1694,94765,0,0,1,1,1,1,1
1790117180,11650.74,0,1,ONLINE,11644.13,0,1941863,1694,94765,0,0,1,1,1,1,1
1790117186,11655.96,0,1,ONLINE,11649.35,0,1942415,1694,94765,0,0,1,1,1,1,1
1790117191,11661.18,0,1,ONLINE,11654.57,0,1942921,1694,94765,0,0,1,1,1,1,1
1790117196,11666.39,0,1,ONLINE,11659.78,0,1943649,1694,94765,0,0,1,1,1,1,1
1790117201,11671.61,0,1,ONLINE,11665.00,0,1944192,1694,94765,0,0,1,1,1,1,1
1790117206,11676.83,0,1,ONLINE,11670.22,0,1944872,1694,94765,0,0,1,1,1,1,1
1790117212,11682.04,0,1,ONLINE,11675.43,0,1945464,1694,94765,0,0,1,1,1,1,1
1790117217,11687.27,0,1,ONLINE,11680.66,0,1946101,1694,94765,0,0,1,1,1,1,1
1790117222,11692.50,0,1,ONLINE,11685.89,0,1946409,1696,94879,0,0,1,1,1,1,1
1790117227,11697.72,0,1,ONLINE,11691.11,0,1946560,1708,95361,0,0,1,1,1,1,1
1790117233,11702.94,0,1,ONLINE,11696.33,0,1946915,1708,95434,0,0,1,1,1,1,1
1790117238,11708.16,0,1,ONLINE,11701.55,0,1947412,1710,95577,0,0,1,1,1,1,1
1790117243,11713.39,0,1,ONLINE,11706.78,0,1948311,1710,95577,0,0,1,1,1,1,1
1790117248,11718.61,0,1,ONLINE,11712.00,0,1948979,1710,95577,0,0,1,1,1,1,1
1790117253,11723.83,0,1,ONLINE,11717.22,0,1949199,1715,95921,0,0,1,1,1,1,1
1790117259,11729.05,0,1,ONLINE,11722.44,0,1949626,1721,96144,0,0,1,1,1,1,1
1790117264,11734.28,0,1,ONLINE,11727.67,0,1950267,1721,96144,0,0,1,1,1,1,1
1790117269,11739.50,0,1,ONLINE,11732.89,0,1950961,1721,96144,0,0,1,1,1,1,1
1790117274,11744.72,0,1,ONLINE,11738.11,0,1951663,1721,96144,0,0,1,1,1,1,1
1790117280,11749.93,0,1,ONLINE,11743.32,0,1952182,1721,96144,0,0,1,1,1,1,1
1790117285,11755.15,0,1,ONLINE,11748.54,0,1952903,1721,96144,0,0,1,1,1,1,1
1790117290,11760.37,0,1,ONLINE,11753.76,0,1953586,1721,96144,0,0,1,1,1,1,1
1790117295,11765.59,0,1,ONLINE,11758.98,0,1954220,1721,96144,0,0,1,1,1,1,1
1790117300,11770.81,0,1,ONLINE,11764.20,0,1954826,1721,96144,0,0,1,1,1,1,1
1790117306,11776.03,0,1,ONLINE,11769.42,0,1955421,1721,96144,0,0,1,1,1,1,1
1790117311,11781.24,0,1,ONLINE,11774.63,0,1955852,1721,96144,0,0,1,1,1,1,1
1790117316,11786.46,0,1,ONLINE,11779.85,0,1956450,1721,96144,0,0,1,1,1,1,1
1790117321,11791.69,0,1,ONLINE,11785.08,0,1957185,1721,96144,0,0,1,1,1,1,1
1790117326,11796.91,0,1,ONLINE,11790.30,0,1957810,1721,96144,0,0,1,1,1,1,1
1790117332,11802.14,0,1,ONLINE,11795.53,0,1958630,1721,96144,0,0,1,1,1,1,1
1790117337,11807.36,0,1,ONLINE,11800.75,0,1959202,1721,96144,0,0,1,1,1,1,1
1790117342,11812.58,0,1,ONLINE,11805.97,0,1959817,1721,96144,0,0,1,1,1,1,1
1790117347,11817.81,0,1,ONLINE,11811.20,0,1960544,1721,96144,0,0,1,1,1,1,1
1790117353,11823.03,0,1,ONLINE,11816.42,0,1961086,1721,96144,0,0,1,1,1,1,1
1790117358,11828.24,0,1,ONLINE,11821.63,0,1961710,1721,96144,0,0,1,1,1,1,1
1790117363,11833.46,0,1,ONLINE,11826.85,0,1962233,1721,96144,0,0,1,1,1,1,1
1790117368,11838.68,0,1,ONLINE,11832.07,0,1962765,1721,96144,0,0,1,1,1,1,1
1790117374,11843.91,0,1,ONLINE,11837.30,0,1963191,1721,96144,0,0,1,1,1,1,1
1790117379,11849.14,0,1,ONLINE,11842.53,0,1963716,1721,96144,0,0,1,1,1,1,1
1790117384,11854.36,0,1,ONLINE,11847.75,0,1964229,1721,96144,0,0,1,1,1,1,1
1790117389,11859.59,0,1,ONLINE,11852.98,0,1964802,1721,96144,0,0,1,1,1,1,1
1790117394,11864.81,0,1,ONLINE,11858.20,0,1965327,1721,96144,0,0,1,1,1,1,1
1790117400,11870.04,0,1,ONLINE,11863.43,0,1965794,1721,96144,0,0,1,1,1,1,1
1790117405,11875.25,0,1,ONLINE,11868.64,0,1966033,1724,96500,0,0,1,1,1,1,1
1790117410,11880.47,0,1,ONLINE,11873.86,0,1966588,1724,96500,0,0,1,1,1,1,1
1790117415,11885.69,0,1,ONLINE,11879.08,0,1967179,1724,96500,0,0,1,1,1,1,1
1790117420,11890.91,0,1,ONLINE,11884.30,0,1967662,1724,96500,0,0,1,1,1,1,1
1790117426,11896.14,0,1,ONLINE,11889.53,0,1968312,1724,96500,0,0,1,1,1,1,1
1790117431,11901.36,0,1,ONLINE,11894.75,0,1968825,1724,96500,0,0,1,1,1,1,1
1790117436,11906.58,0,1,ONLINE,11899.97,0,1969517,1724,96500,0,0,1,1,1,1,1
1790117441,11911.80,0,1,ONLINE,11905.19,0,1969741,1726,96719,0,0,1,1,1,1,1
1790117447,11917.02,0,1,ONLINE,11910.41,0,1970364,1726,96750,0,0,1,1,1,1,1
1790117452,11922.24,0,1,ONLINE,11915.63,0,1971086,1726,96750,0,0,1,1,1,1,1
1790117457,11927.46,0,1,ONLINE,11920.85,0,1971536,1726,96750,0,0,1,1,1,1,1
1790117462,11932.68,0,1,ONLINE,11926.07,0,1972156,1726,96750,0,0,1,1,1,1,1
1790117467,11937.89,0,1,ONLINE,11931.28,0,1972777,1726,96750,0,0,1,1,1,1,1
1790117473,11943.11,0,1,ONLINE,11936.50,0,1973256,1726,96750,0,0,1,1,1,1,1
1790117478,11948.34,0,1,ONLINE,11941.73,0,1973786,1726,96750,0,0,1,1,1,1,1
1790117483,11953.56,0,1,ONLINE,11946.95,0,1974405,1726,96750,0,0,1,1,1,1,1
1790117488,11958.78,0,1,ONLINE,11952.17,0,1974793,1728,96881,0,0,1,1,1,1,1
1790117494,11963.99,0,1,ONLINE,11957.38,0,1974884,1735,97323,0,0,1,1,1,1,1
1790117499,11969.21,0,1,ONLINE,11962.60,0,1975440,1735,97323,0,0,1,1,1,1,1
1790117504,11974.43,0,1,ONLINE,11967.82,0,1975923,1735,97323,0,0,1,1,1,1,1
1790117509,11979.65,0,1,ONLINE,11973.04,0,1976571,1735,97323,0,0,1,1,1,1,1
1790117514,11984.87,0,1,ONLINE,11978.26,0,1977205,1735,97323,0,0,1,1,1,1,1
1790117520,11990.09,0,1,ONLINE,11983.48,0,1977752,1735,97323,0,0,1,1,1,1,1
1790117525,11995.32,0,1,ONLINE,11988.71,0,1978201,1739,97509,0,0,1,1,1,1,1
1790117530,12000.56,0,1,ONLINE,11993.95,0,1978691,1739,97627,0,0,1,1,1,1,1
1790117535,12005.78,0,1,ONLINE,11999.17,0,1979228,1739,97627,0,0,1,1,1,1,1
1790117541,12011.01,0,1,ONLINE,12004.40,0,1979839,1739,97627,0,0,1,1,1,1,1
1790117546,12016.23,0,1,ONLINE,12009.62,0,1980289,1739,97627,0,0,1,1,1,1,1
1790117551,12021.44,0,1,ONLINE,12014.83,0,1980491,1743,97925,0,0,1,1,1,1,1
1790117556,12026.66,0,1,ONLINE,12020.05,0,1981002,1743,97925,0,0,1,1,1,1,1
1790117561,12031.88,0,1,ONLINE,12025.27,0,1981721,1743,97925,0,0,1,1,1,1,1
1790117567,12037.10,0,1,ONLINE,12030.49,0,1982324,1743,97925,0,0,1,1,1,1,1
1790117572,12042.32,0,1,ONLINE,12035.71,0,1982826,1743,97925,0,0,1,1,1,1,1
1790117577,12047.54,0,1,ONLINE,12040.93,0,1983055,1748,98173,0,0,1,1,1,1,1
1790117582,12052.76,0,1,ONLINE,12046.15,0,1983494,1748,98182,0,0,1,1,1,1,1
1790117588,12057.98,0,1,ONLINE,12051.37,0,1983897,1750,98431,0,0,1,1,1,1,1
1790117593,12063.20,0,1,ONLINE,12056.59,0,1984579,1750,98431,0,0,1,1,1,1,1
1790117598,12068.42,0,1,ONLINE,12061.81,0,1985165,1750,98431,0,0,1,1,1,1,1
1790117603,12073.64,0,1,ONLINE,12067.03,0,1985840,1750,98431,0,0,1,1,1,1,1
1790117608,12078.86,0,1,ONLINE,12072.25,0,1986393,1750,98431,0,0,1,1,1,1,1
1790117614,12084.08,0,1,ONLINE,12077.47,0,1986557,1751,98639,0,0,1,1,1,1,1
1790117619,12089.30,0,1,ONLINE,12082.69,0,1987020,1755,98939,0,0,1,1,1,1,1
1790117624,12094.52,0,1,ONLINE,12087.91,0,1987623,1755,98939,0,0,1,1,1,1,1
1790117629,12099.74,0,1,ONLINE,12093.13,0,1988322,1755,98939,0,0,1,1,1,1,1
1790117635,12104.97,0,1,ONLINE,12098.36,0,1989003,1755,98939,0,0,1,1,1,1,1
1790117640,12110.19,0,1,ONLINE,12103.58,0,1989496,1755,98939,0,0,1,1,1,1,1
1790117645,12115.41,0,1,ONLINE,12108.80,0,1989738,1762,99279,0,0,1,1,1,1,1
1790117650,12120.64,0,1,ONLINE,12114.03,0,1990334,1762,99279,0,0,1,1,1,1,1
1790117655,12125.85,0,1,ONLINE,12119.24,0,1990820,1762,99279,0,0,1,1,1,1,1
1790117661,12131.08,0,1,ONLINE,12124.47,0,1991380,1762,99279,0,0,1,1,1,1,1
1790117666,12136.29,0,1,ONLINE,12129.68,0,1992032,1762,99279,0,0,1,1,1,1,1
1790117671,12141.51,0,1,ONLINE,12134.90,0,1992351,1763,99426,0,0,1,1,1,1,1
1790117676,12146.73,0,1,ONLINE,12140.12,0,1992941,1766,99558,0,0,1,1,1,1,1
1790117682,12151.95,0,1,ONLINE,12145.34,0,1993435,1766,99558,0,0,1,1,1,1,1
1790117687,12157.18,0,1,ONLINE,12150.57,0,1993916,1766,99558,0,0,1,1,1,1,1
1790117692,12162.40,0,1,ONLINE,12155.79,0,1994497,1766,99558,0,0,1,1,1,1,1
1790117697,12167.62,0,1,ONLINE,12161.01,0,1995008,1766,99558,0,0,1,1,1,1,1
1790117702,12172.84,0,1,ONLINE,12166.23,0,1995223,1771,99853,0,0,1,1,1,1,1
1790117708,12178.06,0,1,ONLINE,12171.45,0,1995922,1771,99853,0,0,1,1,1,1,1
1790117713,12183.28,0,1,ONLINE,12176.67,0,1996387,1771,99853,0,0,1,1,1,1,1
1790117718,12188.50,0,1,ONLINE,12181.89,0,1997024,1771,99853,0,0,1,1,1,1,1
1790117723,12193.72,0,1,ONLINE,12187.11,0,1997678,1771,99853,0,0,1,1,1,1,1
1790117729,12198.94,0,1,ONLINE,12192.33,0,1998252,1771,99853,0,0,1,1,1,1,1
1790117734,12204.16,0,1,ONLINE,12197.55,0,1998933,1771,99853,0,0,1,1,1,1,1
1790117739,12209.38,0,1,ONLINE,12202.77,0,1999678,1771,99853,0,0,1,1,1,1,1
1790117744,12214.61,0,1,ONLINE,12208.00,0,2000157,1771,99853,0,0,1,1,1,1,1
1790117749,12219.82,0,1,ONLINE,12213.21,0,2000736,1771,99853,0,0,1,1,1,1,1
1790117755,12225.05,0,1,ONLINE,12218.44,0,2001323,1771,99853,0,0,1,1,1,1,1
1790117760,12230.27,0,1,ONLINE,12223.66,0,2001837,1771,99853,0,0,1,1,1,1,1
1790117765,12235.50,0,1,ONLINE,12228.89,0,2002537,1771,99853,0,0,1,1,1,1,1
1790117770,12240.72,0,1,ONLINE,12234.11,0,2003038,1771,99853,0,0,1,1,1,1,1
1790117776,12245.94,0,1,ONLINE,12239.33,0,2003505,1771,99853,0,0,1,1,1,1,1
1790117781,12251.18,0,1,ONLINE,12244.57,0,2004156,1771,99853,0,0,1,1,1,1,1
1790117786,12256.40,0,1,ONLINE,12249.79,0,2004762,1771,99853,0,0,1,1,1,1,1
1790117791,12261.63,0,1,ONLINE,12255.02,0,2005447,1771,99853,0,0,1,1,1,1,1
1790117796,12266.85,0,1,ONLINE,12260.24,0,2005998,1771,99853,0,0,1,1,1,1,1
1790117802,12272.07,0,1,ONLINE,12265.46,0,2006499,1771,99853,0,0,1,1,1,1,1
1790117807,12277.29,0,1,ONLINE,12270.68,0,2006940,1771,99853,0,0,1,1,1,1,1
1790117812,12282.51,0,1,ONLINE,12275.90,0,2007708,1771,99853,0,0,1,1,1,1,1
1790117817,12287.73,0,1,ONLINE,12281.12,0,2008279,1771,99853,0,0,1,1,1,1,1
1790117823,12292.94,0,1,ONLINE,12286.33,0,2008937,1771,99853,0,0,1,1,1,1,1
1790117828,12298.18,0,1,ONLINE,12291.57,0,2009717,1771,99853,0,0,1,1,1,1,1
1790117833,12303.40,0,1,ONLINE,12296.79,0,2010220,1771,99853,0,0,1,1,1,1,1
1790117838,12308.63,0,1,ONLINE,12302.02,0,2010703,1771,99853,0,0,1,1,1,1,1
1790117843,12313.86,0,1,ONLINE,12307.25,0,2011288,1771,99853,0,0,1,1,1,1,1
1790117849,12319.08,0,1,ONLINE,12312.47,0,2011854,1771,99853,0,0,1,1,1,1,1
1790117854,12324.30,0,1,ONLINE,12317.69,0,2012502,1771,99853,0,0,1,1,1,1,1
1790117859,12329.52,0,1,ONLINE,12322.91,0,2013173,1771,99853,0,0,1,1,1,1,1
1790117864,12334.75,0,1,ONLINE,12328.14,0,2013679,1771,99853,0,0,1,1,1,1,1
1790117870,12340.00,0,1,ONLINE,12333.39,0,2014229,1771,99853,0,0,1,1,1,1,1
1790117875,12345.23,0,1,ONLINE,12338.62,0,2014725,1771,99853,0,0,1,1,1,1,1
1790117880,12350.45,0,1,ONLINE,12343.84,0,2015273,1771,99853,0,0,1,1,1,1,1
1790117885,12355.67,0,1,ONLINE,12349.06,0,2015859,1771,99853,0,0,1,1,1,1,1
1790117890,12360.89,0,1,ONLINE,12354.28,0,2016474,1771,99853,0,0,1,1,1,1,1
1790117896,12366.12,0,1,ONLINE,12359.51,0,2016548,1775,100219,0,0,1,1,1,1,1
1790117901,12371.35,0,1,ONLINE,12364.74,0,2017100,1778,100301,0,0,1,1,1,1,1
1790117906,12376.57,0,1,ONLINE,12369.96,0,2017602,1778,100301,0,0,1,1,1,1,1
1790117911,12381.79,0,1,ONLINE,12375.18,0,2018256,1778,100301,0,0,1,1,1,1,1
1790117917,12387.01,0,1,ONLINE,12380.40,0,2018789,1778,100301,0,0,1,1,1,1,1
1790117922,12392.23,0,1,ONLINE,12385.62,0,2019303,1778,100301,0,0,1,1,1,1,1
1790117927,12397.46,0,1,ONLINE,12390.85,0,2019875,1778,100301,0,0,1,1,1,1,1
1790117932,12402.67,0,1,ONLINE,12396.06,0,2020469,1778,100301,0,0,1,1,1,1,1
1790117937,12407.89,0,1,ONLINE,12401.28,0,2020996,1778,100301,0,0,1,1,1,1,1
1790117943,12413.13,0,1,ONLINE,12406.52,0,2021370,1778,100360,0,0,1,1,1,1,1
1790117948,12418.35,0,1,ONLINE,12411.74,0,2021438,1781,100968,0,0,1,1,1,1,1
1790117953,12423.59,0,1,ONLINE,12416.98,0,2021947,1781,100968,0,0,1,1,1,1,1
1790117958,12428.81,0,1,ONLINE,12422.20,0,2022504,1781,100968,0,0,1,1,1,1,1
1790117964,12434.03,0,1,ONLINE,12427.42,0,2023047,1781,100968,0,0,1,1,1,1,1
1790117969,12439.25,0,1,ONLINE,12432.64,0,2023547,1781,100968,0,0,1,1,1,1,1
1790117974,12444.48,0,1,ONLINE,12437.87,0,2023960,1781,101048,0,0,1,1,1,1,1
1790117979,12449.70,0,1,ONLINE,12443.09,0,2024276,1784,101218,0,0,1,1,1,1,1
1790117985,12454.92,0,1,ONLINE,12448.31,0,2024846,1784,101218,0,0,1,1,1,1,1
1790117990,12460.15,0,1,ONLINE,12453.54,0,2025484,1784,101218,0,0,1,1,1,1,1
1790117995,12465.36,0,1,ONLINE,12458.75,0,2026216,1784,101218,0,0,1,1,1,1,1
1790118000,12470.60,0,1,ONLINE,12463.99,0,2026764,1784,101218,0,0,1,1,1,1,1
1790118005,12475.82,0,1,ONLINE,12469.21,0,2026911,1789,101593,0,0,1,1,1,1,1
1790118011,12481.04,0,1,ONLINE,12474.43,0,2027421,1800,101826,0,0,1,1,1,1,1
1790118016,12486.26,0,1,ONLINE,12479.65,0,2028056,1800,101826,0,0,1,1,1,1,1
1790118021,12491.49,0,1,ONLINE,12484.88,0,2028725,1800,101826,0,0,1,1,1,1,1
1790118026,12496.72,0,1,ONLINE,12490.11,0,2029283,1800,101826,0,0,1,1,1,1,1
1790118032,12501.94,0,1,ONLINE,12495.33,0,2029692,1800,101826,0,0,1,1,1,1,1
1790118037,12507.16,0,1,ONLINE,12500.55,0,2030008,1802,102116,0,0,1,1,1,1,1
1790118042,12512.39,0,1,ONLINE,12505.78,0,2030696,1802,102116,0,0,1,1,1,1,1
1790118047,12517.63,0,1,ONLINE,12511.02,0,2031296,1802,102116,0,0,1,1,1,1,1
1790118052,12522.85,0,1,ONLINE,12516.24,0,2031972,1802,102116,0,0,1,1,1,1,1
1790118058,12528.07,0,1,ONLINE,12521.46,0,2032447,1802,102116,0,0,1,1,1,1,1
1790118063,12533.29,0,1,ONLINE,12526.68,0,2032691,1804,102357,0,0,1,1,1,1,1
1790118068,12538.52,0,1,ONLINE,12531.91,0,2033285,1804,102360,0,0,1,1,1,1,1
1790118073,12543.74,0,1,ONLINE,12537.13,0,2033858,1804,102360,0,0,1,1,1,1,1
1790118079,12548.96,0,1,ONLINE,12542.35,0,2034433,1804,102360,0,0,1,1,1,1,1
1790118084,12554.18,0,1,ONLINE,12547.57,0,2035053,1804,102360,0,0,1,1,1,1,1
1790118089,12559.41,0,1,ONLINE,12552.80,0,2035559,1804,102360,0,0,1,1,1,1,1
1790118094,12564.64,0,1,ONLINE,12558.03,0,2036108,1804,102360,0,0,1,1,1,1,1
1790118099,12569.86,0,1,ONLINE,12563.25,0,2036672,1804,102360,0,0,1,1,1,1,1
1790118105,12575.09,0,1,ONLINE,12568.48,0,2036997,1806,102456,0,0,1,1,1,1,1
1790118110,12580.31,0,1,ONLINE,12573.70,0,2037541,1814,102650,0,0,1,1,1,1,1
1790118115,12585.54,0,1,ONLINE,12578.93,0,2038271,1814,102650,0,0,1,1,1,1,1
1790118120,12590.76,0,1,ONLINE,12584.15,0,2038518,1819,102926,0,0,1,1,1,1,1
1790118126,12595.97,0,1,ONLINE,12589.36,0,2039019,1819,102926,0,0,1,1,1,1,1
1790118131,12601.20,0,1,ONLINE,12594.59,0,2039621,1819,102926,0,0,1,1,1,1,1
1790118136,12606.41,0,1,ONLINE,12599.80,0,2040141,1819,102926,0,0,1,1,1,1,1
1790118141,12611.64,0,1,ONLINE,12605.03,0,2040820,1819,102926,0,0,1,1,1,1,1
1790118146,12616.86,0,1,ONLINE,12610.25,0,2041342,1819,102926,0,0,1,1,1,1,1
1790118152,12622.07,0,1,ONLINE,12615.46,0,2041988,1819,102926,0,0,1,1,1,1,1
1790118157,12627.30,0,1,ONLINE,12620.69,0,2042592,1819,102926,0,0,1,1,1,1,1
1790118162,12632.52,0,1,ONLINE,12625.91,0,2043208,1819,102926,0,0,1,1,1,1,1
1790118167,12637.74,0,1,ONLINE,12631.13,0,2043685,1819,102926,0,0,1,1,1,1,1
1790118173,12642.96,0,1,ONLINE,12636.35,0,2044411,1819,102926,0,0,1,1,1,1,1
1790118178,12648.19,0,1,ONLINE,12641.58,0,2044999,1819,102926,0,0,1,1,1,1,1
1790118183,12653.41,0,1,ONLINE,12646.80,0,2045644,1819,102926,0,0,1,1,1,1,1
1790118188,12658.62,0,1,ONLINE,12652.01,0,2046433,1819,102926,0,0,1,1,1,1,1
1790118193,12663.85,0,1,ONLINE,12657.24,0,2046888,1819,102926,0,0,1,1,1,1,1
1790118199,12669.07,0,1,ONLINE,12662.46,0,2047159,1829,103266,0,0,1,1,1,1,1
1790118204,12674.29,0,1,ONLINE,12667.68,0,2047836,1829,103266,0,0,1,1,1,1,1
1790118209,12679.52,0,1,ONLINE,12672.91,0,2048403,1829,103266,0,0,1,1,1,1,1
1790118214,12684.74,0,1,ONLINE,12678.13,0,2048702,1832,103432,0,0,1,1,1,1,1
1790118220,12689.96,0,1,ONLINE,12683.35,0,2049204,1837,103567,0,0,1,1,1,1,1
1790118225,12695.18,0,1,ONLINE,12688.57,0,2049651,1837,103567,0,0,1,1,1,1,1
1790118230,12700.40,0,1,ONLINE,12693.79,0,2049927,1846,103949,0,0,1,1,1,1,1
1790118235,12705.62,0,1,ONLINE,12699.01,0,2050459,1846,103949,0,0,1,1,1,1,1
1790118240,12710.84,0,1,ONLINE,12704.23,0,2051013,1846,103949,0,0,1,1,1,1,1
1790118246,12716.06,0,1,ONLINE,12709.45,0,2051312,1848,104175,0,0,1,1,1,1,1
1790118251,12721.28,0,1,ONLINE,12714.67,0,2051739,1851,104276,0,0,1,1,1,1,1
1790118256,12726.50,0,1,ONLINE,12719.89,0,2052220,1851,104276,0,0,1,1,1,1,1
1790118261,12731.72,0,1,ONLINE,12725.11,0,2052775,1851,104276,0,0,1,1,1,1,1
1790118267,12736.95,0,1,ONLINE,12730.34,0,2053257,1851,104276,0,0,1,1,1,1,1
1790118272,12742.17,0,1,ONLINE,12735.56,0,2053919,1851,104276,0,0,1,1,1,1,1
1790118277,12747.39,0,1,ONLINE,12740.78,0,2054509,1851,104276,0,0,1,1,1,1,1
1790118282,12752.61,0,1,ONLINE,12746.00,0,2055050,1851,104276,0,0,1,1,1,1,1
1790118287,12757.82,0,1,ONLINE,12751.21,0,2055609,1851,104276,0,0,1,1,1,1,1
1790118293,12763.05,0,1,ONLINE,12756.44,0,2056249,1851,104276,0,0,1,1,1,1,1
1790118298,12768.27,0,1,ONLINE,12761.66,0,2056765,1851,104276,0,0,1,1,1,1,1
1790118303,12773.49,0,1,ONLINE,12766.88,0,2057385,1851,104276,0,0,1,1,1,1,1
1790118308,12778.71,0,1,ONLINE,12772.10,0,2058010,1851,104276,0,0,1,1,1,1,1
1790118314,12783.93,0,1,ONLINE,12777.32,0,2058622,1851,104276,0,0,1,1,1,1,1
1790118319,12789.16,0,1,ONLINE,12782.55,0,2059162,1851,104276,0,0,1,1,1,1,1
1790118324,12794.37,0,1,ONLINE,12787.76,0,2059791,1851,104276,0,0,1,1,1,1,1
1790118329,12799.59,0,1,ONLINE,12792.98,0,2060489,1851,104276,0,0,1,1,1,1,1
1790118334,12804.82,0,1,ONLINE,12798.21,0,2061123,1851,104276,0,0,1,1,1,1,1
1790118340,12810.03,0,1,ONLINE,12803.42,0,2061772,1851,104276,0,0,1,1,1,1,1
1790118345,12815.25,0,1,ONLINE,12808.64,0,2062302,1851,104276,0,0,1,1,1,1,1
1790118350,12820.47,0,1,ONLINE,12813.86,0,2063044,1851,104276,0,0,1,1,1,1,1
1790118355,12825.69,0,1,ONLINE,12819.08,0,2063743,1851,104276,0,0,1,1,1,1,1
1790118361,12830.91,0,1,ONLINE,12824.30,0,2064391,1851,104276,0,0,1,1,1,1,1
1790118366,12836.13,0,1,ONLINE,12829.52,0,2065010,1851,104276,0,0,1,1,1,1,1
1790118371,12841.35,0,1,ONLINE,12834.74,0,2065541,1851,104276,0,0,1,1,1,1,1
1790118376,12846.57,0,1,ONLINE,12839.96,0,2066225,1851,104276,0,0,1,1,1,1,1
1790118381,12851.79,0,1,ONLINE,12845.18,0,2066896,1851,104276,0,0,1,1,1,1,1
1790118387,12857.00,0,1,ONLINE,12850.39,0,2067586,1851,104276,0,0,1,1,1,1,1
1790118392,12862.22,0,1,ONLINE,12855.61,0,2068369,1851,104276,0,0,1,1,1,1,1
1790118397,12867.46,0,1,ONLINE,12860.85,0,2069021,1851,104276,0,0,1,1,1,1,1
1790118402,12872.68,0,1,ONLINE,12866.07,0,2069669,1851,104276,0,0,1,1,1,1,1
1790118407,12877.89,0,1,ONLINE,12871.28,0,2070360,1851,104276,0,0,1,1,1,1,1
1790118413,12883.11,0,1,ONLINE,12876.50,0,2070942,1851,104276,0,0,1,1,1,1,1
1790118418,12888.33,0,1,ONLINE,12881.72,0,2071505,1851,104276,0,0,1,1,1,1,1
1790118423,12893.57,0,1,ONLINE,12886.96,0,2071958,1851,104276,0,0,1,1,1,1,1
1790118428,12898.81,0,1,ONLINE,12892.20,0,2072565,1851,104276,0,0,1,1,1,1,1
1790118434,12904.03,0,1,ONLINE,12897.42,0,2073325,1851,104276,0,0,1,1,1,1,1
1790118439,12909.25,0,1,ONLINE,12902.64,0,2073946,1851,104276,0,0,1,1,1,1,1
1790118444,12914.47,0,1,ONLINE,12907.86,0,2074601,1851,104276,0,0,1,1,1,1,1
1790118449,12919.69,0,1,ONLINE,12913.08,0,2075150,1851,104276,0,0,1,1,1,1,1
1790118454,12924.91,0,1,ONLINE,12918.30,0,2075374,1853,104507,0,0,1,1,1,1,1
1790118460,12930.14,0,1,ONLINE,12923.53,0,2076081,1854,104564,0,0,1,1,1,1,1
1790118465,12935.36,0,1,ONLINE,12928.75,0,2076586,1854,104564,0,0,1,1,1,1,1
1790118470,12940.58,0,1,ONLINE,12933.97,0,2077249,1854,104564,0,0,1,1,1,1,1
1790118475,12945.80,0,1,ONLINE,12939.19,0,2077809,1854,104564,0,0,1,1,1,1,1
1790118481,12951.01,0,1,ONLINE,12944.40,0,2078306,1854,104564,0,0,1,1,1,1,1
1790118486,12956.23,0,1,ONLINE,12949.62,0,2078879,1854,104564,0,0,1,1,1,1,1
1790118491,12961.45,0,1,ONLINE,12954.84,0,2079542,1854,104564,0,0,1,1,1,1,1
1790118496,12966.67,0,1,ONLINE,12960.06,0,2080058,1854,104564,0,0,1,1,1,1,1
1790118501,12971.89,0,1,ONLINE,12965.28,0,2080738,1854,104564,0,0,1,1,1,1,1
1790118507,12977.11,0,1,ONLINE,12970.50,0,2081501,1854,104564,0,0,1,1,1,1,1
1790118512,12982.34,0,1,ONLINE,12975.73,0,2082012,1854,104564,0,0,1,1,1,1,1
1790118517,12987.56,0,1,ONLINE,12980.95,0,2082683,1854,104564,0,0,1,1,1,1,1
1790118522,12992.78,0,1,ONLINE,12986.17,0,2083484,1854,104564,0,0,1,1,1,1,1
1790118528,12998.00,0,1,ONLINE,12991.39,0,2084125,1854,104564,0,0,1,1,1,1,1
1790118533,13003.22,0,1,ONLINE,12996.61,0,2084768,1854,104564,0,0,1,1,1,1,1
1790118538,13008.44,0,1,ONLINE,13001.83,0,2085272,1854,104564,0,0,1,1,1,1,1
1790118543,13013.65,0,1,ONLINE,13007.04,0,2085826,1854,104564,0,0,1,1,1,1,1
1790118548,13018.89,0,1,ONLINE,13012.28,0,2086474,1854,104564,0,0,1,1,1,1,1
1790118554,13024.12,0,1,ONLINE,13017.51,0,2086946,1854,104564,0,0,1,1,1,1,1
1790118559,13029.33,0,1,ONLINE,13022.72,0,2087200,1857,104809,0,0,1,1,1,1,1
1790118564,13034.55,0,1,ONLINE,13027.94,0,2087695,1857,104809,0,0,1,1,1,1,1
1790118569,13039.77,0,1,ONLINE,13033.16,0,2088258,1857,104809,0,0,1,1,1,1,1
1790118575,13044.99,0,1,ONLINE,13038.38,0,2088781,1857,104809,0,0,1,1,1,1,1
1790118580,13050.23,0,1,ONLINE,13043.62,0,2089503,1857,104809,0,0,1,1,1,1,1
1790118585,13055.44,0,1,ONLINE,13048.83,0,2090142,1857,104809,0,0,1,1,1,1,1
1790118590,13060.66,0,1,ONLINE,13054.05,0,2090754,1857,104809,0,0,1,1,1,1,1
1790118595,13065.88,0,1,ONLINE,13059.27,0,2091344,1857,104809,0,0,1,1,1,1,1
1790118601,13071.10,0,1,ONLINE,13064.49,0,2091924,1857,104809,0,0,1,1,1,1,1
1790118606,13076.32,0,1,ONLINE,13069.71,0,2092655,1857,104809,0,0,1,1,1,1,1
1790118611,13081.54,0,1,ONLINE,13074.93,0,2093283,1857,104809,0,0,1,1,1,1,1
1790118616,13086.75,0,1,ONLINE,13080.14,0,2093887,1857,104809,0,0,1,1,1,1,1
1790118622,13091.98,0,1,ONLINE,13085.37,0,2094497,1857,104809,0,0,1,1,1,1,1
1790118627,13097.21,0,1,ONLINE,13090.60,0,2095066,1857,104809,0,0,1,1,1,1,1
1790118632,13102.44,0,1,ONLINE,13095.83,0,2095624,1857,104809,0,0,1,1,1,1,1
1790118637,13107.66,0,1,ONLINE,13101.05,0,2096208,1857,104809,0,0,1,1,1,1,1
1790118642,13112.88,0,1,ONLINE,13106.27,0,2096818,1857,104809,0,0,1,1,1,1,1
1790118648,13118.10,0,1,ONLINE,13111.49,0,2097301,1857,104809,0,0,1,1,1,1,1
1790118653,13123.32,0,1,ONLINE,13116.71,0,2097856,1857,104809,0,0,1,1,1,1,1
1790118658,13128.55,0,1,ONLINE,13121.94,0,2098387,1857,104809,0,0,1,1,1,1,1
1790118663,13133.76,0,1,ONLINE,13127.15,0,2098950,1857,104809,0,0,1,1,1,1,1
1790118669,13138.98,0,1,ONLINE,13132.37,0,2099627,1857,104809,0,0,1,1,1,1,1
1790118674,13144.21,0,1,ONLINE,13137.60,0,2100159,1857,104809,0,0,1,1,1,1,1
1790118679,13149.43,0,1,ONLINE,13142.82,0,2100749,1857,104809,0,0,1,1,1,1,1
1790118684,13154.66,0,1,ONLINE,13148.05,0,2101281,1857,104809,0,0,1,1,1,1,1
1790118689,13159.88,0,1,ONLINE,13153.27,0,2101620,1859,104890,0,0,1,1,1,1,1
1790118695,13165.10,0,1,ONLINE,13158.49,0,2102191,1868,105091,0,0,1,1,1,1,1
1790118700,13170.33,0,1,ONLINE,13163.72,0,2102763,1868,105091,0,0,1,1,1,1,1
1790118705,13175.56,0,1,ONLINE,13168.95,0,2103324,1868,105091,0,0,1,1,1,1,1
1790118710,13180.78,0,1,ONLINE,13174.17,0,2103846,1868,105091,0,0,1,1,1,1,1
1790118716,13186.00,0,1,ONLINE,13179.39,0,2104368,1868,105091,0,0,1,1,1,1,1
1790118721,13191.21,0,1,ONLINE,13184.60,0,2104922,1868,105091,0,0,1,1,1,1,1
1790118726,13196.45,0,1,ONLINE,13189.84,0,2105599,1868,105091,0,0,1,1,1,1,1
1790118731,13201.67,0,1,ONLINE,13195.06,0,2106198,1868,105091,0,0,1,1,1,1,1
1790118736,13206.89,0,1,ONLINE,13200.28,0,2106608,1868,105091,0,0,1,1,1,1,1
1790118742,13212.12,0,1,ONLINE,13205.51,0,2106953,1874,105384,0,0,1,1,1,1,1
1790118747,13217.33,0,1,ONLINE,13210.72,0,2107495,1874,105384,0,0,1,1,1,1,1
1790118752,13222.57,0,1,ONLINE,13215.96,0,2108002,1874,105384,0,0,1,1,1,1,1
1790118757,13227.79,0,1,ONLINE,13221.18,0,2108573,1874,105384,0,0,1,1,1,1,1
1790118763,13233.01,0,1,ONLINE,13226.40,0,2109124,1874,105384,0,0,1,1,1,1,1
1790118768,13238.23,0,1,ONLINE,13231.62,0,2109654,1874,105384,0,0,1,1,1,1,1
1790118773,13243.46,0,1,ONLINE,13236.85,0,2110282,1874,105384,0,0,1,1,1,1,1
1790118778,13248.68,0,1,ONLINE,13242.07,0,2110764,1874,105384,0,0,1,1,1,1,1
1790118783,13253.90,0,1,ONLINE,13247.29,0,2111365,1874,105384,0,0,1,1,1,1,1
1790118789,13259.12,0,1,ONLINE,13252.51,0,2111917,1874,105384,0,0,1,1,1,1,1
1790118794,13264.34,0,1,ONLINE,13257.73,0,2112399,1874,105384,0,0,1,1,1,1,1
1790118799,13269.56,0,1,ONLINE,13262.95,0,2112744,1882,105707,0,0,1,1,1,1,1
1790118804,13274.79,0,1,ONLINE,13268.18,0,2113425,1882,105707,0,0,1,1,1,1,1
1790118810,13280.02,0,1,ONLINE,13273.41,0,2114010,1882,105707,0,0,1,1,1,1,1
1790118815,13285.23,0,1,ONLINE,13278.62,0,2114631,1882,105707,0,0,1,1,1,1,1
1790118820,13290.46,0,1,ONLINE,13283.85,0,2115178,1882,105707,0,0,1,1,1,1,1
1790118825,13295.69,0,1,ONLINE,13289.08,0,2115616,1882,105707,0,0,1,1,1,1,1
1790118831,13300.91,0,1,ONLINE,13294.30,0,2116279,1882,105707,0,0,1,1,1,1,1
1790118836,13306.14,0,1,ONLINE,13299.53,0,2116865,1882,105707,0,0,1,1,1,1,1
1790118841,13311.36,0,1,ONLINE,13304.75,0,2117532,1882,105707,0,0,1,1,1,1,1
1790118846,13316.58,0,1,ONLINE,13309.97,0,2118071,1882,105707,0,0,1,1,1,1,1
1790118851,13321.80,0,1,ONLINE,13315.19,0,2118602,1882,105707,0,0,1,1,1,1,1
1790118857,13327.02,0,1,ONLINE,13320.41,0,2119026,1882,105707,0,0,1,1,1,1,1
1790118862,13332.24,0,1,ONLINE,13325.63,0,2119333,1891,106139,0,0,1,1,1,1,1
1790118867,13337.47,0,1,ONLINE,13330.86,0,2120040,1891,106139,0,0,1,1,1,1,1
1790118872,13342.70,0,1,ONLINE,13336.09,0,2120537,1891,106139,0,0,1,1,1,1,1
1790118878,13347.93,0,1,ONLINE,13341.32,0,2120946,1896,106262,0,0,1,1,1,1,1
1790118883,13353.15,0,1,ONLINE,13346.54,0,2121154,1913,106630,0,0,1,1,1,1,1
1790118888,13358.38,0,1,ONLINE,13351.77,0,2121954,1913,106630,0,0,1,1,1,1,1
1790118893,13363.60,0,1,ONLINE,13356.99,0,2122635,1913,106630,0,0,1,1,1,1,1
1790118898,13368.83,0,1,ONLINE,13362.22,0,2123227,1913,106630,0,0,1,1,1,1,1
1790118904,13374.05,0,1,ONLINE,13367.44,0,2123696,1913,106630,0,0,1,1,1,1,1
1790118909,13379.27,0,1,ONLINE,13372.66,0,2124200,1913,106630,0,0,1,1,1,1,1
1790118914,13384.48,0,1,ONLINE,13377.87,0,2124743,1913,106630,0,0,1,1,1,1,1
1790118919,13389.71,0,1,ONLINE,13383.10,0,2125521,1913,106630,0,0,1,1,1,1,1
1790118925,13394.93,0,1,ONLINE,13388.32,0,2126152,1913,106630,0,0,1,1,1,1,1
1790118930,13400.15,0,1,ONLINE,13393.54,0,2126639,1913,106630,0,0,1,1,1,1,1
1790118935,13405.37,0,1,ONLINE,13398.76,0,2126847,1920,106928,0,0,1,1,1,1,1
1790118940,13410.59,0,1,ONLINE,13403.98,0,2127375,1920,106929,0,0,1,1,1,1,1
1790118945,13415.82,0,1,ONLINE,13409.21,0,2127892,1920,106929,0,0,1,1,1,1,1
1790118951,13421.04,0,1,ONLINE,13414.43,0,2128574,1920,106929,0,0,1,1,1,1,1
1790118956,13426.26,0,1,ONLINE,13419.65,0,2129212,1920,106929,0,0,1,1,1,1,1
1790118961,13431.49,0,1,ONLINE,13424.88,0,2129764,1920,106929,0,0,1,1,1,1,1
1790118966,13436.71,0,1,ONLINE,13430.10,0,2130615,1920,106929,0,0,1,1,1,1,1
1790118972,13441.92,0,1,ONLINE,13435.31,0,2131114,1920,106929,0,0,1,1,1,1,1
1790118977,13447.14,0,1,ONLINE,13440.53,0,2131712,1920,106929,0,0,1,1,1,1,1
1790118982,13452.36,0,1,ONLINE,13445.75,0,2132307,1920,106929,0,0,1,1,1,1,1
1790118987,13457.58,0,1,ONLINE,13450.97,0,2132815,1920,106929,0,0,1,1,1,1,1
1790118992,13462.80,0,1,ONLINE,13456.19,0,2133068,1928,107167,0,0,1,1,1,1,1
1790118998,13468.04,0,1,ONLINE,13461.43,0,2133483,1932,107219,0,0,1,1,1,1,1
1790119003,13473.26,0,1,ONLINE,13466.65,0,2134056,1932,107219,0,0,1,1,1,1,1
1790119008,13478.47,0,1,ONLINE,13471.86,0,2134633,1932,107219,0,0,1,1,1,1,1
1790119013,13483.69,0,1,ONLINE,13477.08,0,2135192,1932,107219,0,0,1,1,1,1,1
1790119019,13488.91,0,1,ONLINE,13482.30,0,2135628,1932,107219,0,0,1,1,1,1,1
1790119024,13494.13,0,1,ONLINE,13487.52,0,2136152,1932,107219,0,0,1,1,1,1,1
1790119029,13499.35,0,1,ONLINE,13492.74,0,2136828,1932,107219,0,0,1,1,1,1,1
1790119034,13504.58,0,1,ONLINE,13497.97,0,2137414,1932,107219,0,0,1,1,1,1,1
1790119039,13509.80,0,1,ONLINE,13503.19,0,2137882,1932,107219,0,0,1,1,1,1,1
1790119045,13515.02,0,1,ONLINE,13508.41,0,2138456,1932,107219,0,0,1,1,1,1,1
1790119050,13520.25,0,1,ONLINE,13513.64,0,2139047,1932,107219,0,0,1,1,1,1,1
1790119055,13525.47,0,1,ONLINE,13518.86,0,2139679,1932,107219,0,0,1,1,1,1,1
1790119060,13530.68,0,1,ONLINE,13524.07,0,2140340,1932,107219,0,0,1,1,1,1,1
1790119065,13535.90,0,1,ONLINE,13529.29,0,2140863,1932,107219,0,0,1,1,1,1,1
1790119071,13541.12,0,1,ONLINE,13534.51,0,2141497,1932,107219,0,0,1,1,1,1,1
1790119076,13546.34,0,1,ONLINE,13539.73,0,2142143,1932,107219,0,0,1,1,1,1,1
1790119081,13551.55,0,1,ONLINE,13544.94,0,2142814,1932,107219,0,0,1,1,1,1,1
1790119086,13556.77,0,1,ONLINE,13550.16,0,2143401,1932,107219,0,0,1,1,1,1,1
1790119092,13561.99,0,1,ONLINE,13555.38,0,2143992,1932,107219,0,0,1,1,1,1,1
1790119097,13567.21,0,1,ONLINE,13560.60,0,2144461,1932,107219,0,0,1,1,1,1,1
1790119102,13572.43,0,1,ONLINE,13565.82,0,2145274,1932,107219,0,0,1,1,1,1,1
1790119107,13577.66,0,1,ONLINE,13571.05,0,2145877,1932,107219,0,0,1,1,1,1,1
1790119112,13582.87,0,1,ONLINE,13576.26,0,2146311,1932,107219,0,0,1,1,1,1,1
1790119118,13588.09,0,1,ONLINE,13581.48,0,2146605,1935,107502,0,0,1,1,1,1,1
1790119123,13593.31,0,1,ONLINE,13586.70,0,2147153,1935,107502,0,0,1,1,1,1,1
1790119128,13598.53,0,1,ONLINE,13591.92,0,2147453,1947,107712,0,0,1,1,1,1,1
1790119133,13603.75,0,1,ONLINE,13597.14,0,2147844,1952,107828,0,0,1,1,1,1,1
1790119139,13608.97,0,1,ONLINE,13602.36,0,2148529,1952,107828,0,0,1,1,1,1,1
1790119144,13614.19,0,1,ONLINE,13607.58,0,2149104,1952,107828,0,0,1,1,1,1,1
1790119149,13619.41,0,1,ONLINE,13612.80,0,2149645,1952,107828,0,0,1,1,1,1,1
1790119154,13624.64,0,1,ONLINE,13618.03,0,2150199,1952,107828,0,0,1,1,1,1,1
1790119159,13629.86,0,1,ONLINE,13623.25,0,2150740,1952,107828,0,0,1,1,1,1,1
1790119165,13635.07,0,1,ONLINE,13628.46,0,2151287,1952,107828,0,0,1,1,1,1,1
1790119170,13640.29,0,1,ONLINE,13633.68,0,2151383,1966,108348,0,0,1,1,1,1,1
1790119175,13645.52,0,1,ONLINE,13638.91,0,2152033,1966,108379,0,0,1,1,1,1,1
1790119180,13650.76,0,1,ONLINE,13644.15,0,2152685,1966,108379,0,0,1,1,1,1,1
1790119186,13655.98,0,1,ONLINE,13649.37,0,2153235,1966,108379,0,0,1,1,1,1,1
1790119191,13661.20,0,1,ONLINE,13654.59,0,2154114,1966,108379,0,0,1,1,1,1,1
1790119196,13666.42,0,1,ONLINE,13659.81,0,2154610,1966,108379,0,0,1,1,1,1,1
1790119201,13671.64,0,1,ONLINE,13665.03,0,2155200,1966,108379,0,0,1,1,1,1,1
1790119206,13676.87,0,1,ONLINE,13670.26,0,2155684,1966,108379,0,0,1,1,1,1,1
1790119212,13682.09,0,1,ONLINE,13675.48,0,2156100,1966,108379,0,0,1,1,1,1,1
1790119217,13687.32,0,1,ONLINE,13680.71,0,2156604,1966,108379,0,0,1,1,1,1,1
1790119222,13692.55,0,1,ONLINE,13685.94,0,2157203,1966,108379,0,0,1,1,1,1,1
1790119227,13697.77,0,1,ONLINE,13691.16,0,2157753,1966,108379,0,0,1,1,1,1,1
1790119233,13703.01,0,1,ONLINE,13696.40,0,2158308,1966,108379,0,0,1,1,1,1,1
1790119238,13708.23,0,1,ONLINE,13701.62,0,2158863,1966,108379,0,0,1,1,1,1,1
1790119243,13713.45,0,1,ONLINE,13706.84,0,2159161,1969,108591,0,0,1,1,1,1,1
1790119248,13718.68,0,1,ONLINE,13712.07,0,2159436,1976,108934,0,0,1,1,1,1,1
1790119253,13723.91,0,1,ONLINE,13717.30,0,2160115,1976,108934,0,0,1,1,1,1,1
1790119259,13729.13,0,1,ONLINE,13722.52,0,2160756,1976,108934,0,0,1,1,1,1,1
1790119264,13734.34,0,1,ONLINE,13727.73,0,2161001,1977,109106,0,0,1,1,1,1,1
1790119269,13739.57,0,1,ONLINE,13732.96,0,2161404,1979,109193,0,0,1,1,1,1,1
1790119274,13744.81,0,1,ONLINE,13738.20,0,2162011,1979,109193,0,0,1,1,1,1,1
1790119280,13750.04,0,1,ONLINE,13743.43,0,2162712,1979,109193,0,0,1,1,1,1,1
1790119285,13755.26,0,1,ONLINE,13748.65,0,2163211,1979,109193,0,0,1,1,1,1,1
1790119290,13760.48,0,1,ONLINE,13753.87,0,2163715,1979,109193,0,0,1,1,1,1,1
1790119295,13765.70,0,1,ONLINE,13759.09,0,2163956,1988,109524,0,0,1,1,1,1,1
1790119301,13770.93,0,1,ONLINE,13764.32,0,2164663,1988,109524,0,0,1,1,1,1,1
1790119306,13776.15,0,1,ONLINE,13769.54,0,2165242,1988,109524,0,0,1,1,1,1,1
1790119311,13781.37,0,1,ONLINE,13774.76,0,2166052,1988,109524,0,0,1,1,1,1,1
1790119316,13786.59,0,1,ONLINE,13779.98,0,2166687,1988,109524,0,0,1,1,1,1,1
1790119321,13791.81,0,1,ONLINE,13785.20,0,2166883,1993,109869,0,0,1,1,1,1,1
1790119327,13797.06,0,1,ONLINE,13790.45,0,2167372,2004,110174,0,0,1,1,1,1,1
1790119332,13802.28,0,1,ONLINE,13795.67,0,2168124,2004,110174,0,0,1,1,1,1,1
1790119337,13807.51,0,1,ONLINE,13800.90,0,2168701,2004,110174,0,0,1,1,1,1,1
1790119342,13812.72,0,1,ONLINE,13806.11,0,2169411,2004,110174,0,0,1,1,1,1,1
1790119348,13817.95,0,1,ONLINE,13811.34,0,2169942,2004,110174,0,0,1,1,1,1,1
1790119353,13823.16,0,1,ONLINE,13816.55,0,2170193,2008,110519,0,0,1,1,1,1,1
1790119358,13828.38,0,1,ONLINE,13821.77,0,2170942,2008,110519,0,0,1,1,1,1,1
1790119363,13833.62,0,1,ONLINE,13827.01,0,2171548,2008,110519,0,0,1,1,1,1,1
1790119368,13838.84,0,1,ONLINE,13832.23,0,2172242,2008,110519,0,0,1,1,1,1,1
1790119374,13844.07,0,1,ONLINE,13837.46,0,2173020,2008,110519,0,0,1,1,1,1,1
1790119379,13849.30,0,1,ONLINE,13842.69,0,2173547,2008,110519,0,0,1,1,1,1,1
1790119384,13854.52,0,1,ONLINE,13847.91,0,2173833,2012,110754,0,0,1,1,1,1,1
1790119389,13859.74,0,1,ONLINE,13853.13,0,2174477,2013,110856,0,0,1,1,1,1,1
1790119395,13865.00,0,1,ONLINE,13858.39,0,2175022,2013,110856,0,0,1,1,1,1,1
1790119400,13870.23,0,1,ONLINE,13863.62,0,2175738,2013,110856,0,0,1,1,1,1,1
1790119405,13875.45,0,1,ONLINE,13868.84,0,2176380,2013,110856,0,0,1,1,1,1,1
1790119410,13880.67,0,1,ONLINE,13874.06,0,2176983,2013,110856,0,0,1,1,1,1,1
1790119415,13885.89,0,1,ONLINE,13879.28,0,2177787,2013,110856,0,0,1,1,1,1,1
1790119421,13891.11,0,1,ONLINE,13884.50,0,2178413,2013,110856,0,0,1,1,1,1,1
1790119426,13896.33,0,1,ONLINE,13889.72,0,2179012,2013,110856,0,0,1,1,1,1,1
1790119431,13901.55,0,1,ONLINE,13894.94,0,2179643,2013,110856,0,0,1,1,1,1,1
1790119436,13906.79,0,1,ONLINE,13900.18,0,2180173,2013,110856,0,0,1,1,1,1,1
1790119442,13912.01,0,1,ONLINE,13905.40,0,2180484,2014,110996,0,0,1,1,1,1,1
1790119447,13917.23,0,1,ONLINE,13910.62,0,2180850,2014,111148,0,0,1,1,1,1,1
1790119452,13922.45,0,1,ONLINE,13915.84,0,2181436,2014,111148,0,0,1,1,1,1,1
1790119457,13927.67,0,1,ONLINE,13921.06,0,2181918,2014,111148,0,0,1,1,1,1,1
1790119462,13932.90,0,1,ONLINE,13926.29,0,2182483,2014,111148,0,0,1,1,1,1,1
1790119468,13938.12,0,1,ONLINE,13931.51,0,2182990,2014,111148,0,0,1,1,1,1,1
1790119473,13943.34,0,1,ONLINE,13936.73,0,2183545,2014,111148,0,0,1,1,1,1,1
1790119478,13948.57,0,1,ONLINE,13941.96,0,2184102,2014,111148,0,0,1,1,1,1,1
1790119483,13953.80,0,1,ONLINE,13947.19,0,2184749,2014,111148,0,0,1,1,1,1,1
1790119489,13959.09,0,1,ONLINE,13952.48,0,2185267,2014,111148,0,0,1,1,1,1,1
1790119494,13964.31,0,1,ONLINE,13957.70,0,2185903,2014,111148,0,0,1,1,1,1,1
1790119499,13969.53,0,1,ONLINE,13962.92,0,2186442,2014,111148,0,0,1,1,1,1,1
1790119504,13974.74,0,1,ONLINE,13968.13,0,2187106,2014,111148,0,0,1,1,1,1,1
1790119510,13979.96,0,1,ONLINE,13973.35,0,2187640,2014,111148,0,0,1,1,1,1,1
1790119515,13985.18,0,1,ONLINE,13978.57,0,2188087,2014,111148,0,0,1,1,1,1,1
1790119520,13990.40,0,1,ONLINE,13983.79,0,2188669,2014,111148,0,0,1,1,1,1,1
1790119525,13995.62,0,1,ONLINE,13989.01,0,2189140,2014,111148,0,0,1,1,1,1,1
1790119530,14000.84,0,1,ONLINE,13994.23,0,2189383,2018,111431,0,0,1,1,1,1,1
1790119536,14006.06,0,1,ONLINE,13999.45,0,2189833,2018,111495,0,0,1,1,1,1,1
1790119541,14011.29,0,1,ONLINE,14004.68,0,2190321,2018,111495,0,0,1,1,1,1,1
1790119546,14016.50,0,1,ONLINE,14009.89,0,2190783,2018,111495,0,0,1,1,1,1,1
1790119551,14021.73,0,1,ONLINE,14015.12,0,2191395,2018,111495,0,0,1,1,1,1,1
1790119557,14026.95,0,1,ONLINE,14020.34,0,2191798,2018,111495,0,0,1,1,1,1,1
1790119562,14032.17,0,1,ONLINE,14025.56,0,2192201,2020,111515,0,0,1,1,1,1,1
1790119567,14037.40,0,1,ONLINE,14030.79,0,2192489,2027,111780,0,0,1,1,1,1,1
1790119572,14042.62,0,1,ONLINE,14036.01,0,2192934,2027,111780,0,0,1,1,1,1,1
1790119577,14047.86,0,1,ONLINE,14041.25,0,2193386,2027,111780,0,0,1,1,1,1,1
1790119583,14053.08,0,1,ONLINE,14046.47,0,2193588,2029,112083,0,0,1,1,1,1,1
1790119588,14058.30,0,1,ONLINE,14051.69,0,2194294,2029,112083,0,0,1,1,1,1,1
1790119593,14063.52,0,1,ONLINE,14056.91,0,2195006,2029,112083,0,0,1,1,1,1,1
1790119598,14068.74,0,1,ONLINE,14062.13,0,2195725,2029,112083,0,0,1,1,1,1,1
1790119604,14073.96,0,1,ONLINE,14067.35,0,2196056,2030,112195,0,0,1,1,1,1,1
1790119609,14079.19,0,1,ONLINE,14072.58,0,2196108,2048,112734,0,0,1,1,1,1,1
1790119614,14084.41,0,1,ONLINE,14077.80,0,2196706,2048,112734,0,0,1,1,1,1,1
1790119619,14089.63,0,1,ONLINE,14083.02,0,2197049,2050,112799,0,0,1,1,1,1,1
1790119624,14094.86,0,1,ONLINE,14088.25,0,2197137,2056,113315,0,0,1,1,1,1,1
1790119630,14100.10,0,1,ONLINE,14093.49,0,2197591,2056,113316,0,0,1,1,1,1,1
1790119635,14105.32,0,1,ONLINE,14098.71,0,2197626,2060,113809,0,0,1,1,1,1,1
1790119640,14110.54,0,1,ONLINE,14103.93,0,2198167,2061,113859,0,0,1,1,1,1,1
1790119645,14115.77,0,1,ONLINE,14109.16,0,2198842,2061,113859,0,0,1,1,1,1,1
1790119651,14120.99,0,1,ONLINE,14114.38,0,2199513,2061,113859,0,0,1,1,1,1,1
1790119656,14126.20,0,1,ONLINE,14119.59,0,2200072,2061,113859,0,0,1,1,1,1,1
1790119661,14131.43,0,1,ONLINE,14124.82,0,2200519,2061,113878,0,0,1,1,1,1,1
1790119666,14136.65,0,1,ONLINE,14130.04,0,2200854,2064,114093,0,0,1,1,1,1,1
1790119671,14141.87,0,1,ONLINE,14135.26,0,2201513,2064,114093,0,0,1,1,1,1,1
1790119677,14147.10,0,1,ONLINE,14140.49,0,2202063,2064,114093,0,0,1,1,1,1,1
1790119682,14152.32,0,1,ONLINE,14145.71,0,2202241,2071,114388,0,0,1,1,1,1,1
1790119687,14157.55,0,1,ONLINE,14150.94,0,2202899,2071,114388,0,0,1,1,1,1,1
1790119692,14162.76,0,1,ONLINE,14156.15,0,2203420,2071,114388,0,0,1,1,1,1,1
1790119698,14167.99,0,1,ONLINE,14161.38,0,2203812,2072,114470,0,0,1,1,1,1,1
1790119703,14173.22,0,1,ONLINE,14166.61,0,2204197,2074,114637,0,0,1,1,1,1,1
1790119708,14178.45,0,1,ONLINE,14171.84,0,2204619,2074,114637,0,0,1,1,1,1,1
1790119713,14183.67,0,1,ONLINE,14177.06,0,2204808,2078,114879,0,0,1,1,1,1,1
1790119718,14188.89,0,1,ONLINE,14182.28,0,2205333,2078,114879,0,0,1,1,1,1,1
1790119724,14194.12,0,1,ONLINE,14187.51,0,2205813,2078,114879,0,0,1,1,1,1,1
1790119729,14199.35,0,1,ONLINE,14192.74,0,2206463,2078,114879,0,0,1,1,1,1,1
1790119734,14204.57,0,1,ONLINE,14197.96,0,2207047,2078,114879,0,0,1,1,1,1,1
1790119739,14209.81,0,1,ONLINE,14203.20,0,2207578,2078,114879,0,0,1,1,1,1,1
1790119745,14215.04,0,1,ONLINE,14208.43,0,2208081,2078,114879,0,0,1,1,1,1,1
1790119750,14220.26,0,1,ONLINE,14213.65,0,2208600,2078,114879,0,0,1,1,1,1,1
1790119755,14225.48,0,1,ONLINE,14218.87,0,2209055,2078,114879,0,0,1,1,1,1,1
1790119760,14230.71,0,1,ONLINE,14224.10,0,2209639,2078,114879,0,0,1,1,1,1,1
1790119766,14235.93,0,1,ONLINE,14229.32,0,2210210,2078,114879,0,0,1,1,1,1,1
1790119771,14241.15,0,1,ONLINE,14234.54,0,2210720,2078,114879,0,0,1,1,1,1,1
1790119776,14246.37,0,1,ONLINE,14239.76,0,2211317,2078,114879,0,0,1,1,1,1,1
1790119781,14251.59,0,1,ONLINE,14244.98,0,2211888,2078,114879,0,0,1,1,1,1,1
1790119786,14256.81,0,1,ONLINE,14250.20,0,2212413,2078,114879,0,0,1,1,1,1,1
1790119792,14262.03,0,1,ONLINE,14255.42,0,2213005,2078,114879,0,0,1,1,1,1,1
1790119797,14267.25,0,1,ONLINE,14260.64,0,2213509,2078,114879,0,0,1,1,1,1,1
1790119802,14272.49,0,1,ONLINE,14265.88,0,2214104,2078,114879,0,0,1,1,1,1,1
1790119807,14277.70,0,1,ONLINE,14271.09,0,2214324,2083,115197,0,0,1,1,1,1,1
1790119813,14282.92,0,1,ONLINE,14276.31,0,2214892,2083,115197,0,0,1,1,1,1,1
1790119818,14288.15,0,1,ONLINE,14281.54,0,2215444,2083,115197,0,0,1,1,1,1,1
1790119823,14293.37,0,1,ONLINE,14286.76,0,2216138,2083,115197,0,0,1,1,1,1,1
1790119828,14298.60,0,1,ONLINE,14291.99,0,2216714,2083,115197,0,0,1,1,1,1,1
1790119833,14303.81,0,1,ONLINE,14297.20,0,2217218,2083,115197,0,0,1,1,1,1,1
1790119839,14309.03,0,1,ONLINE,14302.42,0,2217739,2083,115197,0,0,1,1,1,1,1
1790119844,14314.25,0,1,ONLINE,14307.64,0,2218332,2083,115197,0,0,1,1,1,1,1
1790119849,14319.47,0,1,ONLINE,14312.86,0,2218541,2089,115472,0,0,1,1,1,1,1
1790119854,14324.69,0,1,ONLINE,14318.08,0,2219123,2089,115472,0,0,1,1,1,1,1
1790119860,14329.92,0,1,ONLINE,14323.31,0,2219608,2089,115472,0,0,1,1,1,1,1
1790119865,14335.14,0,1,ONLINE,14328.53,0,2220297,2089,115472,0,0,1,1,1,1,1
1790119870,14340.38,0,1,ONLINE,14333.77,0,2220821,2089,115472,0,0,1,1,1,1,1
1790119875,14345.61,0,1,ONLINE,14339.00,0,2221636,2089,115472,0,0,1,1,1,1,1
1790119880,14350.85,0,1,ONLINE,14344.24,0,2222178,2089,115472,0,0,1,1,1,1,1
1790119886,14356.07,0,1,ONLINE,14349.46,0,2222801,2089,115472,0,0,1,1,1,1,1
1790119891,14361.29,0,1,ONLINE,14354.68,0,2223216,2089,115472,0,0,1,1,1,1,1
1790119896,14366.51,0,1,ONLINE,14359.90,0,2224008,2089,115472,0,0,1,1,1,1,1
1790119901,14371.72,0,1,ONLINE,14365.11,0,2224496,2089,115472,0,0,1,1,1,1,1
1790119907,14376.95,0,1,ONLINE,14370.34,0,2224745,2092,115639,0,0,1,1,1,1,1
1790119912,14382.17,0,1,ONLINE,14375.56,0,2225384,2092,115694,0,0,1,1,1,1,1
1790119917,14387.40,0,1,ONLINE,14380.79,0,2225977,2092,115694,0,0,1,1,1,1,1
1790119922,14392.62,0,1,ONLINE,14386.01,0,2226561,2092,115694,0,0,1,1,1,1,1
1790119927,14397.84,0,1,ONLINE,14391.23,0,2226878,2095,115967,0,0,1,1,1,1,1
1790119933,14403.06,0,1,ONLINE,14396.45,0,2227401,2095,115967,0,0,1,1,1,1,1
1790119938,14408.28,0,1,ONLINE,14401.67,0,2227928,2095,115967,0,0,1,1,1,1,1
1790119943,14413.51,0,1,ONLINE,14406.90,0,2228642,2095,115967,0,0,1,1,1,1,1
1790119948,14418.73,0,1,ONLINE,14412.12,0,2229270,2095,115967,0,0,1,1,1,1,1
1790119954,14423.95,0,1,ONLINE,14417.34,0,2229484,2098,116242,0,0,1,1,1,1,1
1790119959,14429.17,0,1,ONLINE,14422.56,0,2229791,2100,116523,0,0,1,1,1,1,1
1790119964,14434.39,0,1,ONLINE,14427.78,0,2230029,2106,116768,0,0,1,1,1,1,1
1790119969,14439.61,0,1,ONLINE,14433.00,0,2230341,2113,117079,0,0,1,1,1,1,1
1790119974,14444.84,0,1,ONLINE,14438.23,0,2230893,2113,117079,0,0,1,1,1,1,1
1790119980,14450.06,0,1,ONLINE,14443.45,0,2231465,2113,117079,0,0,1,1,1,1,1
1790119985,14455.28,0,1,ONLINE,14448.67,0,2231694,2119,117301,0,0,1,1,1,1,1
1790119990,14460.50,0,1,ONLINE,14453.89,0,2232092,2119,117329,0,0,1,1,1,1,1
1790119995,14465.72,0,1,ONLINE,14459.11,0,2232183,2132,117816,0,0,1,1,1,1,1
1790120001,14470.95,0,1,ONLINE,14464.34,0,2232808,2132,117864,0,0,1,1,1,1,1
1790120006,14476.18,0,1,ONLINE,14469.57,0,2233414,2132,117864,0,0,1,1,1,1,1
1790120011,14481.40,0,1,ONLINE,14474.79,0,2233862,2132,117864,0,0,1,1,1,1,1
1790120016,14486.62,0,1,ONLINE,14480.01,0,2233918,2139,118250,0,0,1,1,1,1,1
1790120021,14491.85,0,1,ONLINE,14485.24,0,2234343,2140,118334,0,0,1,1,1,1,1
1790120027,14497.08,0,1,ONLINE,14490.47,0,2234915,2140,118334,0,0,1,1,1,1,1
1790120032,14502.29,0,1,ONLINE,14495.68,0,2235546,2140,118334,0,0,1,1,1,1,1
1790120037,14507.51,0,1,ONLINE,14500.90,0,2236045,2140,118334,0,0,1,1,1,1,1
1790120042,14512.73,0,1,ONLINE,14506.12,0,2236463,2140,118334,0,0,1,1,1,1,1
1790120048,14517.95,0,1,ONLINE,14511.34,0,2236695,2142,118588,0,0,1,1,1,1,1
1790120053,14523.18,0,1,ONLINE,14516.57,0,2237167,2142,118588,0,0,1,1,1,1,1
1790120058,14528.40,0,1,ONLINE,14521.79,0,2237686,2142,118588,0,0,1,1,1,1,1
1790120063,14533.63,0,1,ONLINE,14527.02,0,2238314,2142,118588,0,0,1,1,1,1,1
1790120068,14538.85,0,1,ONLINE,14532.24,0,2238849,2142,118588,0,0,1,1,1,1,1
1790120074,14544.07,0,1,ONLINE,14537.46,0,2239367,2142,118588,0,0,1,1,1,1,1
1790120079,14549.29,0,1,ONLINE,14542.68,0,2240081,2142,118588,0,0,1,1,1,1,1
1790120084,14554.51,0,1,ONLINE,14547.90,0,2240555,2142,118588,0,0,1,1,1,1,1
1790120089,14559.73,0,1,ONLINE,14553.12,0,2240727,2149,118945,0,0,1,1,1,1,1
1790120095,14564.96,0,1,ONLINE,14558.35,0,2241292,2149,118945,0,0,1,1,1,1,1
1790120100,14570.17,0,1,ONLINE,14563.56,0,2241816,2149,118945,0,0,1,1,1,1,1
1790120105,14575.39,0,1,ONLINE,14568.78,0,2242171,2152,119111,0,0,1,1,1,1,1
1790120110,14580.61,0,1,ONLINE,14574.00,0,2242285,2164,119570,0,0,1,1,1,1,1
1790120115,14585.84,0,1,ONLINE,14579.23,0,2242693,2165,119645,0,0,1,1,1,1,1
1790120121,14591.06,0,1,ONLINE,14584.45,0,2243104,2167,119858,0,0,1,1,1,1,1
1790120126,14596.28,0,1,ONLINE,14589.67,0,2243686,2167,119858,0,0,1,1,1,1,1
1790120131,14601.50,0,1,ONLINE,14594.89,0,2244303,2167,119858,0,0,1,1,1,1,1
1790120136,14606.72,0,1,ONLINE,14600.11,0,2244936,2167,119858,0,0,1,1,1,1,1
1790120142,14612.24,0,1,ONLINE,14605.63,0,2245611,2167,119858,0,0,1,1,1,1,1
1790120147,14617.46,0,1,ONLINE,14610.85,0,2246103,2167,119858,0,0,1,1,1,1,1
1790120152,14622.68,0,1,ONLINE,14616.07,0,2246717,2167,119858,0,0,1,1,1,1,1
1790120157,14627.90,0,1,ONLINE,14621.29,0,2247333,2167,119858,0,0,1,1,1,1,1
1790120163,14633.12,0,1,ONLINE,14626.51,0,2247799,2167,119858,0,0,1,1,1,1,1
1790120168,14638.34,0,1,ONLINE,14631.73,0,2248062,2170,120100,0,0,1,1,1,1,1
1790120173,14643.56,0,1,ONLINE,14636.95,0,2248606,2170,120100,0,0,1,1,1,1,1
1790120178,14648.78,0,1,ONLINE,14642.17,0,2248830,2184,120395,0,0,1,1,1,1,1
1790120184,14654.00,0,1,ONLINE,14647.39,0,2249459,2184,120431,0,0,1,1,1,1,1
1790120189,14659.22,0,1,ONLINE,14652.61,0,2250021,2184,120431,0,0,1,1,1,1,1
1790120194,14664.44,0,1,ONLINE,14657.83,0,2250529,2184,120431,0,0,1,1,1,1,1
1790120199,14669.66,0,1,ONLINE,14663.05,0,2251056,2184,120431,0,0,1,1,1,1,1
1790120204,14674.90,0,1,ONLINE,14668.29,0,2251591,2184,120431,0,0,1,1,1,1,1
1790120210,14680.11,0,1,ONLINE,14673.50,0,2252332,2184,120431,0,0,1,1,1,1,1
1790120215,14685.33,0,1,ONLINE,14678.72,0,2252934,2184,120431,0,0,1,1,1,1,1
1790120220,14690.55,0,1,ONLINE,14683.94,0,2253420,2184,120431,0,0,1,1,1,1,1
1790120225,14695.77,0,1,ONLINE,14689.16,0,2253959,2184,120431,0,0,1,1,1,1,1
1790120231,14700.99,0,1,ONLINE,14694.38,0,2254474,2184,120431,0,0,1,1,1,1,1
1790120236,14706.21,0,1,ONLINE,14699.60,0,2255057,2184,120431,0,0,1,1,1,1,1
1790120241,14711.42,0,1,ONLINE,14704.81,0,2255693,2184,120431,0,0,1,1,1,1,1
1790120246,14716.64,0,1,ONLINE,14710.03,0,2256259,2184,120431,0,0,1,1,1,1,1
1790120251,14721.86,0,1,ONLINE,14715.25,0,2256479,2190,120679,0,0,1,1,1,1,1
1790120257,14727.10,0,1,ONLINE,14720.49,0,2256960,2190,120704,0,0,1,1,1,1,1
1790120262,14732.33,0,1,ONLINE,14725.72,0,2257395,2190,120704,0,0,1,1,1,1,1
1790120267,14737.55,0,1,ONLINE,14730.94,0,2257673,2203,121031,0,0,1,1,1,1,1
1790120272,14742.77,0,1,ONLINE,14736.16,0,2258353,2203,121031,0,0,1,1,1,1,1
1790120278,14748.00,0,1,ONLINE,14741.39,0,2258923,2203,121031,0,0,1,1,1,1,1
1790120283,14753.22,0,1,ONLINE,14746.61,0,2259208,2209,121268,0,0,1,1,1,1,1
1790120288,14758.44,0,1,ONLINE,14751.83,0,2259447,2214,121564,0,0,1,1,1,1,1
1790120293,14763.66,0,1,ONLINE,14757.05,0,2259853,2214,121564,0,0,1,1,1,1,1
1790120298,14768.88,0,1,ONLINE,14762.27,0,2260379,2214,121564,0,0,1,1,1,1,1
1790120304,14774.11,0,1,ONLINE,14767.50,0,2260913,2214,121564,0,0,1,1,1,1,1
1790120309,14779.33,0,1,ONLINE,14772.72,0,2261130,2215,121787,0,0,1,1,1,1,1
1790120314,14784.55,0,1,ONLINE,14777.94,0,2261407,2221,122105,0,0,1,1,1,1,1
1790120319,14789.77,0,1,ONLINE,14783.16,0,2261992,2221,122105,0,0,1,1,1,1,1
1790120325,14795.00,0,1,ONLINE,14788.39,0,2262568,2221,122105,0,0,1,1,1,1,1
1790120330,14800.22,0,1,ONLINE,14793.61,0,2263247,2221,122105,0,0,1,1,1,1,1
1790120335,14805.44,0,1,ONLINE,14798.83,0,2263749,2221,122105,0,0,1,1,1,1,1
1790120340,14810.66,0,1,ONLINE,14804.05,0,2263961,2236,122459,0,0,1,1,1,1,1
1790120345,14815.89,0,1,ONLINE,14809.28,0,2264566,2236,122459,0,0,1,1,1,1,1
1790120351,14821.12,0,1,ONLINE,14814.51,0,2265212,2236,122459,0,0,1,1,1,1,1
1790120356,14826.34,0,1,ONLINE,14819.73,0,2265717,2236,122459,0,0,1,1,1,1,1
1790120361,14831.56,0,1,ONLINE,14824.95,0,2266246,2236,122459,0,0,1,1,1,1,1
1790120366,14836.78,0,1,ONLINE,14830.17,0,2266829,2236,122459,0,0,1,1,1,1,1
1790120372,14842.01,0,1,ONLINE,14835.40,0,2267420,2236,122459,0,0,1,1,1,1,1
1790120377,14847.23,0,1,ONLINE,14840.62,0,2267816,2238,122632,0,0,1,1,1,1,1
1790120382,14852.45,0,1,ONLINE,14845.84,0,2268208,2244,122765,0,0,1,1,1,1,1
1790120387,14857.68,0,1,ONLINE,14851.07,0,2268658,2244,122765,0,0,1,1,1,1,1
1790120392,14862.90,0,1,ONLINE,14856.29,0,2269154,2244,122765,0,0,1,1,1,1,1
1790120398,14868.12,0,1,ONLINE,14861.51,0,2269608,2244,122765,0,0,1,1,1,1,1
1790120403,14873.35,0,1,ONLINE,14866.74,0,2270125,2244,122765,0,0,1,1,1,1,1
1790120408,14878.57,0,1,ONLINE,14871.96,0,2270706,2244,122765,0,0,1,1,1,1,1
1790120413,14883.81,0,1,ONLINE,14877.20,0,2271185,2244,122765,0,0,1,1,1,1,1
1790120419,14889.04,0,1,ONLINE,14882.43,0,2271636,2244,122765,0,0,1,1,1,1,1
1790120424,14894.27,0,1,ONLINE,14887.66,0,2272265,2244,122765,0,0,1,1,1,1,1
1790120429,14899.49,0,1,ONLINE,14892.88,0,2272720,2244,122765,0,0,1,1,1,1,1
1790120434,14904.71,0,1,ONLINE,14898.10,0,2273219,2244,122765,0,0,1,1,1,1,1
1790120440,14909.95,0,1,ONLINE,14903.34,0,2273840,2244,122765,0,0,1,1,1,1,1
1790120445,14915.17,0,1,ONLINE,14908.56,0,2274349,2244,122765,0,0,1,1,1,1,1
1790120450,14920.39,0,1,ONLINE,14913.78,0,2274915,2244,122765,0,0,1,1,1,1,1
1790120455,14925.61,0,1,ONLINE,14919.00,0,2275554,2244,122765,0,0,1,1,1,1,1
1790120460,14930.83,0,1,ONLINE,14924.22,0,2276036,2244,122765,0,0,1,1,1,1,1
1790120466,14936.05,0,1,ONLINE,14929.44,0,2276592,2244,122765,0,0,1,1,1,1,1
1790120471,14941.27,0,1,ONLINE,14934.66,0,2277266,2244,122765,0,0,1,1,1,1,1
1790120476,14946.49,0,1,ONLINE,14939.88,0,2277811,2244,122765,0,0,1,1,1,1,1
1790120481,14951.71,0,1,ONLINE,14945.10,0,2278312,2244,122765,0,0,1,1,1,1,1
1790120487,14956.92,0,1,ONLINE,14950.31,0,2278848,2244,122765,0,0,1,1,1,1,1
1790120492,14962.14,0,1,ONLINE,14955.53,0,2279018,2248,123036,0,0,1,1,1,1,1
1790120497,14967.38,0,1,ONLINE,14960.77,0,2279406,2256,123286,0,0,1,1,1,1,1
1790120502,14972.60,0,1,ONLINE,14965.99,0,2280046,2256,123286,0,0,1,1,1,1,1
1790120507,14977.82,0,1,ONLINE,14971.21,0,2280643,2256,123286,0,0,1,1,1,1,1
1790120513,14983.03,0,1,ONLINE,14976.42,0,2281407,2256,123286,0,0,1,1,1,1,1
1790120518,14988.26,0,1,ONLINE,14981.65,0,2281978,2256,123286,0,0,1,1,1,1,1
1790120523,14993.48,0,1,ONLINE,14986.87,0,2282171,2257,123590,0,0,1,1,1,1,1
1790120528,14998.70,0,1,ONLINE,14992.09,0,2282435,2263,123889,0,0,1,1,1,1,1
1790120534,15003.93,0,1,ONLINE,14997.32,0,2283002,2263,123889,0,0,1,1,1,1,1
1790120539,15009.15,0,1,ONLINE,15002.54,0,2283245,2271,124240,0,0,1,1,1,1,1
1790120544,15014.38,0,1,ONLINE,15007.77,0,2283839,2271,124240,0,0,1,1,1,1,1
1790120549,15019.61,0,1,ONLINE,15013.00,0,2284482,2271,124240,0,0,1,1,1,1,1
1790120554,15024.83,0,1,ONLINE,15018.22,0,2284978,2271,124240,0,0,1,1,1,1,1
1790120560,15030.05,0,1,ONLINE,15023.44,0,2285621,2271,124240,0,0,1,1,1,1,1
1790120565,15035.27,0,1,ONLINE,15028.66,0,2286229,2271,124240,0,0,1,1,1,1,1
1790120570,15040.49,0,1,ONLINE,15033.88,0,2286896,2271,124240,0,0,1,1,1,1,1
1790120575,15045.71,0,1,ONLINE,15039.10,0,2287508,2271,124240,0,0,1,1,1,1,1
1790120581,15050.93,0,1,ONLINE,15044.32,0,2287742,2274,124426,0,0,1,1,1,1,1
1790120586,15056.15,0,1,ONLINE,15049.54,0,2288208,2277,124535,0,0,1,1,1,1,1
1790120591,15061.37,0,1,ONLINE,15054.76,0,2288724,2277,124535,0,0,1,1,1,1,1
1790120596,15066.59,0,1,ONLINE,15059.98,0,2289274,2277,124535,0,0,1,1,1,1,1
1790120601,15071.82,0,1,ONLINE,15065.21,0,2289534,2278,124842,0,0,1,1,1,1,1
1790120607,15077.04,0,1,ONLINE,15070.43,0,2290078,2278,124842,0,0,1,1,1,1,1
1790120612,15082.27,0,1,ONLINE,15075.66,0,2290513,2278,124842,0,0,1,1,1,1,1
1790120617,15087.49,0,1,ONLINE,15080.88,0,2291035,2278,124842,0,0,1,1,1,1,1
1790120622,15092.72,0,1,ONLINE,15086.11,0,2291522,2278,124842,0,0,1,1,1,1,1
1790120628,15097.96,0,1,ONLINE,15091.35,0,2291710,2281,125107,0,0,1,1,1,1,1
1790120633,15103.18,0,1,ONLINE,15096.57,0,2292313,2281,125107,0,0,1,1,1,1,1
1790120638,15108.40,0,1,ONLINE,15101.79,0,2292881,2281,125107,0,0,1,1,1,1,1
1790120643,15113.62,0,1,ONLINE,15107.01,0,2293442,2281,125107,0,0,1,1,1,1,1
1790120648,15118.84,0,1,ONLINE,15112.23,0,2294038,2281,125107,0,0,1,1,1,1,1
1790120654,15124.06,0,1,ONLINE,15117.45,0,2294576,2281,125107,0,0,1,1,1,1,1
1790120659,15129.29,0,1,ONLINE,15122.68,0,2295136,2281,125107,0,0,1,1,1,1,1
1790120664,15134.52,0,1,ONLINE,15127.91,0,2295627,2281,125107,0,0,1,1,1,1,1
1790120669,15139.74,0,1,ONLINE,15133.13,0,2295902,2282,125243,0,0,1,1,1,1,1
1790120675,15144.97,0,1,ONLINE,15138.36,0,2296376,2283,125352,0,0,1,1,1,1,1
1790120680,15150.19,0,1,ONLINE,15143.58,0,2296883,2283,125352,0,0,1,1,1,1,1
1790120685,15155.42,0,1,ONLINE,15148.81,0,2297087,2290,125717,0,0,1,1,1,1,1
1790120690,15160.64,0,1,ONLINE,15154.03,0,2297838,2290,125717,0,0,1,1,1,1,1
1790120695,15165.87,0,1,ONLINE,15159.26,0,2298296,2290,125717,0,0,1,1,1,1,1
1790120701,15171.09,0,1,ONLINE,15164.48,0,2298565,2291,125912,0,0,1,1,1,1,1
1790120706,15176.31,0,1,ONLINE,15169.70,0,2299049,2292,126005,0,0,1,1,1,1,1
1790120711,15181.54,0,1,ONLINE,15174.93,0,2299509,2292,126005,0,0,1,1,1,1,1
1790120716,15186.76,0,1,ONLINE,15180.15,0,2299992,2292,126005,0,0,1,1,1,1,1
1790120722,15191.99,0,1,ONLINE,15185.38,0,2300246,2298,126320,0,0,1,1,1,1,1
1790120727,15197.21,0,1,ONLINE,15190.60,0,2300532,2301,126495,0,0,1,1,1,1,1
1790120732,15202.44,0,1,ONLINE,15195.83,0,2301038,2304,126613,0,0,1,1,1,1,1
1790120737,15207.66,0,1,ONLINE,15201.05,0,2301596,2304,126613,0,0,1,1,1,1,1
1790120742,15212.88,0,1,ONLINE,15206.27,0,2302187,2304,126613,0,0,1,1,1,1,1
1790120748,15218.10,0,1,ONLINE,15211.49,0,2302729,2304,126613,0,0,1,1,1,1,1
1790120753,15223.32,0,1,ONLINE,15216.71,0,2303333,2304,126613,0,0,1,1,1,1,1
1790120758,15228.55,0,1,ONLINE,15221.94,0,2303821,2304,126613,0,0,1,1,1,1,1
1790120763,15233.77,0,1,ONLINE,15227.16,0,2304477,2304,126613,0,0,1,1,1,1,1
1790120769,15238.99,0,1,ONLINE,15232.38,0,2305183,2304,126613,0,0,1,1,1,1,1
1790120774,15244.21,0,1,ONLINE,15237.60,0,2305681,2304,126613,0,0,1,1,1,1,1
1790120779,15249.43,0,1,ONLINE,15242.82,0,2306045,2306,126719,0,0,1,1,1,1,1
1790120784,15254.66,0,1,ONLINE,15248.05,0,2306386,2310,126917,0,0,1,1,1,1,1
1790120789,15259.89,0,1,ONLINE,15253.28,0,2306860,2310,126917,0,0,1,1,1,1,1
1790120795,15265.11,0,1,ONLINE,15258.50,0,2307561,2310,126917,0,0,1,1,1,1,1
1790120800,15270.33,0,1,ONLINE,15263.72,0,2308177,2310,126917,0,0,1,1,1,1,1
1790120805,15275.56,0,1,ONLINE,15268.95,0,2308623,2310,126917,0,0,1,1,1,1,1
1790120810,15280.80,0,1,ONLINE,15274.19,0,2308921,2315,127219,0,0,1,1,1,1,1
1790120816,15286.02,0,1,ONLINE,15279.41,0,2309453,2315,127219,0,0,1,1,1,1,1
1790120821,15291.24,0,1,ONLINE,15284.63,0,2310031,2315,127219,0,0,1,1,1,1,1
1790120826,15296.46,0,1,ONLINE,15289.85,0,2310576,2315,127219,0,0,1,1,1,1,1
1790120831,15301.68,0,1,ONLINE,15295.07,0,2311238,2315,127219,0,0,1,1,1,1,1
1790120837,15306.91,0,1,ONLINE,15300.30,0,2311540,2318,127429,0,0,1,1,1,1,1
1790120842,15312.13,0,1,ONLINE,15305.52,0,2311801,2336,127825,0,0,1,1,1,1,1
1790120847,15317.36,0,1,ONLINE,15310.75,0,2312486,2336,127825,0,0,1,1,1,1,1
1790120852,15322.60,0,1,ONLINE,15315.99,0,2313064,2336,127825,0,0,1,1,1,1,1
1790120857,15327.81,0,1,ONLINE,15321.20,0,2313687,2336,127825,0,0,1,1,1,1,1
1790120863,15333.03,0,1,ONLINE,15326.42,0,2314220,2336,127825,0,0,1,1,1,1,1
1790120868,15338.25,0,1,ONLINE,15331.64,0,2314429,2346,128184,0,0,1,1,1,1,1
1790120873,15343.48,0,1,ONLINE,15336.87,0,2314965,2346,128214,0,0,1,1,1,1,1
1790120878,15348.71,0,1,ONLINE,15342.10,0,2315440,2346,128214,0,0,1,1,1,1,1
1790120884,15353.93,0,1,ONLINE,15347.32,0,2315976,2346,128214,0,0,1,1,1,1,1
1790120889,15359.16,0,1,ONLINE,15352.55,0,2316586,2346,128214,0,0,1,1,1,1,1
1790120894,15364.38,0,1,ONLINE,15357.77,0,2317178,2346,128214,0,0,1,1,1,1,1
1790120899,15369.60,0,1,ONLINE,15362.99,0,2317599,2349,128288,0,0,1,1,1,1,1
1790120904,15374.82,0,1,ONLINE,15368.21,0,2317916,2351,128463,0,0,1,1,1,1,1
1790120910,15380.05,0,1,ONLINE,15373.44,0,2318715,2351,128463,0,0,1,1,1,1,1
1790120915,15385.28,0,1,ONLINE,15378.67,0,2319229,2351,128463,0,0,1,1,1,1,1
1790120920,15390.50,0,1,ONLINE,15383.89,0,2319767,2351,128463,0,0,1,1,1,1,1
1790120925,15395.73,0,1,ONLINE,15389.12,0,2320314,2351,128463,0,0,1,1,1,1,1
1790120931,15400.96,0,1,ONLINE,15394.35,0,2320915,2351,128463,0,0,1,1,1,1,1
1790120936,15406.18,0,1,ONLINE,15399.57,0,2321672,2351,128463,0,0,1,1,1,1,1
1790120941,15411.41,0,1,ONLINE,15404.80,0,2322274,2351,128463,0,0,1,1,1,1,1
1790120946,15416.63,0,1,ONLINE,15410.02,0,2322938,2351,128463,0,0,1,1,1,1,1
1790120951,15421.84,0,1,ONLINE,15415.23,0,2323538,2351,128463,0,0,1,1,1,1,1
1790120957,15427.06,0,1,ONLINE,15420.45,0,2324101,2353,128473,0,0,1,1,1,1,1
1790120962,15432.28,0,1,ONLINE,15425.67,0,2324472,2357,128828,0,0,1,1,1,1,1
1790120967,15437.51,0,1,ONLINE,15430.90,0,2325045,2357,128828,0,0,1,1,1,1,1
1790120972,15442.74,0,1,ONLINE,15436.13,0,2325253,2357,129060,0,0,1,1,1,1,1
1790120978,15447.96,0,1,ONLINE,15441.35,0,2325852,2357,129060,0,0,1,1,1,1,1
1790120983,15453.18,0,1,ONLINE,15446.57,0,2326516,2357,129060,0,0,1,1,1,1,1
1790120988,15458.40,0,1,ONLINE,15451.79,0,2327226,2357,129060,0,0,1,1,1,1,1
1790120993,15463.62,0,1,ONLINE,15457.01,0,2327977,2357,129060,0,0,1,1,1,1,1
1790120998,15468.84,0,1,ONLINE,15462.23,0,2328331,2357,129113,0,0,1,1,1,1,1
1790121004,15474.06,0,1,ONLINE,15467.45,0,2328376,2362,129508,0,0,1,1,1,1,1
1790121009,15479.29,0,1,ONLINE,15472.68,0,2328822,2362,129513,0,0,1,1,1,1,1
1790121014,15484.52,0,1,ONLINE,15477.91,0,2329031,2363,129695,0,0,1,1,1,1,1
1790121019,15489.74,0,1,ONLINE,15483.13,0,2329314,2374,130029,0,0,1,1,1,1,1
1790121025,15494.97,0,1,ONLINE,15488.36,0,2330013,2375,130039,0,0,1,1,1,1,1
1790121030,15500.20,0,1,ONLINE,15493.59,0,2330405,2375,130039,0,0,1,1,1,1,1
1790121035,15505.42,0,1,ONLINE,15498.81,0,2330433,2377,130523,0,0,1,1,1,1,1
1790121040,15510.64,0,1,ONLINE,15504.03,0,2330491,2379,130917,0,0,1,1,1,1,1
1790121045,15515.87,0,1,ONLINE,15509.26,0,2330881,2379,131003,0,0,1,1,1,1,1
1790121051,15521.10,0,1,ONLINE,15514.49,0,2331609,2379,131003,0,0,1,1,1,1,1
1790121056,15526.32,0,1,ONLINE,15519.71,0,2332120,2379,131003,0,0,1,1,1,1,1
1790121061,15531.54,0,1,ONLINE,15524.93,0,2332589,2379,131003,0,0,1,1,1,1,1
1790121066,15536.76,0,1,ONLINE,15530.15,0,2332786,2381,131254,0,0,1,1,1,1,1
1790121072,15541.99,0,1,ONLINE,15535.38,0,2333418,2381,131254,0,0,1,1,1,1,1
1790121077,15547.23,0,1,ONLINE,15540.62,0,2333844,2381,131254,0,0,1,1,1,1,1
1790121082,15552.45,0,1,ONLINE,15545.84,0,2334574,2381,131254,0,0,1,1,1,1,1
1790121087,15557.67,0,1,ONLINE,15551.06,0,2335029,2381,131254,0,0,1,1,1,1,1
1790121092,15562.89,0,1,ONLINE,15556.28,0,2335289,2388,131543,0,0,1,1,1,1,1
1790121098,15568.12,0,1,ONLINE,15561.51,0,2335881,2388,131553,0,0,1,1,1,1,1
1790121103,15573.34,0,1,ONLINE,15566.73,0,2336490,2388,131553,0,0,1,1,1,1,1
1790121108,15578.56,0,1,ONLINE,15571.95,0,2337056,2388,131553,0,0,1,1,1,1,1
1790121113,15583.79,0,1,ONLINE,15577.18,0,2337776,2388,131553,0,0,1,1,1,1,1
1790121119,15589.01,0,1,ONLINE,15582.40,0,2338242,2388,131640,0,0,1,1,1,1,1
1790121124,15594.24,0,1,ONLINE,15587.63,0,2338587,2393,131943,0,0,1,1,1,1,1
1790121129,15599.46,0,1,ONLINE,15592.85,0,2339149,2393,131943,0,0,1,1,1,1,1
1790121134,15604.68,0,1,ONLINE,15598.07,0,2339308,2400,132250,0,0,1,1,1,1,1
1790121139,15609.90,0,1,ONLINE,15603.29,0,2339640,2403,132529,0,0,1,1,1,1,1
1790121145,15615.12,0,1,ONLINE,15608.51,0,2340271,2403,132529,0,0,1,1,1,1,1
1790121150,15620.34,0,1,ONLINE,15613.73,0,2340831,2403,132529,0,0,1,1,1,1,1
1790121155,15625.56,0,1,ONLINE,15618.95,0,2341602,2403,132529,0,0,1,1,1,1,1
1790121160,15630.79,0,1,ONLINE,15624.18,0,2342261,2403,132529,0,0,1,1,1,1,1
1790121166,15636.01,0,1,ONLINE,15629.40,0,2342785,2403,132529,0,0,1,1,1,1,1
1790121171,15641.23,0,1,ONLINE,15634.62,0,2343450,2403,132529,0,0,1,1,1,1,1
1790121176,15646.46,0,1,ONLINE,15639.85,0,2344032,2403,132529,0,0,1,1,1,1,1
1790121181,15651.68,0,1,ONLINE,15645.07,0,2344598,2403,132529,0,0,1,1,1,1,1
1790121186,15656.90,0,1,ONLINE,15650.29,0,2344901,2407,132828,0,0,1,1,1,1,1
1790121192,15662.13,0,1,ONLINE,15655.52,0,2345656,2407,132828,0,0,1,1,1,1,1
1790121197,15667.37,0,1,ONLINE,15660.76,0,2346292,2407,132828,0,0,1,1,1,1,1
1790121202,15672.60,0,1,ONLINE,15665.99,0,2346816,2407,132828,0,0,1,1,1,1,1
1790121207,15677.82,0,1,ONLINE,15671.21,0,2347383,2407,132828,0,0,1,1,1,1,1
1790121213,15683.04,0,1,ONLINE,15676.43,0,2347585,2410,133085,0,0,1,1,1,1,1
1790121218,15688.26,0,1,ONLINE,15681.65,0,2347819,2410,133422,0,0,1,1,1,1,1
1790121223,15693.50,0,1,ONLINE,15686.89,0,2348284,2410,133422,0,0,1,1,1,1,1
1790121228,15698.73,0,1,ONLINE,15692.12,0,2348875,2410,133422,0,0,1,1,1,1,1
1790121234,15703.96,0,1,ONLINE,15697.35,0,2349497,2410,133422,0,0,1,1,1,1,1
1790121239,15709.18,0,1,ONLINE,15702.57,0,2350009,2410,133422,0,0,1,1,1,1,1
1790121244,15714.40,0,1,ONLINE,15707.79,0,2350603,2410,133422,0,0,1,1,1,1,1
1790121249,15719.64,0,1,ONLINE,15713.03,0,2351214,2410,133422,0,0,1,1,1,1,1
1790121254,15724.86,0,1,ONLINE,15718.25,0,2351788,2410,133422,0,0,1,1,1,1,1
1790121260,15730.08,0,1,ONLINE,15723.47,0,2352282,2410,133422,0,0,1,1,1,1,1
1790121265,15735.30,0,1,ONLINE,15728.69,0,2352859,2410,133422,0,0,1,1,1,1,1
1790121270,15740.53,0,1,ONLINE,15733.92,0,2353352,2410,133422,0,0,1,1,1,1,1
1790121275,15745.76,0,1,ONLINE,15739.15,0,2354118,2410,133422,0,0,1,1,1,1,1
1790121281,15750.98,0,1,ONLINE,15744.37,0,2354633,2410,133422,0,0,1,1,1,1,1
1790121286,15756.20,0,1,ONLINE,15749.59,0,2355173,2410,133422,0,0,1,1,1,1,1
1790121291,15761.43,0,1,ONLINE,15754.82,0,2355798,2410,133422,0,0,1,1,1,1,1
1790121296,15766.65,0,1,ONLINE,15760.04,0,2356306,2410,133422,0,0,1,1,1,1,1
1790121301,15771.88,0,1,ONLINE,15765.27,0,2356916,2410,133422,0,0,1,1,1,1,1
1790121307,15777.10,0,1,ONLINE,15770.49,0,2357450,2410,133422,0,0,1,1,1,1,1
1790121312,15782.32,0,1,ONLINE,15775.71,0,2358069,2410,133422,0,0,1,1,1,1,1
1790121317,15787.55,0,1,ONLINE,15780.94,0,2358531,2410,133422,0,0,1,1,1,1,1
1790121322,15792.77,0,1,ONLINE,15786.16,0,2359090,2410,133422,0,0,1,1,1,1,1
1790121328,15798.01,0,1,ONLINE,15791.40,0,2359614,2410,133422,0,0,1,1,1,1,1
1790121333,15803.23,0,1,ONLINE,15796.62,0,2360237,2410,133422,0,0,1,1,1,1,1
1790121338,15808.44,0,1,ONLINE,15801.83,0,2360847,2410,133422,0,0,1,1,1,1,1
1790121343,15813.66,0,1,ONLINE,15807.05,0,2361365,2410,133422,0,0,1,1,1,1,1
1790121348,15818.88,0,1,ONLINE,15812.27,0,2361963,2410,133422,0,0,1,1,1,1,1
1790121354,15824.11,0,1,ONLINE,15817.50,0,2362472,2410,133422,0,0,1,1,1,1,1
1790121359,15829.33,0,1,ONLINE,15822.72,0,2362644,2411,133602,0,0,1,1,1,1,1
1790121364,15834.55,0,1,ONLINE,15827.94,0,2362729,2414,134038,0,0,1,1,1,1,1
1790121369,15839.79,0,1,ONLINE,15833.18,0,2363211,2415,134143,0,0,1,1,1,1,1
1790121375,15845.02,0,1,ONLINE,15838.41,0,2363840,2415,134143,0,0,1,1,1,1,1
1790121380,15850.25,0,1,ONLINE,15843.64,0,2364423,2415,134143,0,0,1,1,1,1,1
1790121385,15855.47,0,1,ONLINE,15848.86,0,2365064,2415,134143,0,0,1,1,1,1,1
1790121390,15860.70,0,1,ONLINE,15854.09,0,2365767,2415,134143,0,0,1,1,1,1,1
1790121396,15865.92,0,1,ONLINE,15859.31,0,2366495,2415,134143,0,0,1,1,1,1,1
1790121401,15871.14,0,1,ONLINE,15864.53,0,2367030,2415,134143,0,0,1,1,1,1,1
1790121406,15876.36,0,1,ONLINE,15869.75,0,2367562,2415,134143,0,0,1,1,1,1,1
1790121411,15881.59,0,1,ONLINE,15874.98,0,2368305,2415,134143,0,0,1,1,1,1,1
1790121416,15886.82,0,1,ONLINE,15880.21,0,2368872,2415,134143,0,0,1,1,1,1,1
1790121422,15892.04,0,1,ONLINE,15885.43,0,2369238,2421,134259,0,0,1,1,1,1,1
1790121427,15897.26,0,1,ONLINE,15890.65,0,2369313,2429,134730,0,0,1,1,1,1,1
1790121432,15902.49,0,1,ONLINE,15895.88,0,2369961,2429,134730,0,0,1,1,1,1,1
1790121437,15907.71,0,1,ONLINE,15901.10,0,2370315,2433,134812,0,0,1,1,1,1,1
1790121443,15912.94,0,1,ONLINE,15906.33,0,2370726,2435,135010,0,0,1,1,1,1,1
1790121448,15918.16,0,1,ONLINE,15911.55,0,2371171,2435,135010,0,0,1,1,1,1,1
1790121453,15923.38,0,1,ONLINE,15916.77,0,2371776,2435,135010,0,0,1,1,1,1,1
1790121458,15928.61,0,1,ONLINE,15922.00,0,2372385,2435,135010,0,0,1,1,1,1,1
1790121463,15933.83,0,1,ONLINE,15927.22,0,2372961,2435,135010,0,0,1,1,1,1,1
1790121469,15939.06,0,1,ONLINE,15932.45,0,2373500,2435,135010,0,0,1,1,1,1,1
1790121474,15944.28,0,1,ONLINE,15937.67,0,2374045,2435,135010,0,0,1,1,1,1,1
1790121479,15949.50,0,1,ONLINE,15942.89,0,2374630,2435,135010,0,0,1,1,1,1,1
1790121484,15954.72,0,1,ONLINE,15948.11,0,2374739,2442,135475,0,0,1,1,1,1,1
1790121490,15959.95,0,1,ONLINE,15953.34,0,2375266,2445,135591,0,0,1,1,1,1,1
1790121495,15965.17,0,1,ONLINE,15958.56,0,2375875,2445,135591,0,0,1,1,1,1,1
1790121500,15970.39,0,1,ONLINE,15963.78,0,2376452,2445,135591,0,0,1,1,1,1,1
1790121505,15975.61,0,1,ONLINE,15969.00,0,2376956,2445,135591,0,0,1,1,1,1,1
1790121510,15980.83,0,1,ONLINE,15974.22,0,2377324,2445,135591,0,0,1,1,1,1,1
1790121516,15986.06,0,1,ONLINE,15979.45,0,2377619,2449,135937,0,0,1,1,1,1,1
1790121521,15991.28,0,1,ONLINE,15984.67,0,2378261,2449,135937,0,0,1,1,1,1,1
1790121526,15996.51,0,1,ONLINE,15989.90,0,2378574,2453,136152,0,0,1,1,1,1,1
1790121531,16001.74,0,1,ONLINE,15995.13,0,2379011,2454,136245,0,0,1,1,1,1,1
1790121537,16006.97,0,1,ONLINE,16000.36,0,2379539,2454,136245,0,0,1,1,1,1,1
1790121542,16012.19,0,1,ONLINE,16005.58,0,2379589,2463,136674,0,0,1,1,1,1,1
1790121547,16017.42,0,1,ONLINE,16010.81,0,2380062,2463,136765,0,0,1,1,1,1,1
1790121552,16022.64,0,1,ONLINE,16016.03,0,2380643,2463,136765,0,0,1,1,1,1,1
1790121557,16027.87,0,1,ONLINE,16021.26,0,2381225,2463,136765,0,0,1,1,1,1,1
1790121563,16033.09,0,1,ONLINE,16026.48,0,2381854,2463,136765,0,0,1,1,1,1,1
1790121568,16038.31,0,1,ONLINE,16031.70,0,2382390,2463,136765,0,0,1,1,1,1,1
1790121573,16043.53,0,1,ONLINE,16036.92,0,2382868,2463,136765,0,0,1,1,1,1,1
1790121578,16048.75,0,1,ONLINE,16042.14,0,2383402,2463,136765,0,0,1,1,1,1,1
1790121584,16053.99,0,1,ONLINE,16047.38,0,2383997,2463,136765,0,0,1,1,1,1,1
1790121589,16059.22,0,1,ONLINE,16052.61,0,2384570,2463,136765,0,0,1,1,1,1,1
1790121594,16064.43,0,1,ONLINE,16057.82,0,2385178,2463,136765,0,0,1,1,1,1,1
1790121599,16069.66,0,1,ONLINE,16063.05,0,2385480,2463,136884,0,0,1,1,1,1,1
1790121604,16074.89,0,1,ONLINE,16068.28,0,2385900,2468,137048,0,0,1,1,1,1,1
1790121610,16080.12,0,1,ONLINE,16073.51,0,2386436,2468,137048,0,0,1,1,1,1,1
1790121615,16085.34,0,1,ONLINE,16078.73,0,2387035,2468,137048,0,0,1,1,1,1,1
1790121620,16090.56,0,1,ONLINE,16083.95,0,2387542,2468,137048,0,0,1,1,1,1,1
1790121625,16095.79,0,1,ONLINE,16089.18,0,2388461,2468,137048,0,0,1,1,1,1,1
1790121631,16101.01,0,1,ONLINE,16094.40,0,2388906,2468,137048,0,0,1,1,1,1,1
1790121636,16106.23,0,1,ONLINE,16099.62,0,2389476,2468,137048,0,0,1,1,1,1,1
1790121641,16111.45,0,1,ONLINE,16104.84,0,2390093,2468,137048,0,0,1,1,1,1,1
1790121646,16116.67,0,1,ONLINE,16110.06,0,2390451,2468,137056,0,0,1,1,1,1,1
1790121651,16121.89,0,1,ONLINE,16115.28,0,2390803,2475,137295,0,0,1,1,1,1,1
1790121657,16127.12,0,1,ONLINE,16120.51,0,2391415,2475,137295,0,0,1,1,1,1,1
1790121662,16132.35,0,1,ONLINE,16125.74,0,2391974,2475,137295,0,0,1,1,1,1,1
1790121667,16137.57,0,1,ONLINE,16130.96,0,2392564,2475,137295,0,0,1,1,1,1,1
1790121672,16142.79,0,1,ONLINE,16136.18,0,2393178,2475,137295,0,0,1,1,1,1,1
1790121678,16148.01,0,1,ONLINE,16141.40,0,2393695,2475,137295,0,0,1,1,1,1,1
1790121683,16153.24,0,1,ONLINE,16146.63,0,2394196,2475,137295,0,0,1,1,1,1,1
1790121688,16158.47,0,1,ONLINE,16151.86,0,2394691,2475,137295,0,0,1,1,1,1,1
1790121693,16163.69,0,1,ONLINE,16157.08,0,2395305,2475,137295,0,0,1,1,1,1,1
1790121699,16168.92,0,1,ONLINE,16162.31,0,2395762,2475,137295,0,0,1,1,1,1,1
1790121704,16174.14,0,1,ONLINE,16167.53,0,2396255,2475,137295,0,0,1,1,1,1,1
1790121709,16179.36,0,1,ONLINE,16172.75,0,2396900,2475,137295,0,0,1,1,1,1,1
1790121714,16184.59,0,1,ONLINE,16177.98,0,2397478,2475,137295,0,0,1,1,1,1,1
1790121719,16189.81,0,1,ONLINE,16183.20,0,2398015,2475,137295,0,0,1,1,1,1,1
1790121725,16195.05,0,1,ONLINE,16188.44,0,2398504,2475,137295,0,0,1,1,1,1,1
1790121730,16200.27,0,1,ONLINE,16193.66,0,2398995,2475,137295,0,0,1,1,1,1,1
1790121735,16205.49,0,1,ONLINE,16198.88,0,2399342,2475,137380,0,0,1,1,1,1,1
1790121740,16210.72,0,1,ONLINE,16204.11,0,2400022,2477,137564,0,0,1,1,1,1,1
1790121746,16215.95,0,1,ONLINE,16209.34,0,2400779,2477,137564,0,0,1,1,1,1,1
1790121751,16221.17,0,1,ONLINE,16214.56,0,2401420,2477,137564,0,0,1,1,1,1,1
1790121756,16226.39,0,1,ONLINE,16219.78,0,2402120,2477,137564,0,0,1,1,1,1,1
1790121761,16231.61,0,1,ONLINE,16225.00,0,2402685,2477,137564,0,0,1,1,1,1,1
1790121766,16236.83,0,1,ONLINE,16230.22,0,2403311,2477,137564,0,0,1,1,1,1,1
1790121772,16242.06,0,1,ONLINE,16235.45,0,2403977,2477,137564,0,0,1,1,1,1,1
1790121777,16247.28,0,1,ONLINE,16240.67,0,2404493,2477,137564,0,0,1,1,1,1,1
1790121782,16252.50,0,1,ONLINE,16245.89,0,2404928,2477,137564,0,0,1,1,1,1,1
1790121787,16257.72,0,1,ONLINE,16251.11,0,2405313,2486,137815,0,0,1,1,1,1,1
1790121793,16262.94,0,1,ONLINE,16256.33,0,2406008,2486,137815,0,0,1,1,1,1,1
1790121798,16268.16,0,1,ONLINE,16261.55,0,2406553,2486,137815,0,0,1,1,1,1,1
1790121803,16273.39,0,1,ONLINE,16266.78,0,2407224,2486,137815,0,0,1,1,1,1,1
1790121808,16278.61,0,1,ONLINE,16272.00,0,2407861,2486,137815,0,0,1,1,1,1,1
1790121813,16283.84,0,1,ONLINE,16277.23,0,2408261,2486,137815,0,0,1,1,1,1,1
1790121819,16289.06,0,1,ONLINE,16282.45,0,2408520,2493,138142,0,0,1,1,1,1,1
1790121824,16294.28,0,1,ONLINE,16287.67,0,2409025,2493,138190,0,0,1,1,1,1,1
1790121829,16299.51,0,1,ONLINE,16292.90,0,2409055,2503,138641,0,0,1,1,1,1,1
1790121834,16304.73,0,1,ONLINE,16298.12,0,2409650,2503,138650,0,0,1,1,1,1,1
1790121840,16309.96,0,1,ONLINE,16303.35,0,2410354,2503,138650,0,0,1,1,1,1,1
1790121845,16315.18,0,1,ONLINE,16308.57,0,2410932,2503,138650,0,0,1,1,1,1,1
1790121850,16320.40,0,1,ONLINE,16313.79,0,2411549,2503,138650,0,0,1,1,1,1,1
1790121855,16325.63,0,1,ONLINE,16319.02,0,2412117,2503,138650,0,0,1,1,1,1,1
1790121860,16330.86,0,1,ONLINE,16324.25,0,2412704,2503,138650,0,0,1,1,1,1,1
1790121866,16336.08,0,1,ONLINE,16329.47,0,2413512,2503,138650,0,0,1,1,1,1,1
1790121871,16341.31,0,1,ONLINE,16334.70,0,2414027,2503,138650,0,0,1,1,1,1,1
1790121876,16346.54,0,1,ONLINE,16339.93,0,2414608,2503,138650,0,0,1,1,1,1,1
1790121881,16351.76,0,1,ONLINE,16345.15,0,2415170,2503,138650,0,0,1,1,1,1,1
1790121887,16356.99,0,1,ONLINE,16350.38,0,2415783,2503,138650,0,0,1,1,1,1,1
1790121892,16362.22,0,1,ONLINE,16355.61,0,2416424,2503,138650,0,0,1,1,1,1,1
1790121897,16367.47,0,1,ONLINE,16360.86,0,2417097,2503,138650,0,0,1,1,1,1,1
1790121902,16372.69,0,1,ONLINE,16366.08,0,2417305,2504,138897,0,0,1,1,1,1,1
1790121908,16377.92,0,1,ONLINE,16371.31,0,2417382,2506,139404,0,0,1,1,1,1,1
1790121913,16383.15,0,1,ONLINE,16376.54,0,2417835,2509,139468,0,0,1,1,1,1,1
1790121918,16388.37,0,1,ONLINE,16381.76,0,2418310,2509,139468,0,0,1,1,1,1,1
1790121923,16393.61,0,1,ONLINE,16387.00,0,2418986,2509,139468,0,0,1,1,1,1,1
1790121928,16398.83,0,1,ONLINE,16392.22,0,2419557,2509,139468,0,0,1,1,1,1,1
1790121934,16404.05,0,1,ONLINE,16397.44,0,2420197,2509,139468,0,0,1,1,1,1,1
1790121939,16409.27,0,1,ONLINE,16402.66,0,2420765,2509,139468,0,0,1,1,1,1,1
1790121944,16414.49,0,1,ONLINE,16407.88,0,2421300,2509,139468,0,0,1,1,1,1,1
1790121949,16419.72,0,1,ONLINE,16413.11,0,2421910,2509,139468,0,0,1,1,1,1,1
1790121955,16424.94,0,1,ONLINE,16418.33,0,2422493,2509,139468,0,0,1,1,1,1,1
1790121960,16430.17,0,1,ONLINE,16423.56,0,2422827,2515,139606,0,0,1,1,1,1,1
1790121965,16435.39,0,1,ONLINE,16428.78,0,2422934,2528,140136,0,0,1,1,1,1,1
1790121970,16440.62,0,1,ONLINE,16434.01,0,2423337,2535,140378,0,0,1,1,1,1,1
1790121975,16445.85,0,1,ONLINE,16439.24,0,2423846,2535,140378,0,0,1,1,1,1,1
1790121981,16451.07,0,1,ONLINE,16444.46,0,2424458,2535,140378,0,0,1,1,1,1,1
1790121986,16456.30,0,1,ONLINE,16449.69,0,2425066,2535,140378,0,0,1,1,1,1,1
1790121991,16461.52,0,1,ONLINE,16454.91,0,2425604,2535,140378,0,0,1,1,1,1,1
1790121996,16466.75,0,1,ONLINE,16460.14,0,2426204,2535,140378,0,0,1,1,1,1,1
1790122002,16471.97,0,1,ONLINE,16465.36,0,2426820,2535,140378,0,0,1,1,1,1,1
1790122007,16477.19,0,1,ONLINE,16470.58,0,2427351,2535,140378,0,0,1,1,1,1,1
1790122012,16482.41,0,1,ONLINE,16475.80,0,2427983,2535,140378,0,0,1,1,1,1,1
1790122017,16487.66,0,1,ONLINE,16481.05,0,2428505,2535,140378,0,0,1,1,1,1,1
1790122022,16492.89,0,1,ONLINE,16486.28,0,2428972,2535,140378,0,0,1,1,1,1,1
1790122028,16498.12,0,1,ONLINE,16491.51,0,2429017,2542,140873,0,0,1,1,1,1,1
1790122033,16503.52,0,1,ONLINE,16496.91,0,2429063,2545,141264,0,0,1,1,1,1,1
1790122038,16508.74,0,1,ONLINE,16502.13,0,2429587,2550,141422,0,0,1,1,1,1,1
1790122044,16513.96,0,1,ONLINE,16507.35,0,2430360,2550,141422,0,0,1,1,1,1,1
1790122049,16519.18,0,1,ONLINE,16512.57,0,2430764,2550,141422,0,0,1,1,1,1,1
1790122054,16524.40,0,1,ONLINE,16517.79,0,2431007,2556,141755,0,0,1,1,1,1,1
1790122059,16529.62,0,1,ONLINE,16523.01,0,2431720,2556,141755,0,0,1,1,1,1,1
1790122064,16534.85,0,1,ONLINE,16528.24,0,2432035,2557,141868,0,0,1,1,1,1,1
1790122070,16540.07,0,1,ONLINE,16533.46,0,2432229,2580,142373,0,0,1,1,1,1,1
1790122075,16545.29,0,1,ONLINE,16538.68,0,2432901,2580,142373,0,0,1,1,1,1,1
1790122080,16550.51,0,1,ONLINE,16543.90,0,2433405,2580,142373,0,0,1,1,1,1,1
1790122085,16555.74,0,1,ONLINE,16549.13,0,2433791,2582,142507,0,0,1,1,1,1,1
1790122091,16560.97,0,1,ONLINE,16554.36,0,2434149,2587,142676,0,0,1,1,1,1,1
1790122096,16566.19,0,1,ONLINE,16559.58,0,2434655,2587,142676,0,0,1,1,1,1,1
1790122101,16571.41,0,1,ONLINE,16564.80,0,2435262,2587,142676,0,0,1,1,1,1,1
1790122106,16576.63,0,1,ONLINE,16570.02,0,2435890,2587,142676,0,0,1,1,1,1,1
1790122111,16581.85,0,1,ONLINE,16575.24,0,2436333,2587,142676,0,0,1,1,1,1,1
1790122117,16587.08,0,1,ONLINE,16580.47,0,2436619,2591,142952,0,0,1,1,1,1,1
1790122122,16592.30,0,1,ONLINE,16585.69,0,2437052,2591,142952,0,0,1,1,1,1,1
1790122127,16597.52,0,1,ONLINE,16590.91,0,2437594,2591,142952,0,0,1,1,1,1,1
1790122132,16602.75,0,1,ONLINE,16596.14,0,2438228,2591,142952,0,0,1,1,1,1,1
1790122138,16607.98,0,1,ONLINE,16601.37,0,2438763,2591,142952,0,0,1,1,1,1,1
1790122143,16613.20,0,1,ONLINE,16606.59,0,2439308,2591,142952,0,0,1,1,1,1,1
1790122148,16618.42,0,1,ONLINE,16611.81,0,2439885,2591,142952,0,0,1,1,1,1,1
1790122153,16623.65,0,1,ONLINE,16617.04,0,2440446,2591,142952,0,0,1,1,1,1,1
1790122158,16628.87,0,1,ONLINE,16622.26,0,2441048,2591,142952,0,0,1,1,1,1,1
1790122164,16634.10,0,1,ONLINE,16627.49,0,2441626,2591,142952,0,0,1,1,1,1,1
1790122169,16639.32,0,1,ONLINE,16632.71,0,2442271,2591,142952,0,0,1,1,1,1,1
1790122174,16644.54,0,1,ONLINE,16637.93,0,2442579,2598,143249,0,0,1,1,1,1,1
1790122179,16649.78,0,1,ONLINE,16643.17,0,2443242,2598,143249,0,0,1,1,1,1,1
1790122185,16655.01,0,1,ONLINE,16648.40,0,2443913,2598,143249,0,0,1,1,1,1,1
1790122190,16660.24,0,1,ONLINE,16653.63,0,2444619,2598,143249,0,0,1,1,1,1,1
1790122195,16665.46,0,1,ONLINE,16658.85,0,2445193,2598,143249,0,0,1,1,1,1,1
1790122200,16670.68,0,1,ONLINE,16664.07,0,2445759,2598,143249,0,0,1,1,1,1,1
1790122205,16675.91,0,1,ONLINE,16669.30,0,2446362,2598,143249,0,0,1,1,1,1,1
1790122211,16681.14,0,1,ONLINE,16674.53,0,2446975,2598,143249,0,0,1,1,1,1,1
1790122216,16686.36,0,1,ONLINE,16679.75,0,2447466,2598,143249,0,0,1,1,1,1,1
1790122221,16691.58,0,1,ONLINE,16684.97,0,2448042,2598,143249,0,0,1,1,1,1,1
1790122226,16696.81,0,1,ONLINE,16690.20,0,2448540,2598,143249,0,0,1,1,1,1,1
1790122232,16702.05,0,1,ONLINE,16695.44,0,2449162,2598,143249,0,0,1,1,1,1,1
1790122237,16707.27,0,1,ONLINE,16700.66,0,2449782,2598,143249,0,0,1,1,1,1,1
1790122242,16712.50,0,1,ONLINE,16705.89,0,2450361,2598,143249,0,0,1,1,1,1,1
1790122247,16717.72,0,1,ONLINE,16711.11,0,2450877,2598,143249,0,0,1,1,1,1,1
1790122253,16722.95,0,1,ONLINE,16716.34,0,2451441,2598,143249,0,0,1,1,1,1,1
1790122258,16728.18,0,1,ONLINE,16721.57,0,2451999,2598,143249,0,0,1,1,1,1,1
1790122263,16733.40,0,1,ONLINE,16726.79,0,2452515,2598,143249,0,0,1,1,1,1,1
1790122268,16738.62,0,1,ONLINE,16732.01,0,2453092,2598,143249,0,0,1,1,1,1,1
1790122273,16743.84,0,1,ONLINE,16737.23,0,2453668,2598,143249,0,0,1,1,1,1,1
1790122279,16749.06,0,1,ONLINE,16742.45,0,2454160,2598,143249,0,0,1,1,1,1,1
1790122284,16754.28,0,1,ONLINE,16747.67,0,2454755,2598,143249,0,0,1,1,1,1,1
1790122289,16759.51,0,1,ONLINE,16752.90,0,2455143,2598,143335,0,0,1,1,1,1,1
1790122294,16764.74,0,1,ONLINE,16758.13,0,2455576,2603,143565,0,0,1,1,1,1,1
1790122300,16769.97,0,1,ONLINE,16763.36,0,2456437,2603,143565,0,0,1,1,1,1,1
1790122305,16775.19,0,1,ONLINE,16768.58,0,2457116,2603,143565,0,0,1,1,1,1,1
1790122310,16780.41,0,1,ONLINE,16773.80,0,2457627,2603,143565,0,0,1,1,1,1,1
1790122315,16785.64,0,1,ONLINE,16779.03,0,2458291,2603,143565,0,0,1,1,1,1,1
1790122320,16790.87,0,1,ONLINE,16784.26,0,2458753,2603,143565,0,0,1,1,1,1,1
1790122326,16796.09,0,1,ONLINE,16789.48,0,2458984,2606,143857,0,0,1,1,1,1,1
1790122331,16801.31,0,1,ONLINE,16794.70,0,2459759,2606,143857,0,0,1,1,1,1,1
1790122336,16806.54,0,1,ONLINE,16799.93,0,2460323,2606,143857,0,0,1,1,1,1,1
1790122341,16811.76,0,1,ONLINE,16805.15,0,2461079,2606,143857,0,0,1,1,1,1,1
1790122347,16816.98,0,1,ONLINE,16810.37,0,2461677,2606,143857,0,0,1,1,1,1,1
1790122352,16822.21,0,1,ONLINE,16815.60,0,2461908,2607,144026,0,0,1,1,1,1,1
1790122357,16827.43,0,1,ONLINE,16820.82,0,2462152,2611,144370,0,0,1,1,1,1,1
1790122362,16832.65,0,1,ONLINE,16826.04,0,2462718,2611,144370,0,0,1,1,1,1,1
1790122367,16837.88,0,1,ONLINE,16831.27,0,2463175,2611,144370,0,0,1,1,1,1,1
1790122373,16843.10,0,1,ONLINE,16836.49,0,2463750,2611,144370,0,0,1,1,1,1,1
1790122378,16848.33,0,1,ONLINE,16841.72,0,2464269,2611,144370,0,0,1,1,1,1,1
1790122383,16853.58,0,1,ONLINE,16846.97,0,2464807,2611,144370,0,0,1,1,1,1,1
1790122388,16858.80,0,1,ONLINE,16852.19,0,2465426,2611,144370,0,0,1,1,1,1,1
1790122394,16864.02,0,1,ONLINE,16857.41,0,2465884,2611,144370,0,0,1,1,1,1,1
1790122399,16869.24,0,1,ONLINE,16862.63,0,2466515,2611,144370,0,0,1,1,1,1,1
1790122404,16874.49,0,1,ONLINE,16867.88,0,2466998,2611,144370,0,0,1,1,1,1,1
1790122409,16879.73,0,1,ONLINE,16873.12,0,2467544,2611,144370,0,0,1,1,1,1,1
1790122415,16884.95,0,1,ONLINE,16878.34,0,2467785,2615,144749,0,0,1,1,1,1,1
1790122420,16890.17,0,1,ONLINE,16883.56,0,2468339,2615,144749,0,0,1,1,1,1,1
1790122425,16895.40,0,1,ONLINE,16888.79,0,2468754,2615,144749,0,0,1,1,1,1,1
1790122430,16900.64,0,1,ONLINE,16894.03,0,2469381,2615,144749,0,0,1,1,1,1,1
1790122435,16905.87,0,1,ONLINE,16899.26,0,2469987,2615,144749,0,0,1,1,1,1,1
1790122441,16911.09,0,1,ONLINE,16904.48,0,2470556,2615,144749,0,0,1,1,1,1,1
1790122446,16916.31,0,1,ONLINE,16909.70,0,2470903,2616,145009,0,0,1,1,1,1,1
1790122451,16921.56,0,1,ONLINE,16914.95,0,2471322,2619,145072,0,0,1,1,1,1,1
1790122456,16926.78,0,1,ONLINE,16920.17,0,2471897,2619,145072,0,0,1,1,1,1,1
1790122462,16932.02,0,1,ONLINE,16925.41,0,2472546,2619,145072,0,0,1,1,1,1,1
1790122467,16937.24,0,1,ONLINE,16930.63,0,2473009,2619,145072,0,0,1,1,1,1,1
1790122472,16942.46,0,1,ONLINE,16935.85,0,2473666,2619,145072,0,0,1,1,1,1,1
1790122477,16947.69,0,1,ONLINE,16941.08,0,2474517,2619,145072,0,0,1,1,1,1,1
1790122482,16952.91,0,1,ONLINE,16946.30,0,2475052,2619,145072,0,0,1,1,1,1,1
1790122488,16958.14,0,1,ONLINE,16951.53,0,2475758,2619,145072,0,0,1,1,1,1,1
1790122493,16963.36,0,1,ONLINE,16956.75,0,2476467,2619,145072,0,0,1,1,1,1,1
1790122498,16968.60,0,1,ONLINE,16961.99,0,2476939,2619,145072,0,0,1,1,1,1,1
1790122503,16973.83,0,1,ONLINE,16967.22,0,2477675,2619,145072,0,0,1,1,1,1,1
1790122509,16979.07,0,1,ONLINE,16972.46,0,2478359,2619,145072,0,0,1,1,1,1,1
1790122514,16984.30,0,1,ONLINE,16977.69,0,2478587,2620,145252,0,0,1,1,1,1,1
1790122519,16989.53,0,1,ONLINE,16982.92,0,2479101,2620,145307,0,0,1,1,1,1,1
1790122524,16994.75,0,1,ONLINE,16988.14,0,2479659,2620,145307,0,0,1,1,1,1,1
1790122530,16999.98,0,1,ONLINE,16993.37,0,2480068,2620,145307,0,0,1,1,1,1,1
1790122535,17005.20,0,1,ONLINE,16998.59,0,2480465,2629,145645,0,0,1,1,1,1,1
1790122540,17010.42,0,1,ONLINE,17003.81,0,2481039,2629,145645,0,0,1,1,1,1,1
1790122545,17015.64,0,1,ONLINE,17009.03,0,2481467,2629,145645,0,0,1,1,1,1,1
1790122550,17020.87,0,1,ONLINE,17014.26,0,2482147,2629,145645,0,0,1,1,1,1,1
1790122556,17026.09,0,1,ONLINE,17019.48,0,2482971,2629,145645,0,0,1,1,1,1,1
1790122561,17031.31,0,1,ONLINE,17024.70,0,2483726,2629,145645,0,0,1,1,1,1,1
1790122566,17036.54,0,1,ONLINE,17029.93,0,2484479,2629,145645,0,0,1,1,1,1,1
1790122571,17041.77,0,1,ONLINE,17035.16,0,2484994,2629,145645,0,0,1,1,1,1,1
1790122577,17046.99,0,1,ONLINE,17040.38,0,2485400,2629,145645,0,0,1,1,1,1,1
1790122582,17052.22,0,1,ONLINE,17045.61,0,2485986,2629,145645,0,0,1,1,1,1,1
1790122587,17057.44,0,1,ONLINE,17050.83,0,2486449,2629,145645,0,0,1,1,1,1,1
1790122592,17062.66,0,1,ONLINE,17056.05,0,2486698,2634,145941,0,0,1,1,1,1,1
1790122597,17067.89,0,1,ONLINE,17061.28,0,2487322,2634,145941,0,0,1,1,1,1,1
1790122603,17073.12,0,1,ONLINE,17066.51,0,2487976,2634,145941,0,0,1,1,1,1,1
1790122608,17078.35,0,1,ONLINE,17071.74,0,2488616,2634,145941,0,0,1,1,1,1,1
1790122613,17083.58,0,1,ONLINE,17076.97,0,2489321,2634,145941,0,0,1,1,1,1,1
1790122618,17088.81,0,1,ONLINE,17082.20,0,2489850,2634,145941,0,0,1,1,1,1,1
1790122624,17094.04,0,1,ONLINE,17087.43,0,2490351,2634,145941,0,0,1,1,1,1,1
1790122629,17099.27,0,1,ONLINE,17092.66,0,2490984,2634,145941,0,0,1,1,1,1,1
1790122634,17104.50,0,1,ONLINE,17097.89,0,2491503,2634,145941,0,0,1,1,1,1,1
1790122639,17109.72,0,1,ONLINE,17103.11,0,2492111,2634,145941,0,0,1,1,1,1,1
1790122645,17114.95,0,1,ONLINE,17108.34,0,2492807,2634,145941,0,0,1,1,1,1,1
1790122650,17120.18,0,1,ONLINE,17113.57,0,2493470,2634,145941,0,0,1,1,1,1,1
1790122655,17125.40,0,1,ONLINE,17118.79,0,2494076,2634,145941,0,0,1,1,1,1,1
1790122660,17130.63,0,1,ONLINE,17124.02,0,2494764,2634,145941,0,0,1,1,1,1,1
1790122665,17135.86,0,1,ONLINE,17129.25,0,2495337,2634,145941,0,0,1,1,1,1,1
1790122671,17141.09,0,1,ONLINE,17134.48,0,2495918,2634,145941,0,0,1,1,1,1,1
1790122676,17146.31,0,1,ONLINE,17139.70,0,2496483,2634,145941,0,0,1,1,1,1,1
1790122681,17151.53,0,1,ONLINE,17144.92,0,2497077,2634,145941,0,0,1,1,1,1,1
1790122686,17156.75,0,1,ONLINE,17150.14,0,2497612,2634,145941,0,0,1,1,1,1,1
1790122692,17161.98,0,1,ONLINE,17155.37,0,2498267,2634,145941,0,0,1,1,1,1,1
1790122697,17167.19,0,1,ONLINE,17160.58,0,2498987,2634,145941,0,0,1,1,1,1,1
1790122702,17172.42,0,1,ONLINE,17165.81,0,2499820,2634,145941,0,0,1,1,1,1,1
1790122707,17177.66,0,1,ONLINE,17171.05,0,2500401,2634,145941,0,0,1,1,1,1,1
1790122712,17182.88,0,1,ONLINE,17176.27,0,2501037,2634,145941,0,0,1,1,1,1,1
1790122718,17188.11,0,1,ONLINE,17181.50,0,2501628,2634,145941,0,0,1,1,1,1,1
1790122723,17193.33,0,1,ONLINE,17186.72,0,2502157,2634,145941,0,0,1,1,1,1,1
1790122728,17198.56,0,1,ONLINE,17191.95,0,2502909,2634,145941,0,0,1,1,1,1,1
1790122733,17203.78,0,1,ONLINE,17197.17,0,2503484,2634,145941,0,0,1,1,1,1,1
1790122739,17209.00,0,1,ONLINE,17202.39,0,2503896,2634,145941,0,0,1,1,1,1,1
1790122744,17214.22,0,1,ONLINE,17207.61,0,2504407,2634,145941,0,0,1,1,1,1,1
1790122749,17219.45,0,1,ONLINE,17212.84,0,2504646,2635,146164,0,0,1,1,1,1,1
1790122754,17224.67,0,1,ONLINE,17218.06,0,2505217,2635,146166,0,0,1,1,1,1,1
1790122759,17229.90,0,1,ONLINE,17223.29,0,2505835,2635,146166,0,0,1,1,1,1,1
1790122765,17235.12,0,1,ONLINE,17228.51,0,2506256,2635,146176,0,0,1,1,1,1,1
1790122770,17240.35,0,1,ONLINE,17233.74,0,2506534,2638,146384,0,0,1,1,1,1,1
1790122775,17245.57,0,1,ONLINE,17238.96,0,2506725,2647,146692,0,0,1,1,1,1,1
1790122780,17250.81,0,1,ONLINE,17244.20,0,2507200,2647,146698,0,0,1,1,1,1,1
1790122786,17256.03,0,1,ONLINE,17249.42,0,2507493,2648,146911,0,0,1,1,1,1,1
1790122791,17261.25,0,1,ONLINE,17254.64,0,2508164,2648,146911,0,0,1,1,1,1,1
1790122796,17266.48,0,1,ONLINE,17259.87,0,2508868,2648,146911,0,0,1,1,1,1,1
1790122801,17271.71,0,1,ONLINE,17265.10,0,2509457,2648,146911,0,0,1,1,1,1,1
1790122807,17276.94,0,1,ONLINE,17270.33,0,2510114,2648,146911,0,0,1,1,1,1,1
1790122812,17282.16,0,1,ONLINE,17275.55,0,2510822,2648,146911,0,0,1,1,1,1,1
1790122817,17287.38,0,1,ONLINE,17280.77,0,2511314,2648,146911,0,0,1,1,1,1,1
1790122822,17292.61,0,1,ONLINE,17286.00,0,2512079,2648,146911,0,0,1,1,1,1,1
1790122827,17297.83,0,1,ONLINE,17291.22,0,2512741,2648,146911,0,0,1,1,1,1,1
1790122833,17303.05,0,1,ONLINE,17296.44,0,2513326,2648,146911,0,0,1,1,1,1,1
1790122838,17308.27,0,1,ONLINE,17301.66,0,2513906,2648,146911,0,0,1,1,1,1,1
1790122843,17313.50,0,1,ONLINE,17306.89,0,2514623,2648,146911,0,0,1,1,1,1,1
1790122848,17318.73,0,1,ONLINE,17312.12,0,2515323,2648,146911,0,0,1,1,1,1,1
1790122854,17323.95,0,1,ONLINE,17317.34,0,2515905,2648,146911,0,0,1,1,1,1,1
1790122859,17329.17,0,1,ONLINE,17322.56,0,2516336,2648,146919,0,0,1,1,1,1,1
1790122864,17334.39,0,1,ONLINE,17327.78,0,2516390,2657,147435,0,0,1,1,1,1,1
1790122869,17339.62,0,1,ONLINE,17333.01,0,2516923,2657,147456,0,0,1,1,1,1,1
1790122874,17344.84,0,1,ONLINE,17338.23,0,2517181,2658,147721,0,0,1,1,1,1,1
1790122880,17350.06,0,1,ONLINE,17343.45,0,2517875,2658,147721,0,0,1,1,1,1,1
1790122885,17355.29,0,1,ONLINE,17348.68,0,2518473,2658,147721,0,0,1,1,1,1,1
1790122890,17360.51,0,1,ONLINE,17353.90,0,2519146,2658,147721,0,0,1,1,1,1,1
1790122895,17365.73,0,1,ONLINE,17359.12,0,2519763,2658,147721,0,0,1,1,1,1,1
1790122901,17370.97,0,1,ONLINE,17364.36,0,2520317,2658,147721,0,0,1,1,1,1,1
1790122906,17376.19,0,1,ONLINE,17369.58,0,2520782,2658,147721,0,0,1,1,1,1,1
1790122911,17381.42,0,1,ONLINE,17374.81,0,2521448,2658,147721,0,0,1,1,1,1,1
1790122916,17386.65,0,1,ONLINE,17380.04,0,2522172,2658,147721,0,0,1,1,1,1,1
1790122921,17391.88,0,1,ONLINE,17385.27,0,2522787,2658,147721,0,0,1,1,1,1,1
1790122927,17397.11,0,1,ONLINE,17390.50,0,2523043,2666,148076,0,0,1,1,1,1,1
1790122932,17402.33,0,1,ONLINE,17395.72,0,2523506,2666,148076,0,0,1,1,1,1,1
1790122937,17407.55,0,1,ONLINE,17400.94,0,2524055,2666,148076,0,0,1,1,1,1,1
1790122942,17412.77,0,1,ONLINE,17406.16,0,2524722,2666,148076,0,0,1,1,1,1,1
1790122948,17418.00,0,1,ONLINE,17411.39,0,2525327,2666,148076,0,0,1,1,1,1,1
1790122953,17423.23,0,1,ONLINE,17416.62,0,2525817,2666,148076,0,0,1,1,1,1,1
1790122958,17428.46,0,1,ONLINE,17421.85,0,2526460,2666,148076,0,0,1,1,1,1,1
1790122963,17433.68,0,1,ONLINE,17427.07,0,2526990,2666,148076,0,0,1,1,1,1,1
1790122968,17438.90,0,1,ONLINE,17432.29,0,2527517,2666,148076,0,0,1,1,1,1,1
1790122974,17444.13,0,1,ONLINE,17437.52,0,2528150,2666,148076,0,0,1,1,1,1,1
1790122979,17449.35,0,1,ONLINE,17442.74,0,2528671,2666,148076,0,0,1,1,1,1,1
1790122984,17454.57,0,1,ONLINE,17447.96,0,2529217,2666,148076,0,0,1,1,1,1,1
1790122989,17459.81,0,1,ONLINE,17453.20,0,2529706,2666,148076,0,0,1,1,1,1,1
1790122995,17465.03,0,1,ONLINE,17458.42,0,2530278,2666,148076,0,0,1,1,1,1,1
1790123000,17470.25,0,1,ONLINE,17463.64,0,2530890,2666,148076,0,0,1,1,1,1,1
1790123005,17475.48,0,1,ONLINE,17468.87,0,2531606,2666,148076,0,0,1,1,1,1,1
1790123010,17480.70,0,1,ONLINE,17474.09,0,2532216,2666,148076,0,0,1,1,1,1,1
1790123016,17485.92,0,1,ONLINE,17479.31,0,2532793,2666,148076,0,0,1,1,1,1,1
1790123021,17491.14,0,1,ONLINE,17484.53,0,2533326,2666,148076,0,0,1,1,1,1,1
1790123026,17496.39,0,1,ONLINE,17489.78,0,2533928,2666,148076,0,0,1,1,1,1,1
1790123031,17501.63,0,1,ONLINE,17495.02,0,2534724,2666,148076,0,0,1,1,1,1,1
1790123036,17506.84,0,1,ONLINE,17500.23,0,2535290,2666,148076,0,0,1,1,1,1,1
1790123042,17512.07,0,1,ONLINE,17505.46,0,2535844,2666,148076,0,0,1,1,1,1,1
1790123047,17517.29,0,1,ONLINE,17510.68,0,2536272,2668,148187,0,0,1,1,1,1,1
1790123052,17522.51,0,1,ONLINE,17515.90,0,2536349,2675,148714,0,0,1,1,1,1,1
1790123057,17527.74,0,1,ONLINE,17521.13,0,2536965,2675,148714,0,0,1,1,1,1,1
1790123063,17532.96,0,1,ONLINE,17526.35,0,2537681,2675,148714,0,0,1,1,1,1,1
1790123068,17538.19,0,1,ONLINE,17531.58,0,2538210,2675,148714,0,0,1,1,1,1,1
1790123073,17543.41,0,1,ONLINE,17536.80,0,2538641,2675,148714,0,0,1,1,1,1,1
1790123078,17548.63,0,1,ONLINE,17542.02,0,2539334,2675,148714,0,0,1,1,1,1,1
1790123083,17553.86,0,1,ONLINE,17547.25,0,2539915,2675,148714,0,0,1,1,1,1,1
1790123089,17559.08,0,1,ONLINE,17552.47,0,2540475,2675,148714,0,0,1,1,1,1,1
1790123094,17564.31,0,1,ONLINE,17557.70,0,2541089,2675,148714,0,0,1,1,1,1,1
1790123099,17569.53,0,1,ONLINE,17562.92,0,2541706,2675,148714,0,0,1,1,1,1,1
1790123104,17574.76,0,1,ONLINE,17568.15,0,2542093,2679,149000,0,0,1,1,1,1,1
1790123110,17580.00,0,1,ONLINE,17573.39,0,2542652,2686,149084,0,0,1,1,1,1,1
1790123115,17585.22,0,1,ONLINE,17578.61,0,2542963,2690,149368,0,0,1,1,1,1,1
1790123120,17590.44,0,1,ONLINE,17583.83,0,2543570,2690,149368,0,0,1,1,1,1,1
1790123125,17595.67,0,1,ONLINE,17589.06,0,2544181,2690,149368,0,0,1,1,1,1,1
1790123130,17600.89,0,1,ONLINE,17594.28,0,2544383,2690,149587,0,0,1,1,1,1,1
1790123136,17606.12,0,1,ONLINE,17599.51,0,2544441,2699,150085,0,0,1,1,1,1,1
1790123141,17611.35,0,1,ONLINE,17604.74,0,2544564,2708,150502,0,0,1,1,1,1,1
1790123146,17616.59,0,1,ONLINE,17609.98,0,2545220,2708,150502,0,0,1,1,1,1,1
1790123151,17621.81,0,1,ONLINE,17615.20,0,2545965,2708,150502,0,0,1,1,1,1,1
1790123157,17627.04,0,1,ONLINE,17620.43,0,2546493,2708,150502,0,0,1,1,1,1,1
1790123162,17632.26,0,1,ONLINE,17625.65,0,2546824,2711,150651,0,0,1,1,1,1,1
1790123167,17637.50,0,1,ONLINE,17630.89,0,2546954,2719,151071,0,0,1,1,1,1,1
1790123172,17642.74,0,1,ONLINE,17636.13,0,2547679,2719,151071,0,0,1,1,1,1,1
1790123178,17647.96,0,1,ONLINE,17641.35,0,2548359,2719,151071,0,0,1,1,1,1,1
1790123183,17653.19,0,1,ONLINE,17646.58,0,2548975,2719,151071,0,0,1,1,1,1,1
1790123188,17658.41,0,1,ONLINE,17651.80,0,2549227,2720,151211,0,0,1,1,1,1,1
1790123193,17663.64,0,1,ONLINE,17657.03,0,2549368,2736,151670,0,0,1,1,1,1,1
1790123198,17668.87,0,1,ONLINE,17662.26,0,2549967,2736,151670,0,0,1,1,1,1,1
1790123204,17674.10,0,1,ONLINE,17667.49,0,2550572,2736,151670,0,0,1,1,1,1,1
1790123209,17679.32,0,1,ONLINE,17672.71,0,2551273,2736,151670,0,0,1,1,1,1,1
1790123214,17684.55,0,1,ONLINE,17677.94,0,2552013,2736,151670,0,0,1,1,1,1,1
1790123219,17689.78,0,1,ONLINE,17683.17,0,2552409,2743,151878,0,0,1,1,1,1,1
1790123225,17695.01,0,1,ONLINE,17688.40,0,2552686,2746,152236,0,0,1,1,1,1,1
1790123230,17700.23,0,1,ONLINE,17693.62,0,2553271,2746,152236,0,0,1,1,1,1,1
1790123235,17705.46,0,1,ONLINE,17698.85,0,2554000,2746,152236,0,0,1,1,1,1,1
1790123240,17710.68,0,1,ONLINE,17704.07,0,2554607,2746,152236,0,0,1,1,1,1,1
1790123245,17715.91,0,1,ONLINE,17709.30,0,2555089,2746,152236,0,0,1,1,1,1,1
1790123251,17721.13,0,1,ONLINE,17714.52,0,2555305,2747,152431,0,0,1,1,1,1,1
1790123256,17726.37,0,1,ONLINE,17719.76,0,2555537,2755,152773,0,0,1,1,1,1,1
1790123261,17731.59,0,1,ONLINE,17724.98,0,2556099,2755,152773,0,0,1,1,1,1,1
1790123266,17736.82,0,1,ONLINE,17730.21,0,2556664,2755,152773,0,0,1,1,1,1,1
1790123272,17742.05,0,1,ONLINE,17735.44,0,2557390,2755,152773,0,0,1,1,1,1,1
1790123277,17747.28,0,1,ONLINE,17740.67,0,2558117,2755,152773,0,0,1,1,1,1,1
1790123282,17752.51,0,1,ONLINE,17745.90,0,2558437,2759,152976,0,0,1,1,1,1,1
1790123287,17757.73,0,1,ONLINE,17751.12,0,2558681,2765,153287,0,0,1,1,1,1,1
1790123293,17762.95,0,1,ONLINE,17756.34,0,2559237,2765,153287,0,0,1,1,1,1,1
1790123298,17768.18,0,1,ONLINE,17761.57,0,2559482,2766,153518,0,0,1,1,1,1,1
1790123303,17773.40,0,1,ONLINE,17766.79,0,2559693,2774,153826,0,0,1,1,1,1,1
1790123308,17778.63,0,1,ONLINE,17772.02,0,2560349,2774,153826,0,0,1,1,1,1,1
1790123313,17783.85,0,1,ONLINE,17777.24,0,2561091,2774,153826,0,0,1,1,1,1,1
1790123319,17789.07,0,1,ONLINE,17782.46,0,2561835,2774,153826,0,0,1,1,1,1,1
1790123324,17794.29,0,1,ONLINE,17787.68,0,2562428,2774,153826,0,0,1,1,1,1,1
1790123329,17799.52,0,1,ONLINE,17792.91,0,2562997,2774,153826,0,0,1,1,1,1,1
1790123334,17804.74,0,1,ONLINE,17798.13,0,2563634,2774,153826,0,0,1,1,1,1,1
1790123340,17809.97,0,1,ONLINE,17803.36,0,2563808,2775,154067,0,0,1,1,1,1,1
1790123345,17815.20,0,1,ONLINE,17808.59,0,2563872,2782,154511,0,0,1,1,1,1,1
1790123350,17820.43,0,1,ONLINE,17813.82,0,2564346,2783,154576,0,0,1,1,1,1,1
1790123355,17825.66,0,1,ONLINE,17819.05,0,2564782,2783,154576,0,0,1,1,1,1,1
1790123360,17830.88,0,1,ONLINE,17824.27,0,2565341,2783,154576,0,0,1,1,1,1,1
1790123366,17836.11,0,1,ONLINE,17829.50,0,2565892,2783,154576,0,0,1,1,1,1,1
1790123371,17841.33,0,1,ONLINE,17834.72,0,2566499,2783,154576,0,0,1,1,1,1,1
1790123376,17846.56,0,1,ONLINE,17839.95,0,2566997,2783,154576,0,0,1,1,1,1,1
1790123381,17851.78,0,1,ONLINE,17845.17,0,2567570,2783,154576,0,0,1,1,1,1,1
1790123387,17857.01,0,1,ONLINE,17850.40,0,2568041,2783,154576,0,0,1,1,1,1,1
1790123392,17862.23,0,1,ONLINE,17855.62,0,2568657,2783,154576,0,0,1,1,1,1,1
1790123397,17867.46,0,1,ONLINE,17860.85,0,2569312,2783,154576,0,0,1,1,1,1,1
1790123402,17872.68,0,1,ONLINE,17866.07,0,2569612,2784,154744,0,0,1,1,1,1,1
1790123407,17877.90,0,1,ONLINE,17871.29,0,2570083,2786,154899,0,0,1,1,1,1,1
1790123413,17883.13,0,1,ONLINE,17876.52,0,2570633,2786,154899,0,0,1,1,1,1,1
1790123418,17888.36,0,1,ONLINE,17881.75,0,2571299,2786,154899,0,0,1,1,1,1,1
1790123423,17893.59,0,1,ONLINE,17886.98,0,2572089,2786,154899,0,0,1,1,1,1,1
1790123428,17898.81,0,1,ONLINE,17892.20,0,2572680,2786,154899,0,0,1,1,1,1,1
1790123434,17904.04,0,1,ONLINE,17897.43,0,2572952,2794,155218,0,0,1,1,1,1,1
1790123439,17909.27,0,1,ONLINE,17902.66,0,2573589,2794,155218,0,0,1,1,1,1,1
1790123444,17914.50,0,1,ONLINE,17907.89,0,2574034,2804,155458,0,0,1,1,1,1,1
1790123449,17919.72,0,1,ONLINE,17913.11,0,2574681,2809,155541,0,0,1,1,1,1,1
1790123455,17924.94,0,1,ONLINE,17918.33,0,2575410,2809,155541,0,0,1,1,1,1,1
1790123460,17930.16,0,1,ONLINE,17923.55,0,2575894,2809,155541,0,0,1,1,1,1,1
1790123465,17935.39,0,1,ONLINE,17928.78,0,2576190,2812,155816,0,0,1,1,1,1,1
1790123470,17940.62,0,1,ONLINE,17934.01,0,2576608,2812,155816,0,0,1,1,1,1,1
1790123475,17945.84,0,1,ONLINE,17939.23,0,2576861,2826,156151,0,0,1,1,1,1,1
1790123481,17951.07,0,1,ONLINE,17944.46,0,2577440,2829,156202,0,0,1,1,1,1,1
1790123486,17956.30,0,1,ONLINE,17949.69,0,2578066,2829,156202,0,0,1,1,1,1,1
1790123491,17961.53,0,1,ONLINE,17954.92,0,2578594,2829,156208,0,0,1,1,1,1,1
1790123496,17966.75,0,1,ONLINE,17960.14,0,2578889,2834,156516,0,0,1,1,1,1,1
1790123502,17972.23,0,1,ONLINE,17965.62,0,2579089,2838,156796,0,0,1,1,1,1,1
1790123507,17977.45,0,1,ONLINE,17970.84,0,2579649,2838,156796,0,0,1,1,1,1,1
1790123512,17982.69,0,1,ONLINE,17976.08,0,2580407,2838,156796,0,0,1,1,1,1,1
1790123518,17987.92,0,1,ONLINE,17981.31,0,2581086,2838,156796,0,0,1,1,1,1,1
1790123523,17993.14,0,1,ONLINE,17986.53,0,2581723,2838,156796,0,0,1,1,1,1,1
1790123528,17998.36,0,1,ONLINE,17991.75,0,2582376,2838,156796,0,0,1,1,1,1,1
1790123533,18003.58,0,1,ONLINE,17996.97,0,2582818,2838,156904,0,0,1,1,1,1,1
1790123538,18008.81,0,1,ONLINE,18002.20,0,2583270,2838,157031,0,0,1,1,1,1,1
1790123544,18014.03,0,1,ONLINE,18007.42,0,2583813,2838,157031,0,0,1,1,1,1,1
1790123549,18019.26,0,1,ONLINE,18012.65,0,2584605,2838,157031,0,0,1,1,1,1,1
1790123554,18024.49,0,1,ONLINE,18017.88,0,2585172,2838,157031,0,0,1,1,1,1,1
1790123559,18029.72,0,1,ONLINE,18023.11,0,2586018,2838,157031,0,0,1,1,1,1,1
1790123565,18034.95,0,1,ONLINE,18028.34,0,2586553,2838,157031,0,0,1,1,1,1,1
1790123570,18040.18,0,1,ONLINE,18033.57,0,2587183,2838,157031,0,0,1,1,1,1,1
1790123575,18045.40,0,1,ONLINE,18038.79,0,2587872,2838,157031,0,0,1,1,1,1,1
1790123580,18050.62,0,1,ONLINE,18044.01,0,2588377,2838,157031,0,0,1,1,1,1,1
1790123585,18055.85,0,1,ONLINE,18049.24,0,2588710,2845,157229,0,0,1,1,1,1,1
1790123591,18061.09,0,1,ONLINE,18054.48,0,2589124,2845,157229,0,0,1,1,1,1,1
1790123596,18066.32,0,1,ONLINE,18059.71,0,2589322,2851,157531,0,0,1,1,1,1,1
1790123601,18071.55,0,1,ONLINE,18064.94,0,2589884,2851,157538,0,0,1,1,1,1,1
1790123606,18076.77,0,1,ONLINE,18070.16,0,2590291,2851,157544,0,0,1,1,1,1,1
1790123612,18082.00,0,1,ONLINE,18075.39,0,2590343,2860,157969,0,0,1,1,1,1,1
1790123617,18087.23,0,1,ONLINE,18080.62,0,2590787,2860,158009,0,0,1,1,1,1,1
1790123622,18092.47,0,1,ONLINE,18085.86,0,2591253,2860,158009,0,0,1,1,1,1,1
1790123627,18097.69,0,1,ONLINE,18091.08,0,2591582,2870,158331,0,0,1,1,1,1,1
1790123633,18102.92,0,1,ONLINE,18096.31,0,2592100,2870,158331,0,0,1,1,1,1,1
1790123638,18108.14,0,1,ONLINE,18101.53,0,2592576,2870,158331,0,0,1,1,1,1,1
1790123643,18113.37,0,1,ONLINE,18106.76,0,2593142,2870,158331,0,0,1,1,1,1,1
1790123648,18118.60,0,1,ONLINE,18111.99,0,2593816,2870,158331,0,0,1,1,1,1,1
1790123653,18123.82,0,1,ONLINE,18117.21,0,2594245,2870,158331,0,0,1,1,1,1,1
1790123659,18129.06,0,1,ONLINE,18122.45,0,2594843,2870,158331,0,0,1,1,1,1,1
1790123664,18134.29,0,1,ONLINE,18127.68,0,2595544,2870,158331,0,0,1,1,1,1,1
1790123669,18139.51,0,1,ONLINE,18132.90,0,2596058,2870,158331,0,0,1,1,1,1,1
1790123674,18144.74,0,1,ONLINE,18138.13,0,2596628,2870,158331,0,0,1,1,1,1,1
1790123680,18149.96,0,1,ONLINE,18143.35,0,2597279,2870,158331,0,0,1,1,1,1,1
1790123685,18155.18,0,1,ONLINE,18148.57,0,2597778,2870,158331,0,0,1,1,1,1,1
1790123690,18160.42,0,1,ONLINE,18153.81,0,2598274,2870,158331,0,0,1,1,1,1,1
1790123695,18165.64,0,1,ONLINE,18159.03,0,2598838,2870,158331,0,0,1,1,1,1,1
1790123700,18170.87,0,1,ONLINE,18164.26,0,2599428,2870,158331,0,0,1,1,1,1,1
1790123706,18176.10,0,1,ONLINE,18169.49,0,2600027,2870,158331,0,0,1,1,1,1,1
1790123711,18181.34,0,1,ONLINE,18174.73,0,2600490,2872,158389,0,0,1,1,1,1,1
1790123716,18186.57,0,1,ONLINE,18179.96,0,2600865,2873,158642,0,0,1,1,1,1,1
1790123721,18191.79,0,1,ONLINE,18185.18,0,2601582,2873,158642,0,0,1,1,1,1,1
1790123727,18197.01,0,1,ONLINE,18190.40,0,2602294,2873,158642,0,0,1,1,1,1,1
1790123732,18202.24,0,1,ONLINE,18195.63,0,2602906,2873,158642,0,0,1,1,1,1,1
1790123737,18207.46,0,1,ONLINE,18200.85,0,2603489,2873,158642,0,0,1,1,1,1,1
1790123742,18212.69,0,1,ONLINE,18206.08,0,2604078,2873,158642,0,0,1,1,1,1,1
1790123747,18217.91,0,1,ONLINE,18211.30,0,2604755,2873,158642,0,0,1,1,1,1,1
1790123753,18223.14,0,1,ONLINE,18216.53,0,2605380,2873,158642,0,0,1,1,1,1,1
1790123758,18228.37,0,1,ONLINE,18221.76,0,2606104,2873,158642,0,0,1,1,1,1,1
1790123763,18233.59,0,1,ONLINE,18226.98,0,2606748,2873,158642,0,0,1,1,1,1,1
1790123768,18238.81,0,1,ONLINE,18232.20,0,2607275,2873,158642,0,0,1,1,1,1,1
1790123774,18244.05,0,1,ONLINE,18237.44,0,2607864,2873,158642,0,0,1,1,1,1,1
1790123779,18249.28,0,1,ONLINE,18242.67,0,2608405,2873,158642,0,0,1,1,1,1,1
1790123784,18254.50,0,1,ONLINE,18247.89,0,2608975,2873,158642,0,0,1,1,1,1,1
1790123789,18259.73,0,1,ONLINE,18253.12,0,2609598,2873,158642,0,0,1,1,1,1,1
1790123795,18264.95,0,1,ONLINE,18258.34,0,2610168,2873,158642,0,0,1,1,1,1,1
1790123800,18270.18,0,1,ONLINE,18263.57,0,2610616,2873,158642,0,0,1,1,1,1,1
1790123805,18275.40,0,1,ONLINE,18268.79,0,2611138,2873,158642,0,0,1,1,1,1,1
1790123810,18280.63,0,1,ONLINE,18274.02,0,2611706,2873,158642,0,0,1,1,1,1,1
1790123815,18285.86,0,1,ONLINE,18279.25,0,2612391,2873,158642,0,0,1,1,1,1,1
1790123821,18291.08,0,1,ONLINE,18284.47,0,2613015,2873,158642,0,0,1,1,1,1,1
1790123826,18296.30,0,1,ONLINE,18289.69,0,2613623,2873,158642,0,0,1,1,1,1,1
1790123831,18301.52,0,1,ONLINE,18294.91,0,2614032,2873,158642,0,0,1,1,1,1,1
1790123836,18306.74,0,1,ONLINE,18300.13,0,2614248,2878,158895,0,0,1,1,1,1,1
1790123842,18311.97,0,1,ONLINE,18305.36,0,2614912,2878,158921,0,0,1,1,1,1,1
1790123847,18317.20,0,1,ONLINE,18310.59,0,2615536,2878,158921,0,0,1,1,1,1,1
1790123852,18322.42,0,1,ONLINE,18315.81,0,2616097,2878,158921,0,0,1,1,1,1,1
1790123857,18327.64,0,1,ONLINE,18321.03,0,2616645,2878,158921,0,0,1,1,1,1,1
1790123862,18332.87,0,1,ONLINE,18326.26,0,2617064,2878,158981,0,0,1,1,1,1,1
1790123868,18338.10,0,1,ONLINE,18331.49,0,2617425,2883,159203,0,0,1,1,1,1,1
1790123873,18343.33,0,1,ONLINE,18336.72,0,2618090,2883,159203,0,0,1,1,1,1,1
1790123878,18348.56,0,1,ONLINE,18341.95,0,2618721,2883,159203,0,0,1,1,1,1,1
1790123883,18353.78,0,1,ONLINE,18347.17,0,2619247,2883,159203,0,0,1,1,1,1,1
1790123889,18359.00,0,1,ONLINE,18352.39,0,2619777,2883,159203,0,0,1,1,1,1,1
1790123894,18364.23,0,1,ONLINE,18357.62,0,2619889,2885,159538,0,0,1,1,1,1,1
1790123899,18369.45,0,1,ONLINE,18362.84,0,2619982,2907,160078,0,0,1,1,1,1,1
1790123904,18374.68,0,1,ONLINE,18368.07,0,2620692,2907,160078,0,0,1,1,1,1,1
1790123910,18379.92,0,1,ONLINE,18373.31,0,2621185,2907,160078,0,0,1,1,1,1,1
1790123915,18385.15,0,1,ONLINE,18378.54,0,2621498,2908,160175,0,0,1,1,1,1,1
1790123920,18390.37,0,1,ONLINE,18383.76,0,2621796,2910,160399,0,0,1,1,1,1,1
1790123925,18395.60,0,1,ONLINE,18388.99,0,2622019,2913,160694,0,0,1,1,1,1,1
1790123930,18400.83,0,1,ONLINE,18394.22,0,2622730,2913,160694,0,0,1,1,1,1,1
1790123936,18406.05,0,1,ONLINE,18399.44,0,2623331,2913,160694,0,0,1,1,1,1,1
1790123941,18411.28,0,1,ONLINE,18404.67,0,2623767,2915,160781,0,0,1,1,1,1,1
1790123946,18416.52,0,1,ONLINE,18409.91,0,2623859,2925,161334,0,0,1,1,1,1,1
1790123951,18421.75,0,1,ONLINE,18415.14,0,2624479,2925,161334,0,0,1,1,1,1,1
1790123957,18426.97,0,1,ONLINE,18420.36,0,2625029,2925,161334,0,0,1,1,1,1,1
1790123962,18432.19,0,1,ONLINE,18425.58,0,2625604,2925,161334,0,0,1,1,1,1,1
1790123967,18437.41,0,1,ONLINE,18430.80,0,2626126,2925,161334,0,0,1,1,1,1,1
1790123972,18442.64,0,1,ONLINE,18436.03,0,2626445,2926,161447,0,0,1,1,1,1,1
1790123977,18447.86,0,1,ONLINE,18441.25,0,2626566,2930,161890,0,0,1,1,1,1,1
1790123983,18453.09,0,1,ONLINE,18446.48,0,2627281,2930,161890,0,0,1,1,1,1,1
1790123988,18458.32,0,1,ONLINE,18451.71,0,2628044,2930,161890,0,0,1,1,1,1,1
1790123993,18463.54,0,1,ONLINE,18456.93,0,2628691,2930,161890,0,0,1,1,1,1,1
1790123998,18468.77,0,1,ONLINE,18462.16,0,2629242,2930,161890,0,0,1,1,1,1,1
1790124004,18473.99,0,1,ONLINE,18467.38,0,2629580,2931,162021,0,0,1,1,1,1,1
1790124009,18479.22,0,1,ONLINE,18472.61,0,2630020,2931,162192,0,0,1,1,1,1,1
1790124014,18484.45,0,1,ONLINE,18477.84,0,2630464,2931,162192,0,0,1,1,1,1,1
1790124019,18489.67,0,1,ONLINE,18483.06,0,2630692,2936,162496,0,0,1,1,1,1,1
1790124024,18494.90,0,1,ONLINE,18488.29,0,2631288,2936,162496,0,0,1,1,1,1,1
1790124030,18500.14,0,1,ONLINE,18493.53,0,2631725,2936,162496,0,0,1,1,1,1,1
1790124035,18505.36,0,1,ONLINE,18498.75,0,2632058,2938,162686,0,0,1,1,1,1,1
1790124040,18510.58,0,1,ONLINE,18503.97,0,2632593,2941,162795,0,0,1,1,1,1,1
1790124045,18515.81,0,1,ONLINE,18509.20,0,2633101,2941,162795,0,0,1,1,1,1,1
1790124051,18521.03,0,1,ONLINE,18514.42,0,2633760,2941,162795,0,0,1,1,1,1,1
1790124056,18526.26,0,1,ONLINE,18519.65,0,2634376,2941,162795,0,0,1,1,1,1,1
1790124061,18531.48,0,1,ONLINE,18524.87,0,2634821,2941,162795,0,0,1,1,1,1,1
1790124066,18536.72,0,1,ONLINE,18530.11,0,2635363,2941,162795,0,0,1,1,1,1,1
1790124072,18541.94,0,1,ONLINE,18535.33,0,2635967,2941,162795,0,0,1,1,1,1,1
1790124077,18547.17,0,1,ONLINE,18540.56,0,2636634,2941,162795,0,0,1,1,1,1,1
1790124082,18552.40,0,1,ONLINE,18545.79,0,2637266,2941,162795,0,0,1,1,1,1,1
1790124087,18557.62,0,1,ONLINE,18551.01,0,2637858,2941,162795,0,0,1,1,1,1,1
1790124092,18562.85,0,1,ONLINE,18556.24,0,2638568,2941,162795,0,0,1,1,1,1,1
1790124098,18568.07,0,1,ONLINE,18561.46,0,2639144,2941,162795,0,0,1,1,1,1,1
1790124103,18573.30,0,1,ONLINE,18566.69,0,2639844,2941,162795,0,0,1,1,1,1,1
1790124108,18578.52,0,1,ONLINE,18571.91,0,2640631,2941,162795,0,0,1,1,1,1,1
1790124113,18583.75,0,1,ONLINE,18577.14,0,2641223,2941,162795,0,0,1,1,1,1,1
1790124119,18588.97,0,1,ONLINE,18582.36,0,2642025,2941,162795,0,0,1,1,1,1,1
1790124124,18594.20,0,1,ONLINE,18587.59,0,2642567,2941,162795,0,0,1,1,1,1,1
1790124129,18599.43,0,1,ONLINE,18592.82,0,2643389,2941,162795,0,0,1,1,1,1,1
1790124134,18604.65,0,1,ONLINE,18598.04,0,2644067,2941,162795,0,0,1,1,1,1,1
1790124139,18609.87,0,1,ONLINE,18603.26,0,2644755,2941,162795,0,0,1,1,1,1,1
1790124145,18615.09,0,1,ONLINE,18608.48,0,2645419,2941,162795,0,0,1,1,1,1,1
1790124150,18620.32,0,1,ONLINE,18613.71,0,2646229,2941,162795,0,0,1,1,1,1,1
1790124155,18625.54,0,1,ONLINE,18618.93,0,2646912,2941,162795,0,0,1,1,1,1,1
1790124160,18630.76,0,1,ONLINE,18624.15,0,2647738,2941,162795,0,0,1,1,1,1,1
1790124166,18635.99,0,1,ONLINE,18629.38,0,2648333,2941,162795,0,0,1,1,1,1,1
1790124171,18641.21,0,1,ONLINE,18634.60,0,2648976,2941,162795,0,0,1,1,1,1,1
1790124176,18646.43,0,1,ONLINE,18639.82,0,2649616,2941,162795,0,0,1,1,1,1,1
1790124181,18651.66,0,1,ONLINE,18645.05,0,2650255,2941,162795,0,0,1,1,1,1,1
1790124186,18656.88,0,1,ONLINE,18650.27,0,2650780,2941,162795,0,0,1,1,1,1,1
1790124192,18662.10,0,1,ONLINE,18655.49,0,2651471,2941,162795,0,0,1,1,1,1,1
1790124197,18667.32,0,1,ONLINE,18660.71,0,2651994,2941,162795,0,0,1,1,1,1,1
1790124202,18672.56,0,1,ONLINE,18665.95,0,2652755,2941,162795,0,0,1,1,1,1,1
1790124207,18677.79,0,1,ONLINE,18671.18,0,2653340,2941,162795,0,0,1,1,1,1,1
1790124213,18683.02,0,1,ONLINE,18676.41,0,2653923,2941,162795,0,0,1,1,1,1,1
1790124218,18688.25,0,1,ONLINE,18681.64,0,2654556,2941,162795,0,0,1,1,1,1,1
1790124223,18693.47,0,1,ONLINE,18686.86,0,2655201,2941,162795,0,0,1,1,1,1,1
1790124228,18698.71,0,1,ONLINE,18692.10,0,2655885,2941,162795,0,0,1,1,1,1,1
1790124234,18703.95,0,1,ONLINE,18697.34,0,2656502,2941,162795,0,0,1,1,1,1,1
1790124239,18709.18,0,1,ONLINE,18702.57,0,2657036,2941,162795,0,0,1,1,1,1,1
1790124244,18714.40,0,1,ONLINE,18707.79,0,2657518,2941,162795,0,0,1,1,1,1,1
1790124249,18719.62,0,1,ONLINE,18713.01,0,2658195,2941,162795,0,0,1,1,1,1,1
1790124254,18724.85,0,1,ONLINE,18718.24,0,2658683,2941,162795,0,0,1,1,1,1,1
1790124260,18730.07,0,1,ONLINE,18723.46,0,2659382,2941,162795,0,0,1,1,1,1,1
1790124265,18735.29,0,1,ONLINE,18728.68,0,2659848,2941,162795,0,0,1,1,1,1,1
1790124270,18740.52,0,1,ONLINE,18733.91,0,2660073,2953,163178,0,0,1,1,1,1,1
1790124275,18745.75,0,1,ONLINE,18739.14,0,2660567,2953,163178,0,0,1,1,1,1,1
1790124281,18750.98,0,1,ONLINE,18744.37,0,2661144,2953,163178,0,0,1,1,1,1,1
1790124286,18756.20,0,1,ONLINE,18749.59,0,2661613,2953,163178,0,0,1,1,1,1,1
1790124291,18761.42,0,1,ONLINE,18754.81,0,2662198,2953,163178,0,0,1,1,1,1,1
1790124296,18766.64,0,1,ONLINE,18760.03,0,2662692,2953,163178,0,0,1,1,1,1,1
1790124301,18771.87,0,1,ONLINE,18765.26,0,2663427,2953,163178,0,0,1,1,1,1,1
1790124307,18777.09,0,1,ONLINE,18770.48,0,2663759,2954,163393,0,0,1,1,1,1,1
1790124312,18782.32,0,1,ONLINE,18775.71,0,2664167,2956,163445,0,0,1,1,1,1,1
1790124317,18787.55,0,1,ONLINE,18780.94,0,2664847,2956,163445,0,0,1,1,1,1,1
1790124322,18792.77,0,1,ONLINE,18786.16,0,2665438,2956,163445,0,0,1,1,1,1,1
1790124328,18798.01,0,1,ONLINE,18791.40,0,2665865,2956,163445,0,0,1,1,1,1,1
1790124333,18803.23,0,1,ONLINE,18796.62,0,2665923,2961,163878,0,0,1,1,1,1,1
1790124338,18808.45,0,1,ONLINE,18801.84,0,2666178,2971,164218,0,0,1,1,1,1,1
1790124343,18813.68,0,1,ONLINE,18807.07,0,2666778,2971,164218,0,0,1,1,1,1,1
1790124348,18818.90,0,1,ONLINE,18812.29,0,2667326,2971,164218,0,0,1,1,1,1,1
1790124354,18824.13,0,1,ONLINE,18817.52,0,2667993,2971,164218,0,0,1,1,1,1,1
1790124359,18829.35,0,1,ONLINE,18822.74,0,2668309,2977,164426,0,0,1,1,1,1,1
1790124364,18834.58,0,1,ONLINE,18827.97,0,2668365,2990,164916,0,0,1,1,1,1,1
1790124369,18839.82,0,1,ONLINE,18833.21,0,2668955,2995,165068,0,0,1,1,1,1,1
1790124375,18845.04,0,1,ONLINE,18838.43,0,2669536,2995,165068,0,0,1,1,1,1,1
1790124380,18850.27,0,1,ONLINE,18843.66,0,2670343,2995,165068,0,0,1,1,1,1,1
1790124385,18855.49,0,1,ONLINE,18848.88,0,2670922,2995,165068,0,0,1,1,1,1,1
1790124390,18860.73,0,1,ONLINE,18854.12,0,2671381,2995,165068,0,0,1,1,1,1,1
1790124396,18865.95,0,1,ONLINE,18859.34,0,2671517,3007,165621,0,0,1,1,1,1,1
1790124401,18871.18,0,1,ONLINE,18864.57,0,2671959,3016,165753,0,0,1,1,1,1,1
1790124406,18876.41,0,1,ONLINE,18869.80,0,2672355,3016,165753,0,0,1,1,1,1,1
1790124411,18881.63,0,1,ONLINE,18875.02,0,2672933,3016,165753,0,0,1,1,1,1,1
1790124416,18886.85,0,1,ONLINE,18880.24,0,2673603,3016,165753,0,0,1,1,1,1,1
1790124422,18892.08,0,1,ONLINE,18885.47,0,2674055,3016,165753,0,0,1,1,1,1,1
1790124427,18897.30,0,1,ONLINE,18890.69,0,2674362,3030,166093,0,0,1,1,1,1,1
1790124432,18902.54,0,1,ONLINE,18895.93,0,2674901,3030,166093,0,0,1,1,1,1,1
1790124437,18907.76,0,1,ONLINE,18901.15,0,2675404,3030,166093,0,0,1,1,1,1,1
1790124443,18912.99,0,1,ONLINE,18906.38,0,2676034,3030,166093,0,0,1,1,1,1,1
1790124448,18918.21,0,1,ONLINE,18911.60,0,2676676,3030,166093,0,0,1,1,1,1,1
1790124453,18923.43,0,1,ONLINE,18916.82,0,2677302,3030,166093,0,0,1,1,1,1,1
1790124458,18928.67,0,1,ONLINE,18922.06,0,2677881,3030,166093,0,0,1,1,1,1,1
1790124463,18933.90,0,1,ONLINE,18927.29,0,2678473,3030,166093,0,0,1,1,1,1,1
1790124469,18939.12,0,1,ONLINE,18932.51,0,2679180,3030,166093,0,0,1,1,1,1,1
1790124474,18944.34,0,1,ONLINE,18937.73,0,2679783,3030,166093,0,0,1,1,1,1,1
1790124479,18949.56,0,1,ONLINE,18942.95,0,2680276,3030,166093,0,0,1,1,1,1,1
1790124484,18954.79,0,1,ONLINE,18948.18,0,2680991,3030,166093,0,0,1,1,1,1,1
1790124490,18960.02,0,1,ONLINE,18953.41,0,2681541,3030,166093,0,0,1,1,1,1,1
1790124495,18965.52,0,1,ONLINE,18958.91,0,2682024,3030,166093,0,0,1,1,1,1,1
1790124500,18970.76,0,1,ONLINE,18964.15,0,2682720,3030,166093,0,0,1,1,1,1,1
1790124506,18975.98,0,1,ONLINE,18969.37,0,2683279,3030,166093,0,0,1,1,1,1,1
1790124511,18981.21,0,1,ONLINE,18974.60,0,2683845,3030,166093,0,0,1,1,1,1,1
1790124516,18986.45,0,1,ONLINE,18979.84,0,2684518,3030,166093,0,0,1,1,1,1,1
1790124521,18991.68,0,1,ONLINE,18985.07,0,2684866,3032,166237,0,0,1,1,1,1,1
1790124526,18996.90,0,1,ONLINE,18990.29,0,2685250,3032,166400,0,0,1,1,1,1,1
1790124532,19002.14,0,1,ONLINE,18995.53,0,2685953,3032,166400,0,0,1,1,1,1,1
1790124537,19007.37,0,1,ONLINE,19000.76,0,2686337,3032,166400,0,0,1,1,1,1,1
1790124542,19012.59,0,1,ONLINE,19005.98,0,2686830,3032,166400,0,0,1,1,1,1,1
1790124547,19017.81,0,1,ONLINE,19011.20,0,2687314,3032,166400,0,0,1,1,1,1,1
1790124553,19023.04,0,1,ONLINE,19016.43,0,2687462,3041,166787,0,0,1,1,1,1,1
1790124558,19028.26,0,1,ONLINE,19021.65,0,2687632,3045,167111,0,0,1,1,1,1,1
1790124563,19033.49,0,1,ONLINE,19026.88,0,2688107,3045,167111,0,0,1,1,1,1,1
1790124568,19038.72,0,1,ONLINE,19032.11,0,2688447,3047,167220,0,0,1,1,1,1,1
1790124574,19043.95,0,1,ONLINE,19037.34,0,2688889,3048,167403,0,0,1,1,1,1,1
1790124579,19049.18,0,1,ONLINE,19042.57,0,2689427,3048,167403,0,0,1,1,1,1,1
1790124584,19054.41,0,1,ONLINE,19047.80,0,2689911,3048,167403,0,0,1,1,1,1,1
1790124589,19059.63,0,1,ONLINE,19053.02,0,2690574,3048,167403,0,0,1,1,1,1,1
1790124594,19064.86,0,1,ONLINE,19058.25,0,2691020,3048,167403,0,0,1,1,1,1,1
1790124600,19070.08,0,1,ONLINE,19063.47,0,2691275,3055,167633,0,0,1,1,1,1,1
1790124605,19075.31,0,1,ONLINE,19068.70,0,2691845,3055,167633,0,0,1,1,1,1,1
1790124610,19080.54,0,1,ONLINE,19073.93,0,2692326,3055,167633,0,0,1,1,1,1,1
1790124615,19085.78,0,1,ONLINE,19079.17,0,2692630,3055,167796,0,0,1,1,1,1,1
1790124621,19091.00,0,1,ONLINE,19084.39,0,2692897,3061,168192,0,0,1,1,1,1,1
1790124626,19096.23,0,1,ONLINE,19089.62,0,2693467,3061,168192,0,0,1,1,1,1,1
1790124631,19101.46,0,1,ONLINE,19094.85,0,2694031,3061,168192,0,0,1,1,1,1,1
1790124636,19106.68,0,1,ONLINE,19100.07,0,2694717,3061,168192,0,0,1,1,1,1,1
1790124641,19111.91,0,1,ONLINE,19105.30,0,2695312,3061,168192,0,0,1,1,1,1,1
1790124647,19117.14,0,1,ONLINE,19110.53,0,2695879,3061,168192,0,0,1,1,1,1,1
1790124652,19122.36,0,1,ONLINE,19115.75,0,2696580,3061,168192,0,0,1,1,1,1,1
1790124657,19127.60,0,1,ONLINE,19120.99,0,2697019,3061,168192,0,0,1,1,1,1,1
1790124662,19132.82,0,1,ONLINE,19126.21,0,2697556,3061,168192,0,0,1,1,1,1,1
1790124668,19138.05,0,1,ONLINE,19131.44,0,2698173,3061,168192,0,0,1,1,1,1,1
1790124673,19143.27,0,1,ONLINE,19136.66,0,2698633,3061,168192,0,0,1,1,1,1,1
1790124678,19148.52,0,1,ONLINE,19141.91,0,2699142,3061,168192,0,0,1,1,1,1,1
1790124683,19153.75,0,1,ONLINE,19147.14,0,2699704,3061,168192,0,0,1,1,1,1,1
1790124689,19158.98,0,1,ONLINE,19152.37,0,2700188,3061,168192,0,0,1,1,1,1,1
1790124694,19164.20,0,1,ONLINE,19157.59,0,2700819,3061,168192,0,0,1,1,1,1,1
1790124699,19169.44,0,1,ONLINE,19162.83,0,2701388,3061,168192,0,0,1,1,1,1,1
1790124704,19174.68,0,1,ONLINE,19168.07,0,2701825,3061,168192,0,0,1,1,1,1,1
1790124709,19179.90,0,1,ONLINE,19173.29,0,2702109,3072,168482,0,0,1,1,1,1,1
1790124715,19185.13,0,1,ONLINE,19178.52,0,2702698,3072,168482,0,0,1,1,1,1,1
1790124720,19190.38,0,1,ONLINE,19183.77,0,2703290,3072,168482,0,0,1,1,1,1,1
1790124725,19195.62,0,1,ONLINE,19189.01,0,2703866,3072,168482,0,0,1,1,1,1,1
1790124730,19200.85,0,1,ONLINE,19194.24,0,2704421,3072,168482,0,0,1,1,1,1,1
1790124736,19206.09,0,1,ONLINE,19199.48,0,2704976,3072,168482,0,0,1,1,1,1,1
1790124741,19211.31,0,1,ONLINE,19204.70,0,2705684,3072,168482,0,0,1,1,1,1,1
1790124746,19216.54,0,1,ONLINE,19209.93,0,2706234,3072,168482,0,0,1,1,1,1,1
1790124751,19221.76,0,1,ONLINE,19215.15,0,2706834,3072,168482,0,0,1,1,1,1,1
1790124757,19226.99,0,1,ONLINE,19220.38,0,2707385,3072,168482,0,0,1,1,1,1,1
1790124762,19232.21,0,1,ONLINE,19225.60,0,2707967,3072,168482,0,0,1,1,1,1,1
1790124767,19237.44,0,1,ONLINE,19230.83,0,2708543,3072,168482,0,0,1,1,1,1,1
1790124772,19242.66,0,1,ONLINE,19236.05,0,2709227,3072,168482,0,0,1,1,1,1,1
1790124777,19247.89,0,1,ONLINE,19241.28,0,2709890,3072,168482,0,0,1,1,1,1,1
1790124783,19253.11,0,1,ONLINE,19246.50,0,2710359,3072,168482,0,0,1,1,1,1,1
1790124788,19258.33,0,1,ONLINE,19251.72,0,2710683,3081,168758,0,0,1,1,1,1,1
1790124793,19263.56,0,1,ONLINE,19256.95,0,2711308,3081,168758,0,0,1,1,1,1,1
1790124798,19268.79,0,1,ONLINE,19262.18,0,2711965,3081,168758,0,0,1,1,1,1,1
1790124804,19274.02,0,1,ONLINE,19267.41,0,2712635,3081,168758,0,0,1,1,1,1,1
1790124809,19279.25,0,1,ONLINE,19272.64,0,2713095,3081,168758,0,0,1,1,1,1,1
1790124814,19284.47,0,1,ONLINE,19277.86,0,2713268,3087,169013,0,0,1,1,1,1,1
1790124819,19289.70,0,1,ONLINE,19283.09,0,2713581,3090,169262,0,0,1,1,1,1,1
1790124825,19294.94,0,1,ONLINE,19288.33,0,2714035,3090,169262,0,0,1,1,1,1,1
1790124830,19300.16,0,1,ONLINE,19293.55,0,2714613,3090,169262,0,0,1,1,1,1,1
1790124835,19305.40,0,1,ONLINE,19298.79,0,2715308,3090,169262,0,0,1,1,1,1,1
1790124840,19310.64,0,1,ONLINE,19304.03,0,2715855,3090,169262,0,0,1,1,1,1,1
1790124845,19315.86,0,1,ONLINE,19309.25,0,2716378,3090,169262,0,0,1,1,1,1,1
1790124851,19321.09,0,1,ONLINE,19314.48,0,2717085,3090,169262,0,0,1,1,1,1,1
1790124856,19326.31,0,1,ONLINE,19319.70,0,2717581,3090,169262,0,0,1,1,1,1,1
1790124861,19331.54,0,1,ONLINE,19324.93,0,2718139,3090,169262,0,0,1,1,1,1,1
1790124866,19336.77,0,1,ONLINE,19330.16,0,2718784,3090,169262,0,0,1,1,1,1,1
1790124872,19342.00,0,1,ONLINE,19335.39,0,2719219,3090,169262,0,0,1,1,1,1,1
1790124877,19347.23,0,1,ONLINE,19340.62,0,2719713,3090,169262,0,0,1,1,1,1,1
1790124882,19352.45,0,1,ONLINE,19345.84,0,2720262,3090,169262,0,0,1,1,1,1,1
1790124887,19357.71,0,1,ONLINE,19351.10,0,2720926,3090,169262,0,0,1,1,1,1,1
1790124893,19362.93,0,1,ONLINE,19356.32,0,2721754,3090,169262,0,0,1,1,1,1,1
1790124898,19368.17,0,1,ONLINE,19361.56,0,2722172,3090,169314,0,0,1,1,1,1,1
1790124903,19373.39,0,1,ONLINE,19366.78,0,2722296,3105,169821,0,0,1,1,1,1,1
1790124908,19378.62,0,1,ONLINE,19372.01,0,2722853,3105,169821,0,0,1,1,1,1,1
1790124913,19383.84,0,1,ONLINE,19377.23,0,2723431,3105,169821,0,0,1,1,1,1,1
1790124919,19389.07,0,1,ONLINE,19382.46,0,2724092,3105,169821,0,0,1,1,1,1,1
1790124924,19394.30,0,1,ONLINE,19387.69,0,2724967,3105,169821,0,0,1,1,1,1,1
1790124929,19399.53,0,1,ONLINE,19392.92,0,2725407,3105,169917,0,0,1,1,1,1,1
1790124934,19404.76,0,1,ONLINE,19398.15,0,2725516,3112,170350,0,0,1,1,1,1,1
1790124940,19409.99,0,1,ONLINE,19403.38,0,2725951,3114,170413,0,0,1,1,1,1,1
1790124945,19415.22,0,1,ONLINE,19408.61,0,2725984,3115,170816,0,0,1,1,1,1,1
1790124950,19420.44,0,1,ONLINE,19413.83,0,2726422,3120,171081,0,0,1,1,1,1,1
1790124955,19425.67,0,1,ONLINE,19419.06,0,2727200,3120,171081,0,0,1,1,1,1,1
1790124960,19430.90,0,1,ONLINE,19424.29,0,2727739,3120,171081,0,0,1,1,1,1,1
1790124966,19436.13,0,1,ONLINE,19429.52,0,2728271,3120,171081,0,0,1,1,1,1,1
1790124971,19441.35,0,1,ONLINE,19434.74,0,2728947,3120,171081,0,0,1,1,1,1,1
1790124976,19446.58,0,1,ONLINE,19439.97,0,2729520,3120,171081,0,0,1,1,1,1,1
1790124981,19451.81,0,1,ONLINE,19445.20,0,2730151,3120,171081,0,0,1,1,1,1,1
1790124987,19457.04,0,1,ONLINE,19450.43,0,2730834,3120,171081,0,0,1,1,1,1,1
1790124992,19462.26,0,1,ONLINE,19455.65,0,2731710,3120,171081,0,0,1,1,1,1,1
1790124997,19467.50,0,1,ONLINE,19460.89,0,2732507,3120,171081,0,0,1,1,1,1,1
1790125002,19472.72,0,1,ONLINE,19466.11,0,2733129,3120,171081,0,0,1,1,1,1,1
1790125008,19477.94,0,1,ONLINE,19471.33,0,2733754,3120,171081,0,0,1,1,1,1,1
1790125013,19483.18,0,1,ONLINE,19476.57,0,2734295,3120,171081,0,0,1,1,1,1,1
1790125018,19488.40,0,1,ONLINE,19481.79,0,2735032,3120,171081,0,0,1,1,1,1,1
1790125023,19493.63,0,1,ONLINE,19487.02,0,2735535,3120,171081,0,0,1,1,1,1,1
1790125028,19498.87,0,1,ONLINE,19492.26,0,2736356,3120,171081,0,0,1,1,1,1,1
1790125034,19504.10,0,1,ONLINE,19497.49,0,2737065,3120,171081,0,0,1,1,1,1,1
1790125039,19509.33,0,1,ONLINE,19502.72,0,2737714,3120,171081,0,0,1,1,1,1,1
1790125044,19514.56,0,1,ONLINE,19507.95,0,2738375,3120,171081,0,0,1,1,1,1,1
1790125049,19519.79,0,1,ONLINE,19513.18,0,2738765,3124,171221,0,0,1,1,1,1,1
1790125055,19525.02,0,1,ONLINE,19518.41,0,2739278,3130,171488,0,0,1,1,1,1,1
1790125060,19530.26,0,1,ONLINE,19523.65,0,2739803,3130,171488,0,0,1,1,1,1,1
1790125065,19535.49,0,1,ONLINE,19528.88,0,2740015,3139,171829,0,0,1,1,1,1,1
1790125070,19540.73,0,1,ONLINE,19534.12,0,2740725,3139,171829,0,0,1,1,1,1,1
1790125076,19545.96,0,1,ONLINE,19539.35,0,2741297,3139,171829,0,0,1,1,1,1,1
1790125081,19551.19,0,1,ONLINE,19544.58,0,2741851,3139,171829,0,0,1,1,1,1,1
1790125086,19556.41,0,1,ONLINE,19549.80,0,2742437,3139,171829,0,0,1,1,1,1,1
1790125091,19561.64,0,1,ONLINE,19555.03,0,2742931,3139,171829,0,0,1,1,1,1,1
1790125096,19566.87,0,1,ONLINE,19560.26,0,2743451,3139,171829,0,0,1,1,1,1,1
1790125102,19572.09,0,1,ONLINE,19565.48,0,2744012,3139,171829,0,0,1,1,1,1,1
1790125107,19577.32,0,1,ONLINE,19570.71,0,2744524,3139,171829,0,0,1,1,1,1,1
1790125112,19582.55,0,1,ONLINE,19575.94,0,2744769,3147,172054,0,0,1,1,1,1,1
1790125117,19587.77,0,1,ONLINE,19581.16,0,2745356,3151,172078,0,0,1,1,1,1,1
1790125123,19593.00,0,1,ONLINE,19586.39,0,2745870,3151,172078,0,0,1,1,1,1,1
1790125128,19598.24,0,1,ONLINE,19591.63,0,2746439,3151,172078,0,0,1,1,1,1,1
1790125133,19603.46,0,1,ONLINE,19596.85,0,2746995,3151,172078,0,0,1,1,1,1,1
1790125138,19608.69,0,1,ONLINE,19602.08,0,2747388,3152,172176,0,0,1,1,1,1,1
1790125144,19613.92,0,1,ONLINE,19607.31,0,2747444,3157,172612,0,0,1,1,1,1,1
1790125149,19619.16,0,1,ONLINE,19612.55,0,2748030,3157,172612,0,0,1,1,1,1,1
1790125154,19624.38,0,1,ONLINE,19617.77,0,2748643,3157,172612,0,0,1,1,1,1,1
1790125159,19629.61,0,1,ONLINE,19623.00,0,2749298,3157,172612,0,0,1,1,1,1,1
1790125164,19634.83,0,1,ONLINE,19628.22,0,2749840,3157,172612,0,0,1,1,1,1,1
1790125170,19640.05,0,1,ONLINE,19633.44,0,2750414,3157,172612,0,0,1,1,1,1,1
1790125175,19645.28,0,1,ONLINE,19638.67,0,2750935,3157,172612,0,0,1,1,1,1,1
1790125180,19650.51,0,1,ONLINE,19643.90,0,2751471,3157,172612,0,0,1,1,1,1,1
1790125185,19655.73,0,1,ONLINE,19649.12,0,2752146,3157,172612,0,0,1,1,1,1,1
1790125191,19660.97,0,1,ONLINE,19654.36,0,2752827,3157,172612,0,0,1,1,1,1,1
1790125196,19666.19,0,1,ONLINE,19659.58,0,2753507,3157,172612,0,0,1,1,1,1,1
1790125201,19671.42,0,1,ONLINE,19664.81,0,2753981,3157,172612,0,0,1,1,1,1,1
1790125206,19676.64,0,1,ONLINE,19670.03,0,2754528,3157,172612,0,0,1,1,1,1,1
1790125211,19681.87,0,1,ONLINE,19675.26,0,2755059,3157,172612,0,0,1,1,1,1,1
1790125217,19687.09,0,1,ONLINE,19680.48,0,2755581,3157,172612,0,0,1,1,1,1,1
1790125222,19692.32,0,1,ONLINE,19685.71,0,2756158,3157,172612,0,0,1,1,1,1,1
1790125227,19697.56,0,1,ONLINE,19690.95,0,2756832,3157,172612,0,0,1,1,1,1,1
1790125232,19702.78,0,1,ONLINE,19696.17,0,2757228,3157,172612,0,0,1,1,1,1,1
1790125238,19708.00,0,1,ONLINE,19701.39,0,2757586,3160,172899,0,0,1,1,1,1,1
1790125243,19713.24,0,1,ONLINE,19706.63,0,2758265,3160,172899,0,0,1,1,1,1,1
1790125248,19718.46,0,1,ONLINE,19711.85,0,2758852,3160,172899,0,0,1,1,1,1,1
1790125253,19723.68,0,1,ONLINE,19717.07,0,2759527,3160,172899,0,0,1,1,1,1,1
1790125258,19728.91,0,1,ONLINE,19722.30,0,2760232,3160,172899,0,0,1,1,1,1,1
1790125264,19734.14,0,1,ONLINE,19727.53,0,2760596,3165,173123,0,0,1,1,1,1,1
1790125269,19739.36,0,1,ONLINE,19732.75,0,2761208,3166,173204,0,0,1,1,1,1,1
1790125274,19744.60,0,1,ONLINE,19737.99,0,2761772,3166,173204,0,0,1,1,1,1,1
1790125279,19749.82,0,1,ONLINE,19743.21,0,2762353,3166,173204,0,0,1,1,1,1,1
1790125285,19755.05,0,1,ONLINE,19748.44,0,2762769,3166,173204,0,0,1,1,1,1,1
1790125290,19760.29,0,1,ONLINE,19753.68,0,2763338,3166,173204,0,0,1,1,1,1,1
1790125295,19765.52,0,1,ONLINE,19758.91,0,2764059,3166,173204,0,0,1,1,1,1,1
1790125300,19770.75,0,1,ONLINE,19764.14,0,2764608,3166,173204,0,0,1,1,1,1,1
1790125306,19775.97,0,1,ONLINE,19769.36,0,2765233,3166,173204,0,0,1,1,1,1,1
1790125311,19781.20,0,1,ONLINE,19774.59,0,2765935,3166,173204,0,0,1,1,1,1,1
1790125316,19786.43,0,1,ONLINE,19779.82,0,2766617,3166,173204,0,0,1,1,1,1,1
1790125321,19791.66,0,1,ONLINE,19785.05,0,2766954,3167,173334,0,0,1,1,1,1,1
1790125326,19796.88,0,1,ONLINE,19790.27,0,2767065,3171,173780,0,0,1,1,1,1,1
1790125332,19802.11,0,1,ONLINE,19795.50,0,2767667,3171,173780,0,0,1,1,1,1,1
1790125337,19807.35,0,1,ONLINE,19800.74,0,2768148,3171,173780,0,0,1,1,1,1,1
1790125342,19812.57,0,1,ONLINE,19805.96,0,2768723,3171,173780,0,0,1,1,1,1,1
1790125347,19817.80,0,1,ONLINE,19811.19,0,2769318,3171,173780,0,0,1,1,1,1,1
1790125353,19823.03,0,1,ONLINE,19816.42,0,2769678,3191,174033,0,0,1,1,1,1,1
1790125358,19828.27,0,1,ONLINE,19821.66,0,2770305,3193,174135,0,0,1,1,1,1,1
1790125363,19833.51,0,1,ONLINE,19826.90,0,2770842,3193,174135,0,0,1,1,1,1,1
1790125368,19838.74,0,1,ONLINE,19832.13,0,2771481,3193,174135,0,0,1,1,1,1,1
1790125374,19843.97,0,1,ONLINE,19837.36,0,2772046,3193,174135,0,0,1,1,1,1,1
1790125379,19849.19,0,1,ONLINE,19842.58,0,2772527,3193,174135,0,0,1,1,1,1,1
1790125384,19854.42,0,1,ONLINE,19847.81,0,2772575,3198,174593,0,0,1,1,1,1,1
1790125389,19859.65,0,1,ONLINE,19853.04,0,2773165,3200,174690,0,0,1,1,1,1,1
1790125394,19864.89,0,1,ONLINE,19858.28,0,2773612,3200,174690,0,0,1,1,1,1,1
1790125400,19870.11,0,1,ONLINE,19863.50,0,2774139,3200,174690,0,0,1,1,1,1,1
1790125405,19875.34,0,1,ONLINE,19868.73,0,2774658,3200,174690,0,0,1,1,1,1,1
1790125410,19880.57,0,1,ONLINE,19873.96,0,2775226,3200,174690,0,0,1,1,1,1,1
1790125415,19885.80,0,1,ONLINE,19879.19,0,2775512,3204,174946,0,0,1,1,1,1,1
1790125421,19891.04,0,1,ONLINE,19884.43,0,2776049,3204,174946,0,0,1,1,1,1,1
1790125426,19896.26,0,1,ONLINE,19889.65,0,2776291,3205,175132,0,0,1,1,1,1,1
1790125431,19901.49,0,1,ONLINE,19894.88,0,2776807,3205,175140,0,0,1,1,1,1,1
1790125436,19906.71,0,1,ONLINE,19900.10,0,2777336,3205,175140,0,0,1,1,1,1,1
1790125442,19911.94,0,1,ONLINE,19905.33,0,2777798,3206,175193,0,0,1,1,1,1,1
1790125447,19917.18,0,1,ONLINE,19910.57,0,2778166,3212,175494,0,0,1,1,1,1,1
1790125452,19922.40,0,1,ONLINE,19915.79,0,2778728,3212,175494,0,0,1,1,1,1,1
1790125457,19927.64,0,1,ONLINE,19921.03,0,2779211,3212,175494,0,0,1,1,1,1,1
1790125462,19932.86,0,1,ONLINE,19926.25,0,2779792,3212,175494,0,0,1,1,1,1,1
1790125468,19938.09,0,1,ONLINE,19931.48,0,2780397,3212,175494,0,0,1,1,1,1,1
1790125473,19943.32,0,1,ONLINE,19936.71,0,2780950,3212,175494,0,0,1,1,1,1,1
1790125478,19948.54,0,1,ONLINE,19941.93,0,2781564,3212,175494,0,0,1,1,1,1,1
1790125483,19953.77,0,1,ONLINE,19947.16,0,2782073,3212,175494,0,0,1,1,1,1,1
1790125489,19959.00,0,1,ONLINE,19952.39,0,2782629,3212,175494,0,0,1,1,1,1,1
1790125494,19964.23,0,1,ONLINE,19957.62,0,2783375,3212,175494,0,0,1,1,1,1,1
1790125499,19969.46,0,1,ONLINE,19962.85,0,2783886,3212,175494,0,0,1,1,1,1,1
1790125504,19974.69,0,1,ONLINE,19968.08,0,2784499,3212,175494,0,0,1,1,1,1,1
1790125510,19979.92,0,1,ONLINE,19973.31,0,2785184,3212,175494,0,0,1,1,1,1,1
1790125515,19985.15,0,1,ONLINE,19978.54,0,2785756,3212,175494,0,0,1,1,1,1,1
1790125520,19990.38,0,1,ONLINE,19983.77,0,2786279,3212,175494,0,0,1,1,1,1,1
1790125525,19995.61,0,1,ONLINE,19989.00,0,2786982,3212,175494,0,0,1,1,1,1,1
1790125530,20000.84,0,1,ONLINE,19994.23,0,2787408,3213,175611,0,0,1,1,1,1,1
1790125536,20006.07,0,1,ONLINE,19999.46,0,2787477,3225,176128,0,0,1,1,1,1,1
1790125541,20011.30,0,1,ONLINE,20004.69,0,2788169,3225,176128,0,0,1,1,1,1,1
1790125546,20016.54,0,1,ONLINE,20009.93,0,2788611,3225,176231,0,0,1,1,1,1,1
1790125551,20021.77,0,1,ONLINE,20015.16,0,2789006,3228,176440,0,0,1,1,1,1,1
1790125557,20027.01,0,1,ONLINE,20020.40,0,2789578,3228,176440,0,0,1,1,1,1,1
1790125562,20032.23,0,1,ONLINE,20025.62,0,2790245,3228,176440,0,0,1,1,1,1,1
1790125567,20037.46,0,1,ONLINE,20030.85,0,2790988,3228,176440,0,0,1,1,1,1,1
1790125572,20042.69,0,1,ONLINE,20036.08,0,2791502,3228,176440,0,0,1,1,1,1,1
1790125578,20047.91,0,1,ONLINE,20041.30,0,2792005,3228,176440,0,0,1,1,1,1,1
1790125583,20053.15,0,1,ONLINE,20046.54,0,2792773,3228,176440,0,0,1,1,1,1,1
1790125588,20058.38,0,1,ONLINE,20051.77,0,2793454,3228,176440,0,0,1,1,1,1,1
1790125593,20063.61,0,1,ONLINE,20057.00,0,2794240,3228,176440,0,0,1,1,1,1,1
1790125598,20068.84,0,1,ONLINE,20062.23,0,2794838,3228,176440,0,0,1,1,1,1,1
1790125604,20074.08,0,1,ONLINE,20067.47,0,2795527,3228,176440,0,0,1,1,1,1,1
1790125609,20079.30,0,1,ONLINE,20072.69,0,2796082,3228,176440,0,0,1,1,1,1,1
1790125614,20084.53,0,1,ONLINE,20077.92,0,2796612,3228,176440,0,0,1,1,1,1,1
1790125619,20089.75,0,1,ONLINE,20083.14,0,2797111,3228,176440,0,0,1,1,1,1,1
1790125625,20095.00,0,1,ONLINE,20088.39,0,2797703,3228,176440,0,0,1,1,1,1,1
1790125630,20100.22,0,1,ONLINE,20093.61,0,2798179,3231,176624,0,0,1,1,1,1,1
1790125635,20105.45,0,1,ONLINE,20098.84,0,2798602,3231,176735,0,0,1,1,1,1,1
1790125640,20110.68,0,1,ONLINE,20104.07,0,2799303,3231,176735,0,0,1,1,1,1,1
1790125645,20115.91,0,1,ONLINE,20109.30,0,2799871,3231,176735,0,0,1,1,1,1,1
1790125651,20121.14,0,1,ONLINE,20114.53,0,2800373,3231,176735,0,0,1,1,1,1,1
1790125656,20126.36,0,1,ONLINE,20119.75,0,2800947,3231,176735,0,0,1,1,1,1,1
1790125661,20131.59,0,1,ONLINE,20124.98,0,2801587,3231,176735,0,0,1,1,1,1,1
1790125666,20136.82,0,1,ONLINE,20130.21,0,2802080,3231,176735,0,0,1,1,1,1,1
1790125672,20142.06,0,1,ONLINE,20135.45,0,2802857,3231,176735,0,0,1,1,1,1,1
1790125677,20147.28,0,1,ONLINE,20140.67,0,2803466,3231,176735,0,0,1,1,1,1,1
1790125682,20152.51,0,1,ONLINE,20145.90,0,2803830,3231,176771,0,0,1,1,1,1,1
1790125687,20157.74,0,1,ONLINE,20151.13,0,2804168,3235,177001,0,0,1,1,1,1,1
1790125693,20162.96,0,1,ONLINE,20156.35,0,2804374,3237,177232,0,0,1,1,1,1,1
1790125698,20168.19,0,1,ONLINE,20161.58,0,2804655,3240,177580,0,0,1,1,1,1,1
1790125703,20173.42,0,1,ONLINE,20166.81,0,2805327,3240,177580,0,0,1,1,1,1,1
1790125708,20178.65,0,1,ONLINE,20172.04,0,2805910,3240,177580,0,0,1,1,1,1,1
1790125713,20183.88,0,1,ONLINE,20177.27,0,2806170,3243,177821,0,0,1,1,1,1,1
1790125719,20189.10,0,1,ONLINE,20182.49,0,2806508,3255,178141,0,0,1,1,1,1,1
1790125724,20194.33,0,1,ONLINE,20187.72,0,2807116,3255,178141,0,0,1,1,1,1,1
1790125729,20199.56,0,1,ONLINE,20192.95,0,2807818,3255,178141,0,0,1,1,1,1,1
1790125734,20204.78,0,1,ONLINE,20198.17,0,2808494,3255,178141,0,0,1,1,1,1,1
1790125740,20210.01,0,1,ONLINE,20203.40,0,2808957,3255,178141,0,0,1,1,1,1,1
1790125745,20215.23,0,1,ONLINE,20208.62,0,2809162,3268,178510,0,0,1,1,1,1,1
1790125750,20220.46,0,1,ONLINE,20213.85,0,2809681,3268,178510,0,0,1,1,1,1,1
1790125755,20225.69,0,1,ONLINE,20219.08,0,2810085,3269,178535,0,0,1,1,1,1,1
1790125761,20230.92,0,1,ONLINE,20224.31,0,2810512,3276,178785,0,0,1,1,1,1,1
1790125766,20236.14,0,1,ONLINE,20229.53,0,2811081,3276,178785,0,0,1,1,1,1,1
1790125771,20241.37,0,1,ONLINE,20234.76,0,2811303,3282,179137,0,0,1,1,1,1,1
1790125776,20246.62,0,1,ONLINE,20240.01,0,2811948,3282,179137,0,0,1,1,1,1,1
1790125781,20251.85,0,1,ONLINE,20245.24,0,2812333,3284,179195,0,0,1,1,1,1,1
1790125787,20257.09,0,1,ONLINE,20250.48,0,2812373,3289,179618,0,0,1,1,1,1,1
1790125792,20262.31,0,1,ONLINE,20255.70,0,2813010,3289,179620,0,0,1,1,1,1,1
1790125797,20267.54,0,1,ONLINE,20260.93,0,2813623,3289,179620,0,0,1,1,1,1,1
1790125802,20272.77,0,1,ONLINE,20266.16,0,2814207,3289,179620,0,0,1,1,1,1,1
1790125808,20278.00,0,1,ONLINE,20271.39,0,2814845,3289,179620,0,0,1,1,1,1,1
1790125813,20283.23,0,1,ONLINE,20276.62,0,2815346,3290,179677,0,0,1,1,1,1,1
1790125818,20288.46,0,1,ONLINE,20281.85,0,2815388,3293,180130,0,0,1,1,1,1,1
1790125823,20293.69,0,1,ONLINE,20287.08,0,2816098,3293,180130,0,0,1,1,1,1,1
1790125829,20298.92,0,1,ONLINE,20292.31,0,2816610,3293,180183,0,0,1,1,1,1,1
1790125834,20304.15,0,1,ONLINE,20297.54,0,2816656,3300,180593,0,0,1,1,1,1,1
1790125839,20309.37,0,1,ONLINE,20302.76,0,2816971,3304,180891,0,0,1,1,1,1,1
1790125844,20314.60,0,1,ONLINE,20307.99,0,2817516,3304,180891,0,0,1,1,1,1,1
1790125849,20319.83,0,1,ONLINE,20313.22,0,2818323,3304,180891,0,0,1,1,1,1,1
1790125855,20325.06,0,1,ONLINE,20318.45,0,2818913,3304,180891,0,0,1,1,1,1,1
1790125860,20330.30,0,1,ONLINE,20323.69,0,2819355,3304,180891,0,0,1,1,1,1,1
1790125865,20335.54,0,1,ONLINE,20328.93,0,2819556,3312,181186,0,0,1,1,1,1,1
1790125870,20340.77,0,1,ONLINE,20334.16,0,2820027,3312,181217,0,0,1,1,1,1,1
1790125876,20346.00,0,1,ONLINE,20339.39,0,2820063,3315,181665,0,0,1,1,1,1,1
1790125881,20351.23,0,1,ONLINE,20344.62,0,2820585,3315,181697,0,0,1,1,1,1,1
1790125886,20356.46,0,1,ONLINE,20349.85,0,2821163,3315,181697,0,0,1,1,1,1,1
1790125891,20361.69,0,1,ONLINE,20355.08,0,2821776,3315,181697,0,0,1,1,1,1,1
1790125897,20366.92,0,1,ONLINE,20360.31,0,2822370,3315,181697,0,0,1,1,1,1,1
1790125902,20372.15,0,1,ONLINE,20365.54,0,2822894,3315,181697,0,0,1,1,1,1,1
1790125907,20377.37,0,1,ONLINE,20370.76,0,2823221,3317,181822,0,0,1,1,1,1,1
1790125912,20382.60,0,1,ONLINE,20375.99,0,2823583,3333,182042,0,0,1,1,1,1,1
1790125917,20387.84,0,1,ONLINE,20381.23,0,2824156,3333,182042,0,0,1,1,1,1,1
1790125923,20393.07,0,1,ONLINE,20386.46,0,2824674,3333,182042,0,0,1,1,1,1,1
1790125928,20398.31,0,1,ONLINE,20391.70,0,2824885,3342,182468,0,0,1,1,1,1,1
1790125933,20403.54,0,1,ONLINE,20396.93,0,2824945,3355,182981,0,0,1,1,1,1,1
1790125938,20408.77,0,1,ONLINE,20402.16,0,2825041,3367,183475,0,0,1,1,1,1,1
1790125944,20414.01,0,1,ONLINE,20407.40,0,2825504,3367,183538,0,0,1,1,1,1,1
1790125949,20419.25,0,1,ONLINE,20412.64,0,2826103,3367,183538,0,0,1,1,1,1,1
1790125954,20424.48,0,1,ONLINE,20417.87,0,2826634,3367,183538,0,0,1,1,1,1,1
1790125959,20429.71,0,1,ONLINE,20423.10,0,2826871,3376,183841,0,0,1,1,1,1,1
1790125965,20434.94,0,1,ONLINE,20428.33,0,2827377,3376,183841,0,0,1,1,1,1,1
1790125970,20440.16,0,1,ONLINE,20433.55,0,2828164,3376,183841,0,0,1,1,1,1,1
1790125975,20445.39,0,1,ONLINE,20438.78,0,2828760,3376,183841,0,0,1,1,1,1,1
1790125980,20450.62,0,1,ONLINE,20444.01,0,2829000,3384,184237,0,0,1,1,1,1,1
1790125985,20455.86,0,1,ONLINE,20449.25,0,2829622,3384,184237,0,0,1,1,1,1,1
1790125991,20461.08,0,1,ONLINE,20454.47,0,2830164,3385,184254,0,0,1,1,1,1,1
1790125996,20466.32,0,1,ONLINE,20459.71,0,2830215,3394,184821,0,0,1,1,1,1,1
1790126001,20471.56,0,1,ONLINE,20464.95,0,2830880,3397,184848,0,0,1,1,1,1,1
1790126006,20476.78,0,1,ONLINE,20470.17,0,2831370,3397,184848,0,0,1,1,1,1,1
1790126012,20482.01,0,1,ONLINE,20475.40,0,2831962,3397,184851,0,0,1,1,1,1,1
1790126017,20487.23,0,1,ONLINE,20480.62,0,2832027,3416,185403,0,0,1,1,1,1,1
1790126022,20492.47,0,1,ONLINE,20485.86,0,2832077,3421,185790,0,0,1,1,1,1,1
1790126027,20497.72,0,1,ONLINE,20491.11,0,2832641,3423,185929,0,0,1,1,1,1,1
1790126033,20502.94,0,1,ONLINE,20496.33,0,2833232,3423,185929,0,0,1,1,1,1,1
1790126038,20508.17,0,1,ONLINE,20501.56,0,2833781,3423,185929,0,0,1,1,1,1,1
1790126043,20513.40,0,1,ONLINE,20506.79,0,2834430,3423,185929,0,0,1,1,1,1,1
1790126048,20518.62,0,1,ONLINE,20512.01,0,2835320,3423,185929,0,0,1,1,1,1,1
1790126053,20523.85,0,1,ONLINE,20517.24,0,2835887,3423,185929,0,0,1,1,1,1,1
1790126059,20529.08,0,1,ONLINE,20522.47,0,2836825,3423,185929,0,0,1,1,1,1,1
1790126064,20534.31,0,1,ONLINE,20527.70,0,2837512,3423,185929,0,0,1,1,1,1,1
1790126069,20539.55,0,1,ONLINE,20532.94,0,2837973,3423,185929,0,0,1,1,1,1,1
1790126074,20544.79,0,1,ONLINE,20538.18,0,2838655,3423,185929,0,0,1,1,1,1,1
1790126080,20550.02,0,1,ONLINE,20543.41,0,2839283,3423,185929,0,0,1,1,1,1,1
1790126085,20555.24,0,1,ONLINE,20548.63,0,2839876,3423,185929,0,0,1,1,1,1,1
1790126090,20560.46,0,1,ONLINE,20553.85,0,2840627,3423,185929,0,0,1,1,1,1,1
1790126095,20565.69,0,1,ONLINE,20559.08,0,2841200,3423,185929,0,0,1,1,1,1,1
1790126101,20570.93,0,1,ONLINE,20564.32,0,2841773,3423,185929,0,0,1,1,1,1,1
1790126106,20576.16,0,1,ONLINE,20569.55,0,2842168,3425,186120,0,0,1,1,1,1,1
1790126111,20581.38,0,1,ONLINE,20574.77,0,2842779,3425,186144,0,0,1,1,1,1,1
1790126116,20586.62,0,1,ONLINE,20580.01,0,2843272,3425,186144,0,0,1,1,1,1,1
1790126121,20591.85,0,1,ONLINE,20585.24,0,2844008,3425,186144,0,0,1,1,1,1,1
1790126127,20597.07,0,1,ONLINE,20590.46,0,2844777,3425,186144,0,0,1,1,1,1,1
1790126132,20602.30,0,1,ONLINE,20595.69,0,2845204,3426,186192,0,0,1,1,1,1,1
1790126138,20608.01,0,1,ONLINE,20601.40,0,2845504,3433,186434,0,0,1,1,1,1,1
1790126143,20613.24,0,1,ONLINE,20606.63,0,2846056,3433,186434,0,0,1,1,1,1,1
1790126148,20618.46,0,1,ONLINE,20611.85,0,2846596,3433,186434,0,0,1,1,1,1,1
1790126153,20623.69,0,1,ONLINE,20617.08,0,2847383,3433,186434,0,0,1,1,1,1,1
1790126159,20628.92,0,1,ONLINE,20622.31,0,2848014,3433,186434,0,0,1,1,1,1,1
1790126164,20634.15,0,1,ONLINE,20627.54,0,2848301,3434,186716,0,0,1,1,1,1,1
1790126169,20639.37,0,1,ONLINE,20632.76,0,2848961,3434,186716,0,0,1,1,1,1,1
1790126174,20644.61,0,1,ONLINE,20638.00,0,2849436,3434,186716,0,0,1,1,1,1,1
1790126179,20649.84,0,1,ONLINE,20643.23,0,2849949,3434,186716,0,0,1,1,1,1,1
1790126185,20655.07,0,1,ONLINE,20648.46,0,2850474,3434,186716,0,0,1,1,1,1,1
1790126190,20660.30,0,1,ONLINE,20653.69,0,2850923,3434,186716,0,0,1,1,1,1,1
1790126195,20665.54,0,1,ONLINE,20658.93,0,2851494,3434,186716,0,0,1,1,1,1,1
1790126200,20670.76,0,1,ONLINE,20664.15,0,2852204,3434,186716,0,0,1,1,1,1,1
1790126206,20675.99,0,1,ONLINE,20669.38,0,2852761,3434,186716,0,0,1,1,1,1,1
1790126211,20681.22,0,1,ONLINE,20674.61,0,2853508,3434,186716,0,0,1,1,1,1,1
1790126216,20686.45,0,1,ONLINE,20679.84,0,2854092,3434,186716,0,0,1,1,1,1,1
1790126221,20691.68,0,1,ONLINE,20685.07,0,2854510,3434,186716,0,0,1,1,1,1,1
1790126226,20696.91,0,1,ONLINE,20690.30,0,2854687,3434,187018,0,0,1,1,1,1,1
1790126232,20702.14,0,1,ONLINE,20695.53,0,2855124,3445,187288,0,0,1,1,1,1,1
1790126237,20707.39,0,1,ONLINE,20700.78,0,2855692,3445,187288,0,0,1,1,1,1,1
1790126242,20712.62,0,1,ONLINE,20706.01,0,2856329,3445,187288,0,0,1,1,1,1,1
1790126247,20717.86,0,1,ONLINE,20711.25,0,2856890,3445,187288,0,0,1,1,1,1,1
1790126253,20723.10,0,1,ONLINE,20716.49,0,2857409,3445,187288,0,0,1,1,1,1,1
1790126258,20728.33,0,1,ONLINE,20721.72,0,2858195,3445,187288,0,0,1,1,1,1,1
1790126263,20733.56,0,1,ONLINE,20726.95,0,2858810,3445,187288,0,0,1,1,1,1,1
1790126268,20738.79,0,1,ONLINE,20732.18,0,2859359,3445,187288,0,0,1,1,1,1,1
1790126274,20744.01,0,1,ONLINE,20737.40,0,2859978,3445,187288,0,0,1,1,1,1,1
1790126279,20749.24,0,1,ONLINE,20742.63,0,2860660,3445,187288,0,0,1,1,1,1,1
1790126284,20754.47,0,1,ONLINE,20747.86,0,2861232,3445,187288,0,0,1,1,1,1,1
1790126289,20759.70,0,1,ONLINE,20753.09,0,2861743,3445,187288,0,0,1,1,1,1,1
1790126295,20764.93,0,1,ONLINE,20758.32,0,2862139,3445,187309,0,0,1,1,1,1,1
1790126300,20770.15,0,1,ONLINE,20763.54,0,2862499,3451,187522,0,0,1,1,1,1,1
1790126305,20775.38,0,1,ONLINE,20768.77,0,2863095,3451,187522,0,0,1,1,1,1,1
1790126310,20780.61,0,1,ONLINE,20774.00,0,2863588,3451,187522,0,0,1,1,1,1,1
1790126315,20785.84,0,1,ONLINE,20779.23,0,2863818,3465,187847,0,0,1,1,1,1,1
1790126321,20791.07,0,1,ONLINE,20784.46,0,2864542,3465,187847,0,0,1,1,1,1,1
1790126326,20796.30,0,1,ONLINE,20789.69,0,2864910,3467,187932,0,0,1,1,1,1,1
1790126331,20801.54,0,1,ONLINE,20794.93,0,2865289,3479,188159,0,0,1,1,1,1,1
1790126336,20806.77,0,1,ONLINE,20800.16,0,2865835,3479,188159,0,0,1,1,1,1,1
1790126342,20812.00,0,1,ONLINE,20805.39,0,2866428,3479,188159,0,0,1,1,1,1,1
1790126347,20817.22,0,1,ONLINE,20810.61,0,2867022,3479,188159,0,0,1,1,1,1,1
1790126352,20822.46,0,1,ONLINE,20815.85,0,2867483,3479,188159,0,0,1,1,1,1,1
1790126357,20827.69,0,1,ONLINE,20821.08,0,2867605,3479,188450,0,0,1,1,1,1,1
1790126363,20832.92,0,1,ONLINE,20826.31,0,2868047,3480,188620,0,0,1,1,1,1,1
1790126368,20838.15,0,1,ONLINE,20831.54,0,2868587,3480,188620,0,0,1,1,1,1,1
1790126373,20843.37,0,1,ONLINE,20836.76,0,2869111,3480,188620,0,0,1,1,1,1,1
1790126378,20848.60,0,1,ONLINE,20841.99,0,2869663,3480,188620,0,0,1,1,1,1,1
1790126383,20853.83,0,1,ONLINE,20847.22,0,2870098,3480,188620,0,0,1,1,1,1,1
1790126389,20859.06,0,1,ONLINE,20852.45,0,2870898,3480,188620,0,0,1,1,1,1,1
1790126394,20864.29,0,1,ONLINE,20857.68,0,2871436,3480,188620,0,0,1,1,1,1,1
1790126399,20869.52,0,1,ONLINE,20862.91,0,2871882,3480,188620,0,0,1,1,1,1,1
1790126404,20874.76,0,1,ONLINE,20868.15,0,2872232,3481,188880,0,0,1,1,1,1,1
1790126410,20879.99,0,1,ONLINE,20873.38,0,2872821,3481,188880,0,0,1,1,1,1,1
1790126415,20885.21,0,1,ONLINE,20878.60,0,2873499,3481,188880,0,0,1,1,1,1,1
1790126420,20890.44,0,1,ONLINE,20883.83,0,2874250,3481,188880,0,0,1,1,1,1,1
1790126425,20895.67,0,1,ONLINE,20889.06,0,2874794,3481,188880,0,0,1,1,1,1,1
1790126430,20900.90,0,1,ONLINE,20894.29,0,2875046,3490,189202,0,0,1,1,1,1,1
1790126436,20906.13,0,1,ONLINE,20899.52,0,2875682,3490,189202,0,0,1,1,1,1,1
1790126441,20911.37,0,1,ONLINE,20904.76,0,2876262,3490,189202,0,0,1,1,1,1,1
1790126446,20916.59,0,1,ONLINE,20909.98,0,2876829,3490,189202,0,0,1,1,1,1,1
1790126451,20921.82,0,1,ONLINE,20915.21,0,2877593,3490,189202,0,0,1,1,1,1,1
1790126457,20927.04,0,1,ONLINE,20920.43,0,2878303,3490,189202,0,0,1,1,1,1,1
1790126462,20932.27,0,1,ONLINE,20925.66,0,2878939,3490,189202,0,0,1,1,1,1,1
1790126467,20937.50,0,1,ONLINE,20930.89,0,2879633,3490,189202,0,0,1,1,1,1,1
1790126472,20942.74,0,1,ONLINE,20936.13,0,2880206,3490,189202,0,0,1,1,1,1,1
1790126478,20947.98,0,1,ONLINE,20941.37,0,2880538,3498,189399,0,0,1,1,1,1,1
1790126483,20953.22,0,1,ONLINE,20946.61,0,2881001,3499,189494,0,0,1,1,1,1,1
1790126488,20958.44,0,1,ONLINE,20951.83,0,2881712,3499,189494,0,0,1,1,1,1,1
1790126493,20963.68,0,1,ONLINE,20957.07,0,2882575,3499,189494,0,0,1,1,1,1,1
1790126498,20968.91,0,1,ONLINE,20962.30,0,2883291,3499,189494,0,0,1,1,1,1,1
1790126504,20974.14,0,1,ONLINE,20967.53,0,2883919,3499,189494,0,0,1,1,1,1,1
1790126509,20979.36,0,1,ONLINE,20972.75,0,2884545,3499,189494,0,0,1,1,1,1,1
1790126514,20984.59,0,1,ONLINE,20977.98,0,2885163,3499,189494,0,0,1,1,1,1,1
1790126519,20989.83,0,1,ONLINE,20983.22,0,2885696,3499,189494,0,0,1,1,1,1,1
1790126525,20995.06,0,1,ONLINE,20988.45,0,2886258,3499,189494,0,0,1,1,1,1,1
1790126530,21000.29,0,1,ONLINE,20993.68,0,2886875,3499,189494,0,0,1,1,1,1,1
1790126535,21005.52,0,1,ONLINE,20998.91,0,2887290,3499,189494,0,0,1,1,1,1,1
1790126540,21010.75,0,1,ONLINE,21004.14,0,2887793,3499,189494,0,0,1,1,1,1,1
1790126546,21015.97,0,1,ONLINE,21009.36,0,2888324,3499,189494,0,0,1,1,1,1,1
1790126551,21021.20,0,1,ONLINE,21014.59,0,2888748,3499,189494,0,0,1,1,1,1,1
1790126556,21026.43,0,1,ONLINE,21019.82,0,2889000,3503,189759,0,0,1,1,1,1,1
1790126561,21031.66,0,1,ONLINE,21025.05,0,2889616,3515,189842,0,0,1,1,1,1,1
1790126567,21036.92,0,1,ONLINE,21030.31,0,2890176,3515,189842,0,0,1,1,1,1,1
1790126572,21042.15,0,1,ONLINE,21035.54,0,2890758,3515,189842,0,0,1,1,1,1,1
1790126577,21047.39,0,1,ONLINE,21040.78,0,2891234,3515,189842,0,0,1,1,1,1,1
1790126582,21052.64,0,1,ONLINE,21046.03,0,2891818,3515,189842,0,0,1,1,1,1,1
1790126587,21057.88,0,1,ONLINE,21051.27,0,2892488,3515,189842,0,0,1,1,1,1,1
1790126593,21063.11,0,1,ONLINE,21056.50,0,2893109,3515,189842,0,0,1,1,1,1,1
1790126598,21068.35,0,1,ONLINE,21061.74,0,2893702,3515,189842,0,0,1,1,1,1,1
1790126603,21073.58,0,1,ONLINE,21066.97,0,2894296,3515,189842,0,0,1,1,1,1,1
1790126608,21078.81,0,1,ONLINE,21072.20,0,2895017,3515,189842,0,0,1,1,1,1,1
1790126614,21084.04,0,1,ONLINE,21077.43,0,2895539,3515,189842,0,0,1,1,1,1,1
1790126619,21089.27,0,1,ONLINE,21082.66,0,2896180,3515,189842,0,0,1,1,1,1,1
1790126624,21094.50,0,1,ONLINE,21087.89,0,2896727,3515,189842,0,0,1,1,1,1,1
1790126629,21099.73,0,1,ONLINE,21093.12,0,2897305,3515,189842,0,0,1,1,1,1,1
1790126635,21104.95,0,1,ONLINE,21098.34,0,2897853,3515,189842,0,0,1,1,1,1,1
1790126640,21110.19,0,1,ONLINE,21103.58,0,2898424,3515,189842,0,0,1,1,1,1,1
1790126645,21115.42,0,1,ONLINE,21108.81,0,2898588,3515,190167,0,0,1,1,1,1,1
1790126650,21120.65,0,1,ONLINE,21114.04,0,2899141,3515,190167,0,0,1,1,1,1,1
1790126655,21125.87,0,1,ONLINE,21119.26,0,2899663,3515,190167,0,0,1,1,1,1,1
1790126661,21131.10,0,1,ONLINE,21124.49,0,2900161,3515,190167,0,0,1,1,1,1,1
1790126666,21136.33,0,1,ONLINE,21129.72,0,2900713,3515,190167,0,0,1,1,1,1,1
1790126671,21141.57,0,1,ONLINE,21134.96,0,2901192,3515,190167,0,0,1,1,1,1,1
1790126676,21146.81,0,1,ONLINE,21140.20,0,2901727,3515,190167,0,0,1,1,1,1,1
1790126682,21152.04,0,1,ONLINE,21145.43,0,2902307,3515,190167,0,0,1,1,1,1,1
1790126687,21157.27,0,1,ONLINE,21150.66,0,2902810,3515,190167,0,0,1,1,1,1,1
1790126692,21162.52,0,1,ONLINE,21155.91,0,2903392,3515,190167,0,0,1,1,1,1,1
1790126697,21167.74,0,1,ONLINE,21161.13,0,2903897,3515,190167,0,0,1,1,1,1,1
1790126703,21172.97,0,1,ONLINE,21166.36,0,2904422,3515,190167,0,0,1,1,1,1,1
1790126708,21178.20,0,1,ONLINE,21171.59,0,2905041,3515,190167,0,0,1,1,1,1,1
1790126713,21183.43,0,1,ONLINE,21176.82,0,2905618,3515,190167,0,0,1,1,1,1,1
1790126718,21188.66,0,1,ONLINE,21182.05,0,2906164,3515,190167,0,0,1,1,1,1,1
1790126723,21193.88,0,1,ONLINE,21187.27,0,2906882,3515,190167,0,0,1,1,1,1,1
1790126729,21199.11,0,1,ONLINE,21192.50,0,2907348,3515,190167,0,0,1,1,1,1,1
1790126734,21204.34,0,1,ONLINE,21197.73,0,2907449,3518,190474,0,0,1,1,1,1,1
1790126739,21209.60,0,1,ONLINE,21202.99,0,2907943,3520,190625,0,0,1,1,1,1,1
1790126744,21214.83,0,1,ONLINE,21208.22,0,2908367,3520,190625,0,0,1,1,1,1,1
1790126750,21220.06,0,1,ONLINE,21213.45,0,2909067,3520,190625,0,0,1,1,1,1,1
1790126755,21225.29,0,1,ONLINE,21218.68,0,2909619,3520,190625,0,0,1,1,1,1,1
1790126760,21230.52,0,1,ONLINE,21223.91,0,2910127,3520,190625,0,0,1,1,1,1,1
1790126765,21235.75,0,1,ONLINE,21229.14,0,2910369,3523,190873,0,0,1,1,1,1,1
1790126771,21240.98,0,1,ONLINE,21234.37,0,2910764,3525,191031,0,0,1,1,1,1,1
1790126776,21246.23,0,1,ONLINE,21239.62,0,2910810,3531,191485,0,0,1,1,1,1,1
1790126781,21251.46,0,1,ONLINE,21244.85,0,2911317,3538,191735,0,0,1,1,1,1,1
1790126786,21256.71,0,1,ONLINE,21250.10,0,2911777,3538,191735,0,0,1,1,1,1,1
1790126792,21261.94,0,1,ONLINE,21255.33,0,2912446,3538,191735,0,0,1,1,1,1,1
1790126797,21267.16,0,1,ONLINE,21260.55,0,2913007,3538,191735,0,0,1,1,1,1,1
1790126802,21272.39,0,1,ONLINE,21265.78,0,2913536,3538,191735,0,0,1,1,1,1,1
1790126807,21277.62,0,1,ONLINE,21271.01,0,2913867,3541,191956,0,0,1,1,1,1,1
1790126812,21282.85,0,1,ONLINE,21276.24,0,2914680,3541,191956,0,0,1,1,1,1,1
1790126818,21288.08,0,1,ONLINE,21281.47,0,2915223,3541,191956,0,0,1,1,1,1,1
1790126823,21293.30,0,1,ONLINE,21286.69,0,2915517,3541,192103,0,0,1,1,1,1,1
1790126828,21298.54,0,1,ONLINE,21291.93,0,2916015,3543,192276,0,0,1,1,1,1,1
1790126833,21303.77,0,1,ONLINE,21297.16,0,2916538,3543,192276,0,0,1,1,1,1,1
1790126839,21309.00,0,1,ONLINE,21302.39,0,2917089,3543,192276,0,0,1,1,1,1,1
1790126844,21314.23,0,1,ONLINE,21307.62,0,2917669,3543,192276,0,0,1,1,1,1,1
1790126849,21319.46,0,1,ONLINE,21312.85,0,2918349,3543,192276,0,0,1,1,1,1,1
1790126854,21324.69,0,1,ONLINE,21318.08,0,2918956,3543,192276,0,0,1,1,1,1,1
1790126860,21329.92,0,1,ONLINE,21323.31,0,2919578,3543,192276,0,0,1,1,1,1,1
1790126865,21335.15,0,1,ONLINE,21328.54,0,2920081,3543,192276,0,0,1,1,1,1,1
1790126870,21340.38,0,1,ONLINE,21333.77,0,2920722,3543,192276,0,0,1,1,1,1,1
1790126875,21345.61,0,1,ONLINE,21339.00,0,2921227,3543,192276,0,0,1,1,1,1,1
1790126880,21350.84,0,1,ONLINE,21344.23,0,2921688,3543,192276,0,0,1,1,1,1,1
1790126886,21356.08,0,1,ONLINE,21349.47,0,2921986,3544,192462,0,0,1,1,1,1,1
1790126891,21361.32,0,1,ONLINE,21354.71,0,2922387,3545,192609,0,0,1,1,1,1,1
1790126896,21366.56,0,1,ONLINE,21359.95,0,2922835,3545,192609,0,0,1,1,1,1,1
1790126901,21371.80,0,1,ONLINE,21365.19,0,2923490,3545,192609,0,0,1,1,1,1,1
1790126907,21377.03,0,1,ONLINE,21370.42,0,2924004,3545,192609,0,0,1,1,1,1,1
1790126912,21382.26,0,1,ONLINE,21375.65,0,2924469,3545,192609,0,0,1,1,1,1,1
1790126917,21387.49,0,1,ONLINE,21380.88,0,2924543,3553,193042,0,0,1,1,1,1,1
1790126922,21392.74,0,1,ONLINE,21386.13,0,2924922,3554,193154,0,0,1,1,1,1,1
1790126928,21397.97,0,1,ONLINE,21391.36,0,2925519,3554,193154,0,0,1,1,1,1,1
1790126933,21403.20,0,1,ONLINE,21396.59,0,2926161,3554,193154,0,0,1,1,1,1,1
1790126938,21408.43,0,1,ONLINE,21401.82,0,2926632,3554,193154,0,0,1,1,1,1,1
1790126943,21413.66,0,1,ONLINE,21407.05,0,2927063,3554,193154,0,0,1,1,1,1,1
1790126948,21418.89,0,1,ONLINE,21412.28,0,2927647,3554,193154,0,0,1,1,1,1,1
1790126954,21424.12,0,1,ONLINE,21417.51,0,2928317,3554,193154,0,0,1,1,1,1,1
1790126959,21429.36,0,1,ONLINE,21422.75,0,2929043,3554,193154,0,0,1,1,1,1,1
1790126964,21434.60,0,1,ONLINE,21427.99,0,2929679,3554,193154,0,0,1,1,1,1,1
1790126969,21439.83,0,1,ONLINE,21433.22,0,2930182,3559,193269,0,0,1,1,1,1,1
1790126975,21445.05,0,1,ONLINE,21438.44,0,2930586,3561,193448,0,0,1,1,1,1,1
1790126980,21450.28,0,1,ONLINE,21443.67,0,2931182,3561,193448,0,0,1,1,1,1,1
1790126985,21455.51,0,1,ONLINE,21448.90,0,2931698,3561,193448,0,0,1,1,1,1,1
1790126990,21460.74,0,1,ONLINE,21454.13,0,2932304,3561,193448,0,0,1,1,1,1,1
1790126996,21465.97,0,1,ONLINE,21459.36,0,2932871,3561,193448,0,0,1,1,1,1,1
1790127001,21471.19,0,1,ONLINE,21464.58,0,2933483,3561,193448,0,0,1,1,1,1,1
1790127006,21476.43,0,1,ONLINE,21469.82,0,2934040,3561,193448,0,0,1,1,1,1,1
1790127011,21481.65,0,1,ONLINE,21475.04,0,2934626,3561,193448,0,0,1,1,1,1,1
1790127016,21486.88,0,1,ONLINE,21480.27,0,2935143,3561,193448,0,0,1,1,1,1,1
1790127022,21492.11,0,1,ONLINE,21485.50,0,2935771,3561,193448,0,0,1,1,1,1,1
1790127027,21497.33,0,1,ONLINE,21490.72,0,2936374,3561,193448,0,0,1,1,1,1,1
1790127032,21502.58,0,1,ONLINE,21495.97,0,2936919,3561,193448,0,0,1,1,1,1,1
1790127037,21507.80,0,1,ONLINE,21501.19,0,2937445,3561,193448,0,0,1,1,1,1,1
1790127043,21513.03,0,1,ONLINE,21506.42,0,2938079,3561,193448,0,0,1,1,1,1,1
1790127048,21518.26,0,1,ONLINE,21511.65,0,2938967,3561,193448,0,0,1,1,1,1,1
1790127053,21523.49,0,1,ONLINE,21516.88,0,2939656,3561,193448,0,0,1,1,1,1,1
1790127058,21528.72,0,1,ONLINE,21522.11,0,2940229,3561,193448,0,0,1,1,1,1,1
1790127064,21533.95,0,1,ONLINE,21527.34,0,2940787,3561,193448,0,0,1,1,1,1,1
1790127069,21539.19,0,1,ONLINE,21532.58,0,2941303,3561,193448,0,0,1,1,1,1,1
1790127074,21544.41,0,1,ONLINE,21537.80,0,2941905,3561,193448,0,0,1,1,1,1,1
1790127079,21549.64,0,1,ONLINE,21543.03,0,2942437,3561,193448,0,0,1,1,1,1,1
1790127084,21554.87,0,1,ONLINE,21548.26,0,2943017,3561,193448,0,0,1,1,1,1,1
1790127090,21560.10,0,1,ONLINE,21553.49,0,2943594,3561,193448,0,0,1,1,1,1,1
1790127095,21565.34,0,1,ONLINE,21558.73,0,2944249,3561,193448,0,0,1,1,1,1,1
1790127100,21570.57,0,1,ONLINE,21563.96,0,2944872,3561,193448,0,0,1,1,1,1,1
1790127105,21575.80,0,1,ONLINE,21569.19,0,2945373,3561,193448,0,0,1,1,1,1,1
1790127111,21581.03,0,1,ONLINE,21574.42,0,2946078,3561,193448,0,0,1,1,1,1,1
1790127116,21586.26,0,1,ONLINE,21579.65,0,2946696,3561,193448,0,0,1,1,1,1,1
1790127121,21591.49,0,1,ONLINE,21584.88,0,2947258,3561,193448,0,0,1,1,1,1,1
1790127126,21596.73,0,1,ONLINE,21590.12,0,2947830,3561,193448,0,0,1,1,1,1,1
1790127132,21601.96,0,1,ONLINE,21595.35,0,2948334,3561,193448,0,0,1,1,1,1,1
1790127137,21607.19,0,1,ONLINE,21600.58,0,2948785,3561,193448,0,0,1,1,1,1,1
1790127142,21612.42,0,1,ONLINE,21605.81,0,2949039,3567,193830,0,0,1,1,1,1,1
1790127147,21617.65,0,1,ONLINE,21611.04,0,2949552,3567,193830,0,0,1,1,1,1,1
1790127152,21622.89,0,1,ONLINE,21616.28,0,2950107,3567,193830,0,0,1,1,1,1,1
1790127158,21628.12,0,1,ONLINE,21621.51,0,2950814,3567,193830,0,0,1,1,1,1,1
1790127163,21633.35,0,1,ONLINE,21626.74,0,2951471,3567,193830,0,0,1,1,1,1,1
1790127168,21638.58,0,1,ONLINE,21631.97,0,2952093,3567,193830,0,0,1,1,1,1,1
1790127173,21643.82,0,1,ONLINE,21637.21,0,2952886,3567,193830,0,0,1,1,1,1,1
1790127179,21649.04,0,1,ONLINE,21642.43,0,2953450,3567,193830,0,0,1,1,1,1,1
1790127184,21654.27,0,1,ONLINE,21647.66,0,2953888,3571,194094,0,0,1,1,1,1,1
1790127189,21659.50,0,1,ONLINE,21652.89,0,2954618,3571,194094,0,0,1,1,1,1,1
1790127194,21664.73,0,1,ONLINE,21658.12,0,2955163,3571,194094,0,0,1,1,1,1,1
1790127200,21669.95,0,1,ONLINE,21663.34,0,2955492,3576,194309,0,0,1,1,1,1,1
1790127205,21675.18,0,1,ONLINE,21668.57,0,2956056,3586,194494,0,0,1,1,1,1,1
1790127210,21680.41,0,1,ONLINE,21673.80,0,2956613,3586,194494,0,0,1,1,1,1,1
1790127215,21685.64,0,1,ONLINE,21679.03,0,2957397,3586,194494,0,0,1,1,1,1,1
1790127220,21690.87,0,1,ONLINE,21684.26,0,2958008,3586,194494,0,0,1,1,1,1,1
1790127226,21696.10,0,1,ONLINE,21689.49,0,2958426,3586,194494,0,0,1,1,1,1,1
1790127231,21701.33,0,1,ONLINE,21694.72,0,2958902,3586,194494,0,0,1,1,1,1,1
1790127236,21706.55,0,1,ONLINE,21699.94,0,2959533,3586,194494,0,0,1,1,1,1,1
1790127241,21711.79,0,1,ONLINE,21705.18,0,2960273,3586,194494,0,0,1,1,1,1,1
1790127247,21717.02,0,1,ONLINE,21710.41,0,2960994,3586,194494,0,0,1,1,1,1,1
1790127252,21722.25,0,1,ONLINE,21715.64,0,2961629,3586,194494,0,0,1,1,1,1,1
1790127257,21727.48,0,1,ONLINE,21720.87,0,2962008,3586,194566,0,0,1,1,1,1,1
1790127262,21732.71,0,1,ONLINE,21726.10,0,2962394,3586,194781,0,0,1,1,1,1,1
1790127268,21737.94,0,1,ONLINE,21731.33,0,2963004,3586,194781,0,0,1,1,1,1,1
1790127273,21743.17,0,1,ONLINE,21736.56,0,2963591,3586,194781,0,0,1,1,1,1,1
1790127278,21748.40,0,1,ONLINE,21741.79,0,2964264,3586,194781,0,0,1,1,1,1,1
1790127283,21753.62,0,1,ONLINE,21747.01,0,2964790,3586,194781,0,0,1,1,1,1,1
1790127288,21758.85,0,1,ONLINE,21752.24,0,2965121,3589,195103,0,0,1,1,1,1,1
1790127294,21764.09,0,1,ONLINE,21757.48,0,2965688,3589,195103,0,0,1,1,1,1,1
1790127299,21769.33,0,1,ONLINE,21762.72,0,2966243,3589,195103,0,0,1,1,1,1,1
1790127304,21774.56,0,1,ONLINE,21767.95,0,2966576,3592,195328,0,0,1,1,1,1,1
1790127309,21779.79,0,1,ONLINE,21773.18,0,2967093,3592,195407,0,0,1,1,1,1,1
1790127315,21785.02,0,1,ONLINE,21778.41,0,2967645,3592,195407,0,0,1,1,1,1,1
1790127320,21790.26,0,1,ONLINE,21783.65,0,2968179,3592,195407,0,0,1,1,1,1,1
1790127325,21795.49,0,1,ONLINE,21788.88,0,2968922,3592,195407,0,0,1,1,1,1,1
1790127330,21800.72,0,1,ONLINE,21794.11,0,2969374,3592,195407,0,0,1,1,1,1,1
1790127336,21805.95,0,1,ONLINE,21799.34,0,2969711,3597,195614,0,0,1,1,1,1,1
1790127341,21811.18,0,1,ONLINE,21804.57,0,2970405,3597,195614,0,0,1,1,1,1,1
1790127346,21816.40,0,1,ONLINE,21809.79,0,2970902,3597,195614,0,0,1,1,1,1,1
1790127351,21821.64,0,1,ONLINE,21815.03,0,2971597,3597,195614,0,0,1,1,1,1,1
1790127356,21826.86,0,1,ONLINE,21820.25,0,2972336,3597,195614,0,0,1,1,1,1,1
1790127362,21832.09,0,1,ONLINE,21825.48,0,2972956,3597,195614,0,0,1,1,1,1,1
1790127367,21837.32,0,1,ONLINE,21830.71,0,2973675,3597,195614,0,0,1,1,1,1,1
1790127372,21842.56,0,1,ONLINE,21835.95,0,2974270,3597,195614,0,0,1,1,1,1,1
1790127377,21847.78,0,1,ONLINE,21841.17,0,2974984,3597,195614,0,0,1,1,1,1,1
1790127383,21853.02,0,1,ONLINE,21846.41,0,2975665,3597,195614,0,0,1,1,1,1,1
1790127388,21858.24,0,1,ONLINE,21851.63,0,2976256,3597,195614,0,0,1,1,1,1,1
1790127393,21863.47,0,1,ONLINE,21856.86,0,2976796,3597,195614,0,0,1,1,1,1,1
1790127398,21868.71,0,1,ONLINE,21862.10,0,2977480,3597,195614,0,0,1,1,1,1,1
1790127404,21873.94,0,1,ONLINE,21867.33,0,2978202,3597,195614,0,0,1,1,1,1,1
1790127409,21879.18,0,1,ONLINE,21872.57,0,2978748,3597,195614,0,0,1,1,1,1,1
1790127414,21884.41,0,1,ONLINE,21877.80,0,2979259,3597,195614,0,0,1,1,1,1,1
1790127419,21889.66,0,1,ONLINE,21883.05,0,2979634,3599,195683,0,0,1,1,1,1,1
1790127424,21894.89,0,1,ONLINE,21888.28,0,2980077,3605,195889,0,0,1,1,1,1,1
1790127430,21900.11,0,1,ONLINE,21893.50,0,2980523,3605,195889,0,0,1,1,1,1,1
1790127435,21905.35,0,1,ONLINE,21898.74,0,2981042,3605,195889,0,0,1,1,1,1,1
1790127440,21910.58,0,1,ONLINE,21903.97,0,2981273,3612,196235,0,0,1,1,1,1,1
1790127445,21915.81,0,1,ONLINE,21909.20,0,2981635,3612,196334,0,0,1,1,1,1,1
1790127451,21921.05,0,1,ONLINE,21914.44,0,2982072,3616,196474,0,0,1,1,1,1,1
1790127456,21926.28,0,1,ONLINE,21919.67,0,2982576,3616,196474,0,0,1,1,1,1,1
1790127461,21931.51,0,1,ONLINE,21924.90,0,2983241,3616,196474,0,0,1,1,1,1,1
1790127466,21936.75,0,1,ONLINE,21930.14,0,2983719,3616,196474,0,0,1,1,1,1,1
1790127472,21941.98,0,1,ONLINE,21935.37,0,2984550,3616,196474,0,0,1,1,1,1,1
1790127477,21947.21,0,1,ONLINE,21940.60,0,2985138,3616,196474,0,0,1,1,1,1,1
1790127482,21952.44,0,1,ONLINE,21945.83,0,2985395,3628,196904,0,0,1,1,1,1,1
1790127487,21957.67,0,1,ONLINE,21951.06,0,2986069,3628,196904,0,0,1,1,1,1,1
1790127492,21962.90,0,1,ONLINE,21956.29,0,2986434,3632,197171,0,0,1,1,1,1,1
1790127498,21968.13,0,1,ONLINE,21961.52,0,2987032,3636,197277,0,0,1,1,1,1,1
1790127503,21973.35,0,1,ONLINE,21966.74,0,2987745,3636,197277,0,0,1,1,1,1,1
1790127508,21978.58,0,1,ONLINE,21971.97,0,2988173,3636,197277,0,0,1,1,1,1,1
1790127513,21983.81,0,1,ONLINE,21977.20,0,2988514,3641,197515,0,0,1,1,1,1,1
1790127519,21989.04,0,1,ONLINE,21982.43,0,2989035,3641,197515,0,0,1,1,1,1,1
1790127524,21994.27,0,1,ONLINE,21987.66,0,2989306,3645,197697,0,0,1,1,1,1,1
1790127529,21999.50,0,1,ONLINE,21992.89,0,2989568,3656,198124,0,0,1,1,1,1,1
1790127534,22004.74,0,1,ONLINE,21998.13,0,2990335,3656,198124,0,0,1,1,1,1,1
1790127540,22009.97,0,1,ONLINE,22003.36,0,2991026,3656,198124,0,0,1,1,1,1,1
1790127545,22015.20,0,1,ONLINE,22008.59,0,2991607,3656,198124,0,0,1,1,1,1,1
1790127550,22020.43,0,1,ONLINE,22013.82,0,2992102,3656,198124,0,0,1,1,1,1,1
1790127555,22025.67,0,1,ONLINE,22019.06,0,2992567,3656,198124,0,0,1,1,1,1,1
1790127560,22030.90,0,1,ONLINE,22024.29,0,2992844,3670,198477,0,0,1,1,1,1,1
1790127566,22036.12,0,1,ONLINE,22029.51,0,2993372,3670,198484,0,0,1,1,1,1,1
1790127571,22041.35,0,1,ONLINE,22034.74,0,2993839,3670,198484,0,0,1,1,1,1,1
1790127576,22046.59,0,1,ONLINE,22039.98,0,2994404,3670,198484,0,0,1,1,1,1,1
1790127581,22051.81,0,1,ONLINE,22045.20,0,2994934,3670,198484,0,0,1,1,1,1,1
1790127587,22057.05,0,1,ONLINE,22050.44,0,2995318,3672,198629,0,0,1,1,1,1,1
1790127592,22062.28,0,1,ONLINE,22055.67,0,2995805,3673,198803,0,0,1,1,1,1,1
1790127597,22067.52,0,1,ONLINE,22060.91,0,2996256,3673,198803,0,0,1,1,1,1,1
1790127602,22072.75,0,1,ONLINE,22066.14,0,2996723,3673,198803,0,0,1,1,1,1,1
1790127608,22077.98,0,1,ONLINE,22071.37,0,2997337,3673,198803,0,0,1,1,1,1,1
1790127613,22083.21,0,1,ONLINE,22076.60,0,2997776,3673,198803,0,0,1,1,1,1,1
1790127618,22088.44,0,1,ONLINE,22081.83,0,2997898,3678,199123,0,0,1,1,1,1,1
1790127623,22093.67,0,1,ONLINE,22087.06,0,2998336,3678,199319,0,0,1,1,1,1,1
1790127628,22098.90,0,1,ONLINE,22092.29,0,2998928,3678,199319,0,0,1,1,1,1,1
1790127634,22104.13,0,1,ONLINE,22097.52,0,2999446,3678,199319,0,0,1,1,1,1,1
1790127639,22109.36,0,1,ONLINE,22102.75,0,3000041,3678,199319,0,0,1,1,1,1,1
1790127644,22114.60,0,1,ONLINE,22107.99,0,3000522,3678,199319,0,0,1,1,1,1,1
1790127649,22119.84,0,1,ONLINE,22113.23,0,3000744,3696,199719,0,0,1,1,1,1,1
1790127655,22125.07,0,1,ONLINE,22118.46,0,3001510,3696,199719,0,0,1,1,1,1,1
1790127660,22130.30,0,1,ONLINE,22123.69,0,3002124,3696,199719,0,0,1,1,1,1,1
1790127665,22135.54,0,1,ONLINE,22128.93,0,3002721,3696,199719,0,0,1,1,1,1,1
1790127670,22140.77,0,1,ONLINE,22134.16,0,3003252,3696,199719,0,0,1,1,1,1,1
1790127676,22146.00,0,1,ONLINE,22139.39,0,3003828,3696,199719,0,0,1,1,1,1,1
1790127681,22151.23,0,1,ONLINE,22144.62,0,3004475,3696,199719,0,0,1,1,1,1,1
1790127686,22156.47,0,1,ONLINE,22149.86,0,3005098,3696,199719,0,0,1,1,1,1,1
1790127691,22161.69,0,1,ONLINE,22155.08,0,3005502,3696,199719,0,0,1,1,1,1,1
1790127697,22166.93,0,1,ONLINE,22160.32,0,3006112,3696,199719,0,0,1,1,1,1,1
1790127702,22172.16,0,1,ONLINE,22165.55,0,3006691,3696,199719,0,0,1,1,1,1,1
1790127707,22177.39,0,1,ONLINE,22170.78,0,3007186,3696,199719,0,0,1,1,1,1,1
1790127712,22182.62,0,1,ONLINE,22176.01,0,3007853,3696,199719,0,0,1,1,1,1,1
1790127717,22187.85,0,1,ONLINE,22181.24,0,3008474,3696,199719,0,0,1,1,1,1,1
1790127723,22193.08,0,1,ONLINE,22186.47,0,3008931,3696,199719,0,0,1,1,1,1,1
1790127728,22198.31,0,1,ONLINE,22191.70,0,3009038,3704,200237,0,0,1,1,1,1,1
1790127733,22203.56,0,1,ONLINE,22196.95,0,3009264,3721,200688,0,0,1,1,1,1,1
1790127738,22208.79,0,1,ONLINE,22202.18,0,3009763,3721,200688,0,0,1,1,1,1,1
1790127744,22214.02,0,1,ONLINE,22207.41,0,3010380,3721,200688,0,0,1,1,1,1,1
1790127749,22219.25,0,1,ONLINE,22212.64,0,3010988,3721,200688,0,0,1,1,1,1,1
1790127754,22224.48,0,1,ONLINE,22217.87,0,3011307,3724,200958,0,0,1,1,1,1,1
1790127759,22229.71,0,1,ONLINE,22223.10,0,3011805,3724,201041,0,0,1,1,1,1,1
1790127765,22234.94,0,1,ONLINE,22228.33,0,3012019,3724,201352,0,0,1,1,1,1,1
1790127770,22240.17,0,1,ONLINE,22233.56,0,3012705,3724,201352,0,0,1,1,1,1,1
1790127775,22245.40,0,1,ONLINE,22238.79,0,3013327,3724,201352,0,0,1,1,1,1,1
1790127780,22250.63,0,1,ONLINE,22244.02,0,3013603,3727,201585,0,0,1,1,1,1,1
1790127785,22255.86,0,1,ONLINE,22249.25,0,3013761,3739,201937,0,0,1,1,1,1,1
1790127791,22261.09,0,1,ONLINE,22254.48,0,3014070,3739,202089,0,0,1,1,1,1,1
1790127796,22266.32,0,1,ONLINE,22259.71,0,3014437,3740,202235,0,0,1,1,1,1,1
1790127801,22271.55,0,1,ONLINE,22264.94,0,3014789,3749,202724,0,0,1,1,1,1,1
1790127806,22276.78,0,1,ONLINE,22270.17,0,3015419,3749,202724,0,0,1,1,1,1,1
1790127812,22282.01,0,1,ONLINE,22275.40,0,3015794,3756,202872,0,0,1,1,1,1,1
1790127817,22287.24,0,1,ONLINE,22280.63,0,3015940,3765,203353,0,0,1,1,1,1,1
1790127822,22292.48,0,1,ONLINE,22285.87,0,3016323,3767,203421,0,0,1,1,1,1,1
1790127827,22297.71,0,1,ONLINE,22291.10,0,3016385,3773,203827,0,0,1,1,1,1,1
1790127833,22302.96,0,1,ONLINE,22296.35,0,3017172,3773,203827,0,0,1,1,1,1,1
1790127838,22308.19,0,1,ONLINE,22301.58,0,3017708,3773,203827,0,0,1,1,1,1,1
1790127843,22313.42,0,1,ONLINE,22306.81,0,3018192,3778,203907,0,0,1,1,1,1,1
1790127848,22318.66,0,1,ONLINE,22312.05,0,3018516,3782,204107,0,0,1,1,1,1,1
1790127853,22323.89,0,1,ONLINE,22317.28,0,3018778,3782,204372,0,0,1,1,1,1,1
1790127859,22329.12,0,1,ONLINE,22322.51,0,3018825,3802,204868,0,0,1,1,1,1,1
1790127864,22334.35,0,1,ONLINE,22327.74,0,3019556,3802,204884,0,0,1,1,1,1,1
1790127869,22339.59,0,1,ONLINE,22332.98,0,3019966,3802,204884,0,0,1,1,1,1,1
1790127874,22344.83,0,1,ONLINE,22338.22,0,3020292,3808,205229,0,0,1,1,1,1,1
1790127880,22350.06,0,1,ONLINE,22343.45,0,3020822,3808,205229,0,0,1,1,1,1,1
1790127885,22355.28,0,1,ONLINE,22348.67,0,3021381,3808,205229,0,0,1,1,1,1,1
1790127890,22360.52,0,1,ONLINE,22353.91,0,3022178,3808,205229,0,0,1,1,1,1,1
1790127895,22365.76,0,1,ONLINE,22359.15,0,3022807,3808,205229,0,0,1,1,1,1,1
1790127901,22370.99,0,1,ONLINE,22364.38,0,3023031,3811,205544,0,0,1,1,1,1,1
1790127906,22376.22,0,1,ONLINE,22369.61,0,3023100,3821,206184,0,0,1,1,1,1,1
1790127911,22381.46,0,1,ONLINE,22374.85,0,3023616,3821,206261,0,0,1,1,1,1,1
1790127916,22386.68,0,1,ONLINE,22380.07,0,3023917,3827,206555,0,0,1,1,1,1,1
1790127922,22391.92,0,1,ONLINE,22385.31,0,3024559,3827,206555,0,0,1,1,1,1,1
1790127927,22397.15,0,1,ONLINE,22390.54,0,3025117,3827,206555,0,0,1,1,1,1,1
1790127932,22402.38,0,1,ONLINE,22395.77,0,3025633,3827,206555,0,0,1,1,1,1,1
1790127937,22407.61,0,1,ONLINE,22401.00,0,3026169,3827,206555,0,0,1,1,1,1,1
1790127942,22412.84,0,1,ONLINE,22406.23,0,3026708,3827,206555,0,0,1,1,1,1,1
1790127948,22418.08,0,1,ONLINE,22411.47,0,3027354,3827,206555,0,0,1,1,1,1,1
1790127953,22423.32,0,1,ONLINE,22416.71,0,3028006,3827,206555,0,0,1,1,1,1,1
1790127958,22428.55,0,1,ONLINE,22421.94,0,3028512,3827,206555,0,0,1,1,1,1,1
1790127963,22433.79,0,1,ONLINE,22427.18,0,3028761,3829,206883,0,0,1,1,1,1,1
1790127969,22439.04,0,1,ONLINE,22432.43,0,3029318,3829,206883,0,0,1,1,1,1,1
1790127974,22444.27,0,1,ONLINE,22437.66,0,3029670,3833,207023,0,0,1,1,1,1,1
1790127979,22449.51,0,1,ONLINE,22442.90,0,3030046,3840,207194,0,0,1,1,1,1,1
1790127984,22454.75,0,1,ONLINE,22448.14,0,3030615,3840,207194,0,0,1,1,1,1,1
1790127990,22459.98,0,1,ONLINE,22453.37,0,3031117,3840,207194,0,0,1,1,1,1,1
1790127995,22465.21,0,1,ONLINE,22458.60,0,3031428,3859,207571,0,0,1,1,1,1,1
1790128000,22470.46,0,1,ONLINE,22463.85,0,3032100,3859,207571,0,0,1,1,1,1,1
1790128005,22475.68,0,1,ONLINE,22469.07,0,3032710,3859,207571,0,0,1,1,1,1,1
1790128011,22480.92,0,1,ONLINE,22474.31,0,3033426,3859,207571,0,0,1,1,1,1,1
1790128016,22486.16,0,1,ONLINE,22479.55,0,3034062,3859,207571,0,0,1,1,1,1,1
1790128021,22491.39,0,1,ONLINE,22484.78,0,3034666,3859,207571,0,0,1,1,1,1,1
1790128026,22496.62,0,1,ONLINE,22490.01,0,3035269,3859,207571,0,0,1,1,1,1,1
1790128031,22501.87,0,1,ONLINE,22495.26,0,3035789,3859,207571,0,0,1,1,1,1,1
1790128037,22507.10,0,1,ONLINE,22500.49,0,3036346,3859,207571,0,0,1,1,1,1,1
1790128042,22512.34,0,1,ONLINE,22505.73,0,3036974,3859,207571,0,0,1,1,1,1,1
1790128047,22517.57,0,1,ONLINE,22510.96,0,3037530,3859,207571,0,0,1,1,1,1,1
1790128052,22522.80,0,1,ONLINE,22516.19,0,3037722,3862,207947,0,0,1,1,1,1,1
1790128058,22528.04,0,1,ONLINE,22521.43,0,3038308,3862,207947,0,0,1,1,1,1,1
1790128063,22533.28,0,1,ONLINE,22526.67,0,3038913,3862,207947,0,0,1,1,1,1,1
1790128068,22538.51,0,1,ONLINE,22531.90,0,3039525,3862,207947,0,0,1,1,1,1,1
1790128073,22543.74,0,1,ONLINE,22537.13,0,3040083,3862,207947,0,0,1,1,1,1,1
1790128079,22548.98,0,1,ONLINE,22542.37,0,3040553,3862,207947,0,0,1,1,1,1,1
1790128084,22554.21,0,1,ONLINE,22547.60,0,3040906,3865,208102,0,0,1,1,1,1,1
1790128089,22559.44,0,1,ONLINE,22552.83,0,3041395,3865,208182,0,0,1,1,1,1,1
1790128094,22564.68,0,1,ONLINE,22558.07,0,3041951,3865,208182,0,0,1,1,1,1,1
1790128099,22569.91,0,1,ONLINE,22563.30,0,3042561,3865,208182,0,0,1,1,1,1,1
1790128105,22575.14,0,1,ONLINE,22568.53,0,3043117,3865,208182,0,0,1,1,1,1,1
1790128110,22580.37,0,1,ONLINE,22573.76,0,3043650,3865,208182,0,0,1,1,1,1,1
1790128115,22585.62,0,1,ONLINE,22579.01,0,3044337,3865,208182,0,0,1,1,1,1,1
1790128120,22590.86,0,1,ONLINE,22584.25,0,3044882,3865,208182,0,0,1,1,1,1,1
1790128126,22596.09,0,1,ONLINE,22589.48,0,3045400,3865,208182,0,0,1,1,1,1,1
1790128131,22601.32,0,1,ONLINE,22594.71,0,3046027,3865,208182,0,0,1,1,1,1,1
1790128136,22606.57,0,1,ONLINE,22599.96,0,3046722,3865,208182,0,0,1,1,1,1,1
1790128141,22611.80,0,1,ONLINE,22605.19,0,3047122,3865,208294,0,0,1,1,1,1,1
1790128147,22617.04,0,1,ONLINE,22610.43,0,3047251,3877,208762,0,0,1,1,1,1,1
1790128152,22622.27,0,1,ONLINE,22615.66,0,3047710,3877,208762,0,0,1,1,1,1,1
1790128157,22627.50,0,1,ONLINE,22620.89,0,3048237,3877,208762,0,0,1,1,1,1,1
1790128162,22632.74,0,1,ONLINE,22626.13,0,3048791,3877,208762,0,0,1,1,1,1,1
1790128168,22637.97,0,1,ONLINE,22631.36,0,3049537,3877,208762,0,0,1,1,1,1,1
1790128173,22643.20,0,1,ONLINE,22636.59,0,3049840,3879,208896,0,0,1,1,1,1,1
1790128178,22648.42,0,1,ONLINE,22641.81,0,3050311,3879,209017,0,0,1,1,1,1,1
1790128183,22653.66,0,1,ONLINE,22647.05,0,3050888,3879,209017,0,0,1,1,1,1,1
1790128188,22658.88,0,1,ONLINE,22652.27,0,3051357,3884,209278,0,0,1,1,1,1,1
1790128194,22664.12,0,1,ONLINE,22657.51,0,3051903,3884,209278,0,0,1,1,1,1,1
1790128199,22669.35,0,1,ONLINE,22662.74,0,3052597,3884,209278,0,0,1,1,1,1,1
1790128204,22674.59,0,1,ONLINE,22667.98,0,3053110,3884,209278,0,0,1,1,1,1,1
1790128209,22679.83,0,1,ONLINE,22673.22,0,3053777,3884,209278,0,0,1,1,1,1,1
1790128215,22685.07,0,1,ONLINE,22678.46,0,3054066,3886,209581,0,0,1,1,1,1,1
1790128220,22690.30,0,1,ONLINE,22683.69,0,3054733,3886,209611,0,0,1,1,1,1,1
1790128225,22695.53,0,1,ONLINE,22688.92,0,3055301,3886,209611,0,0,1,1,1,1,1
1790128230,22700.78,0,1,ONLINE,22694.17,0,3055748,3887,209614,0,0,1,1,1,1,1
1790128236,22706.01,0,1,ONLINE,22699.40,0,3055829,3893,210080,0,0,1,1,1,1,1
1790128241,22711.24,0,1,ONLINE,22704.63,0,3056316,3893,210143,0,0,1,1,1,1,1
1790128246,22716.47,0,1,ONLINE,22709.86,0,3056369,3897,210569,0,0,1,1,1,1,1
1790128251,22721.71,0,1,ONLINE,22715.10,0,3057003,3906,210757,0,0,1,1,1,1,1
1790128257,22726.95,0,1,ONLINE,22720.34,0,3057617,3906,210757,0,0,1,1,1,1,1
1790128262,22732.19,0,1,ONLINE,22725.58,0,3058089,3906,210757,0,0,1,1,1,1,1
1790128267,22737.43,0,1,ONLINE,22730.82,0,3058362,3915,211103,0,0,1,1,1,1,1
1790128272,22742.66,0,1,ONLINE,22736.05,0,3058614,3916,211317,0,0,1,1,1,1,1
1790128277,22747.89,0,1,ONLINE,22741.28,0,3059074,3918,211417,0,0,1,1,1,1,1
1790128283,22753.13,0,1,ONLINE,22746.52,0,3059756,3918,211417,0,0,1,1,1,1,1
1790128288,22758.37,0,1,ONLINE,22751.76,0,3060252,3918,211417,0,0,1,1,1,1,1
1790128293,22763.60,0,1,ONLINE,22756.99,0,3060755,3918,211417,0,0,1,1,1,1,1
1790128298,22768.83,0,1,ONLINE,22762.22,0,3061296,3918,211417,0,0,1,1,1,1,1
1790128304,22774.06,0,1,ONLINE,22767.45,0,3061780,3919,211430,0,0,1,1,1,1,1
1790128309,22779.29,0,1,ONLINE,22772.68,0,3062083,3920,211733,0,0,1,1,1,1,1
1790128314,22784.52,0,1,ONLINE,22777.91,0,3062593,3920,211733,0,0,1,1,1,1,1
1790128319,22789.75,0,1,ONLINE,22783.14,0,3063152,3920,211733,0,0,1,1,1,1,1
1790128325,22794.99,0,1,ONLINE,22788.38,0,3063780,3920,211733,0,0,1,1,1,1,1
1790128330,22800.23,0,1,ONLINE,22793.62,0,3064517,3920,211733,0,0,1,1,1,1,1
1790128335,22805.45,0,1,ONLINE,22798.84,0,3064761,3931,212074,0,0,1,1,1,1,1
1790128340,22810.69,0,1,ONLINE,22804.08,0,3065112,3936,212290,0,0,1,1,1,1,1
1790128346,22815.91,0,1,ONLINE,22809.30,0,3065729,3936,212290,0,0,1,1,1,1,1
1790128351,22821.15,0,1,ONLINE,22814.54,0,3066411,3936,212290,0,0,1,1,1,1,1
1790128356,22826.38,0,1,ONLINE,22819.77,0,3066988,3936,212290,0,0,1,1,1,1,1
1790128361,22831.61,0,1,ONLINE,22825.00,0,3067641,3936,212290,0,0,1,1,1,1,1
1790128366,22836.84,0,1,ONLINE,22830.23,0,3067923,3945,212599,0,0,1,1,1,1,1
1790128372,22842.09,0,1,ONLINE,22835.48,0,3068566,3945,212599,0,0,1,1,1,1,1
1790128377,22847.32,0,1,ONLINE,22840.71,0,3069198,3945,212599,0,0,1,1,1,1,1
1790128382,22852.55,0,1,ONLINE,22845.94,0,3069780,3945,212599,0,0,1,1,1,1,1
1790128387,22857.80,0,1,ONLINE,22851.19,0,3070380,3945,212599,0,0,1,1,1,1,1
1790128393,22863.03,0,1,ONLINE,22856.42,0,3070976,3945,212599,0,0,1,1,1,1,1
1790128398,22868.26,0,1,ONLINE,22861.65,0,3071465,3945,212599,0,0,1,1,1,1,1
1790128403,22873.49,0,1,ONLINE,22866.88,0,3071974,3945,212599,0,0,1,1,1,1,1
1790128408,22878.72,0,1,ONLINE,22872.11,0,3072427,3945,212599,0,0,1,1,1,1,1
1790128414,22883.95,0,1,ONLINE,22877.34,0,3072985,3945,212599,0,0,1,1,1,1,1
1790128419,22889.18,0,1,ONLINE,22882.57,0,3073661,3945,212599,0,0,1,1,1,1,1
1790128424,22894.42,0,1,ONLINE,22887.81,0,3074108,3945,212599,0,0,1,1,1,1,1
1790128429,22899.66,0,1,ONLINE,22893.05,0,3074316,3948,212931,0,0,1,1,1,1,1
1790128434,22904.89,0,1,ONLINE,22898.28,0,3074850,3948,212931,0,0,1,1,1,1,1
1790128440,22910.12,0,1,ONLINE,22903.51,0,3075327,3948,212931,0,0,1,1,1,1,1
1790128445,22915.36,0,1,ONLINE,22908.75,0,3075917,3948,212931,0,0,1,1,1,1,1
1790128450,22920.59,0,1,ONLINE,22913.98,0,3076531,3948,212931,0,0,1,1,1,1,1
1790128455,22925.82,0,1,ONLINE,22919.21,0,3076870,3950,213034,0,0,1,1,1,1,1
1790128461,22931.05,0,1,ONLINE,22924.44,0,3077234,3953,213122,0,0,1,1,1,1,1
1790128466,22936.28,0,1,ONLINE,22929.67,0,3077898,3953,213122,0,0,1,1,1,1,1
1790128471,22941.52,0,1,ONLINE,22934.91,0,3078408,3953,213122,0,0,1,1,1,1,1
1790128476,22946.75,0,1,ONLINE,22940.14,0,3079003,3953,213122,0,0,1,1,1,1,1
1790128482,22951.98,0,1,ONLINE,22945.37,0,3079472,3953,213122,0,0,1,1,1,1,1
1790128487,22957.21,0,1,ONLINE,22950.60,0,3079765,3957,213426,0,0,1,1,1,1,1
1790128492,22962.44,0,1,ONLINE,22955.83,0,3080454,3957,213426,0,0,1,1,1,1,1
1790128497,22967.67,0,1,ONLINE,22961.06,0,3080819,3964,213657,0,0,1,1,1,1,1
1790128503,22972.91,0,1,ONLINE,22966.30,0,3081369,3964,213705,0,0,1,1,1,1,1
1790128508,22978.15,0,1,ONLINE,22971.54,0,3082067,3964,213705,0,0,1,1,1,1,1
1790128513,22983.38,0,1,ONLINE,22976.77,0,3082507,3964,213705,0,0,1,1,1,1,1
1790128518,22988.62,0,1,ONLINE,22982.01,0,3082555,3973,214219,0,0,1,1,1,1,1
1790128523,22993.86,0,1,ONLINE,22987.25,0,3083120,3975,214279,0,0,1,1,1,1,1
1790128529,22999.11,0,1,ONLINE,22992.50,0,3083826,3975,214279,0,0,1,1,1,1,1
1790128534,23004.33,0,1,ONLINE,22997.72,0,3084392,3975,214279,0,0,1,1,1,1,1
1790128539,23009.57,0,1,ONLINE,23002.96,0,3085160,3975,214279,0,0,1,1,1,1,1
1790128544,23014.80,0,1,ONLINE,23008.19,0,3085555,3975,214308,0,0,1,1,1,1,1
1790128550,23020.04,0,1,ONLINE,23013.43,0,3086027,3978,214510,0,0,1,1,1,1,1
1790128555,23025.28,0,1,ONLINE,23018.67,0,3086560,3978,214510,0,0,1,1,1,1,1
1790128560,23030.51,0,1,ONLINE,23023.90,0,3087121,3978,214510,0,0,1,1,1,1,1
1790128565,23035.76,0,1,ONLINE,23029.15,0,3087609,3978,214510,0,0,1,1,1,1,1
1790128571,23040.99,0,1,ONLINE,23034.38,0,3088056,3978,214510,0,0,1,1,1,1,1
1790128576,23046.22,0,1,ONLINE,23039.61,0,3088286,3979,214767,0,0,1,1,1,1,1
1790128581,23051.45,0,1,ONLINE,23044.84,0,3088816,3979,214767,0,0,1,1,1,1,1
1790128586,23056.68,0,1,ONLINE,23050.07,0,3089368,3979,214767,0,0,1,1,1,1,1
1790128592,23061.91,0,1,ONLINE,23055.30,0,3090009,3979,214767,0,0,1,1,1,1,1
1790128597,23067.15,0,1,ONLINE,23060.54,0,3090610,3979,214767,0,0,1,1,1,1,1
1790128602,23072.37,0,1,ONLINE,23065.76,0,3091173,3979,214767,0,0,1,1,1,1,1
1790128607,23077.61,0,1,ONLINE,23071.00,0,3091791,3979,214767,0,0,1,1,1,1,1
1790128612,23082.84,0,1,ONLINE,23076.23,0,3092569,3979,214767,0,0,1,1,1,1,1
1790128618,23088.08,0,1,ONLINE,23081.47,0,3093158,3979,214767,0,0,1,1,1,1,1
1790128623,23093.31,0,1,ONLINE,23086.70,0,3093588,3979,214767,0,0,1,1,1,1,1
1790128628,23098.55,0,1,ONLINE,23091.94,0,3094179,3979,214767,0,0,1,1,1,1,1
1790128633,23103.78,0,1,ONLINE,23097.17,0,3094598,3979,214767,0,0,1,1,1,1,1
1790128639,23109.02,0,1,ONLINE,23102.41,0,3094852,3981,215046,0,0,1,1,1,1,1
1790128644,23114.25,0,1,ONLINE,23107.64,0,3095365,3981,215046,0,0,1,1,1,1,1
1790128649,23119.48,0,1,ONLINE,23112.87,0,3095758,3981,215046,0,0,1,1,1,1,1
1790128654,23124.72,0,1,ONLINE,23118.11,0,3096034,3983,215147,0,0,1,1,1,1,1
1790128660,23129.97,0,1,ONLINE,23123.36,0,3096426,3984,215282,0,0,1,1,1,1,1
1790128665,23135.21,0,1,ONLINE,23128.60,0,3097013,3984,215282,0,0,1,1,1,1,1
1790128670,23140.44,0,1,ONLINE,23133.83,0,3097629,3984,215282,0,0,1,1,1,1,1
1790128675,23145.67,0,1,ONLINE,23139.06,0,3098260,3984,215282,0,0,1,1,1,1,1
1790128680,23150.90,0,1,ONLINE,23144.29,0,3098828,3984,215282,0,0,1,1,1,1,1
1790128686,23156.13,0,1,ONLINE,23149.52,0,3099262,3984,215282,0,0,1,1,1,1,1
1790128691,23161.36,0,1,ONLINE,23154.75,0,3099741,3984,215282,0,0,1,1,1,1,1
1790128696,23166.60,0,1,ONLINE,23159.99,0,3099835,3988,215664,0,0,1,1,1,1,1
1790128701,23171.83,0,1,ONLINE,23165.22,0,3100027,3991,216083,0,0,1,1,1,1,1
1790128707,23177.06,0,1,ONLINE,23170.45,0,3100521,3991,216083,0,0,1,1,1,1,1
1790128712,23182.29,0,1,ONLINE,23175.68,0,3100840,3992,216185,0,0,1,1,1,1,1
1790128717,23187.52,0,1,ONLINE,23180.91,0,3100993,3994,216542,0,0,1,1,1,1,1
1790128722,23192.75,0,1,ONLINE,23186.14,0,3101454,3994,216542,0,0,1,1,1,1,1
1790128728,23198.04,0,1,ONLINE,23191.43,0,3102043,3994,216542,0,0,1,1,1,1,1
1790128733,23203.28,0,1,ONLINE,23196.67,0,3102670,3994,216542,0,0,1,1,1,1,1
1790128738,23208.52,0,1,ONLINE,23201.91,0,3103213,3994,216542,0,0,1,1,1,1,1
1790128743,23213.77,0,1,ONLINE,23207.16,0,3103757,3994,216542,0,0,1,1,1,1,1
1790128749,23219.00,0,1,ONLINE,23212.39,0,3104408,3994,216542,0,0,1,1,1,1,1
1790128754,23224.23,0,1,ONLINE,23217.62,0,3104809,3994,216542,0,0,1,1,1,1,1
1790128759,23229.46,0,1,ONLINE,23222.85,0,3105138,3997,216821,0,0,1,1,1,1,1
1790128764,23234.71,0,1,ONLINE,23228.10,0,3105737,3997,216828,0,0,1,1,1,1,1
1790128770,23239.94,0,1,ONLINE,23233.33,0,3106263,3997,216828,0,0,1,1,1,1,1
1790128775,23245.18,0,1,ONLINE,23238.57,0,3106620,4002,217141,0,0,1,1,1,1,1
1790128780,23250.42,0,1,ONLINE,23243.81,0,3107274,4002,217141,0,0,1,1,1,1,1
1790128785,23255.65,0,1,ONLINE,23249.04,0,3107747,4002,217141,0,0,1,1,1,1,1
1790128790,23260.88,0,1,ONLINE,23254.27,0,3108437,4002,217141,0,0,1,1,1,1,1
1790128796,23266.11,0,1,ONLINE,23259.50,0,3109007,4002,217141,0,0,1,1,1,1,1
1790128801,23271.34,0,1,ONLINE,23264.73,0,3109496,4002,217141,0,0,1,1,1,1,1
1790128806,23276.58,0,1,ONLINE,23269.97,0,3109977,4002,217141,0,0,1,1,1,1,1
1790128811,23281.82,0,1,ONLINE,23275.21,0,3110619,4002,217141,0,0,1,1,1,1,1
1790128817,23287.05,0,1,ONLINE,23280.44,0,3111114,4002,217141,0,0,1,1,1,1,1
1790128822,23292.28,0,1,ONLINE,23285.67,0,3111796,4002,217141,0,0,1,1,1,1,1
1790128827,23297.51,0,1,ONLINE,23290.90,0,3112507,4002,217141,0,0,1,1,1,1,1
1790128832,23302.75,0,1,ONLINE,23296.14,0,3113100,4002,217141,0,0,1,1,1,1,1
1790128838,23307.99,0,1,ONLINE,23301.38,0,3113728,4002,217141,0,0,1,1,1,1,1
1790128843,23313.22,0,1,ONLINE,23306.61,0,3114435,4002,217141,0,0,1,1,1,1,1
1790128848,23318.45,0,1,ONLINE,23311.84,0,3115025,4002,217141,0,0,1,1,1,1,1
1790128853,23323.68,0,1,ONLINE,23317.07,0,3115850,4002,217141,0,0,1,1,1,1,1
1790128858,23328.91,0,1,ONLINE,23322.30,0,3116370,4002,217141,0,0,1,1,1,1,1
1790128864,23334.15,0,1,ONLINE,23327.54,0,3117078,4002,217141,0,0,1,1,1,1,1
1790128869,23339.38,0,1,ONLINE,23332.77,0,3117757,4002,217141,0,0,1,1,1,1,1
1790128874,23344.63,0,1,ONLINE,23338.02,0,3118249,4002,217141,0,0,1,1,1,1,1
1790128879,23349.86,0,1,ONLINE,23343.25,0,3118880,4002,217141,0,0,1,1,1,1,1
1790128885,23355.09,0,1,ONLINE,23348.48,0,3119459,4002,217141,0,0,1,1,1,1,1
1790128890,23360.33,0,1,ONLINE,23353.72,0,3119909,4002,217141,0,0,1,1,1,1,1
1790128895,23365.56,0,1,ONLINE,23358.95,0,3120509,4002,217141,0,0,1,1,1,1,1
1790128900,23370.79,0,1,ONLINE,23364.18,0,3120985,4002,217141,0,0,1,1,1,1,1
1790128906,23376.03,0,1,ONLINE,23369.42,0,3121186,4006,217412,0,0,1,1,1,1,1
1790128911,23381.26,0,1,ONLINE,23374.65,0,3121827,4006,217412,0,0,1,1,1,1,1
1790128916,23386.50,0,1,ONLINE,23379.89,0,3122434,4006,217412,0,0,1,1,1,1,1
1790128921,23391.73,0,1,ONLINE,23385.12,0,3122978,4006,217412,0,0,1,1,1,1,1
1790128927,23396.96,0,1,ONLINE,23390.35,0,3123696,4006,217412,0,0,1,1,1,1,1
1790128932,23402.21,0,1,ONLINE,23395.60,0,3124300,4006,217412,0,0,1,1,1,1,1
1790128937,23407.44,0,1,ONLINE,23400.83,0,3124904,4006,217412,0,0,1,1,1,1,1
1790128942,23412.67,0,1,ONLINE,23406.06,0,3125635,4006,217412,0,0,1,1,1,1,1
1790128947,23417.91,0,1,ONLINE,23411.30,0,3126161,4006,217412,0,0,1,1,1,1,1
1790128953,23423.15,0,1,ONLINE,23416.54,0,3126835,4006,217412,0,0,1,1,1,1,1
1790128958,23428.38,0,1,ONLINE,23421.77,0,3127317,4006,217412,0,0,1,1,1,1,1
1790128963,23433.61,0,1,ONLINE,23427.00,0,3128118,4006,217412,0,0,1,1,1,1,1
1790128968,23438.84,0,1,ONLINE,23432.23,0,3128827,4006,217412,0,0,1,1,1,1,1
1790128974,23444.08,0,1,ONLINE,23437.47,0,3129439,4006,217412,0,0,1,1,1,1,1
1790128979,23449.31,0,1,ONLINE,23442.70,0,3129956,4006,217412,0,0,1,1,1,1,1
1790128984,23454.55,0,1,ONLINE,23447.94,0,3130521,4006,217412,0,0,1,1,1,1,1
1790128989,23459.78,0,1,ONLINE,23453.17,0,3131193,4006,217412,0,0,1,1,1,1,1
1790128995,23465.01,0,1,ONLINE,23458.40,0,3131442,4019,217803,0,0,1,1,1,1,1
1790129000,23470.24,0,1,ONLINE,23463.63,0,3132114,4019,217803,0,0,1,1,1,1,1
1790129005,23475.48,0,1,ONLINE,23468.87,0,3132669,4019,217803,0,0,1,1,1,1,1
1790129010,23480.71,0,1,ONLINE,23474.10,0,3132999,4023,217990,0,0,1,1,1,1,1
1790129016,23485.94,0,1,ONLINE,23479.33,0,3133036,4026,218427,0,0,1,1,1,1,1
1790129021,23491.17,0,1,ONLINE,23484.56,0,3133085,4031,218849,0,0,1,1,1,1,1
1790129026,23496.41,0,1,ONLINE,23489.80,0,3133631,4031,218849,0,0,1,1,1,1,1
1790129031,23501.65,0,1,ONLINE,23495.04,0,3134277,4031,218849,0,0,1,1,1,1,1
1790129036,23506.88,0,1,ONLINE,23500.27,0,3134920,4031,218849,0,0,1,1,1,1,1
1790129042,23512.11,0,1,ONLINE,23505.50,0,3135439,4031,218849,0,0,1,1,1,1,1
1790129047,23517.34,0,1,ONLINE,23510.73,0,3135818,4035,218972,0,0,1,1,1,1,1
1790129052,23522.58,0,1,ONLINE,23515.97,0,3136246,4037,219150,0,0,1,1,1,1,1
1790129057,23527.81,0,1,ONLINE,23521.20,0,3136711,4037,219150,0,0,1,1,1,1,1
1790129063,23533.05,0,1,ONLINE,23526.44,0,3137285,4037,219150,0,0,1,1,1,1,1
1790129068,23538.28,0,1,ONLINE,23531.67,0,3137768,4037,219150,0,0,1,1,1,1,1
1790129073,23543.51,0,1,ONLINE,23536.90,0,3137867,4038,219456,0,0,1,1,1,1,1
1790129078,23548.75,0,1,ONLINE,23542.14,0,3138354,4040,219598,0,0,1,1,1,1,1
1790129084,23553.98,0,1,ONLINE,23547.37,0,3139031,4040,219598,0,0,1,1,1,1,1
1790129089,23559.21,0,1,ONLINE,23552.60,0,3139555,4040,219598,0,0,1,1,1,1,1
1790129094,23564.44,0,1,ONLINE,23557.83,0,3140246,4040,219598,0,0,1,1,1,1,1
1790129099,23569.67,0,1,ONLINE,23563.06,0,3140748,4040,219598,0,0,1,1,1,1,1
1790129104,23574.90,0,1,ONLINE,23568.29,0,3141332,4040,219598,0,0,1,1,1,1,1
1790129110,23580.14,0,1,ONLINE,23573.53,0,3141971,4040,219598,0,0,1,1,1,1,1
1790129115,23585.38,0,1,ONLINE,23578.77,0,3142562,4040,219598,0,0,1,1,1,1,1
1790129120,23590.61,0,1,ONLINE,23584.00,0,3143158,4040,219598,0,0,1,1,1,1,1
1790129125,23595.84,0,1,ONLINE,23589.23,0,3143774,4040,219598,0,0,1,1,1,1,1
1790129131,23601.08,0,1,ONLINE,23594.47,0,3144219,4040,219598,0,0,1,1,1,1,1
1790129136,23606.31,0,1,ONLINE,23599.70,0,3144782,4040,219598,0,0,1,1,1,1,1
1790129141,23611.55,0,1,ONLINE,23604.94,0,3145424,4040,219598,0,0,1,1,1,1,1
1790129146,23616.78,0,1,ONLINE,23610.17,0,3146157,4040,219598,0,0,1,1,1,1,1
1790129152,23622.01,0,1,ONLINE,23615.40,0,3146914,4040,219598,0,0,1,1,1,1,1
1790129157,23627.24,0,1,ONLINE,23620.63,0,3147581,4040,219598,0,0,1,1,1,1,1
1790129162,23632.49,0,1,ONLINE,23625.88,0,3148250,4040,219598,0,0,1,1,1,1,1
1790129167,23637.72,0,1,ONLINE,23631.11,0,3148774,4040,219598,0,0,1,1,1,1,1
1790129173,23642.96,0,1,ONLINE,23636.35,0,3149352,4040,219598,0,0,1,1,1,1,1
1790129178,23648.19,0,1,ONLINE,23641.58,0,3149611,4046,219848,0,0,1,1,1,1,1
1790129183,23653.43,0,1,ONLINE,23646.82,0,3150282,4049,219865,0,0,1,1,1,1,1
1790129188,23658.67,0,1,ONLINE,23652.06,0,3150848,4049,219865,0,0,1,1,1,1,1
1790129193,23663.89,0,1,ONLINE,23657.28,0,3151566,4049,219865,0,0,1,1,1,1,1
1790129199,23669.13,0,1,ONLINE,23662.52,0,3152203,4049,219865,0,0,1,1,1,1,1
1790129204,23674.37,0,1,ONLINE,23667.76,0,3152900,4049,219865,0,0,1,1,1,1,1
1790129209,23679.61,0,1,ONLINE,23673.00,0,3153483,4049,219865,0,0,1,1,1,1,1
1790129214,23684.84,0,1,ONLINE,23678.23,0,3154155,4049,219865,0,0,1,1,1,1,1
1790129220,23690.07,0,1,ONLINE,23683.46,0,3154591,4056,220035,0,0,1,1,1,1,1
1790129225,23695.30,0,1,ONLINE,23688.69,0,3155160,4062,220219,0,0,1,1,1,1,1
1790129230,23700.56,0,1,ONLINE,23693.95,0,3155635,4062,220219,0,0,1,1,1,1,1
1790129235,23705.79,0,1,ONLINE,23699.18,0,3156151,4062,220219,0,0,1,1,1,1,1
1790129241,23711.02,0,1,ONLINE,23704.41,0,3156678,4062,220219,0,0,1,1,1,1,1
1790129246,23716.26,0,1,ONLINE,23709.65,0,3157281,4062,220219,0,0,1,1,1,1,1
1790129251,23721.50,0,1,ONLINE,23714.89,0,3157815,4062,220219,0,0,1,1,1,1,1
1790129256,23726.74,0,1,ONLINE,23720.13,0,3158097,4067,220497,0,0,1,1,1,1,1
1790129262,23731.97,0,1,ONLINE,23725.36,0,3158630,4067,220497,0,0,1,1,1,1,1
1790129267,23737.21,0,1,ONLINE,23730.60,0,3158951,4073,220775,0,0,1,1,1,1,1
1790129272,23742.46,0,1,ONLINE,23735.85,0,3159783,4075,220824,0,0,1,1,1,1,1
1790129277,23747.70,0,1,ONLINE,23741.09,0,3160443,4075,220824,0,0,1,1,1,1,1
1790129283,23752.93,0,1,ONLINE,23746.32,0,3161033,4075,220824,0,0,1,1,1,1,1
1790129288,23758.16,0,1,ONLINE,23751.55,0,3161676,4075,220824,0,0,1,1,1,1,1
1790129293,23763.40,0,1,ONLINE,23756.79,0,3162224,4075,220824,0,0,1,1,1,1,1
1790129298,23768.63,0,1,ONLINE,23762.02,0,3162694,4075,220873,0,0,1,1,1,1,1
1790129303,23773.86,0,1,ONLINE,23767.25,0,3163010,4080,221109,0,0,1,1,1,1,1
1790129309,23779.09,0,1,ONLINE,23772.48,0,3163500,4080,221109,0,0,1,1,1,1,1
1790129314,23784.33,0,1,ONLINE,23777.72,0,3163669,4093,221505,0,0,1,1,1,1,1
1790129319,23789.56,0,1,ONLINE,23782.95,0,3164216,4093,221505,0,0,1,1,1,1,1
1790129324,23794.79,0,1,ONLINE,23788.18,0,3164946,4093,221505,0,0,1,1,1,1,1
1790129330,23800.03,0,1,ONLINE,23793.42,0,3165663,4093,221505,0,0,1,1,1,1,1
1790129335,23805.26,0,1,ONLINE,23798.65,0,3166355,4093,221505,0,0,1,1,1,1,1
1790129340,23810.49,0,1,ONLINE,23803.88,0,3166719,4094,221658,0,0,1,1,1,1,1
1790129345,23815.73,0,1,ONLINE,23809.12,0,3167224,4096,221812,0,0,1,1,1,1,1
1790129351,23820.96,0,1,ONLINE,23814.35,0,3167662,4096,221812,0,0,1,1,1,1,1
1790129356,23826.19,0,1,ONLINE,23819.58,0,3167802,4099,222210,0,0,1,1,1,1,1
1790129361,23831.43,0,1,ONLINE,23824.82,0,3168228,4109,222413,0,0,1,1,1,1,1
1790129366,23836.66,0,1,ONLINE,23830.05,0,3168821,4109,222413,0,0,1,1,1,1,1
1790129371,23841.89,0,1,ONLINE,23835.28,0,3169450,4109,222413,0,0,1,1,1,1,1
1790129377,23847.13,0,1,ONLINE,23840.52,0,3169950,4109,222413,0,0,1,1,1,1,1
1790129382,23852.36,0,1,ONLINE,23845.75,0,3170462,4109,222413,0,0,1,1,1,1,1
1790129387,23857.60,0,1,ONLINE,23850.99,0,3170805,4114,222756,0,0,1,1,1,1,1
1790129392,23862.84,0,1,ONLINE,23856.23,0,3171470,4114,222756,0,0,1,1,1,1,1
1790129398,23868.09,0,1,ONLINE,23861.48,0,3171957,4114,222756,0,0,1,1,1,1,1
1790129403,23873.32,0,1,ONLINE,23866.71,0,3172575,4114,222756,0,0,1,1,1,1,1
1790129408,23878.55,0,1,ONLINE,23871.94,0,3173144,4114,222756,0,0,1,1,1,1,1
1790129413,23883.78,0,1,ONLINE,23877.17,0,3173805,4114,222756,0,0,1,1,1,1,1
1790129419,23889.01,0,1,ONLINE,23882.40,0,3174380,4114,222756,0,0,1,1,1,1,1
1790129424,23894.24,0,1,ONLINE,23887.63,0,3175033,4114,222756,0,0,1,1,1,1,1
1790129429,23899.47,0,1,ONLINE,23892.86,0,3175558,4114,222756,0,0,1,1,1,1,1
1790129434,23904.71,0,1,ONLINE,23898.10,0,3176212,4114,222756,0,0,1,1,1,1,1
1790129440,23909.93,0,1,ONLINE,23903.32,0,3176919,4114,222756,0,0,1,1,1,1,1
1790129445,23915.18,0,1,ONLINE,23908.57,0,3177614,4114,222756,0,0,1,1,1,1,1
1790129450,23920.41,0,1,ONLINE,23913.80,0,3178317,4114,222756,0,0,1,1,1,1,1
1790129455,23925.64,0,1,ONLINE,23919.03,0,3179087,4114,222756,0,0,1,1,1,1,1
1790129460,23930.88,0,1,ONLINE,23924.27,0,3179694,4114,222756,0,0,1,1,1,1,1
1790129466,23936.11,0,1,ONLINE,23929.50,0,3180337,4114,222756,0,0,1,1,1,1,1
1790129471,23941.34,0,1,ONLINE,23934.73,0,3180835,4114,222756,0,0,1,1,1,1,1
1790129476,23946.57,0,1,ONLINE,23939.96,0,3181165,4128,223120,0,0,1,1,1,1,1
1790129481,23951.80,0,1,ONLINE,23945.19,0,3181780,4128,223120,0,0,1,1,1,1,1
1790129487,23957.03,0,1,ONLINE,23950.42,0,3182572,4128,223120,0,0,1,1,1,1,1
1790129492,23962.27,0,1,ONLINE,23955.66,0,3183221,4128,223120,0,0,1,1,1,1,1
1790129497,23967.50,0,1,ONLINE,23960.89,0,3183989,4128,223120,0,0,1,1,1,1,1
1790129502,23972.74,0,1,ONLINE,23966.13,0,3184535,4128,223120,0,0,1,1,1,1,1
1790129508,23977.97,0,1,ONLINE,23971.36,0,3185125,4128,223120,0,0,1,1,1,1,1
1790129513,23983.21,0,1,ONLINE,23976.60,0,3185699,4128,223120,0,0,1,1,1,1,1
1790129518,23988.45,0,1,ONLINE,23981.84,0,3186135,4128,223120,0,0,1,1,1,1,1
1790129523,23993.68,0,1,ONLINE,23987.07,0,3186742,4128,223120,0,0,1,1,1,1,1
1790129529,23998.92,0,1,ONLINE,23992.31,0,3187275,4128,223120,0,0,1,1,1,1,1
1790129534,24004.16,0,1,ONLINE,23997.55,0,3187848,4128,223120,0,0,1,1,1,1,1
1790129539,24009.39,0,1,ONLINE,24002.78,0,3188469,4128,223120,0,0,1,1,1,1,1
1790129544,24014.63,0,1,ONLINE,24008.02,0,3189016,4128,223120,0,0,1,1,1,1,1
1790129549,24019.86,0,1,ONLINE,24013.25,0,3189586,4128,223120,0,0,1,1,1,1,1
1790129555,24025.09,0,1,ONLINE,24018.48,0,3190262,4128,223120,0,0,1,1,1,1,1
1790129560,24030.32,0,1,ONLINE,24023.71,0,3190678,4131,223169,0,0,1,1,1,1,1
1790129565,24035.55,0,1,ONLINE,24028.94,0,3190735,4143,223767,0,0,1,1,1,1,1
1790129570,24040.78,0,1,ONLINE,24034.17,0,3191305,4143,223767,0,0,1,1,1,1,1
1790129576,24046.02,0,1,ONLINE,24039.41,0,3191819,4143,223767,0,0,1,1,1,1,1
1790129581,24051.25,0,1,ONLINE,24044.64,0,3192281,4143,223829,0,0,1,1,1,1,1
1790129586,24056.51,0,1,ONLINE,24049.90,0,3192347,4152,224327,0,0,1,1,1,1,1
1790129591,24061.74,0,1,ONLINE,24055.13,0,3192852,4153,224335,0,0,1,1,1,1,1
1790129597,24066.98,0,1,ONLINE,24060.37,0,3192926,4157,224774,0,0,1,1,1,1,1
1790129602,24072.21,0,1,ONLINE,24065.60,0,3193461,4160,224831,0,0,1,1,1,1,1
1790129607,24077.45,0,1,ONLINE,24070.84,0,3194003,4160,224831,0,0,1,1,1,1,1
1790129612,24082.68,0,1,ONLINE,24076.07,0,3194677,4160,224831,0,0,1,1,1,1,1
1790129618,24087.92,0,1,ONLINE,24081.31,0,3195306,4160,224831,0,0,1,1,1,1,1
1790129623,24093.15,0,1,ONLINE,24086.54,0,3195840,4160,224831,0,0,1,1,1,1,1
1790129628,24098.38,0,1,ONLINE,24091.77,0,3196410,4160,224831,0,0,1,1,1,1,1
1790129633,24103.62,0,1,ONLINE,24097.01,0,3197125,4160,224831,0,0,1,1,1,1,1
1790129638,24108.86,0,1,ONLINE,24102.25,0,3197566,4160,224831,0,0,1,1,1,1,1
1790129644,24114.09,0,1,ONLINE,24107.48,0,3197900,4166,225062,0,0,1,1,1,1,1
1790129649,24119.33,0,1,ONLINE,24112.72,0,3198272,4167,225170,0,0,1,1,1,1,1
1790129654,24124.57,0,1,ONLINE,24117.96,0,3198408,4170,225479,0,0,1,1,1,1,1
1790129659,24129.81,0,1,ONLINE,24123.20,0,3199018,4173,225679,0,0,1,1,1,1,1
1790129665,24135.06,0,1,ONLINE,24128.45,0,3199731,4173,225679,0,0,1,1,1,1,1
1790129670,24140.30,0,1,ONLINE,24133.69,0,3200273,4173,225679,0,0,1,1,1,1,1
1790129675,24145.54,0,1,ONLINE,24138.93,0,3200523,4178,226004,0,0,1,1,1,1,1
1790129680,24150.77,0,1,ONLINE,24144.16,0,3201084,4178,226004,0,0,1,1,1,1,1
1790129686,24156.00,0,1,ONLINE,24149.39,0,3201587,4178,226004,0,0,1,1,1,1,1
1790129691,24161.23,0,1,ONLINE,24154.62,0,3202358,4178,226004,0,0,1,1,1,1,1
1790129696,24166.47,0,1,ONLINE,24159.86,0,3202847,4178,226004,0,0,1,1,1,1,1
1790129701,24171.70,0,1,ONLINE,24165.09,0,3203464,4178,226004,0,0,1,1,1,1,1
1790129707,24176.93,0,1,ONLINE,24170.32,0,3204055,4178,226004,0,0,1,1,1,1,1
1790129712,24182.17,0,1,ONLINE,24175.56,0,3204627,4178,226004,0,0,1,1,1,1,1
1790129717,24187.40,0,1,ONLINE,24180.79,0,3205075,4178,226004,0,0,1,1,1,1,1
1790129722,24192.64,0,1,ONLINE,24186.03,0,3205677,4178,226004,0,0,1,1,1,1,1
1790129727,24197.87,0,1,ONLINE,24191.26,0,3206319,4178,226004,0,0,1,1,1,1,1
1790129733,24203.11,0,1,ONLINE,24196.50,0,3206782,4178,226004,0,0,1,1,1,1,1
1790129738,24208.34,0,1,ONLINE,24201.73,0,3207394,4178,226004,0,0,1,1,1,1,1
1790129743,24213.58,0,1,ONLINE,24206.97,0,3207814,4178,226004,0,0,1,1,1,1,1
1790129748,24218.82,0,1,ONLINE,24212.21,0,3208365,4178,226004,0,0,1,1,1,1,1
1790129754,24224.06,0,1,ONLINE,24217.45,0,3209006,4178,226004,0,0,1,1,1,1,1
1790129759,24229.29,0,1,ONLINE,24222.68,0,3209464,4178,226004,0,0,1,1,1,1,1
1790129764,24234.53,0,1,ONLINE,24227.92,0,3209743,4179,226276,0,0,1,1,1,1,1
1790129769,24239.76,0,1,ONLINE,24233.15,0,3210305,4179,226276,0,0,1,1,1,1,1
1790129775,24245.00,0,1,ONLINE,24238.39,0,3210596,4179,226471,0,0,1,1,1,1,1
1790129780,24250.24,0,1,ONLINE,24243.63,0,3211211,4181,226524,0,0,1,1,1,1,1
1790129785,24255.48,0,1,ONLINE,24248.87,0,3211967,4181,226524,0,0,1,1,1,1,1
1790129790,24260.71,0,1,ONLINE,24254.10,0,3212530,4181,226524,0,0,1,1,1,1,1
1790129796,24265.95,0,1,ONLINE,24259.34,0,3213188,4181,226524,0,0,1,1,1,1,1
1790129801,24271.21,0,1,ONLINE,24264.60,0,3213733,4181,226524,0,0,1,1,1,1,1
1790129806,24276.45,0,1,ONLINE,24269.84,0,3214348,4181,226524,0,0,1,1,1,1,1
1790129811,24281.69,0,1,ONLINE,24275.08,0,3214919,4181,226524,0,0,1,1,1,1,1
1790129817,24286.93,0,1,ONLINE,24280.32,0,3215482,4181,226524,0,0,1,1,1,1,1
1790129822,24292.18,0,1,ONLINE,24285.57,0,3216083,4181,226524,0,0,1,1,1,1,1
1790129827,24297.41,0,1,ONLINE,24290.80,0,3216640,4181,226524,0,0,1,1,1,1,1
1790129832,24302.65,0,1,ONLINE,24296.04,0,3217131,4181,226524,0,0,1,1,1,1,1
1790129837,24307.89,0,1,ONLINE,24301.28,0,3217617,4181,226524,0,0,1,1,1,1,1
1790129843,24313.12,0,1,ONLINE,24306.51,0,3218424,4181,226524,0,0,1,1,1,1,1
1790129848,24318.36,0,1,ONLINE,24311.75,0,3219072,4181,226524,0,0,1,1,1,1,1
1790129853,24323.59,0,1,ONLINE,24316.98,0,3219304,4182,226744,0,0,1,1,1,1,1
1790129858,24328.83,0,1,ONLINE,24322.22,0,3219812,4182,226767,0,0,1,1,1,1,1
1790129864,24334.06,0,1,ONLINE,24327.45,0,3220029,4187,227065,0,0,1,1,1,1,1
1790129869,24339.30,0,1,ONLINE,24332.69,0,3220622,4187,227065,0,0,1,1,1,1,1
1790129874,24344.54,0,1,ONLINE,24337.93,0,3221239,4187,227065,0,0,1,1,1,1,1
1790129879,24349.77,0,1,ONLINE,24343.16,0,3221770,4187,227065,0,0,1,1,1,1,1
1790129885,24355.01,0,1,ONLINE,24348.40,0,3222359,4187,227065,0,0,1,1,1,1,1
1790129890,24360.24,0,1,ONLINE,24353.63,0,3222953,4187,227065,0,0,1,1,1,1,1
1790129895,24365.48,0,1,ONLINE,24358.87,0,3223420,4187,227065,0,0,1,1,1,1,1
1790129900,24370.72,0,1,ONLINE,24364.11,0,3224071,4187,227065,0,0,1,1,1,1,1
1790129906,24375.95,0,1,ONLINE,24369.34,0,3224646,4187,227065,0,0,1,1,1,1,1
1790129911,24381.19,0,1,ONLINE,24374.58,0,3225108,4187,227065,0,0,1,1,1,1,1
1790129916,24386.42,0,1,ONLINE,24379.81,0,3225406,4193,227417,0,0,1,1,1,1,1
1790129921,24391.66,0,1,ONLINE,24385.05,0,3225746,4193,227556,0,0,1,1,1,1,1
1790129926,24396.89,0,1,ONLINE,24390.28,0,3226212,4196,227670,0,0,1,1,1,1,1
1790129932,24402.13,0,1,ONLINE,24395.52,0,3226950,4196,227670,0,0,1,1,1,1,1
1790129937,24407.38,0,1,ONLINE,24400.77,0,3227532,4196,227670,0,0,1,1,1,1,1
1790129942,24412.62,0,1,ONLINE,24406.01,0,3228010,4196,227670,0,0,1,1,1,1,1
1790129947,24417.85,0,1,ONLINE,24411.24,0,3228326,4199,227979,0,0,1,1,1,1,1
1790129953,24423.09,0,1,ONLINE,24416.48,0,3228609,4212,228172,0,0,1,1,1,1,1
1790129958,24428.32,0,1,ONLINE,24421.71,0,3229080,4216,228298,0,0,1,1,1,1,1
1790129963,24433.56,0,1,ONLINE,24426.95,0,3229672,4216,228298,0,0,1,1,1,1,1
1790129968,24438.81,0,1,ONLINE,24432.20,0,3230147,4216,228298,0,0,1,1,1,1,1
1790129974,24444.04,0,1,ONLINE,24437.43,0,3230241,4237,228763,0,0,1,1,1,1,1
1790129979,24449.27,0,1,ONLINE,24442.66,0,3230769,4241,228893,0,0,1,1,1,1,1
1790129984,24454.51,0,1,ONLINE,24447.90,0,3231325,4241,228893,0,0,1,1,1,1,1
1790129989,24459.74,0,1,ONLINE,24453.13,0,3231868,4241,228893,0,0,1,1,1,1,1
1790129995,24464.98,0,1,ONLINE,24458.37,0,3232523,4241,228893,0,0,1,1,1,1,1
1790130000,24470.22,0,1,ONLINE,24463.61,0,3233013,4241,228893,0,0,1,1,1,1,1
1790130005,24475.47,0,1,ONLINE,24468.86,0,3233331,4244,229222,0,0,1,1,1,1,1
1790130010,24480.72,0,1,ONLINE,24474.11,0,3233918,4244,229222,0,0,1,1,1,1,1
1790130016,24485.96,0,1,ONLINE,24479.35,0,3234472,4244,229222,0,0,1,1,1,1,1
1790130021,24491.19,0,1,ONLINE,24484.58,0,3235085,4244,229222,0,0,1,1,1,1,1
1790130026,24496.43,0,1,ONLINE,24489.82,0,3235685,4244,229222,0,0,1,1,1,1,1
1790130031,24501.66,0,1,ONLINE,24495.05,0,3236179,4244,229222,0,0,1,1,1,1,1
1790130036,24506.91,0,1,ONLINE,24500.30,0,3236799,4244,229222,0,0,1,1,1,1,1
1790130042,24512.14,0,1,ONLINE,24505.53,0,3237432,4244,229222,0,0,1,1,1,1,1
1790130047,24517.37,0,1,ONLINE,24510.76,0,3237973,4244,229222,0,0,1,1,1,1,1
1790130052,24522.61,0,1,ONLINE,24516.00,0,3238582,4244,229222,0,0,1,1,1,1,1
1790130057,24527.86,0,1,ONLINE,24521.25,0,3239411,4244,229222,0,0,1,1,1,1,1
1790130063,24533.09,0,1,ONLINE,24526.48,0,3240012,4244,229222,0,0,1,1,1,1,1
1790130068,24538.32,0,1,ONLINE,24531.71,0,3240615,4244,229222,0,0,1,1,1,1,1
1790130073,24543.58,0,1,ONLINE,24536.97,0,3241144,4244,229222,0,0,1,1,1,1,1
1790130078,24548.81,0,1,ONLINE,24542.20,0,3241691,4244,229222,0,0,1,1,1,1,1
1790130084,24554.04,0,1,ONLINE,24547.43,0,3242242,4244,229222,0,0,1,1,1,1,1
1790130089,24559.27,0,1,ONLINE,24552.66,0,3242831,4244,229222,0,0,1,1,1,1,1
1790130094,24564.50,0,1,ONLINE,24557.89,0,3243513,4244,229222,0,0,1,1,1,1,1
1790130099,24569.74,0,1,ONLINE,24563.13,0,3244228,4244,229222,0,0,1,1,1,1,1
1790130105,24574.97,0,1,ONLINE,24568.36,0,3244750,4244,229222,0,0,1,1,1,1,1
1790130110,24580.21,0,1,ONLINE,24573.60,0,3245429,4244,229222,0,0,1,1,1,1,1
1790130115,24585.44,0,1,ONLINE,24578.83,0,3246011,4244,229222,0,0,1,1,1,1,1
1790130120,24590.70,0,1,ONLINE,24584.09,0,3246607,4244,229222,0,0,1,1,1,1,1
1790130126,24595.93,0,1,ONLINE,24589.32,0,3247285,4244,229222,0,0,1,1,1,1,1
1790130131,24601.16,0,1,ONLINE,24594.55,0,3248034,4244,229222,0,0,1,1,1,1,1
1790130136,24606.40,0,1,ONLINE,24599.79,0,3248541,4244,229222,0,0,1,1,1,1,1
1790130141,24611.63,0,1,ONLINE,24605.02,0,3249283,4244,229222,0,0,1,1,1,1,1
1790130146,24616.87,0,1,ONLINE,24610.26,0,3249870,4244,229222,0,0,1,1,1,1,1
1790130152,24622.10,0,1,ONLINE,24615.49,0,3250268,4244,229222,0,0,1,1,1,1,1
1790130157,24627.33,0,1,ONLINE,24620.72,0,3250465,4247,229542,0,0,1,1,1,1,1
1790130162,24632.57,0,1,ONLINE,24625.96,0,3251076,4247,229542,0,0,1,1,1,1,1
1790130167,24637.81,0,1,ONLINE,24631.20,0,3251501,4249,229676,0,0,1,1,1,1,1
1790130173,24643.04,0,1,ONLINE,24636.43,0,3251924,4252,229858,0,0,1,1,1,1,1
1790130178,24648.28,0,1,ONLINE,24641.67,0,3252456,4252,229858,0,0,1,1,1,1,1
1790130183,24653.52,0,1,ONLINE,24646.91,0,3253089,4252,229858,0,0,1,1,1,1,1
1790130188,24658.75,0,1,ONLINE,24652.14,0,3253785,4252,229858,0,0,1,1,1,1,1
1790130194,24663.99,0,1,ONLINE,24657.38,0,3254259,4252,229858,0,0,1,1,1,1,1
1790130199,24669.22,0,1,ONLINE,24662.61,0,3254589,4255,230204,0,0,1,1,1,1,1
1790130204,24674.46,0,1,ONLINE,24667.85,0,3255264,4255,230204,0,0,1,1,1,1,1
1790130209,24679.70,0,1,ONLINE,24673.09,0,3255987,4255,230204,0,0,1,1,1,1,1
1790130215,24684.93,0,1,ONLINE,24678.32,0,3256321,4260,230476,0,0,1,1,1,1,1
1790130220,24690.18,0,1,ONLINE,24683.57,0,3256924,4261,230541,0,0,1,1,1,1,1
1790130225,24695.41,0,1,ONLINE,24688.80,0,3257347,4261,230541,0,0,1,1,1,1,1
1790130230,24700.65,0,1,ONLINE,24694.04,0,3257609,4266,230895,0,0,1,1,1,1,1
1790130235,24705.88,0,1,ONLINE,24699.27,0,3258309,4266,230895,0,0,1,1,1,1,1
1790130241,24711.11,0,1,ONLINE,24704.50,0,3258818,4266,230895,0,0,1,1,1,1,1
1790130246,24716.35,0,1,ONLINE,24709.74,0,3259387,4266,230895,0,0,1,1,1,1,1
1790130251,24721.59,0,1,ONLINE,24714.98,0,3259865,4266,230895,0,0,1,1,1,1,1
1790130256,24726.82,0,1,ONLINE,24720.21,0,3260364,4266,230895,0,0,1,1,1,1,1
1790130262,24732.06,0,1,ONLINE,24725.45,0,3260935,4266,230895,0,0,1,1,1,1,1
1790130267,24737.29,0,1,ONLINE,24730.68,0,3261529,4266,230895,0,0,1,1,1,1,1
1790130272,24742.53,0,1,ONLINE,24735.92,0,3262000,4266,230895,0,0,1,1,1,1,1
1790130277,24747.76,0,1,ONLINE,24741.15,0,3262652,4266,230895,0,0,1,1,1,1,1
1790130283,24752.99,0,1,ONLINE,24746.38,0,3263107,4266,230895,0,0,1,1,1,1,1
1790130288,24758.22,0,1,ONLINE,24751.61,0,3263404,4270,231240,0,0,1,1,1,1,1
1790130293,24763.48,0,1,ONLINE,24756.87,0,3264340,4270,231240,0,0,1,1,1,1,1
1790130298,24768.72,0,1,ONLINE,24762.11,0,3265001,4270,231240,0,0,1,1,1,1,1
1790130304,24773.95,0,1,ONLINE,24767.34,0,3265631,4270,231240,0,0,1,1,1,1,1
1790130309,24779.19,0,1,ONLINE,24772.58,0,3266317,4270,231240,0,0,1,1,1,1,1
1790130314,24784.42,0,1,ONLINE,24777.81,0,3266907,4270,231240,0,0,1,1,1,1,1
1790130319,24789.67,0,1,ONLINE,24783.06,0,3267166,4273,231444,0,0,1,1,1,1,1
1790130324,24794.91,0,1,ONLINE,24788.30,0,3267480,4283,231774,0,0,1,1,1,1,1
1790130330,24800.14,0,1,ONLINE,24793.53,0,3267989,4283,231774,0,0,1,1,1,1,1
1790130335,24805.38,0,1,ONLINE,24798.77,0,3268438,4283,231774,0,0,1,1,1,1,1
1790130340,24810.61,0,1,ONLINE,24804.00,0,3269036,4283,231774,0,0,1,1,1,1,1
1790130345,24815.86,0,1,ONLINE,24809.25,0,3269593,4283,231774,0,0,1,1,1,1,1
1790130351,24821.10,0,1,ONLINE,24814.49,0,3270456,4283,231774,0,0,1,1,1,1,1
1790130356,24826.33,0,1,ONLINE,24819.72,0,3270920,4283,231774,0,0,1,1,1,1,1
1790130361,24831.57,0,1,ONLINE,24824.96,0,3271413,4283,231774,0,0,1,1,1,1,1
1790130366,24836.80,0,1,ONLINE,24830.19,0,3271949,4283,231774,0,0,1,1,1,1,1
1790130372,24842.04,0,1,ONLINE,24835.43,0,3272536,4283,231774,0,0,1,1,1,1,1
1790130377,24847.27,0,1,ONLINE,24840.66,0,3273121,4283,231774,0,0,1,1,1,1,1
1790130382,24852.52,0,1,ONLINE,24845.91,0,3273836,4283,231774,0,0,1,1,1,1,1
1790130387,24857.75,0,1,ONLINE,24851.14,0,3274385,4283,231774,0,0,1,1,1,1,1
1790130393,24862.98,0,1,ONLINE,24856.37,0,3274930,4283,231774,0,0,1,1,1,1,1
1790130398,24868.22,0,1,ONLINE,24861.61,0,3275669,4283,231774,0,0,1,1,1,1,1
1790130403,24873.45,0,1,ONLINE,24866.84,0,3276212,4283,231774,0,0,1,1,1,1,1
1790130408,24878.69,0,1,ONLINE,24872.08,0,3276801,4283,231774,0,0,1,1,1,1,1
1790130414,24883.92,0,1,ONLINE,24877.31,0,3277450,4283,231774,0,0,1,1,1,1,1
1790130419,24889.15,0,1,ONLINE,24882.54,0,3278045,4283,231774,0,0,1,1,1,1,1
1790130424,24894.39,0,1,ONLINE,24887.78,0,3278663,4283,231774,0,0,1,1,1,1,1
1790130429,24899.64,0,1,ONLINE,24893.03,0,3279385,4283,231774,0,0,1,1,1,1,1
1790130434,24904.88,0,1,ONLINE,24898.27,0,3279827,4283,231774,0,0,1,1,1,1,1
1790130440,24910.11,0,1,ONLINE,24903.50,0,3280475,4283,231774,0,0,1,1,1,1,1
1790130445,24915.34,0,1,ONLINE,24908.73,0,3281107,4283,231774,0,0,1,1,1,1,1
1790130450,24920.58,0,1,ONLINE,24913.97,0,3281829,4283,231774,0,0,1,1,1,1,1
1790130455,24925.81,0,1,ONLINE,24919.20,0,3282578,4283,231774,0,0,1,1,1,1,1
1790130461,24931.05,0,1,ONLINE,24924.44,0,3283257,4283,231774,0,0,1,1,1,1,1
1790130466,24936.28,0,1,ONLINE,24929.67,0,3283757,4283,231774,0,0,1,1,1,1,1
1790130471,24941.52,0,1,ONLINE,24934.91,0,3284538,4283,231774,0,0,1,1,1,1,1
1790130476,24946.75,0,1,ONLINE,24940.14,0,3285175,4283,231774,0,0,1,1,1,1,1
1790130482,24952.00,0,1,ONLINE,24945.39,0,3285822,4283,231774,0,0,1,1,1,1,1
1790130487,24957.23,0,1,ONLINE,24950.62,0,3286449,4283,231774,0,0,1,1,1,1,1
1790130492,24962.53,0,1,ONLINE,24955.92,0,3287034,4283,231774,0,0,1,1,1,1,1
1790130497,24967.77,0,1,ONLINE,24961.16,0,3287547,4283,231774,0,0,1,1,1,1,1
1790130503,24973.01,0,1,ONLINE,24966.40,0,3288229,4283,231774,0,0,1,1,1,1,1
1790130508,24978.25,0,1,ONLINE,24971.64,0,3288925,4283,231774,0,0,1,1,1,1,1
1790130513,24983.48,0,1,ONLINE,24976.87,0,3289374,4283,231774,0,0,1,1,1,1,1
1790130518,24988.72,0,1,ONLINE,24982.11,0,3289691,4288,232094,0,0,1,1,1,1,1
1790130524,24993.96,0,1,ONLINE,24987.35,0,3290368,4288,232094,0,0,1,1,1,1,1
1790130529,24999.20,0,1,ONLINE,24992.59,0,3291183,4288,232094,0,0,1,1,1,1,1
1790130534,25004.44,0,1,ONLINE,24997.83,0,3291934,4288,232094,0,0,1,1,1,1,1
1790130539,25009.68,0,1,ONLINE,25003.07,0,3292574,4288,232094,0,0,1,1,1,1,1
1790130545,25014.91,0,1,ONLINE,25008.30,0,3293074,4288,232094,0,0,1,1,1,1,1
1790130550,25020.17,0,1,ONLINE,25013.56,0,3293255,4295,232478,0,0,1,1,1,1,1
1790130555,25025.41,0,1,ONLINE,25018.80,0,3293315,4305,232987,0,0,1,1,1,1,1
1790130560,25030.65,0,1,ONLINE,25024.04,0,3293939,4305,232987,0,0,1,1,1,1,1
1790130565,25035.88,0,1,ONLINE,25029.27,0,3294619,4305,232987,0,0,1,1,1,1,1
1790130571,25041.12,0,1,ONLINE,25034.51,0,3295069,4306,233014,0,0,1,1,1,1,1
1790130576,25046.35,0,1,ONLINE,25039.74,0,3295416,4306,233252,0,0,1,1,1,1,1
1790130581,25051.59,0,1,ONLINE,25044.98,0,3295922,4306,233252,0,0,1,1,1,1,1
1790130586,25056.83,0,1,ONLINE,25050.22,0,3296171,4308,233502,0,0,1,1,1,1,1
1790130592,25062.07,0,1,ONLINE,25055.46,0,3296715,4308,233502,0,0,1,1,1,1,1
1790130597,25067.31,0,1,ONLINE,25060.70,0,3297195,4308,233502,0,0,1,1,1,1,1
1790130602,25072.56,0,1,ONLINE,25065.95,0,3297706,4308,233502,0,0,1,1,1,1,1
1790130607,25077.79,0,1,ONLINE,25071.18,0,3298208,4308,233502,0,0,1,1,1,1,1
1790130613,25083.02,0,1,ONLINE,25076.41,0,3298616,4311,233635,0,0,1,1,1,1,1
1790130618,25088.26,0,1,ONLINE,25081.65,0,3298939,4311,233750,0,0,1,1,1,1,1
1790130623,25093.51,0,1,ONLINE,25086.90,0,3299555,4311,233750,0,0,1,1,1,1,1
1790130628,25098.74,0,1,ONLINE,25092.13,0,3300169,4311,233750,0,0,1,1,1,1,1
1790130634,25103.99,0,1,ONLINE,25097.38,0,3300662,4311,233750,0,0,1,1,1,1,1
1790130639,25109.22,0,1,ONLINE,25102.61,0,3301239,4311,233750,0,0,1,1,1,1,1
1790130644,25114.45,0,1,ONLINE,25107.84,0,3301676,4311,233750,0,0,1,1,1,1,1
1790130649,25119.69,0,1,ONLINE,25113.08,0,3302043,4316,234098,0,0,1,1,1,1,1
1790130655,25124.93,0,1,ONLINE,25118.32,0,3302692,4316,234098,0,0,1,1,1,1,1
1790130660,25130.17,0,1,ONLINE,25123.56,0,3303468,4316,234098,0,0,1,1,1,1,1
1790130665,25135.41,0,1,ONLINE,25128.80,0,3303722,4322,234381,0,0,1,1,1,1,1
1790130670,25140.66,0,1,ONLINE,25134.05,0,3304178,4322,234398,0,0,1,1,1,1,1
1790130675,25145.90,0,1,ONLINE,25139.29,0,3304749,4322,234398,0,0,1,1,1,1,1
1790130681,25151.14,0,1,ONLINE,25144.53,0,3305382,4322,234398,0,0,1,1,1,1,1
1790130686,25156.39,0,1,ONLINE,25149.78,0,3305919,4322,234398,0,0,1,1,1,1,1
1790130691,25161.63,0,1,ONLINE,25155.02,0,3306292,4325,234536,0,0,1,1,1,1,1
1790130696,25166.87,0,1,ONLINE,25160.26,0,3306620,4327,234748,0,0,1,1,1,1,1
1790130702,25172.11,0,1,ONLINE,25165.50,0,3307195,4327,234748,0,0,1,1,1,1,1
1790130707,25177.35,0,1,ONLINE,25170.74,0,3307694,4327,234748,0,0,1,1,1,1,1
1790130712,25182.60,0,1,ONLINE,25175.99,0,3308506,4327,234748,0,0,1,1,1,1,1
1790130717,25187.84,0,1,ONLINE,25181.23,0,3309024,4327,234748,0,0,1,1,1,1,1
1790130723,25193.07,0,1,ONLINE,25186.46,0,3309189,4332,235136,0,0,1,1,1,1,1
1790130728,25198.31,0,1,ONLINE,25191.70,0,3309251,4337,235564,0,0,1,1,1,1,1
1790130733,25203.54,0,1,ONLINE,25196.93,0,3309692,4337,235564,0,0,1,1,1,1,1
1790130738,25208.78,0,1,ONLINE,25202.17,0,3310388,4337,235564,0,0,1,1,1,1,1
1790130744,25214.02,0,1,ONLINE,25207.41,0,3311016,4337,235564,0,0,1,1,1,1,1
1790130749,25219.26,0,1,ONLINE,25212.65,0,3311505,4338,235700,0,0,1,1,1,1,1
1790130754,25224.50,0,1,ONLINE,25217.89,0,3311575,4350,236207,0,0,1,1,1,1,1
1790130759,25229.74,0,1,ONLINE,25223.13,0,3311916,4357,236441,0,0,1,1,1,1,1
1790130765,25234.97,0,1,ONLINE,25228.36,0,3312683,4357,236441,0,0,1,1,1,1,1
1790130770,25240.21,0,1,ONLINE,25233.60,0,3313494,4357,236441,0,0,1,1,1,1,1
1790130775,25245.44,0,1,ONLINE,25238.83,0,3314198,4357,236441,0,0,1,1,1,1,1
1790130780,25250.68,0,1,ONLINE,25244.07,0,3314350,4359,236762,0,0,1,1,1,1,1
1790130785,25255.91,0,1,ONLINE,25249.30,0,3314787,4372,237046,0,0,1,1,1,1,1
1790130791,25261.15,0,1,ONLINE,25254.54,0,3315556,4372,237046,0,0,1,1,1,1,1
1790130796,25266.38,0,1,ONLINE,25259.77,0,3315998,4372,237046,0,0,1,1,1,1,1
1790130801,25271.61,0,1,ONLINE,25265.00,0,3316570,4372,237046,0,0,1,1,1,1,1
1790130806,25276.85,0,1,ONLINE,25270.24,0,3317096,4372,237046,0,0,1,1,1,1,1
1790130812,25282.10,0,1,ONLINE,25275.49,0,3317253,4373,237360,0,0,1,1,1,1,1
1790130817,25287.34,0,1,ONLINE,25280.73,0,3317679,4378,237618,0,0,1,1,1,1,1
1790130822,25292.58,0,1,ONLINE,25285.97,0,3318192,4378,237618,0,0,1,1,1,1,1
1790130827,25297.82,0,1,ONLINE,25291.21,0,3318414,4390,237922,0,0,1,1,1,1,1
1790130833,25303.06,0,1,ONLINE,25296.45,0,3319048,4390,237922,0,0,1,1,1,1,1
1790130838,25308.29,0,1,ONLINE,25301.68,0,3319522,4390,237922,0,0,1,1,1,1,1
1790130843,25313.52,0,1,ONLINE,25306.91,0,3320071,4390,237922,0,0,1,1,1,1,1
1790130848,25318.76,0,1,ONLINE,25312.15,0,3320625,4390,237922,0,0,1,1,1,1,1
1790130854,25324.00,0,1,ONLINE,25317.39,0,3321328,4390,237922,0,0,1,1,1,1,1
1790130859,25329.24,0,1,ONLINE,25322.63,0,3321979,4390,237922,0,0,1,1,1,1,1
1790130864,25334.48,0,1,ONLINE,25327.87,0,3322581,4390,237922,0,0,1,1,1,1,1
1790130869,25339.72,0,1,ONLINE,25333.11,0,3323091,4390,237922,0,0,1,1,1,1,1
1790130875,25344.95,0,1,ONLINE,25338.34,0,3323796,4390,237922,0,0,1,1,1,1,1
1790130880,25350.18,0,1,ONLINE,25343.57,0,3324428,4390,237922,0,0,1,1,1,1,1
1790130885,25355.41,0,1,ONLINE,25348.80,0,3325068,4390,237922,0,0,1,1,1,1,1
1790130890,25360.65,0,1,ONLINE,25354.04,0,3325727,4390,237922,0,0,1,1,1,1,1
1790130895,25365.89,0,1,ONLINE,25359.28,0,3326340,4390,237922,0,0,1,1,1,1,1
1790130901,25371.12,0,1,ONLINE,25364.51,0,3326883,4390,237922,0,0,1,1,1,1,1
1790130906,25376.35,0,1,ONLINE,25369.74,0,3327506,4390,237922,0,0,1,1,1,1,1
1790130911,25381.59,0,1,ONLINE,25374.98,0,3328135,4390,237922,0,0,1,1,1,1,1
1790130916,25386.83,0,1,ONLINE,25380.22,0,3328690,4390,237922,0,0,1,1,1,1,1
1790130922,25392.06,0,1,ONLINE,25385.45,0,3329336,4390,237922,0,0,1,1,1,1,1
1790130927,25397.30,0,1,ONLINE,25390.69,0,3329922,4390,237922,0,0,1,1,1,1,1
1790130932,25402.53,0,1,ONLINE,25395.92,0,3330436,4390,237922,0,0,1,1,1,1,1
1790130937,25407.77,0,1,ONLINE,25401.16,0,3330843,4396,238272,0,0,1,1,1,1,1
1790130943,25413.02,0,1,ONLINE,25406.41,0,3331560,4396,238272,0,0,1,1,1,1,1
1790130948,25418.25,0,1,ONLINE,25411.64,0,3332162,4396,238272,0,0,1,1,1,1,1
1790130953,25423.48,0,1,ONLINE,25416.87,0,3332909,4396,238272,0,0,1,1,1,1,1
1790130958,25428.72,0,1,ONLINE,25422.11,0,3333534,4396,238272,0,0,1,1,1,1,1
1790130964,25433.95,0,1,ONLINE,25427.34,0,3334281,4396,238272,0,0,1,1,1,1,1
1790130969,25439.20,0,1,ONLINE,25432.59,0,3334979,4396,238272,0,0,1,1,1,1,1
1790130974,25444.44,0,1,ONLINE,25437.83,0,3335260,4413,238614,0,0,1,1,1,1,1
1790130979,25449.67,0,1,ONLINE,25443.06,0,3335926,4413,238614,0,0,1,1,1,1,1
1790130984,25454.90,0,1,ONLINE,25448.29,0,3336636,4413,238614,0,0,1,1,1,1,1
1790130990,25460.14,0,1,ONLINE,25453.53,0,3337243,4413,238614,0,0,1,1,1,1,1
1790130995,25465.38,0,1,ONLINE,25458.77,0,3337890,4413,238614,0,0,1,1,1,1,1
1790131000,25470.61,0,1,ONLINE,25464.00,0,3338606,4413,238614,0,0,1,1,1,1,1
1790131005,25475.85,0,1,ONLINE,25469.24,0,3339131,4413,238614,0,0,1,1,1,1,1
1790131011,25481.08,0,1,ONLINE,25474.47,0,3339782,4413,238614,0,0,1,1,1,1,1
1790131016,25486.31,0,1,ONLINE,25479.70,0,3340395,4413,238614,0,0,1,1,1,1,1
1790131021,25491.55,0,1,ONLINE,25484.94,0,3340887,4413,238614,0,0,1,1,1,1,1
1790131026,25496.79,0,1,ONLINE,25490.18,0,3341415,4413,238614,0,0,1,1,1,1,1
1790131032,25502.02,0,1,ONLINE,25495.41,0,3341889,4413,238614,0,0,1,1,1,1,1
1790131037,25507.25,0,1,ONLINE,25500.64,0,3342437,4413,238614,0,0,1,1,1,1,1
1790131042,25512.49,0,1,ONLINE,25505.88,0,3343081,4413,238614,0,0,1,1,1,1,1
1790131047,25517.73,0,1,ONLINE,25511.12,0,3343619,4413,238614,0,0,1,1,1,1,1
1790131053,25522.97,0,1,ONLINE,25516.36,0,3343686,4415,238950,0,0,1,1,1,1,1
1790131058,25528.20,0,1,ONLINE,25521.59,0,3343848,4421,239379,0,0,1,1,1,1,1
1790131063,25533.44,0,1,ONLINE,25526.83,0,3344373,4421,239379,0,0,1,1,1,1,1
1790131068,25538.68,0,1,ONLINE,25532.07,0,3345187,4421,239379,0,0,1,1,1,1,1
1790131073,25543.91,0,1,ONLINE,25537.30,0,3345916,4421,239379,0,0,1,1,1,1,1
1790131079,25549.15,0,1,ONLINE,25542.54,0,3346433,4421,239379,0,0,1,1,1,1,1
1790131084,25554.38,0,1,ONLINE,25547.77,0,3346967,4421,239379,0,0,1,1,1,1,1
1790131089,25559.63,0,1,ONLINE,25553.02,0,3347516,4421,239379,0,0,1,1,1,1,1
1790131094,25564.87,0,1,ONLINE,25558.26,0,3347969,4421,239379,0,0,1,1,1,1,1
1790131100,25570.10,0,1,ONLINE,25563.49,0,3348659,4421,239379,0,0,1,1,1,1,1
1790131105,25575.34,0,1,ONLINE,25568.73,0,3349299,4421,239379,0,0,1,1,1,1,1
1790131110,25580.58,0,1,ONLINE,25573.97,0,3349794,4421,239379,0,0,1,1,1,1,1
1790131115,25585.82,0,1,ONLINE,25579.21,0,3350355,4421,239379,0,0,1,1,1,1,1
1790131121,25591.06,0,1,ONLINE,25584.45,0,3350964,4421,239379,0,0,1,1,1,1,1
1790131126,25596.30,0,1,ONLINE,25589.69,0,3351402,4421,239379,0,0,1,1,1,1,1
1790131131,25601.53,0,1,ONLINE,25594.92,0,3352006,4421,239379,0,0,1,1,1,1,1
1790131136,25606.78,0,1,ONLINE,25600.17,0,3352683,4421,239379,0,0,1,1,1,1,1
1790131142,25612.01,0,1,ONLINE,25605.40,0,3353311,4421,239379,0,0,1,1,1,1,1
1790131147,25617.24,0,1,ONLINE,25610.63,0,3353927,4421,239379,0,0,1,1,1,1,1
1790131152,25622.49,0,1,ONLINE,25615.88,0,3354487,4421,239379,0,0,1,1,1,1,1
1790131157,25627.73,0,1,ONLINE,25621.12,0,3354913,4421,239379,0,0,1,1,1,1,1
1790131163,25632.96,0,1,ONLINE,25626.35,0,3355585,4421,239379,0,0,1,1,1,1,1
1790131168,25638.20,0,1,ONLINE,25631.59,0,3356252,4422,239404,0,0,1,1,1,1,1
1790131173,25643.44,0,1,ONLINE,25636.83,0,3356339,4435,239814,0,0,1,1,1,1,1
1790131178,25648.68,0,1,ONLINE,25642.07,0,3356578,4443,240156,0,0,1,1,1,1,1
1790131184,25653.92,0,1,ONLINE,25647.31,0,3357053,4443,240156,0,0,1,1,1,1,1
1790131189,25659.16,0,1,ONLINE,25652.55,0,3357779,4443,240156,0,0,1,1,1,1,1
1790131194,25664.41,0,1,ONLINE,25657.80,0,3358357,4443,240156,0,0,1,1,1,1,1
1790131199,25669.64,0,1,ONLINE,25663.03,0,3358833,4443,240156,0,0,1,1,1,1,1
1790131204,25674.88,0,1,ONLINE,25668.27,0,3359411,4443,240156,0,0,1,1,1,1,1
1790131210,25680.12,0,1,ONLINE,25673.51,0,3360028,4443,240156,0,0,1,1,1,1,1
1790131215,25685.37,0,1,ONLINE,25678.76,0,3360521,4443,240156,0,0,1,1,1,1,1
1790131220,25690.60,0,1,ONLINE,25683.99,0,3360687,4444,240455,0,0,1,1,1,1,1
1790131225,25695.84,0,1,ONLINE,25689.23,0,3361081,4447,240649,0,0,1,1,1,1,1
1790131231,25701.07,0,1,ONLINE,25694.46,0,3361514,4447,240649,0,0,1,1,1,1,1
1790131236,25706.31,0,1,ONLINE,25699.70,0,3361739,4451,241050,0,0,1,1,1,1,1
1790131241,25711.54,0,1,ONLINE,25704.93,0,3362474,4451,241050,0,0,1,1,1,1,1
1790131246,25716.78,0,1,ONLINE,25710.17,0,3363051,4451,241050,0,0,1,1,1,1,1
1790131252,25722.02,0,1,ONLINE,25715.41,0,3363668,4451,241050,0,0,1,1,1,1,1
1790131257,25727.25,0,1,ONLINE,25720.64,0,3364199,4451,241050,0,0,1,1,1,1,1
1790131262,25732.49,0,1,ONLINE,25725.88,0,3364829,4451,241050,0,0,1,1,1,1,1
1790131267,25737.73,0,1,ONLINE,25731.12,0,3365424,4451,241050,0,0,1,1,1,1,1
1790131273,25742.97,0,1,ONLINE,25736.36,0,3365751,4455,241202,0,0,1,1,1,1,1
1790131278,25748.21,0,1,ONLINE,25741.60,0,3365909,4464,241677,0,0,1,1,1,1,1
1790131283,25753.45,0,1,ONLINE,25746.84,0,3366506,4464,241677,0,0,1,1,1,1,1
1790131288,25758.68,0,1,ONLINE,25752.07,0,3367100,4464,241677,0,0,1,1,1,1,1
1790131294,25763.92,0,1,ONLINE,25757.31,0,3367826,4464,241677,0,0,1,1,1,1,1
1790131299,25769.17,0,1,ONLINE,25762.56,0,3368468,4464,241677,0,0,1,1,1,1,1
1790131304,25774.41,0,1,ONLINE,25767.80,0,3368739,4468,241925,0,0,1,1,1,1,1
1790131309,25779.66,0,1,ONLINE,25773.05,0,3369230,4468,241980,0,0,1,1,1,1,1
1790131314,25784.89,0,1,ONLINE,25778.28,0,3369721,4468,241980,0,0,1,1,1,1,1
1790131320,25790.13,0,1,ONLINE,25783.52,0,3370312,4468,241980,0,0,1,1,1,1,1
1790131325,25795.37,0,1,ONLINE,25788.76,0,3371022,4468,241980,0,0,1,1,1,1,1
1790131330,25800.61,0,1,ONLINE,25794.00,0,3371563,4469,242012,0,0,1,1,1,1,1
1790131335,25805.84,0,1,ONLINE,25799.23,0,3371654,4483,242448,0,0,1,1,1,1,1
1790131341,25811.08,0,1,ONLINE,25804.47,0,3371900,4487,242750,0,0,1,1,1,1,1
1790131346,25816.32,0,1,ONLINE,25809.71,0,3372509,4487,242750,0,0,1,1,1,1,1
1790131351,25821.56,0,1,ONLINE,25814.95,0,3373184,4487,242750,0,0,1,1,1,1,1
1790131356,25826.79,0,1,ONLINE,25820.18,0,3373728,4487,242750,0,0,1,1,1,1,1
1790131362,25832.03,0,1,ONLINE,25825.42,0,3374431,4487,242750,0,0,1,1,1,1,1
1790131367,25837.26,0,1,ONLINE,25830.65,0,3374624,4487,242988,0,0,1,1,1,1,1
1790131372,25842.50,0,1,ONLINE,25835.89,0,3375436,4487,242988,0,0,1,1,1,1,1
1790131377,25847.73,0,1,ONLINE,25841.12,0,3376102,4487,242988,0,0,1,1,1,1,1
1790131383,25852.98,0,1,ONLINE,25846.37,0,3376666,4487,242988,0,0,1,1,1,1,1
1790131388,25858.22,0,1,ONLINE,25851.61,0,3377206,4487,242988,0,0,1,1,1,1,1
1790131393,25863.45,0,1,ONLINE,25856.84,0,3377758,4487,242988,0,0,1,1,1,1,1
1790131398,25868.68,0,1,ONLINE,25862.07,0,3378292,4487,242988,0,0,1,1,1,1,1
1790131404,25873.92,0,1,ONLINE,25867.31,0,3379000,4487,242988,0,0,1,1,1,1,1
1790131409,25879.16,0,1,ONLINE,25872.55,0,3379793,4487,242988,0,0,1,1,1,1,1
1790131414,25884.39,0,1,ONLINE,25877.78,0,3380441,4487,242988,0,0,1,1,1,1,1
1790131419,25889.63,0,1,ONLINE,25883.02,0,3381106,4487,242988,0,0,1,1,1,1,1
1790131424,25894.86,0,1,ONLINE,25888.25,0,3381402,4488,243206,0,0,1,1,1,1,1
1790131430,25900.09,0,1,ONLINE,25893.48,0,3381639,4498,243632,0,0,1,1,1,1,1
1790131435,25905.33,0,1,ONLINE,25898.72,0,3382164,4498,243632,0,0,1,1,1,1,1
1790131440,25910.57,0,1,ONLINE,25903.96,0,3382804,4498,243632,0,0,1,1,1,1,1
1790131445,25915.81,0,1,ONLINE,25909.20,0,3383461,4498,243632,0,0,1,1,1,1,1
1790131451,25921.04,0,1,ONLINE,25914.43,0,3383964,4498,243632,0,0,1,1,1,1,1
1790131456,25926.28,0,1,ONLINE,25919.67,0,3384576,4498,243632,0,0,1,1,1,1,1
1790131461,25931.52,0,1,ONLINE,25924.91,0,3385194,4498,243632,0,0,1,1,1,1,1
1790131466,25936.76,0,1,ONLINE,25930.15,0,3385777,4498,243632,0,0,1,1,1,1,1
1790131472,25941.99,0,1,ONLINE,25935.38,0,3386251,4498,243632,0,0,1,1,1,1,1
1790131477,25947.23,0,1,ONLINE,25940.62,0,3386807,4498,243632,0,0,1,1,1,1,1
1790131482,25952.46,0,1,ONLINE,25945.85,0,3387287,4498,243632,0,0,1,1,1,1,1
1790131487,25957.73,0,1,ONLINE,25951.12,0,3387853,4498,243632,0,0,1,1,1,1,1
1790131493,25962.96,0,1,ONLINE,25956.35,0,3388510,4498,243632,0,0,1,1,1,1,1
1790131498,25968.20,0,1,ONLINE,25961.59,0,3389119,4498,243632,0,0,1,1,1,1,1
1790131503,25973.44,0,1,ONLINE,25966.83,0,3389628,4498,243632,0,0,1,1,1,1,1
1790131508,25978.67,0,1,ONLINE,25972.06,0,3390251,4498,243632,0,0,1,1,1,1,1
1790131513,25983.91,0,1,ONLINE,25977.30,0,3390651,4498,243647,0,0,1,1,1,1,1
1790131519,25989.14,0,1,ONLINE,25982.53,0,3390977,4499,243854,0,0,1,1,1,1,1
1790131524,25994.38,0,1,ONLINE,25987.77,0,3391629,4499,243854,0,0,1,1,1,1,1
1790131529,25999.62,0,1,ONLINE,25993.01,0,3392272,4499,243854,0,0,1,1,1,1,1
1790131534,26004.85,0,1,ONLINE,25998.24,0,3392818,4499,243854,0,0,1,1,1,1,1
1790131540,26010.09,0,1,ONLINE,26003.48,0,3393415,4499,243854,0,0,1,1,1,1,1
1790131545,26015.32,0,1,ONLINE,26008.71,0,3393527,4503,244127,0,0,1,1,1,1,1
1790131550,26020.57,0,1,ONLINE,26013.96,0,3393838,4507,244354,0,0,1,1,1,1,1
1790131555,26025.80,0,1,ONLINE,26019.19,0,3394438,4507,244354,0,0,1,1,1,1,1
1790131561,26031.03,0,1,ONLINE,26024.42,0,3395050,4507,244354,0,0,1,1,1,1,1
1790131566,26036.26,0,1,ONLINE,26029.65,0,3395615,4507,244354,0,0,1,1,1,1,1
1790131571,26041.51,0,1,ONLINE,26034.90,0,3396132,4507,244354,0,0,1,1,1,1,1
1790131576,26046.74,0,1,ONLINE,26040.13,0,3396631,4507,244354,0,0,1,1,1,1,1
1790131582,26051.98,0,1,ONLINE,26045.37,0,3396909,4509,244739,0,0,1,1,1,1,1
1790131587,26057.21,0,1,ONLINE,26050.60,0,3397481,4509,244739,0,0,1,1,1,1,1
1790131592,26062.45,0,1,ONLINE,26055.84,0,3397800,4515,244948,0,0,1,1,1,1,1
1790131597,26067.69,0,1,ONLINE,26061.08,0,3398332,4518,245056,0,0,1,1,1,1,1
1790131603,26072.94,0,1,ONLINE,26066.33,0,3398979,4518,245056,0,0,1,1,1,1,1
1790131608,26078.19,0,1,ONLINE,26071.58,0,3399699,4518,245056,0,0,1,1,1,1,1
1790131613,26083.42,0,1,ONLINE,26076.81,0,3400422,4518,245056,0,0,1,1,1,1,1
1790131618,26088.66,0,1,ONLINE,26082.05,0,3401042,4518,245056,0,0,1,1,1,1,1
1790131623,26093.89,0,1,ONLINE,26087.28,0,3401639,4518,245056,0,0,1,1,1,1,1
1790131629,26099.14,0,1,ONLINE,26092.53,0,3402249,4518,245056,0,0,1,1,1,1,1
1790131634,26104.37,0,1,ONLINE,26097.76,0,3402848,4518,245056,0,0,1,1,1,1,1
1790131639,26109.61,0,1,ONLINE,26103.00,0,3403353,4518,245056,0,0,1,1,1,1,1
1790131644,26114.85,0,1,ONLINE,26108.24,0,3403895,4518,245056,0,0,1,1,1,1,1
1790131650,26120.09,0,1,ONLINE,26113.48,0,3404417,4518,245056,0,0,1,1,1,1,1
1790131655,26125.32,0,1,ONLINE,26118.71,0,3405063,4518,245056,0,0,1,1,1,1,1
1790131660,26130.55,0,1,ONLINE,26123.94,0,3405605,4518,245056,0,0,1,1,1,1,1
1790131665,26135.79,0,1,ONLINE,26129.18,0,3406076,4518,245056,0,0,1,1,1,1,1
1790131671,26141.03,0,1,ONLINE,26134.42,0,3406710,4518,245056,0,0,1,1,1,1,1
1790131676,26146.28,0,1,ONLINE,26139.67,0,3407440,4518,245056,0,0,1,1,1,1,1
1790131681,26151.51,0,1,ONLINE,26144.90,0,3408044,4518,245056,0,0,1,1,1,1,1
1790131686,26156.75,0,1,ONLINE,26150.14,0,3408786,4518,245056,0,0,1,1,1,1,1
1790131692,26161.98,0,1,ONLINE,26155.37,0,3409038,4526,245396,0,0,1,1,1,1,1
1790131697,26167.22,0,1,ONLINE,26160.61,0,3409599,4526,245396,0,0,1,1,1,1,1
1790131702,26172.46,0,1,ONLINE,26165.85,0,3410250,4526,245396,0,0,1,1,1,1,1
1790131707,26177.70,0,1,ONLINE,26171.09,0,3410600,4526,245464,0,0,1,1,1,1,1
1790131713,26182.95,0,1,ONLINE,26176.34,0,3410886,4527,245674,0,0,1,1,1,1,1
1790131718,26188.19,0,1,ONLINE,26181.58,0,3411435,4527,245674,0,0,1,1,1,1,1
1790131723,26193.43,0,1,ONLINE,26186.82,0,3411892,4527,245674,0,0,1,1,1,1,1
1790131728,26198.66,0,1,ONLINE,26192.05,0,3412475,4527,245674,0,0,1,1,1,1,1
1790131733,26203.90,0,1,ONLINE,26197.29,0,3412998,4527,245674,0,0,1,1,1,1,1
1790131739,26209.14,0,1,ONLINE,26202.53,0,3413425,4527,245674,0,0,1,1,1,1,1
1790131744,26214.38,0,1,ONLINE,26207.77,0,3413528,4533,246042,0,0,1,1,1,1,1
1790131749,26219.62,0,1,ONLINE,26213.01,0,3413978,4536,246211,0,0,1,1,1,1,1
1790131754,26224.85,0,1,ONLINE,26218.24,0,3414461,4536,246211,0,0,1,1,1,1,1
1790131760,26230.08,0,1,ONLINE,26223.47,0,3415086,4536,246211,0,0,1,1,1,1,1
1790131765,26235.32,0,1,ONLINE,26228.71,0,3415566,4536,246211,0,0,1,1,1,1,1
1790131770,26240.55,0,1,ONLINE,26233.94,0,3415657,4539,246580,0,0,1,1,1,1,1
1790131775,26245.79,0,1,ONLINE,26239.18,0,3416139,4540,246762,0,0,1,1,1,1,1
1790131781,26251.02,0,1,ONLINE,26244.41,0,3416734,4540,246762,0,0,1,1,1,1,1
1790131786,26256.26,0,1,ONLINE,26249.65,0,3417242,4540,246762,0,0,1,1,1,1,1
1790131791,26261.50,0,1,ONLINE,26254.89,0,3417945,4540,246762,0,0,1,1,1,1,1
1790131796,26266.74,0,1,ONLINE,26260.13,0,3418454,4540,246762,0,0,1,1,1,1,1
1790131802,26271.98,0,1,ONLINE,26265.37,0,3419104,4540,246762,0,0,1,1,1,1,1
1790131807,26277.21,0,1,ONLINE,26270.60,0,3419619,4540,246762,0,0,1,1,1,1,1
1790131812,26282.45,0,1,ONLINE,26275.84,0,3420116,4540,246762,0,0,1,1,1,1,1
1790131817,26287.69,0,1,ONLINE,26281.08,0,3420417,4543,246980,0,0,1,1,1,1,1
1790131823,26292.92,0,1,ONLINE,26286.31,0,3420957,4543,246980,0,0,1,1,1,1,1
1790131828,26298.16,0,1,ONLINE,26291.55,0,3421633,4543,246980,0,0,1,1,1,1,1
1790131833,26303.40,0,1,ONLINE,26296.79,0,3422252,4543,246980,0,0,1,1,1,1,1
1790131838,26308.65,0,1,ONLINE,26302.04,0,3422823,4543,246980,0,0,1,1,1,1,1
1790131843,26313.89,0,1,ONLINE,26307.28,0,3423232,4543,246980,0,0,1,1,1,1,1
1790131849,26319.13,0,1,ONLINE,26312.52,0,3423796,4543,246980,0,0,1,1,1,1,1
1790131854,26324.36,0,1,ONLINE,26317.75,0,3424392,4543,246980,0,0,1,1,1,1,1
1790131859,26329.60,0,1,ONLINE,26322.99,0,3424870,4543,246980,0,0,1,1,1,1,1
1790131864,26334.84,0,1,ONLINE,26328.23,0,3425478,4543,246980,0,0,1,1,1,1,1
1790131870,26340.08,0,1,ONLINE,26333.47,0,3425945,4543,246980,0,0,1,1,1,1,1
1790131875,26345.31,0,1,ONLINE,26338.70,0,3426471,4543,246980,0,0,1,1,1,1,1
1790131880,26350.55,0,1,ONLINE,26343.94,0,3427083,4543,246980,0,0,1,1,1,1,1
1790131885,26355.78,0,1,ONLINE,26349.17,0,3427634,4543,246980,0,0,1,1,1,1,1
1790131891,26361.03,0,1,ONLINE,26354.42,0,3428200,4543,246980,0,0,1,1,1,1,1
1790131896,26366.27,0,1,ONLINE,26359.66,0,3428873,4543,246980,0,0,1,1,1,1,1
1790131901,26371.51,0,1,ONLINE,26364.90,0,3429425,4543,246980,0,0,1,1,1,1,1
1790131906,26376.75,0,1,ONLINE,26370.14,0,3429972,4543,246980,0,0,1,1,1,1,1
1790131912,26382.00,0,1,ONLINE,26375.39,0,3430508,4543,246980,0,0,1,1,1,1,1
1790131917,26387.24,0,1,ONLINE,26380.63,0,3431019,4543,246980,0,0,1,1,1,1,1
1790131922,26392.48,0,1,ONLINE,26385.87,0,3431545,4543,246980,0,0,1,1,1,1,1
1790131927,26397.71,0,1,ONLINE,26391.10,0,3432246,4543,246980,0,0,1,1,1,1,1
1790131933,26402.96,0,1,ONLINE,26396.35,0,3432759,4543,246980,0,0,1,1,1,1,1
1790131938,26408.21,0,1,ONLINE,26401.60,0,3433393,4543,246980,0,0,1,1,1,1,1
1790131943,26413.45,0,1,ONLINE,26406.84,0,3434138,4543,246980,0,0,1,1,1,1,1
1790131948,26418.68,0,1,ONLINE,26412.07,0,3434719,4543,246980,0,0,1,1,1,1,1
1790131954,26423.93,0,1,ONLINE,26417.32,0,3435256,4543,246980,0,0,1,1,1,1,1
1790131959,26429.16,0,1,ONLINE,26422.55,0,3435844,4543,246980,0,0,1,1,1,1,1
1790131964,26434.40,0,1,ONLINE,26427.79,0,3436501,4543,246980,0,0,1,1,1,1,1
1790131969,26439.63,0,1,ONLINE,26433.02,0,3437132,4543,246980,0,0,1,1,1,1,1
1790131974,26444.87,0,1,ONLINE,26438.26,0,3437871,4543,246980,0,0,1,1,1,1,1
1790131980,26450.11,0,1,ONLINE,26443.50,0,3438427,4543,246980,0,0,1,1,1,1,1
1790131985,26455.34,0,1,ONLINE,26448.73,0,3438996,4543,246980,0,0,1,1,1,1,1
1790131990,26460.58,0,1,ONLINE,26453.97,0,3439611,4543,246980,0,0,1,1,1,1,1
1790131995,26465.82,0,1,ONLINE,26459.21,0,3440139,4543,246980,0,0,1,1,1,1,1
1790132001,26471.06,0,1,ONLINE,26464.45,0,3440672,4543,246980,0,0,1,1,1,1,1
1790132006,26476.29,0,1,ONLINE,26469.68,0,3441434,4543,246980,0,0,1,1,1,1,1
1790132011,26481.54,0,1,ONLINE,26474.93,0,3441855,4543,246980,0,0,1,1,1,1,1
1790132016,26486.77,0,1,ONLINE,26480.16,0,3442212,4545,247110,0,0,1,1,1,1,1
1790132022,26492.02,0,1,ONLINE,26485.41,0,3442664,4549,247255,0,0,1,1,1,1,1
1790132027,26497.25,0,1,ONLINE,26490.64,0,3443364,4549,247255,0,0,1,1,1,1,1
1790132032,26502.49,0,1,ONLINE,26495.88,0,3443920,4549,247255,0,0,1,1,1,1,1
1790132037,26507.72,0,1,ONLINE,26501.11,0,3444435,4549,247255,0,0,1,1,1,1,1
1790132043,26512.96,0,1,ONLINE,26506.35,0,3444564,4552,247584,0,0,1,1,1,1,1
1790132048,26518.20,0,1,ONLINE,26511.59,0,3444906,4554,247739,0,0,1,1,1,1,1
1790132053,26523.43,0,1,ONLINE,26516.82,0,3445515,4554,247739,0,0,1,1,1,1,1
1790132058,26528.67,0,1,ONLINE,26522.06,0,3446164,4554,247739,0,0,1,1,1,1,1
1790132064,26533.92,0,1,ONLINE,26527.31,0,3446864,4554,247739,0,0,1,1,1,1,1
1790132069,26539.16,0,1,ONLINE,26532.55,0,3447314,4554,247739,0,0,1,1,1,1,1
1790132074,26544.39,0,1,ONLINE,26537.78,0,3447409,4559,248176,0,0,1,1,1,1,1
1790132079,26549.63,0,1,ONLINE,26543.02,0,3447909,4560,248320,0,0,1,1,1,1,1
1790132084,26554.87,0,1,ONLINE,26548.26,0,3448415,4560,248320,0,0,1,1,1,1,1
1790132090,26560.11,0,1,ONLINE,26553.50,0,3449232,4560,248320,0,0,1,1,1,1,1
1790132095,26565.35,0,1,ONLINE,26558.74,0,3449861,4560,248320,0,0,1,1,1,1,1
1790132100,26570.59,0,1,ONLINE,26563.98,0,3450387,4560,248320,0,0,1,1,1,1,1
1790132105,26575.84,0,1,ONLINE,26569.23,0,3450741,4568,248666,0,0,1,1,1,1,1
1790132111,26581.08,0,1,ONLINE,26574.47,0,3451216,4568,248666,0,0,1,1,1,1,1
1790132116,26586.32,0,1,ONLINE,26579.71,0,3451886,4568,248666,0,0,1,1,1,1,1
1790132121,26591.56,0,1,ONLINE,26584.95,0,3452617,4568,248666,0,0,1,1,1,1,1
1790132126,26596.79,0,1,ONLINE,26590.18,0,3453179,4568,248666,0,0,1,1,1,1,1
1790132132,26602.04,0,1,ONLINE,26595.43,0,3453825,4568,248666,0,0,1,1,1,1,1
1790132137,26607.27,0,1,ONLINE,26600.66,0,3454522,4568,248666,0,0,1,1,1,1,1
1790132142,26612.52,0,1,ONLINE,26605.91,0,3455127,4568,248666,0,0,1,1,1,1,1
1790132147,26617.75,0,1,ONLINE,26611.14,0,3455888,4568,248666,0,0,1,1,1,1,1
1790132153,26622.98,0,1,ONLINE,26616.37,0,3456415,4568,248666,0,0,1,1,1,1,1
1790132158,26628.22,0,1,ONLINE,26621.61,0,3456891,4568,248666,0,0,1,1,1,1,1
1790132163,26633.46,0,1,ONLINE,26626.85,0,3457492,4568,248666,0,0,1,1,1,1,1
1790132168,26638.71,0,1,ONLINE,26632.10,0,3458113,4568,248666,0,0,1,1,1,1,1
1790132174,26643.95,0,1,ONLINE,26637.34,0,3458662,4568,248666,0,0,1,1,1,1,1
1790132179,26649.18,0,1,ONLINE,26642.57,0,3459188,4568,248666,0,0,1,1,1,1,1
1790132184,26654.42,0,1,ONLINE,26647.81,0,3459843,4568,248666,0,0,1,1,1,1,1
1790132189,26659.66,0,1,ONLINE,26653.05,0,3460155,4569,248713,0,0,1,1,1,1,1
1790132194,26664.90,0,1,ONLINE,26658.29,0,3460493,4578,249036,0,0,1,1,1,1,1
1790132200,26670.14,0,1,ONLINE,26663.53,0,3461351,4578,249036,0,0,1,1,1,1,1
1790132205,26675.37,0,1,ONLINE,26668.76,0,3461834,4578,249036,0,0,1,1,1,1,1
1790132210,26680.61,0,1,ONLINE,26674.00,0,3462409,4578,249036,0,0,1,1,1,1,1
1790132215,26685.85,0,1,ONLINE,26679.24,0,3463091,4578,249036,0,0,1,1,1,1,1
1790132221,26691.10,0,1,ONLINE,26684.49,0,3463693,4578,249036,0,0,1,1,1,1,1
1790132226,26696.34,0,1,ONLINE,26689.73,0,3464101,4592,249371,0,0,1,1,1,1,1
1790132231,26701.59,0,1,ONLINE,26694.98,0,3464774,4592,249371,0,0,1,1,1,1,1
1790132236,26706.83,0,1,ONLINE,26700.22,0,3465048,4593,249500,0,0,1,1,1,1,1
1790132242,26712.06,0,1,ONLINE,26705.45,0,3465631,4594,249610,0,0,1,1,1,1,1
1790132247,26717.31,0,1,ONLINE,26710.70,0,3466265,4594,249610,0,0,1,1,1,1,1
1790132252,26722.55,0,1,ONLINE,26715.94,0,3466760,4594,249610,0,0,1,1,1,1,1
1790132257,26727.79,0,1,ONLINE,26721.18,0,3467464,4594,249610,0,0,1,1,1,1,1
1790132263,26733.03,0,1,ONLINE,26726.42,0,3468010,4594,249610,0,0,1,1,1,1,1
1790132268,26738.27,0,1,ONLINE,26731.66,0,3468270,4602,249904,0,0,1,1,1,1,1
1790132273,26743.50,0,1,ONLINE,26736.89,0,3468866,4602,249904,0,0,1,1,1,1,1
1790132278,26748.74,0,1,ONLINE,26742.13,0,3469576,4602,249904,0,0,1,1,1,1,1
1790132284,26753.98,0,1,ONLINE,26747.37,0,3470263,4602,249904,0,0,1,1,1,1,1
1790132289,26759.21,0,1,ONLINE,26752.60,0,3471159,4602,249904,0,0,1,1,1,1,1
1790132294,26764.45,0,1,ONLINE,26757.84,0,3471760,4602,249904,0,0,1,1,1,1,1
1790132299,26769.70,0,1,ONLINE,26763.09,0,3472410,4602,249904,0,0,1,1,1,1,1
1790132305,26774.95,0,1,ONLINE,26768.34,0,3473018,4602,249904,0,0,1,1,1,1,1
1790132310,26780.19,0,1,ONLINE,26773.58,0,3473530,4602,249904,0,0,1,1,1,1,1
1790132315,26785.43,0,1,ONLINE,26778.82,0,3474245,4602,249904,0,0,1,1,1,1,1
1790132320,26790.67,0,1,ONLINE,26784.06,0,3474852,4602,249904,0,0,1,1,1,1,1
1790132325,26795.91,0,1,ONLINE,26789.30,0,3474967,4604,250300,0,0,1,1,1,1,1
1790132331,26801.15,0,1,ONLINE,26794.54,0,3475524,4610,250484,0,0,1,1,1,1,1
1790132336,26806.39,0,1,ONLINE,26799.78,0,3476143,4610,250484,0,0,1,1,1,1,1
1790132341,26811.63,0,1,ONLINE,26805.02,0,3476729,4610,250484,0,0,1,1,1,1,1
1790132346,26816.88,0,1,ONLINE,26810.27,0,3477310,4610,250484,0,0,1,1,1,1,1
1790132352,26822.12,0,1,ONLINE,26815.51,0,3477795,4610,250484,0,0,1,1,1,1,1
1790132357,26827.35,0,1,ONLINE,26820.74,0,3478318,4610,250484,0,0,1,1,1,1,1
1790132362,26832.60,0,1,ONLINE,26825.99,0,3478875,4610,250484,0,0,1,1,1,1,1
1790132367,26837.84,0,1,ONLINE,26831.23,0,3479512,4610,250484,0,0,1,1,1,1,1
1790132373,26843.09,0,1,ONLINE,26836.48,0,3480023,4610,250484,0,0,1,1,1,1,1
1790132378,26848.33,0,1,ONLINE,26841.72,0,3480592,4610,250484,0,0,1,1,1,1,1
1790132383,26853.57,0,1,ONLINE,26846.96,0,3481094,4610,250484,0,0,1,1,1,1,1
1790132388,26858.81,0,1,ONLINE,26852.20,0,3481835,4610,250484,0,0,1,1,1,1,1
1790132394,26864.05,0,1,ONLINE,26857.44,0,3482454,4610,250484,0,0,1,1,1,1,1
1790132399,26869.29,0,1,ONLINE,26862.68,0,3483050,4610,250484,0,0,1,1,1,1,1
1790132404,26874.53,0,1,ONLINE,26867.92,0,3483552,4610,250484,0,0,1,1,1,1,1
1790132409,26879.77,0,1,ONLINE,26873.16,0,3484127,4610,250484,0,0,1,1,1,1,1
1790132415,26885.00,0,1,ONLINE,26878.39,0,3484310,4613,250694,0,0,1,1,1,1,1
1790132420,26890.26,0,1,ONLINE,26883.65,0,3484669,4622,251082,0,0,1,1,1,1,1
1790132425,26895.50,0,1,ONLINE,26888.89,0,3485362,4622,251082,0,0,1,1,1,1,1
1790132430,26900.74,0,1,ONLINE,26894.13,0,3485944,4622,251082,0,0,1,1,1,1,1
1790132436,26905.98,0,1,ONLINE,26899.37,0,3486433,4622,251082,0,0,1,1,1,1,1
1790132441,26911.21,0,1,ONLINE,26904.60,0,3486945,4622,251082,0,0,1,1,1,1,1
1790132446,26916.45,0,1,ONLINE,26909.84,0,3487160,4627,251349,0,0,1,1,1,1,1
1790132451,26921.69,0,1,ONLINE,26915.08,0,3487871,4627,251350,0,0,1,1,1,1,1
1790132457,26926.92,0,1,ONLINE,26920.31,0,3488496,4627,251350,0,0,1,1,1,1,1
1790132462,26932.16,0,1,ONLINE,26925.55,0,3489122,4627,251350,0,0,1,1,1,1,1
1790132467,26937.41,0,1,ONLINE,26930.80,0,3489714,4627,251350,0,0,1,1,1,1,1
1790132472,26942.64,0,1,ONLINE,26936.03,0,3490234,4627,251350,0,0,1,1,1,1,1
1790132477,26947.88,0,1,ONLINE,26941.27,0,3490896,4627,251350,0,0,1,1,1,1,1
1790132483,26953.11,0,1,ONLINE,26946.50,0,3491632,4627,251350,0,0,1,1,1,1,1
1790132488,26958.35,0,1,ONLINE,26951.74,0,3492407,4627,251350,0,0,1,1,1,1,1
1790132493,26963.59,0,1,ONLINE,26956.98,0,3492936,4627,251350,0,0,1,1,1,1,1
1790132498,26968.82,0,1,ONLINE,26962.21,0,3493503,4627,251350,0,0,1,1,1,1,1
1790132504,26974.06,0,1,ONLINE,26967.45,0,3493797,4633,251629,0,0,1,1,1,1,1
1790132509,26979.29,0,1,ONLINE,26972.68,0,3494056,4652,252111,0,0,1,1,1,1,1
1790132514,26984.55,0,1,ONLINE,26977.94,0,3494872,4652,252111,0,0,1,1,1,1,1
1790132519,26989.79,0,1,ONLINE,26983.18,0,3495469,4652,252111,0,0,1,1,1,1,1
1790132525,26995.03,0,1,ONLINE,26988.42,0,3496077,4652,252111,0,0,1,1,1,1,1
1790132530,27000.27,0,1,ONLINE,26993.66,0,3496829,4652,252111,0,0,1,1,1,1,1
1790132535,27005.50,0,1,ONLINE,26998.89,0,3497446,4652,252111,0,0,1,1,1,1,1
1790132540,27010.75,0,1,ONLINE,27004.14,0,3498076,4652,252111,0,0,1,1,1,1,1
1790132546,27015.99,0,1,ONLINE,27009.38,0,3498693,4652,252111,0,0,1,1,1,1,1
1790132551,27021.22,0,1,ONLINE,27014.61,0,3499383,4652,252111,0,0,1,1,1,1,1
1790132556,27026.47,0,1,ONLINE,27019.86,0,3500070,4652,252111,0,0,1,1,1,1,1
1790132561,27031.72,0,1,ONLINE,27025.11,0,3500682,4652,252111,0,0,1,1,1,1,1
1790132567,27036.97,0,1,ONLINE,27030.36,0,3501185,4652,252111,0,0,1,1,1,1,1
1790132572,27042.20,0,1,ONLINE,27035.59,0,3501876,4652,252111,0,0,1,1,1,1,1
1790132577,27047.44,0,1,ONLINE,27040.83,0,3502569,4652,252111,0,0,1,1,1,1,1
1790132582,27052.70,0,1,ONLINE,27046.09,0,3503113,4652,252111,0,0,1,1,1,1,1
1790132588,27057.94,0,1,ONLINE,27051.33,0,3503445,4665,252479,0,0,1,1,1,1,1
1790132593,27063.17,0,1,ONLINE,27056.56,0,3504122,4665,252479,0,0,1,1,1,1,1
1790132598,27068.41,0,1,ONLINE,27061.80,0,3504341,4668,252745,0,0,1,1,1,1,1
1790132603,27073.66,0,1,ONLINE,27067.05,0,3504990,4670,252772,0,0,1,1,1,1,1
1790132608,27078.90,0,1,ONLINE,27072.29,0,3505590,4670,252772,0,0,1,1,1,1,1
1790132614,27084.14,0,1,ONLINE,27077.53,0,3506156,4670,252772,0,0,1,1,1,1,1
1790132619,27089.38,0,1,ONLINE,27082.77,0,3506563,4675,253064,0,0,1,1,1,1,1
1790132624,27094.62,0,1,ONLINE,27088.01,0,3507138,4675,253064,0,0,1,1,1,1,1
1790132629,27099.86,0,1,ONLINE,27093.25,0,3507850,4675,253064,0,0,1,1,1,1,1
1790132635,27105.10,0,1,ONLINE,27098.49,0,3508392,4675,253064,0,0,1,1,1,1,1
1790132640,27110.34,0,1,ONLINE,27103.73,0,3508951,4675,253064,0,0,1,1,1,1,1
1790132645,27115.58,0,1,ONLINE,27108.97,0,3509596,4675,253064,0,0,1,1,1,1,1
1790132650,27120.82,0,1,ONLINE,27114.21,0,3510324,4675,253064,0,0,1,1,1,1,1
1790132656,27126.06,0,1,ONLINE,27119.45,0,3510875,4675,253064,0,0,1,1,1,1,1
1790132661,27131.29,0,1,ONLINE,27124.68,0,3511814,4675,253064,0,0,1,1,1,1,1
1790132666,27136.53,0,1,ONLINE,27129.92,0,3512440,4675,253064,0,0,1,1,1,1,1
1790132671,27141.76,0,1,ONLINE,27135.15,0,3513076,4675,253064,0,0,1,1,1,1,1
1790132677,27147.00,0,1,ONLINE,27140.39,0,3513643,4675,253064,0,0,1,1,1,1,1
1790132682,27152.23,0,1,ONLINE,27145.62,0,3514322,4675,253064,0,0,1,1,1,1,1
1790132687,27157.48,0,1,ONLINE,27150.87,0,3515041,4675,253064,0,0,1,1,1,1,1
1790132692,27162.71,0,1,ONLINE,27156.10,0,3515727,4675,253064,0,0,1,1,1,1,1
1790132698,27167.96,0,1,ONLINE,27161.35,0,3516480,4675,253064,0,0,1,1,1,1,1
1790132703,27173.19,0,1,ONLINE,27166.58,0,3517092,4675,253064,0,0,1,1,1,1,1
1790132708,27178.45,0,1,ONLINE,27171.84,0,3517658,4675,253064,0,0,1,1,1,1,1
1790132713,27183.69,0,1,ONLINE,27177.08,0,3518194,4675,253064,0,0,1,1,1,1,1
1790132719,27188.93,0,1,ONLINE,27182.32,0,3518939,4675,253064,0,0,1,1,1,1,1
1790132724,27194.18,0,1,ONLINE,27187.57,0,3519618,4675,253064,0,0,1,1,1,1,1
1790132729,27199.42,0,1,ONLINE,27192.81,0,3520212,4675,253064,0,0,1,1,1,1,1
1790132734,27204.66,0,1,ONLINE,27198.05,0,3520678,4675,253064,0,0,1,1,1,1,1
1790132739,27209.89,0,1,ONLINE,27203.28,0,3521232,4675,253064,0,0,1,1,1,1,1
1790132745,27215.13,0,1,ONLINE,27208.52,0,3521772,4675,253064,0,0,1,1,1,1,1
1790132750,27220.37,0,1,ONLINE,27213.76,0,3522455,4675,253064,0,0,1,1,1,1,1
1790132755,27225.61,0,1,ONLINE,27219.00,0,3523076,4675,253064,0,0,1,1,1,1,1
1790132760,27230.85,0,1,ONLINE,27224.24,0,3523693,4675,253064,0,0,1,1,1,1,1
1790132766,27236.08,0,1,ONLINE,27229.47,0,3524252,4675,253064,0,0,1,1,1,1,1
1790132771,27241.32,0,1,ONLINE,27234.71,0,3524747,4675,253064,0,0,1,1,1,1,1
1790132776,27246.56,0,1,ONLINE,27239.95,0,3525347,4675,253064,0,0,1,1,1,1,1
1790132781,27251.80,0,1,ONLINE,27245.19,0,3526000,4675,253064,0,0,1,1,1,1,1
1790132787,27257.04,0,1,ONLINE,27250.43,0,3526485,4675,253064,0,0,1,1,1,1,1
1790132792,27262.28,0,1,ONLINE,27255.67,0,3526772,4685,253383,0,0,1,1,1,1,1
1790132797,27267.52,0,1,ONLINE,27260.91,0,3527337,4685,253383,0,0,1,1,1,1,1
1790132802,27272.75,0,1,ONLINE,27266.14,0,3527826,4685,253383,0,0,1,1,1,1,1
1790132808,27277.99,0,1,ONLINE,27271.38,0,3528509,4685,253383,0,0,1,1,1,1,1
1790132813,27283.23,0,1,ONLINE,27276.62,0,3529181,4685,253383,0,0,1,1,1,1,1
1790132818,27288.47,0,1,ONLINE,27281.86,0,3529747,4685,253383,0,0,1,1,1,1,1
1790132823,27293.71,0,1,ONLINE,27287.10,0,3530233,4685,253383,0,0,1,1,1,1,1
1790132829,27298.97,0,1,ONLINE,27292.36,0,3530797,4685,253383,0,0,1,1,1,1,1
1790132834,27304.20,0,1,ONLINE,27297.59,0,3531428,4685,253383,0,0,1,1,1,1,1
1790132839,27309.45,0,1,ONLINE,27302.84,0,3532211,4685,253383,0,0,1,1,1,1,1
1790132844,27314.69,0,1,ONLINE,27308.08,0,3532865,4685,253383,0,0,1,1,1,1,1
1790132850,27319.92,0,1,ONLINE,27313.31,0,3533379,4685,253383,0,0,1,1,1,1,1
1790132855,27325.16,0,1,ONLINE,27318.55,0,3533923,4685,253383,0,0,1,1,1,1,1
1790132860,27330.41,0,1,ONLINE,27323.80,0,3534520,4685,253383,0,0,1,1,1,1,1
1790132865,27335.66,0,1,ONLINE,27329.05,0,3535096,4685,253383,0,0,1,1,1,1,1
1790132870,27340.90,0,1,ONLINE,27334.29,0,3535763,4685,253383,0,0,1,1,1,1,1
1790132876,27346.15,0,1,ONLINE,27339.54,0,3536311,4685,253383,0,0,1,1,1,1,1
1790132881,27351.39,0,1,ONLINE,27344.78,0,3536865,4685,253383,0,0,1,1,1,1,1
1790132886,27356.62,0,1,ONLINE,27350.01,0,3537332,4685,253383,0,0,1,1,1,1,1
1790132891,27361.87,0,1,ONLINE,27355.26,0,3537905,4685,253383,0,0,1,1,1,1,1
1790132897,27367.10,0,1,ONLINE,27360.49,0,3538417,4685,253383,0,0,1,1,1,1,1
1790132902,27372.35,0,1,ONLINE,27365.74,0,3538945,4685,253383,0,0,1,1,1,1,1
1790132907,27377.62,0,1,ONLINE,27371.01,0,3539258,4686,253587,0,0,1,1,1,1,1
1790132912,27382.85,0,1,ONLINE,27376.24,0,3539605,4687,253632,0,0,1,1,1,1,1
1790132918,27388.10,0,1,ONLINE,27381.49,0,3539914,4690,253927,0,0,1,1,1,1,1
1790132923,27393.34,0,1,ONLINE,27386.73,0,3540399,4690,253927,0,0,1,1,1,1,1
1790132928,27398.59,0,1,ONLINE,27391.98,0,3541103,4690,253927,0,0,1,1,1,1,1
1790132933,27403.82,0,1,ONLINE,27397.21,0,3541685,4690,253927,0,0,1,1,1,1,1
1790132939,27409.06,0,1,ONLINE,27402.45,0,3542338,4690,253927,0,0,1,1,1,1,1
1790132944,27414.30,0,1,ONLINE,27407.69,0,3542832,4690,253927,0,0,1,1,1,1,1
1790132949,27419.55,0,1,ONLINE,27412.94,0,3543452,4690,253927,0,0,1,1,1,1,1
1790132954,27424.78,0,1,ONLINE,27418.17,0,3544123,4690,253927,0,0,1,1,1,1,1
1790132960,27430.01,0,1,ONLINE,27423.40,0,3544576,4690,253927,0,0,1,1,1,1,1
1790132965,27435.25,0,1,ONLINE,27428.64,0,3545185,4690,253927,0,0,1,1,1,1,1
1790132970,27440.50,0,1,ONLINE,27433.89,0,3545597,4690,253927,0,0,1,1,1,1,1
1790132975,27445.75,0,1,ONLINE,27439.14,0,3546229,4690,253927,0,0,1,1,1,1,1
1790132981,27450.99,0,1,ONLINE,27444.38,0,3547079,4690,253927,0,0,1,1,1,1,1
1790132986,27456.23,0,1,ONLINE,27449.62,0,3547718,4690,253927,0,0,1,1,1,1,1
1790132991,27461.46,0,1,ONLINE,27454.85,0,3548326,4690,253927,0,0,1,1,1,1,1
1790132996,27466.71,0,1,ONLINE,27460.10,0,3548896,4690,253927,0,0,1,1,1,1,1
1790133002,27471.95,0,1,ONLINE,27465.34,0,3549431,4690,253927,0,0,1,1,1,1,1
1790133007,27477.19,0,1,ONLINE,27470.58,0,3549962,4690,253927,0,0,1,1,1,1,1
1790133012,27482.42,0,1,ONLINE,27475.81,0,3550532,4690,253927,0,0,1,1,1,1,1
1790133017,27487.67,0,1,ONLINE,27481.06,0,3551156,4690,253927,0,0,1,1,1,1,1
1790133023,27492.92,0,1,ONLINE,27486.31,0,3551816,4690,253927,0,0,1,1,1,1,1
1790133028,27498.16,0,1,ONLINE,27491.55,0,3552401,4690,253927,0,0,1,1,1,1,1
1790133033,27503.39,0,1,ONLINE,27496.78,0,3552892,4690,253927,0,0,1,1,1,1,1
1790133038,27508.63,0,1,ONLINE,27502.02,0,3553470,4690,253927,0,0,1,1,1,1,1
1790133043,27513.87,0,1,ONLINE,27507.26,0,3554083,4690,253927,0,0,1,1,1,1,1
1790133049,27519.11,0,1,ONLINE,27512.50,0,3554661,4690,253927,0,0,1,1,1,1,1
1790133054,27524.35,0,1,ONLINE,27517.74,0,3555163,4690,253927,0,0,1,1,1,1,1
1790133059,27529.60,0,1,ONLINE,27522.99,0,3555787,4690,253927,0,0,1,1,1,1,1
1790133064,27534.84,0,1,ONLINE,27528.23,0,3556454,4690,253927,0,0,1,1,1,1,1
1790133070,27540.09,0,1,ONLINE,27533.48,0,3557056,4690,253927,0,0,1,1,1,1,1
1790133075,27545.33,0,1,ONLINE,27538.72,0,3557591,4690,253927,0,0,1,1,1,1,1
1790133080,27550.57,0,1,ONLINE,27543.96,0,3558175,4690,253927,0,0,1,1,1,1,1
1790133085,27555.83,0,1,ONLINE,27549.22,0,3558820,4690,253927,0,0,1,1,1,1,1
1790133091,27561.07,0,1,ONLINE,27554.46,0,3559403,4690,253927,0,0,1,1,1,1,1
1790133096,27566.32,0,1,ONLINE,27559.71,0,3559954,4690,253927,0,0,1,1,1,1,1
1790133101,27571.56,0,1,ONLINE,27564.95,0,3560539,4690,253927,0,0,1,1,1,1,1
1790133106,27576.80,0,1,ONLINE,27570.19,0,3561071,4690,253927,0,0,1,1,1,1,1
1790133112,27582.04,0,1,ONLINE,27575.43,0,3561732,4690,253927,0,0,1,1,1,1,1
1790133117,27587.29,0,1,ONLINE,27580.68,0,3562315,4690,253927,0,0,1,1,1,1,1
1790133122,27592.54,0,1,ONLINE,27585.93,0,3562774,4690,253927,0,0,1,1,1,1,1
1790133127,27597.78,0,1,ONLINE,27591.17,0,3563597,4690,253927,0,0,1,1,1,1,1
1790133133,27603.03,0,1,ONLINE,27596.42,0,3564162,4690,253927,0,0,1,1,1,1,1
1790133138,27608.26,0,1,ONLINE,27601.65,0,3564781,4690,253927,0,0,1,1,1,1,1
1790133143,27613.51,0,1,ONLINE,27606.90,0,3565450,4690,253927,0,0,1,1,1,1,1
1790133148,27618.75,0,1,ONLINE,27612.14,0,3565772,4690,254067,0,0,1,1,1,1,1
1790133154,27624.00,0,1,ONLINE,27617.39,0,3565928,4695,254471,0,0,1,1,1,1,1
1790133159,27629.24,0,1,ONLINE,27622.63,0,3566495,4695,254471,0,0,1,1,1,1,1
1790133164,27634.48,0,1,ONLINE,27627.87,0,3566818,4699,254614,0,0,1,1,1,1,1
1790133169,27639.72,0,1,ONLINE,27633.11,0,3566928,4711,255165,0,0,1,1,1,1,1
1790133175,27644.97,0,1,ONLINE,27638.36,0,3567586,4711,255165,0,0,1,1,1,1,1
1790133180,27650.20,0,1,ONLINE,27643.59,0,3568213,4711,255165,0,0,1,1,1,1,1
1790133185,27655.45,0,1,ONLINE,27648.84,0,3568774,4711,255165,0,0,1,1,1,1,1
1790133190,27660.69,0,1,ONLINE,27654.08,0,3569236,4711,255165,0,0,1,1,1,1,1
1790133196,27665.93,0,1,ONLINE,27659.32,0,3569724,4711,255165,0,0,1,1,1,1,1
1790133201,27671.17,0,1,ONLINE,27664.56,0,3570042,4712,255352,0,0,1,1,1,1,1
1790133206,27676.42,0,1,ONLINE,27669.81,0,3570231,4713,255749,0,0,1,1,1,1,1
1790133211,27681.66,0,1,ONLINE,27675.05,0,3570678,4713,255749,0,0,1,1,1,1,1
1790133216,27686.91,0,1,ONLINE,27680.30,0,3571290,4713,255749,0,0,1,1,1,1,1
1790133222,27692.14,0,1,ONLINE,27685.53,0,3571692,4720,256005,0,0,1,1,1,1,1
1790133227,27697.38,0,1,ONLINE,27690.77,0,3572178,4721,256089,0,0,1,1,1,1,1
1790133232,27702.63,0,1,ONLINE,27696.02,0,3572768,4721,256089,0,0,1,1,1,1,1
1790133237,27707.88,0,1,ONLINE,27701.27,0,3573249,4721,256089,0,0,1,1,1,1,1
1790133243,27713.12,0,1,ONLINE,27706.51,0,3573493,4726,256366,0,0,1,1,1,1,1
1790133248,27718.36,0,1,ONLINE,27711.75,0,3574069,4726,256366,0,0,1,1,1,1,1
1790133253,27723.60,0,1,ONLINE,27716.99,0,3574577,4726,256366,0,0,1,1,1,1,1
1790133258,27728.84,0,1,ONLINE,27722.23,0,3574798,4734,256630,0,0,1,1,1,1,1
1790133264,27734.08,0,1,ONLINE,27727.47,0,3575504,4734,256674,0,0,1,1,1,1,1
1790133269,27739.32,0,1,ONLINE,27732.71,0,3576057,4734,256674,0,0,1,1,1,1,1
1790133274,27744.56,0,1,ONLINE,27737.95,0,3576391,4752,257024,0,0,1,1,1,1,1
1790133279,27749.80,0,1,ONLINE,27743.19,0,3576956,4752,257024,0,0,1,1,1,1,1
1790133285,27755.04,0,1,ONLINE,27748.43,0,3577595,4752,257024,0,0,1,1,1,1,1
1790133290,27760.28,0,1,ONLINE,27753.67,0,3578175,4752,257024,0,0,1,1,1,1,1
1790133295,27765.53,0,1,ONLINE,27758.92,0,3578866,4752,257024,0,0,1,1,1,1,1
1790133300,27770.78,0,1,ONLINE,27764.17,0,3579487,4752,257024,0,0,1,1,1,1,1
1790133306,27776.03,0,1,ONLINE,27769.42,0,3580070,4752,257024,0,0,1,1,1,1,1
1790133311,27781.27,0,1,ONLINE,27774.66,0,3580746,4752,257024,0,0,1,1,1,1,1
1790133316,27786.52,0,1,ONLINE,27779.91,0,3581167,4752,257024,0,0,1,1,1,1,1
1790133321,27791.77,0,1,ONLINE,27785.16,0,3581788,4752,257024,0,0,1,1,1,1,1
1790133327,27797.01,0,1,ONLINE,27790.40,0,3582303,4752,257024,0,0,1,1,1,1,1
1790133332,27802.25,0,1,ONLINE,27795.64,0,3582869,4752,257024,0,0,1,1,1,1,1
1790133337,27807.49,0,1,ONLINE,27800.88,0,3583361,4752,257024,0,0,1,1,1,1,1
1790133342,27812.74,0,1,ONLINE,27806.13,0,3583887,4752,257024,0,0,1,1,1,1,1
1790133348,27817.97,0,1,ONLINE,27811.36,0,3584379,4752,257024,0,0,1,1,1,1,1
1790133353,27823.21,0,1,ONLINE,27816.60,0,3585038,4752,257024,0,0,1,1,1,1,1
1790133358,27828.45,0,1,ONLINE,27821.84,0,3585632,4752,257024,0,0,1,1,1,1,1
1790133363,27833.69,0,1,ONLINE,27827.08,0,3586117,4752,257024,0,0,1,1,1,1,1
1790133369,27838.93,0,1,ONLINE,27832.32,0,3586807,4752,257024,0,0,1,1,1,1,1
1790133374,27844.17,0,1,ONLINE,27837.56,0,3587264,4752,257024,0,0,1,1,1,1,1
1790133379,27849.43,0,1,ONLINE,27842.82,0,3587916,4752,257024,0,0,1,1,1,1,1
1790133384,27854.67,0,1,ONLINE,27848.06,0,3588553,4752,257024,0,0,1,1,1,1,1
1790133389,27859.91,0,1,ONLINE,27853.30,0,3589094,4752,257024,0,0,1,1,1,1,1
1790133395,27865.15,0,1,ONLINE,27858.54,0,3589695,4752,257024,0,0,1,1,1,1,1
1790133400,27870.39,0,1,ONLINE,27863.78,0,3590157,4752,257024,0,0,1,1,1,1,1
1790133405,27875.63,0,1,ONLINE,27869.02,0,3590624,4752,257024,0,0,1,1,1,1,1
1790133410,27880.86,0,1,ONLINE,27874.25,0,3591269,4752,257024,0,0,1,1,1,1,1
1790133416,27886.12,0,1,ONLINE,27879.51,0,3591855,4752,257024,0,0,1,1,1,1,1
1790133421,27891.36,0,1,ONLINE,27884.75,0,3592511,4752,257024,0,0,1,1,1,1,1
1790133426,27896.60,0,1,ONLINE,27889.99,0,3593059,4752,257024,0,0,1,1,1,1,1
1790133431,27901.83,0,1,ONLINE,27895.22,0,3593727,4752,257024,0,0,1,1,1,1,1
1790133437,27907.07,0,1,ONLINE,27900.46,0,3594157,4752,257024,0,0,1,1,1,1,1
1790133442,27912.31,0,1,ONLINE,27905.70,0,3594920,4752,257024,0,0,1,1,1,1,1
1790133447,27917.54,0,1,ONLINE,27910.93,0,3595520,4752,257024,0,0,1,1,1,1,1
1790133452,27922.80,0,1,ONLINE,27916.19,0,3596170,4752,257024,0,0,1,1,1,1,1
1790133458,27928.05,0,1,ONLINE,27921.44,0,3596891,4752,257024,0,0,1,1,1,1,1
1790133463,27933.29,0,1,ONLINE,27926.68,0,3597597,4752,257024,0,0,1,1,1,1,1
1790133468,27938.52,0,1,ONLINE,27931.91,0,3598268,4752,257024,0,0,1,1,1,1,1
1790133473,27943.76,0,1,ONLINE,27937.15,0,3598837,4752,257024,0,0,1,1,1,1,1
1790133479,27949.02,0,1,ONLINE,27942.41,0,3599414,4752,257024,0,0,1,1,1,1,1
1790133484,27954.26,0,1,ONLINE,27947.65,0,3600091,4752,257024,0,0,1,1,1,1,1
1790133489,27959.49,0,1,ONLINE,27952.88,0,3600734,4752,257024,0,0,1,1,1,1,1
1790133494,27964.73,0,1,ONLINE,27958.12,0,3601402,4752,257024,0,0,1,1,1,1,1
1790133500,27969.97,0,1,ONLINE,27963.36,0,3601962,4752,257024,0,0,1,1,1,1,1
1790133505,27975.21,0,1,ONLINE,27968.60,0,3602740,4752,257024,0,0,1,1,1,1,1
1790133510,27980.44,0,1,ONLINE,27973.83,0,3603275,4752,257024,0,0,1,1,1,1,1
1790133515,27985.68,0,1,ONLINE,27979.07,0,3603942,4752,257024,0,0,1,1,1,1,1
1790133521,27990.92,0,1,ONLINE,27984.31,0,3604378,4752,257024,0,0,1,1,1,1,1
1790133526,27996.15,0,1,ONLINE,27989.54,0,3604888,4752,257024,0,0,1,1,1,1,1
1790133531,28001.39,0,1,ONLINE,27994.78,0,3605600,4752,257024,0,0,1,1,1,1,1
1790133536,28006.63,0,1,ONLINE,28000.02,0,3606331,4752,257024,0,0,1,1,1,1,1
1790133541,28011.86,0,1,ONLINE,28005.25,0,3606779,4752,257024,0,0,1,1,1,1,1
1790133547,28017.10,0,1,ONLINE,28010.49,0,3607307,4752,257024,0,0,1,1,1,1,1
1790133552,28022.34,0,1,ONLINE,28015.73,0,3607749,4752,257024,0,0,1,1,1,1,1
1790133557,28027.57,0,1,ONLINE,28020.96,0,3608243,4752,257024,0,0,1,1,1,1,1
1790133562,28032.81,0,1,ONLINE,28026.20,0,3609067,4752,257024,0,0,1,1,1,1,1
1790133568,28038.06,0,1,ONLINE,28031.45,0,3609678,4752,257024,0,0,1,1,1,1,1
1790133573,28043.30,0,1,ONLINE,28036.69,0,3610015,4752,257047,0,0,1,1,1,1,1
1790133578,28048.54,0,1,ONLINE,28041.93,0,3610329,4754,257306,0,0,1,1,1,1,1
1790133583,28053.78,0,1,ONLINE,28047.17,0,3610582,4755,257542,0,0,1,1,1,1,1
1790133589,28059.03,0,1,ONLINE,28052.42,0,3610665,4760,258021,0,0,1,1,1,1,1
1790133594,28064.27,0,1,ONLINE,28057.66,0,3611233,4765,258128,0,0,1,1,1,1,1
1790133599,28069.51,0,1,ONLINE,28062.90,0,3611698,4765,258128,0,0,1,1,1,1,1
1790133604,28074.74,0,1,ONLINE,28068.13,0,3611958,4767,258445,0,0,1,1,1,1,1
1790133610,28079.98,0,1,ONLINE,28073.37,0,3612424,4767,258445,0,0,1,1,1,1,1
1790133615,28085.22,0,1,ONLINE,28078.61,0,3612679,4772,258632,0,0,1,1,1,1,1
1790133620,28090.46,0,1,ONLINE,28083.85,0,3612933,4779,258966,0,0,1,1,1,1,1
1790133625,28095.71,0,1,ONLINE,28089.10,0,3613433,4779,258966,0,0,1,1,1,1,1
1790133631,28100.94,0,1,ONLINE,28094.33,0,3613709,4779,259103,0,0,1,1,1,1,1
1790133636,28106.18,0,1,ONLINE,28099.57,0,3613931,4783,259423,0,0,1,1,1,1,1
1790133641,28111.42,0,1,ONLINE,28104.81,0,3614226,4783,259530,0,0,1,1,1,1,1
1790133646,28116.68,0,1,ONLINE,28110.07,0,3614356,4789,260014,0,0,1,1,1,1,1
1790133652,28121.93,0,1,ONLINE,28115.32,0,3615000,4789,260014,0,0,1,1,1,1,1
1790133657,28127.17,0,1,ONLINE,28120.56,0,3615456,4789,260014,0,0,1,1,1,1,1
1790133662,28132.42,0,1,ONLINE,28125.81,0,3616036,4789,260014,0,0,1,1,1,1,1
1790133667,28137.66,0,1,ONLINE,28131.05,0,3616818,4789,260014,0,0,1,1,1,1,1
1790133672,28142.90,0,1,ONLINE,28136.29,0,3617331,4789,260014,0,0,1,1,1,1,1
1790133678,28148.14,0,1,ONLINE,28141.53,0,3618010,4789,260014,0,0,1,1,1,1,1
1790133683,28153.38,0,1,ONLINE,28146.77,0,3618655,4789,260014,0,0,1,1,1,1,1
1790133688,28158.62,0,1,ONLINE,28152.01,0,3619184,4789,260014,0,0,1,1,1,1,1
1790133693,28163.86,0,1,ONLINE,28157.25,0,3619710,4789,260014,0,0,1,1,1,1,1
1790133699,28169.10,0,1,ONLINE,28162.49,0,3620276,4789,260014,0,0,1,1,1,1,1
1790133704,28174.34,0,1,ONLINE,28167.73,0,3620752,4789,260014,0,0,1,1,1,1,1
1790133709,28179.58,0,1,ONLINE,28172.97,0,3620966,4804,260415,0,0,1,1,1,1,1
1790133714,28184.83,0,1,ONLINE,28178.22,0,3621639,4804,260415,0,0,1,1,1,1,1
1790133720,28190.09,0,1,ONLINE,28183.48,0,3622057,4804,260415,0,0,1,1,1,1,1
1790133725,28195.33,0,1,ONLINE,28188.72,0,3622664,4804,260415,0,0,1,1,1,1,1
1790133730,28200.58,0,1,ONLINE,28193.97,0,3623136,4804,260415,0,0,1,1,1,1,1
1790133735,28205.81,0,1,ONLINE,28199.20,0,3623394,4806,260573,0,0,1,1,1,1,1
1790133741,28211.06,0,1,ONLINE,28204.45,0,3623891,4811,260678,0,0,1,1,1,1,1
1790133746,28216.30,0,1,ONLINE,28209.69,0,3624413,4811,260678,0,0,1,1,1,1,1
1790133751,28221.54,0,1,ONLINE,28214.93,0,3624815,4811,260678,0,0,1,1,1,1,1
1790133756,28226.78,0,1,ONLINE,28220.17,0,3625060,4817,260966,0,0,1,1,1,1,1
1790133762,28232.01,0,1,ONLINE,28225.40,0,3625450,4820,261166,0,0,1,1,1,1,1
1790133767,28237.26,0,1,ONLINE,28230.65,0,3625972,4820,261292,0,0,1,1,1,1,1
1790133772,28242.50,0,1,ONLINE,28235.89,0,3626574,4820,261292,0,0,1,1,1,1,1
1790133777,28247.73,0,1,ONLINE,28241.12,0,3627266,4820,261292,0,0,1,1,1,1,1
1790133783,28252.97,0,1,ONLINE,28246.36,0,3627925,4820,261292,0,0,1,1,1,1,1
1790133788,28258.21,0,1,ONLINE,28251.60,0,3628491,4820,261292,0,0,1,1,1,1,1
1790133793,28263.45,0,1,ONLINE,28256.84,0,3629220,4820,261292,0,0,1,1,1,1,1
1790133798,28268.69,0,1,ONLINE,28262.08,0,3629925,4820,261292,0,0,1,1,1,1,1
1790133804,28273.92,0,1,ONLINE,28267.31,0,3630432,4821,261344,0,0,1,1,1,1,1
1790133809,28279.17,0,1,ONLINE,28272.56,0,3630706,4824,261565,0,0,1,1,1,1,1
1790133814,28284.41,0,1,ONLINE,28277.80,0,3630982,4839,261899,0,0,1,1,1,1,1
1790133819,28289.65,0,1,ONLINE,28283.04,0,3631550,4839,261899,0,0,1,1,1,1,1
1790133824,28294.90,0,1,ONLINE,28288.29,0,3632202,4839,261899,0,0,1,1,1,1,1
1790133830,28300.13,0,1,ONLINE,28293.52,0,3632858,4839,261899,0,0,1,1,1,1,1
1790133835,28305.39,0,1,ONLINE,28298.78,0,3633479,4839,261899,0,0,1,1,1,1,1
1790133840,28310.63,0,1,ONLINE,28304.02,0,3633776,4841,262004,0,0,1,1,1,1,1
1790133845,28315.87,0,1,ONLINE,28309.26,0,3633839,4849,262540,0,0,1,1,1,1,1
1790133851,28321.12,0,1,ONLINE,28314.51,0,3634217,4850,262584,0,0,1,1,1,1,1
1790133856,28326.37,0,1,ONLINE,28319.76,0,3634645,4851,262836,0,0,1,1,1,1,1
1790133861,28331.62,0,1,ONLINE,28325.01,0,3635143,4851,262836,0,0,1,1,1,1,1
1790133866,28336.86,0,1,ONLINE,28330.25,0,3635364,4855,263215,0,0,1,1,1,1,1
1790133872,28342.11,0,1,ONLINE,28335.50,0,3635905,4855,263215,0,0,1,1,1,1,1
1790133877,28347.34,0,1,ONLINE,28340.73,0,3636600,4855,263215,0,0,1,1,1,1,1
1790133882,28352.59,0,1,ONLINE,28345.98,0,3637146,4855,263215,0,0,1,1,1,1,1
1790133887,28357.83,0,1,ONLINE,28351.22,0,3637694,4855,263215,0,0,1,1,1,1,1
1790133893,28363.08,0,1,ONLINE,28356.47,0,3638452,4855,263215,0,0,1,1,1,1,1
1790133898,28368.32,0,1,ONLINE,28361.71,0,3639133,4855,263215,0,0,1,1,1,1,1
1790133903,28373.56,0,1,ONLINE,28366.95,0,3639649,4855,263215,0,0,1,1,1,1,1
1790133908,28378.80,0,1,ONLINE,28372.19,0,3640306,4855,263215,0,0,1,1,1,1,1
1790133914,28384.04,0,1,ONLINE,28377.43,0,3640946,4855,263215,0,0,1,1,1,1,1
1790133919,28389.28,0,1,ONLINE,28382.67,0,3641700,4855,263215,0,0,1,1,1,1,1
1790133924,28394.52,0,1,ONLINE,28387.91,0,3642273,4855,263215,0,0,1,1,1,1,1
1790133929,28399.76,0,1,ONLINE,28393.15,0,3642900,4855,263215,0,0,1,1,1,1,1
1790133935,28405.00,0,1,ONLINE,28398.39,0,3643438,4855,263215,0,0,1,1,1,1,1
1790133940,28410.24,0,1,ONLINE,28403.63,0,3643916,4855,263215,0,0,1,1,1,1,1
1790133945,28415.48,0,1,ONLINE,28408.87,0,3644481,4855,263215,0,0,1,1,1,1,1
1790133950,28420.71,0,1,ONLINE,28414.10,0,3645124,4855,263215,0,0,1,1,1,1,1
1790133956,28425.96,0,1,ONLINE,28419.35,0,3645661,4855,263215,0,0,1,1,1,1,1
1790133961,28431.20,0,1,ONLINE,28424.59,0,3646186,4855,263215,0,0,1,1,1,1,1
1790133966,28436.43,0,1,ONLINE,28429.82,0,3646779,4855,263215,0,0,1,1,1,1,1
1790133971,28441.68,0,1,ONLINE,28435.07,0,3647280,4855,263215,0,0,1,1,1,1,1
1790133977,28446.92,0,1,ONLINE,28440.31,0,3647839,4855,263215,0,0,1,1,1,1,1
1790133982,28452.16,0,1,ONLINE,28445.55,0,3648328,4855,263215,0,0,1,1,1,1,1
1790133987,28457.41,0,1,ONLINE,28450.80,0,3648902,4855,263215,0,0,1,1,1,1,1
1790133992,28462.65,0,1,ONLINE,28456.04,0,3649499,4855,263215,0,0,1,1,1,1,1
1790133997,28467.89,0,1,ONLINE,28461.28,0,3650117,4855,263215,0,0,1,1,1,1,1
1790134003,28473.13,0,1,ONLINE,28466.52,0,3650725,4855,263215,0,0,1,1,1,1,1
1790134008,28478.37,0,1,ONLINE,28471.76,0,3651508,4855,263215,0,0,1,1,1,1,1
1790134013,28483.61,0,1,ONLINE,28477.00,0,3652276,4855,263215,0,0,1,1,1,1,1
1790134018,28488.85,0,1,ONLINE,28482.24,0,3652764,4855,263215,0,0,1,1,1,1,1
1790134024,28494.09,0,1,ONLINE,28487.48,0,3653291,4855,263215,0,0,1,1,1,1,1
1790134029,28499.33,0,1,ONLINE,28492.72,0,3654029,4855,263215,0,0,1,1,1,1,1
1790134034,28504.57,0,1,ONLINE,28497.96,0,3654508,4855,263215,0,0,1,1,1,1,1
1790134039,28509.81,0,1,ONLINE,28503.20,0,3655167,4855,263215,0,0,1,1,1,1,1
1790134045,28515.05,0,1,ONLINE,28508.44,0,3655848,4855,263215,0,0,1,1,1,1,1
1790134050,28520.29,0,1,ONLINE,28513.68,0,3656340,4855,263215,0,0,1,1,1,1,1
1790134055,28525.53,0,1,ONLINE,28518.92,0,3656493,4857,263523,0,0,1,1,1,1,1
1790134060,28530.78,0,1,ONLINE,28524.17,0,3656776,4865,263796,0,0,1,1,1,1,1
1790134066,28536.02,0,1,ONLINE,28529.41,0,3656958,4870,264062,0,0,1,1,1,1,1
1790134071,28541.26,0,1,ONLINE,28534.65,0,3657619,4870,264062,0,0,1,1,1,1,1
1790134076,28546.51,0,1,ONLINE,28539.90,0,3658235,4870,264062,0,0,1,1,1,1,1
1790134081,28551.74,0,1,ONLINE,28545.13,0,3658909,4870,264062,0,0,1,1,1,1,1
1790134087,28556.99,0,1,ONLINE,28550.38,0,3659715,4870,264062,0,0,1,1,1,1,1
1790134092,28562.23,0,1,ONLINE,28555.62,0,3660335,4870,264062,0,0,1,1,1,1,1
1790134097,28567.47,0,1,ONLINE,28560.86,0,3661009,4870,264062,0,0,1,1,1,1,1
1790134102,28572.73,0,1,ONLINE,28566.12,0,3661741,4870,264062,0,0,1,1,1,1,1
1790134108,28577.96,0,1,ONLINE,28571.35,0,3662444,4870,264062,0,0,1,1,1,1,1
1790134113,28583.20,0,1,ONLINE,28576.59,0,3662888,4870,264062,0,0,1,1,1,1,1
1790134118,28588.44,0,1,ONLINE,28581.83,0,3663515,4870,264062,0,0,1,1,1,1,1
1790134123,28593.69,0,1,ONLINE,28587.08,0,3664088,4870,264062,0,0,1,1,1,1,1
1790134129,28598.94,0,1,ONLINE,28592.33,0,3664825,4870,264062,0,0,1,1,1,1,1
1790134134,28604.19,0,1,ONLINE,28597.58,0,3665414,4870,264062,0,0,1,1,1,1,1
1790134139,28609.43,0,1,ONLINE,28602.82,0,3665877,4870,264062,0,0,1,1,1,1,1
1790134144,28614.67,0,1,ONLINE,28608.06,0,3666337,4870,264062,0,0,1,1,1,1,1
1790134150,28619.92,0,1,ONLINE,28613.31,0,3666899,4870,264062,0,0,1,1,1,1,1
1790134155,28625.17,0,1,ONLINE,28618.56,0,3667411,4870,264062,0,0,1,1,1,1,1
1790134160,28630.41,0,1,ONLINE,28623.80,0,3668109,4870,264062,0,0,1,1,1,1,1
1790134165,28635.64,0,1,ONLINE,28629.03,0,3668692,4870,264062,0,0,1,1,1,1,1
1790134170,28640.89,0,1,ONLINE,28634.28,0,3669296,4870,264062,0,0,1,1,1,1,1
1790134176,28646.14,0,1,ONLINE,28639.53,0,3669946,4870,264062,0,0,1,1,1,1,1
1790134181,28651.38,0,1,ONLINE,28644.77,0,3670574,4870,264062,0,0,1,1,1,1,1
1790134186,28656.63,0,1,ONLINE,28650.02,0,3671128,4870,264062,0,0,1,1,1,1,1
1790134191,28661.87,0,1,ONLINE,28655.26,0,3671661,4870,264062,0,0,1,1,1,1,1
1790134197,28667.11,0,1,ONLINE,28660.50,0,3672127,4870,264062,0,0,1,1,1,1,1
1790134202,28672.35,0,1,ONLINE,28665.74,0,3672722,4870,264062,0,0,1,1,1,1,1
1790134207,28677.59,0,1,ONLINE,28670.98,0,3673424,4870,264062,0,0,1,1,1,1,1
1790134212,28682.83,0,1,ONLINE,28676.22,0,3673934,4870,264062,0,0,1,1,1,1,1
1790134218,28688.08,0,1,ONLINE,28681.47,0,3674509,4870,264062,0,0,1,1,1,1,1
1790134223,28693.32,0,1,ONLINE,28686.71,0,3675174,4870,264062,0,0,1,1,1,1,1
1790134228,28698.56,0,1,ONLINE,28691.95,0,3675719,4870,264062,0,0,1,1,1,1,1
1790134233,28703.79,0,1,ONLINE,28697.18,0,3676269,4870,264062,0,0,1,1,1,1,1
1790134239,28709.03,0,1,ONLINE,28702.42,0,3676769,4870,264062,0,0,1,1,1,1,1
1790134244,28714.27,0,1,ONLINE,28707.66,0,3676945,4872,264305,0,0,1,1,1,1,1
1790134249,28719.52,0,1,ONLINE,28712.91,0,3677361,4875,264596,0,0,1,1,1,1,1
1790134254,28724.77,0,1,ONLINE,28718.16,0,3677793,4875,264596,0,0,1,1,1,1,1
1790134260,28730.01,0,1,ONLINE,28723.40,0,3678430,4875,264596,0,0,1,1,1,1,1
1790134265,28735.26,0,1,ONLINE,28728.65,0,3679097,4875,264596,0,0,1,1,1,1,1
1790134270,28740.50,0,1,ONLINE,28733.89,0,3679837,4875,264596,0,0,1,1,1,1,1
1790134275,28745.74,0,1,ONLINE,28739.13,0,3680042,4881,264903,0,0,1,1,1,1,1
1790134281,28750.98,0,1,ONLINE,28744.37,0,3680664,4881,264903,0,0,1,1,1,1,1
1790134286,28756.22,0,1,ONLINE,28749.61,0,3681278,4881,264903,0,0,1,1,1,1,1
1790134291,28761.46,0,1,ONLINE,28754.85,0,3682010,4881,264903,0,0,1,1,1,1,1
1790134296,28766.71,0,1,ONLINE,28760.10,0,3682580,4881,264903,0,0,1,1,1,1,1
1790134302,28771.95,0,1,ONLINE,28765.34,0,3683190,4881,264903,0,0,1,1,1,1,1
1790134307,28777.19,0,1,ONLINE,28770.58,0,3683881,4881,264903,0,0,1,1,1,1,1
1790134312,28782.44,0,1,ONLINE,28775.83,0,3684605,4881,264903,0,0,1,1,1,1,1
1790134317,28787.68,0,1,ONLINE,28781.07,0,3685052,4881,264903,0,0,1,1,1,1,1
1790134323,28792.92,0,1,ONLINE,28786.31,0,3685683,4881,264903,0,0,1,1,1,1,1
1790134328,28798.16,0,1,ONLINE,28791.55,0,3686374,4881,264903,0,0,1,1,1,1,1
1790134333,28803.40,0,1,ONLINE,28796.79,0,3687027,4881,264903,0,0,1,1,1,1,1
1790134338,28808.64,0,1,ONLINE,28802.03,0,3687679,4881,264903,0,0,1,1,1,1,1
1790134343,28813.89,0,1,ONLINE,28807.28,0,3688181,4881,264903,0,0,1,1,1,1,1
1790134349,28819.13,0,1,ONLINE,28812.52,0,3688775,4881,264903,0,0,1,1,1,1,1
1790134354,28824.36,0,1,ONLINE,28817.75,0,3689360,4881,264903,0,0,1,1,1,1,1
1790134359,28829.64,0,1,ONLINE,28823.03,0,3690123,4881,264903,0,0,1,1,1,1,1
1790134364,28834.88,0,1,ONLINE,28828.27,0,3690551,4881,264903,0,0,1,1,1,1,1
1790134370,28840.12,0,1,ONLINE,28833.51,0,3691135,4881,264903,0,0,1,1,1,1,1
1790134375,28845.35,0,1,ONLINE,28838.74,0,3691601,4881,264903,0,0,1,1,1,1,1
1790134380,28850.60,0,1,ONLINE,28843.99,0,3692228,4881,264903,0,0,1,1,1,1,1
1790134385,28855.84,0,1,ONLINE,28849.23,0,3692843,4881,264903,0,0,1,1,1,1,1
1790134391,28861.08,0,1,ONLINE,28854.47,0,3693388,4881,264903,0,0,1,1,1,1,1
1790134396,28866.32,0,1,ONLINE,28859.71,0,3693753,4883,264966,0,0,1,1,1,1,1
1790134401,28871.57,0,1,ONLINE,28864.96,0,3694158,4887,265127,0,0,1,1,1,1,1
1790134406,28876.81,0,1,ONLINE,28870.20,0,3694702,4887,265127,0,0,1,1,1,1,1
1790134412,28882.05,0,1,ONLINE,28875.44,0,3695327,4887,265127,0,0,1,1,1,1,1
1790134417,28887.29,0,1,ONLINE,28880.68,0,3695908,4887,265127,0,0,1,1,1,1,1
1790134422,28892.53,0,1,ONLINE,28885.92,0,3696395,4887,265127,0,0,1,1,1,1,1
1790134427,28897.77,0,1,ONLINE,28891.16,0,3696641,4887,265354,0,0,1,1,1,1,1
1790134433,28903.01,0,1,ONLINE,28896.40,0,3697199,4887,265354,0,0,1,1,1,1,1
1790134438,28908.25,0,1,ONLINE,28901.64,0,3697835,4887,265354,0,0,1,1,1,1,1
1790134443,28913.49,0,1,ONLINE,28906.88,0,3698474,4887,265354,0,0,1,1,1,1,1
1790134448,28918.74,0,1,ONLINE,28912.13,0,3699098,4887,265354,0,0,1,1,1,1,1
1790134454,28923.98,0,1,ONLINE,28917.37,0,3699590,4887,265354,0,0,1,1,1,1,1
1790134459,28929.22,0,1,ONLINE,28922.61,0,3700230,4887,265354,0,0,1,1,1,1,1
1790134464,28934.46,0,1,ONLINE,28927.85,0,3700750,4887,265354,0,0,1,1,1,1,1
1790134469,28939.70,0,1,ONLINE,28933.09,0,3701303,4887,265354,0,0,1,1,1,1,1
1790134475,28944.94,0,1,ONLINE,28938.33,0,3701844,4887,265354,0,0,1,1,1,1,1
1790134480,28950.17,0,1,ONLINE,28943.56,0,3702524,4887,265354,0,0,1,1,1,1,1
1790134485,28955.42,0,1,ONLINE,28948.81,0,3703040,4887,265354,0,0,1,1,1,1,1
1790134490,28960.66,0,1,ONLINE,28954.05,0,3703617,4887,265354,0,0,1,1,1,1,1
1790134495,28965.89,0,1,ONLINE,28959.28,0,3704296,4887,265354,0,0,1,1,1,1,1
1790134501,28971.13,0,1,ONLINE,28964.52,0,3704862,4887,265354,0,0,1,1,1,1,1
1790134506,28976.36,0,1,ONLINE,28969.75,0,3705392,4887,265354,0,0,1,1,1,1,1
1790134511,28981.61,0,1,ONLINE,28975.00,0,3705999,4887,265354,0,0,1,1,1,1,1
1790134516,28986.85,0,1,ONLINE,28980.24,0,3706386,4887,265354,0,0,1,1,1,1,1
1790134522,28992.09,0,1,ONLINE,28985.48,0,3706736,4892,265649,0,0,1,1,1,1,1
1790134527,28997.33,0,1,ONLINE,28990.72,0,3707439,4892,265649,0,0,1,1,1,1,1
1790134532,29002.59,0,1,ONLINE,28995.98,0,3708026,4892,265649,0,0,1,1,1,1,1
1790134537,29007.82,0,1,ONLINE,29001.21,0,3708299,4895,265910,0,0,1,1,1,1,1
1790134543,29013.06,0,1,ONLINE,29006.45,0,3708573,4898,266196,0,0,1,1,1,1,1
1790134548,29018.30,0,1,ONLINE,29011.69,0,3708787,4899,266431,0,0,1,1,1,1,1
1790134553,29023.54,0,1,ONLINE,29016.93,0,3709463,4904,266504,0,0,1,1,1,1,1
1790134558,29028.78,0,1,ONLINE,29022.17,0,3709924,4904,266504,0,0,1,1,1,1,1
1790134564,29034.02,0,1,ONLINE,29027.41,0,3710453,4904,266504,0,0,1,1,1,1,1
1790134569,29039.26,0,1,ONLINE,29032.65,0,3711014,4904,266504,0,0,1,1,1,1,1
1790134574,29044.50,0,1,ONLINE,29037.89,0,3711414,4904,266524,0,0,1,1,1,1,1
1790134579,29049.75,0,1,ONLINE,29043.14,0,3711481,4911,266964,0,0,1,1,1,1,1
1790134585,29055.00,0,1,ONLINE,29048.39,0,3712155,4911,266973,0,0,1,1,1,1,1
1790134590,29060.24,0,1,ONLINE,29053.63,0,3712725,4911,266973,0,0,1,1,1,1,1
1790134595,29065.47,0,1,ONLINE,29058.86,0,3712976,4918,267283,0,0,1,1,1,1,1
1790134600,29070.71,0,1,ONLINE,29064.10,0,3713407,4918,267283,0,0,1,1,1,1,1
1790134606,29075.95,0,1,ONLINE,29069.34,0,3713902,4918,267283,0,0,1,1,1,1,1
1790134611,29081.20,0,1,ONLINE,29074.59,0,3714618,4918,267283,0,0,1,1,1,1,1
1790134616,29086.44,0,1,ONLINE,29079.83,0,3715206,4918,267283,0,0,1,1,1,1,1
1790134621,29091.68,0,1,ONLINE,29085.07,0,3715794,4918,267283,0,0,1,1,1,1,1
1790134627,29096.92,0,1,ONLINE,29090.31,0,3716372,4918,267283,0,0,1,1,1,1,1
1790134632,29102.16,0,1,ONLINE,29095.55,0,3716904,4918,267283,0,0,1,1,1,1,1
1790134637,29107.40,0,1,ONLINE,29100.79,0,3717002,4922,267616,0,0,1,1,1,1,1
1790134642,29112.64,0,1,ONLINE,29106.03,0,3717367,4924,267850,0,0,1,1,1,1,1
1790134647,29117.88,0,1,ONLINE,29111.27,0,3717902,4924,267850,0,0,1,1,1,1,1
1790134653,29123.12,0,1,ONLINE,29116.51,0,3718419,4924,267850,0,0,1,1,1,1,1
1790134658,29128.37,0,1,ONLINE,29121.76,0,3719085,4924,267850,0,0,1,1,1,1,1
1790134663,29133.62,0,1,ONLINE,29127.01,0,3719684,4924,267850,0,0,1,1,1,1,1
1790134668,29138.87,0,1,ONLINE,29132.26,0,3720376,4924,267850,0,0,1,1,1,1,1
1790134674,29144.10,0,1,ONLINE,29137.49,0,3720940,4924,267850,0,0,1,1,1,1,1
1790134679,29149.34,0,1,ONLINE,29142.73,0,3721432,4924,267850,0,0,1,1,1,1,1
1790134684,29154.58,0,1,ONLINE,29147.97,0,3722298,4924,267850,0,0,1,1,1,1,1
1790134689,29159.81,0,1,ONLINE,29153.20,0,3722960,4924,267850,0,0,1,1,1,1,1
1790134695,29165.05,0,1,ONLINE,29158.44,0,3723390,4925,267901,0,0,1,1,1,1,1
1790134700,29170.30,0,1,ONLINE,29163.69,0,3723807,4927,268047,0,0,1,1,1,1,1
1790134705,29175.54,0,1,ONLINE,29168.93,0,3724330,4927,268047,0,0,1,1,1,1,1
1790134710,29180.78,0,1,ONLINE,29174.17,0,3724874,4927,268047,0,0,1,1,1,1,1
1790134716,29186.01,0,1,ONLINE,29179.40,0,3725447,4927,268047,0,0,1,1,1,1,1
1790134721,29191.26,0,1,ONLINE,29184.65,0,3726060,4927,268047,0,0,1,1,1,1,1
1790134726,29196.50,0,1,ONLINE,29189.89,0,3726679,4927,268047,0,0,1,1,1,1,1
1790134731,29201.74,0,1,ONLINE,29195.13,0,3727333,4927,268047,0,0,1,1,1,1,1
1790134737,29206.97,0,1,ONLINE,29200.36,0,3728040,4927,268047,0,0,1,1,1,1,1
1790134742,29212.21,0,1,ONLINE,29205.60,0,3728663,4927,268047,0,0,1,1,1,1,1
1790134747,29217.45,0,1,ONLINE,29210.84,0,3729394,4927,268047,0,0,1,1,1,1,1
1790134752,29222.71,0,1,ONLINE,29216.10,0,3730119,4927,268047,0,0,1,1,1,1,1
1790134758,29227.97,0,1,ONLINE,29221.36,0,3730696,4927,268047,0,0,1,1,1,1,1
1790134763,29233.21,0,1,ONLINE,29226.60,0,3731372,4927,268047,0,0,1,1,1,1,1
1790134768,29238.45,0,1,ONLINE,29231.84,0,3732045,4927,268047,0,0,1,1,1,1,1
1790134773,29243.70,0,1,ONLINE,29237.09,0,3732617,4927,268047,0,0,1,1,1,1,1
1790134779,29248.93,0,1,ONLINE,29242.32,0,3733196,4927,268047,0,0,1,1,1,1,1
1790134784,29254.17,0,1,ONLINE,29247.56,0,3733761,4927,268047,0,0,1,1,1,1,1
1790134789,29259.42,0,1,ONLINE,29252.81,0,3734413,4927,268047,0,0,1,1,1,1,1
1790134794,29264.66,0,1,ONLINE,29258.05,0,3734956,4927,268047,0,0,1,1,1,1,1
1790134799,29269.90,0,1,ONLINE,29263.29,0,3735206,4928,268265,0,0,1,1,1,1,1
1790134805,29275.15,0,1,ONLINE,29268.54,0,3735694,4929,268327,0,0,1,1,1,1,1
1790134810,29280.39,0,1,ONLINE,29273.78,0,3736257,4929,268327,0,0,1,1,1,1,1
1790134815,29285.63,0,1,ONLINE,29279.02,0,3736807,4929,268327,0,0,1,1,1,1,1
1790134820,29290.87,0,1,ONLINE,29284.26,0,3737371,4929,268327,0,0,1,1,1,1,1
1790134826,29296.11,0,1,ONLINE,29289.50,0,3737989,4929,268327,0,0,1,1,1,1,1
1790134831,29301.35,0,1,ONLINE,29294.74,0,3738484,4929,268327,0,0,1,1,1,1,1
1790134836,29306.59,0,1,ONLINE,29299.98,0,3739119,4929,268327,0,0,1,1,1,1,1
1790134841,29311.85,0,1,ONLINE,29305.24,0,3739734,4929,268327,0,0,1,1,1,1,1
1790134847,29317.09,0,1,ONLINE,29310.48,0,3740236,4929,268327,0,0,1,1,1,1,1
1790134852,29322.33,0,1,ONLINE,29315.72,0,3740739,4929,268327,0,0,1,1,1,1,1
1790134857,29327.57,0,1,ONLINE,29320.96,0,3741255,4929,268327,0,0,1,1,1,1,1
1790134862,29332.81,0,1,ONLINE,29326.20,0,3741564,4932,268582,0,0,1,1,1,1,1
1790134868,29338.05,0,1,ONLINE,29331.44,0,3742053,4934,268666,0,0,1,1,1,1,1
1790134873,29343.29,0,1,ONLINE,29336.68,0,3742755,4934,268666,0,0,1,1,1,1,1
1790134878,29348.53,0,1,ONLINE,29341.92,0,3743280,4934,268666,0,0,1,1,1,1,1
1790134883,29353.77,0,1,ONLINE,29347.16,0,3744073,4934,268666,0,0,1,1,1,1,1
1790134889,29359.00,0,1,ONLINE,29352.39,0,3744762,4934,268666,0,0,1,1,1,1,1
1790134894,29364.24,0,1,ONLINE,29357.63,0,3745505,4934,268666,0,0,1,1,1,1,1
1790134899,29369.49,0,1,ONLINE,29362.88,0,3746082,4934,268666,0,0,1,1,1,1,1
1790134904,29374.72,0,1,ONLINE,29368.11,0,3746729,4934,268666,0,0,1,1,1,1,1
1790134910,29379.97,0,1,ONLINE,29373.36,0,3747593,4934,268666,0,0,1,1,1,1,1
1790134915,29385.21,0,1,ONLINE,29378.60,0,3748233,4934,268666,0,0,1,1,1,1,1
1790134920,29390.45,0,1,ONLINE,29383.84,0,3748851,4934,268666,0,0,1,1,1,1,1
1790134925,29395.70,0,1,ONLINE,29389.09,0,3749415,4934,268666,0,0,1,1,1,1,1
1790134931,29400.95,0,1,ONLINE,29394.34,0,3750017,4934,268666,0,0,1,1,1,1,1
1790134936,29406.19,0,1,ONLINE,29399.58,0,3750538,4934,268666,0,0,1,1,1,1,1
1790134941,29411.44,0,1,ONLINE,29404.83,0,3751188,4934,268666,0,0,1,1,1,1,1
1790134946,29416.68,0,1,ONLINE,29410.07,0,3751696,4934,268666,0,0,1,1,1,1,1
1790134952,29421.91,0,1,ONLINE,29415.30,0,3752133,4934,268666,0,0,1,1,1,1,1
1790134957,29427.16,0,1,ONLINE,29420.55,0,3752302,4943,269012,0,0,1,1,1,1,1
1790134962,29432.41,0,1,ONLINE,29425.80,0,3753068,4943,269012,0,0,1,1,1,1,1
1790134967,29437.65,0,1,ONLINE,29431.04,0,3753665,4943,269012,0,0,1,1,1,1,1
1790134972,29442.89,0,1,ONLINE,29436.28,0,3754290,4943,269012,0,0,1,1,1,1,1
1790134978,29448.13,0,1,ONLINE,29441.52,0,3754848,4943,269012,0,0,1,1,1,1,1
1790134983,29453.36,0,1,ONLINE,29446.75,0,3755430,4943,269012,0,0,1,1,1,1,1
1790134988,29458.61,0,1,ONLINE,29452.00,0,3756115,4943,269012,0,0,1,1,1,1,1
1790134993,29463.84,0,1,ONLINE,29457.23,0,3756785,4943,269012,0,0,1,1,1,1,1
1790134999,29469.08,0,1,ONLINE,29462.47,0,3757521,4943,269012,0,0,1,1,1,1,1
1790135004,29474.32,0,1,ONLINE,29467.71,0,3758160,4943,269012,0,0,1,1,1,1,1
1790135009,29479.59,0,1,ONLINE,29472.98,0,3758581,4943,269012,0,0,1,1,1,1,1
1790135014,29484.83,0,1,ONLINE,29478.22,0,3758813,4945,269290,0,0,1,1,1,1,1
1790135020,29490.07,0,1,ONLINE,29483.46,0,3759510,4945,269290,0,0,1,1,1,1,1
1790135025,29495.31,0,1,ONLINE,29488.70,0,3760148,4945,269290,0,0,1,1,1,1,1
1790135030,29500.55,0,1,ONLINE,29493.94,0,3760809,4945,269290,0,0,1,1,1,1,1
1790135035,29505.79,0,1,ONLINE,29499.18,0,3761398,4945,269290,0,0,1,1,1,1,1
1790135041,29511.03,0,1,ONLINE,29504.42,0,3761928,4945,269290,0,0,1,1,1,1,1
1790135046,29516.28,0,1,ONLINE,29509.67,0,3762503,4945,269290,0,0,1,1,1,1,1
1790135051,29521.53,0,1,ONLINE,29514.92,0,3762983,4945,269290,0,0,1,1,1,1,1
1790135056,29526.78,0,1,ONLINE,29520.17,0,3763279,4945,269414,0,0,1,1,1,1,1
1790135062,29532.02,0,1,ONLINE,29525.41,0,3763653,4948,269559,0,0,1,1,1,1,1
1790135067,29537.26,0,1,ONLINE,29530.65,0,3764198,4948,269559,0,0,1,1,1,1,1
1790135072,29542.50,0,1,ONLINE,29535.89,0,3764622,4948,269559,0,0,1,1,1,1,1
1790135077,29547.74,0,1,ONLINE,29541.13,0,3764911,4963,269898,0,0,1,1,1,1,1
1790135083,29552.97,0,1,ONLINE,29546.36,0,3765439,4963,269898,0,0,1,1,1,1,1
1790135088,29558.21,0,1,ONLINE,29551.60,0,3766080,4963,269898,0,0,1,1,1,1,1
1790135093,29563.45,0,1,ONLINE,29556.84,0,3766766,4963,269898,0,0,1,1,1,1,1
1790135098,29568.68,0,1,ONLINE,29562.07,0,3767210,4963,269898,0,0,1,1,1,1,1
1790135104,29573.92,0,1,ONLINE,29567.31,0,3767994,4963,269898,0,0,1,1,1,1,1
1790135109,29579.16,0,1,ONLINE,29572.55,0,3768864,4963,269898,0,0,1,1,1,1,1
1790135114,29584.40,0,1,ONLINE,29577.79,0,3769562,4963,269898,0,0,1,1,1,1,1
1790135119,29589.64,0,1,ONLINE,29583.03,0,3770122,4963,269898,0,0,1,1,1,1,1
1790135124,29594.89,0,1,ONLINE,29588.28,0,3770728,4963,269898,0,0,1,1,1,1,1
1790135130,29600.13,0,1,ONLINE,29593.52,0,3771235,4963,269898,0,0,1,1,1,1,1
1790135135,29605.38,0,1,ONLINE,29598.77,0,3771950,4963,269898,0,0,1,1,1,1,1
1790135140,29610.62,0,1,ONLINE,29604.01,0,3772605,4963,269898,0,0,1,1,1,1,1
1790135145,29615.86,0,1,ONLINE,29609.25,0,3773150,4963,269898,0,0,1,1,1,1,1
1790135151,29621.10,0,1,ONLINE,29614.49,0,3773771,4963,269898,0,0,1,1,1,1,1
1790135156,29626.35,0,1,ONLINE,29619.74,0,3774317,4963,269898,0,0,1,1,1,1,1
1790135161,29631.59,0,1,ONLINE,29624.98,0,3774878,4963,269898,0,0,1,1,1,1,1
1790135166,29636.84,0,1,ONLINE,29630.23,0,3775469,4963,269898,0,0,1,1,1,1,1
1790135172,29642.08,0,1,ONLINE,29635.47,0,3776143,4963,269898,0,0,1,1,1,1,1
1790135177,29647.33,0,1,ONLINE,29640.72,0,3776647,4963,269898,0,0,1,1,1,1,1
1790135182,29652.57,0,1,ONLINE,29645.96,0,3777164,4963,269898,0,0,1,1,1,1,1
1790135187,29657.82,0,1,ONLINE,29651.21,0,3777864,4963,269898,0,0,1,1,1,1,1
1790135193,29663.06,0,1,ONLINE,29656.45,0,3778522,4963,269898,0,0,1,1,1,1,1
1790135198,29668.31,0,1,ONLINE,29661.70,0,3779225,4963,269898,0,0,1,1,1,1,1
1790135203,29673.54,0,1,ONLINE,29666.93,0,3779909,4963,269898,0,0,1,1,1,1,1
1790135208,29678.78,0,1,ONLINE,29672.17,0,3780619,4963,269898,0,0,1,1,1,1,1
1790135214,29684.02,0,1,ONLINE,29677.41,0,3781255,4963,269898,0,0,1,1,1,1,1
1790135219,29689.26,0,1,ONLINE,29682.65,0,3781767,4963,269898,0,0,1,1,1,1,1
1790135224,29694.50,0,1,ONLINE,29687.89,0,3782381,4963,269898,0,0,1,1,1,1,1
1790135229,29699.75,0,1,ONLINE,29693.14,0,3782909,4963,269898,0,0,1,1,1,1,1
1790135235,29705.00,0,1,ONLINE,29698.39,0,3783447,4963,269898,0,0,1,1,1,1,1
1790135240,29710.24,0,1,ONLINE,29703.63,0,3783658,4966,270200,0,0,1,1,1,1,1
1790135245,29715.50,0,1,ONLINE,29708.89,0,3784290,4966,270200,0,0,1,1,1,1,1
1790135250,29720.74,0,1,ONLINE,29714.13,0,3785068,4966,270200,0,0,1,1,1,1,1
1790135256,29725.99,0,1,ONLINE,29719.38,0,3785709,4966,270200,0,0,1,1,1,1,1
1790135261,29731.23,0,1,ONLINE,29724.62,0,3786310,4966,270200,0,0,1,1,1,1,1
1790135266,29736.46,0,1,ONLINE,29729.85,0,3786792,4966,270200,0,0,1,1,1,1,1
1790135271,29741.71,0,1,ONLINE,29735.10,0,3787546,4966,270200,0,0,1,1,1,1,1
1790135277,29746.96,0,1,ONLINE,29740.35,0,3788257,4966,270200,0,0,1,1,1,1,1
1790135282,29752.20,0,1,ONLINE,29745.59,0,3788981,4966,270200,0,0,1,1,1,1,1
1790135287,29757.43,0,1,ONLINE,29750.82,0,3789650,4966,270200,0,0,1,1,1,1,1
1790135292,29762.67,0,1,ONLINE,29756.06,0,3790206,4966,270200,0,0,1,1,1,1,1
1790135297,29767.91,0,1,ONLINE,29761.30,0,3790812,4966,270200,0,0,1,1,1,1,1
1790135303,29773.15,0,1,ONLINE,29766.54,0,3791526,4966,270200,0,0,1,1,1,1,1
1790135308,29778.38,0,1,ONLINE,29771.77,0,3792190,4966,270200,0,0,1,1,1,1,1
1790135313,29783.63,0,1,ONLINE,29777.02,0,3792909,4966,270200,0,0,1,1,1,1,1
1790135318,29788.89,0,1,ONLINE,29782.28,0,3793511,4966,270200,0,0,1,1,1,1,1
1790135324,29794.13,0,1,ONLINE,29787.52,0,3793998,4966,270200,0,0,1,1,1,1,1
1790135329,29799.37,0,1,ONLINE,29792.76,0,3794591,4966,270200,0,0,1,1,1,1,1
1790135334,29804.60,0,1,ONLINE,29797.99,0,3795256,4966,270200,0,0,1,1,1,1,1
1790135339,29809.85,0,1,ONLINE,29803.24,0,3795985,4966,270200,0,0,1,1,1,1,1
1790135345,29815.10,0,1,ONLINE,29808.49,0,3796596,4966,270200,0,0,1,1,1,1,1
1790135350,29820.34,0,1,ONLINE,29813.73,0,3797236,4966,270200,0,0,1,1,1,1,1
1790135355,29825.59,0,1,ONLINE,29818.98,0,3797873,4966,270200,0,0,1,1,1,1,1
1790135360,29830.83,0,1,ONLINE,29824.22,0,3798431,4966,270200,0,0,1,1,1,1,1
1790135366,29836.08,0,1,ONLINE,29829.47,0,3799122,4966,270200,0,0,1,1,1,1,1
1790135371,29841.32,0,1,ONLINE,29834.71,0,3799782,4966,270200,0,0,1,1,1,1,1
1790135376,29846.56,0,1,ONLINE,29839.95,0,3800321,4966,270200,0,0,1,1,1,1,1
1790135381,29851.81,0,1,ONLINE,29845.20,0,3800937,4966,270200,0,0,1,1,1,1,1
1790135387,29857.06,0,1,ONLINE,29850.45,0,3801464,4966,270200,0,0,1,1,1,1,1
1790135392,29862.31,0,1,ONLINE,29855.70,0,3802167,4966,270200,0,0,1,1,1,1,1
1790135397,29867.55,0,1,ONLINE,29860.94,0,3802725,4966,270200,0,0,1,1,1,1,1
1790135402,29872.79,0,1,ONLINE,29866.18,0,3803214,4966,270200,0,0,1,1,1,1,1
1790135408,29878.03,0,1,ONLINE,29871.42,0,3803716,4966,270200,0,0,1,1,1,1,1
1790135413,29883.28,0,1,ONLINE,29876.67,0,3804358,4966,270200,0,0,1,1,1,1,1
1790135418,29888.52,0,1,ONLINE,29881.91,0,3804996,4966,270200,0,0,1,1,1,1,1
1790135423,29893.77,0,1,ONLINE,29887.16,0,3805697,4966,270200,0,0,1,1,1,1,1
1790135429,29899.01,0,1,ONLINE,29892.40,0,3806237,4966,270200,0,0,1,1,1,1,1
1790135434,29904.24,0,1,ONLINE,29897.63,0,3806794,4966,270200,0,0,1,1,1,1,1
1790135439,29909.49,0,1,ONLINE,29902.88,0,3807467,4966,270200,0,0,1,1,1,1,1
1790135444,29914.73,0,1,ONLINE,29908.12,0,3807939,4966,270200,0,0,1,1,1,1,1
1790135450,29920.00,0,1,ONLINE,29913.39,0,3808255,4966,270465,0,0,1,1,1,1,1
1790135455,29925.24,0,1,ONLINE,29918.63,0,3808999,4966,270465,0,0,1,1,1,1,1
1790135460,29930.49,0,1,ONLINE,29923.88,0,3809499,4966,270465,0,0,1,1,1,1,1
1790135465,29935.73,0,1,ONLINE,29929.12,0,3810070,4966,270465,0,0,1,1,1,1,1
1790135471,29940.97,0,1,ONLINE,29934.36,0,3810825,4966,270465,0,0,1,1,1,1,1
1790135476,29946.21,0,1,ONLINE,29939.60,0,3811525,4966,270465,0,0,1,1,1,1,1
1790135481,29951.46,0,1,ONLINE,29944.85,0,3812216,4966,270465,0,0,1,1,1,1,1
1790135486,29956.71,0,1,ONLINE,29950.10,0,3812896,4966,270465,0,0,1,1,1,1,1
1790135492,29961.95,0,1,ONLINE,29955.34,0,3813328,4966,270465,0,0,1,1,1,1,1
1790135497,29967.19,0,1,ONLINE,29960.58,0,3814007,4966,270465,0,0,1,1,1,1,1
1790135502,29972.43,0,1,ONLINE,29965.82,0,3814677,4966,270465,0,0,1,1,1,1,1
1790135507,29977.67,0,1,ONLINE,29971.06,0,3815212,4966,270465,0,0,1,1,1,1,1
1790135513,29982.92,0,1,ONLINE,29976.31,0,3815933,4966,270465,0,0,1,1,1,1,1
1790135518,29988.16,0,1,ONLINE,29981.55,0,3816615,4966,270465,0,0,1,1,1,1,1
1790135523,29993.40,0,1,ONLINE,29986.79,0,3817287,4966,270465,0,0,1,1,1,1,1
1790135528,29998.65,0,1,ONLINE,29992.04,0,3817880,4966,270465,0,0,1,1,1,1,1
1790135533,30003.89,0,1,ONLINE,29997.28,0,3818346,4966,270465,0,0,1,1,1,1,1
1790135539,30009.13,0,1,ONLINE,30002.52,0,3818879,4966,270465,0,0,1,1,1,1,1
1790135544,30014.37,0,1,ONLINE,30007.76,0,3819507,4966,270465,0,0,1,1,1,1,1
1790135549,30019.62,0,1,ONLINE,30013.01,0,3820149,4966,270465,0,0,1,1,1,1,1
1790135554,30024.88,0,1,ONLINE,30018.27,0,3820693,4966,270465,0,0,1,1,1,1,1
1790135560,30030.12,0,1,ONLINE,30023.51,0,3821277,4966,270465,0,0,1,1,1,1,1
1790135565,30035.36,0,1,ONLINE,30028.75,0,3821901,4966,270465,0,0,1,1,1,1,1
1790135570,30040.60,0,1,ONLINE,30033.99,0,3822693,4966,270465,0,0,1,1,1,1,1
1790135575,30045.85,0,1,ONLINE,30039.24,0,3823281,4966,270465,0,0,1,1,1,1,1
1790135581,30051.10,0,1,ONLINE,30044.49,0,3823512,4971,270781,0,0,1,1,1,1,1
1790135586,30056.35,0,1,ONLINE,30049.74,0,3824253,4971,270781,0,0,1,1,1,1,1
1790135591,30061.61,0,1,ONLINE,30055.00,0,3824967,4971,270781,0,0,1,1,1,1,1
1790135596,30066.86,0,1,ONLINE,30060.25,0,3825492,4971,270781,0,0,1,1,1,1,1
1790135602,30072.10,0,1,ONLINE,30065.49,0,3826268,4971,270781,0,0,1,1,1,1,1
1790135607,30077.34,0,1,ONLINE,30070.73,0,3826851,4971,270781,0,0,1,1,1,1,1
1790135612,30082.58,0,1,ONLINE,30075.97,0,3827445,4971,270781,0,0,1,1,1,1,1
1790135617,30087.82,0,1,ONLINE,30081.21,0,3827954,4971,270781,0,0,1,1,1,1,1
1790135623,30093.06,0,1,ONLINE,30086.45,0,3828491,4971,270781,0,0,1,1,1,1,1
1790135628,30098.30,0,1,ONLINE,30091.69,0,3829121,4971,270781,0,0,1,1,1,1,1
1790135633,30103.56,0,1,ONLINE,30096.95,0,3829773,4971,270781,0,0,1,1,1,1,1
1790135638,30108.80,0,1,ONLINE,30102.19,0,3830368,4971,270781,0,0,1,1,1,1,1
1790135644,30114.04,0,1,ONLINE,30107.43,0,3831148,4971,270781,0,0,1,1,1,1,1
1790135649,30119.27,0,1,ONLINE,30112.66,0,3831855,4971,270781,0,0,1,1,1,1,1
1790135654,30124.51,0,1,ONLINE,30117.90,0,3832370,4971,270781,0,0,1,1,1,1,1
1790135659,30129.75,0,1,ONLINE,30123.14,0,3832994,4971,270781,0,0,1,1,1,1,1
1790135665,30135.00,0,1,ONLINE,30128.39,0,3833526,4971,270781,0,0,1,1,1,1,1
1790135670,30140.24,0,1,ONLINE,30133.63,0,3833945,4971,270781,0,0,1,1,1,1,1
1790135675,30145.48,0,1,ONLINE,30138.87,0,3834662,4971,270781,0,0,1,1,1,1,1
1790135680,30150.73,0,1,ONLINE,30144.12,0,3835259,4971,270781,0,0,1,1,1,1,1
1790135686,30155.97,0,1,ONLINE,30149.36,0,3835866,4971,270781,0,0,1,1,1,1,1
1790135691,30161.22,0,1,ONLINE,30154.61,0,3836568,4971,270781,0,0,1,1,1,1,1
1790135696,30166.46,0,1,ONLINE,30159.85,0,3837343,4971,270781,0,0,1,1,1,1,1
1790135701,30171.70,0,1,ONLINE,30165.09,0,3837921,4971,270781,0,0,1,1,1,1,1
1790135707,30176.94,0,1,ONLINE,30170.33,0,3838396,4971,270781,0,0,1,1,1,1,1
1790135712,30182.19,0,1,ONLINE,30175.58,0,3838864,4971,270781,0,0,1,1,1,1,1
1790135717,30187.46,0,1,ONLINE,30180.85,0,3839472,4971,270781,0,0,1,1,1,1,1
1790135722,30192.71,0,1,ONLINE,30186.10,0,3840054,4971,270781,0,0,1,1,1,1,1
1790135728,30197.96,0,1,ONLINE,30191.35,0,3840547,4971,270781,0,0,1,1,1,1,1
1790135733,30203.20,0,1,ONLINE,30196.59,0,3841219,4971,270781,0,0,1,1,1,1,1
1790135738,30208.44,0,1,ONLINE,30201.83,0,3841855,4971,270781,0,0,1,1,1,1,1
1790135743,30213.69,0,1,ONLINE,30207.08,0,3842358,4971,270781,0,0,1,1,1,1,1
1790135749,30218.94,0,1,ONLINE,30212.33,0,3843013,4971,270781,0,0,1,1,1,1,1
1790135754,30224.18,0,1,ONLINE,30217.57,0,3843647,4971,270781,0,0,1,1,1,1,1
1790135759,30229.42,0,1,ONLINE,30222.81,0,3844208,4971,270781,0,0,1,1,1,1,1
1790135764,30234.67,0,1,ONLINE,30228.06,0,3844760,4971,270781,0,0,1,1,1,1,1
1790135770,30239.91,0,1,ONLINE,30233.30,0,3845452,4971,270781,0,0,1,1,1,1,1
1790135775,30245.15,0,1,ONLINE,30238.54,0,3845983,4971,270781,0,0,1,1,1,1,1
1790135780,30250.39,0,1,ONLINE,30243.78,0,3846550,4971,270781,0,0,1,1,1,1,1
1790135785,30255.63,0,1,ONLINE,30249.02,0,3847147,4971,270781,0,0,1,1,1,1,1
1790135790,30260.87,0,1,ONLINE,30254.26,0,3847717,4971,270781,0,0,1,1,1,1,1
1790135796,30266.11,0,1,ONLINE,30259.50,0,3848437,4971,270781,0,0,1,1,1,1,1
1790135801,30271.35,0,1,ONLINE,30264.74,0,3849077,4971,270781,0,0,1,1,1,1,1
1790135806,30276.60,0,1,ONLINE,30269.99,0,3849668,4971,270781,0,0,1,1,1,1,1
1790135811,30281.84,0,1,ONLINE,30275.23,0,3850331,4971,270781,0,0,1,1,1,1,1
1790135817,30287.08,0,1,ONLINE,30280.47,0,3851027,4971,270781,0,0,1,1,1,1,1
1790135822,30292.32,0,1,ONLINE,30285.71,0,3851530,4971,270781,0,0,1,1,1,1,1
1790135827,30297.56,0,1,ONLINE,30290.95,0,3852209,4971,270781,0,0,1,1,1,1,1
1790135832,30302.80,0,1,ONLINE,30296.19,0,3852773,4971,270781,0,0,1,1,1,1,1
1790135838,30308.05,0,1,ONLINE,30301.44,0,3853520,4971,270781,0,0,1,1,1,1,1
1790135843,30313.29,0,1,ONLINE,30306.68,0,3854300,4971,270781,0,0,1,1,1,1,1
1790135848,30318.54,0,1,ONLINE,30311.93,0,3854875,4971,270781,0,0,1,1,1,1,1
1790135853,30323.78,0,1,ONLINE,30317.17,0,3855409,4971,270781,0,0,1,1,1,1,1
1790135859,30329.03,0,1,ONLINE,30322.42,0,3856019,4971,270781,0,0,1,1,1,1,1
1790135864,30334.27,0,1,ONLINE,30327.66,0,3856643,4971,270781,0,0,1,1,1,1,1
1790135869,30339.51,0,1,ONLINE,30332.90,0,3857345,4971,270781,0,0,1,1,1,1,1
1790135874,30344.75,0,1,ONLINE,30338.14,0,3858053,4971,270781,0,0,1,1,1,1,1
1790135880,30349.99,0,1,ONLINE,30343.38,0,3858584,4971,270781,0,0,1,1,1,1,1
1790135885,30355.23,0,1,ONLINE,30348.62,0,3859216,4971,270781,0,0,1,1,1,1,1
1790135890,30360.48,0,1,ONLINE,30353.87,0,3860004,4971,270781,0,0,1,1,1,1,1
1790135895,30365.72,0,1,ONLINE,30359.11,0,3860549,4971,270781,0,0,1,1,1,1,1
1790135901,30370.97,0,1,ONLINE,30364.36,0,3861122,4971,270781,0,0,1,1,1,1,1
1790135906,30376.21,0,1,ONLINE,30369.60,0,3861752,4971,270781,0,0,1,1,1,1,1
1790135911,30381.44,0,1,ONLINE,30374.83,0,3862399,4971,270781,0,0,1,1,1,1,1
1790135916,30386.68,0,1,ONLINE,30380.07,0,3863017,4971,270781,0,0,1,1,1,1,1
1790135922,30391.92,0,1,ONLINE,30385.31,0,3863593,4971,270781,0,0,1,1,1,1,1
1790135927,30397.16,0,1,ONLINE,30390.55,0,3864272,4971,270781,0,0,1,1,1,1,1
1790135932,30402.42,0,1,ONLINE,30395.81,0,3864981,4971,270781,0,0,1,1,1,1,1
1790135937,30407.66,0,1,ONLINE,30401.05,0,3865521,4971,270781,0,0,1,1,1,1,1
1790135942,30412.90,0,1,ONLINE,30406.29,0,3866111,4971,270781,0,0,1,1,1,1,1
1790135948,30418.14,0,1,ONLINE,30411.53,0,3866907,4971,270781,0,0,1,1,1,1,1
1790135953,30423.38,0,1,ONLINE,30416.77,0,3867375,4971,270781,0,0,1,1,1,1,1
1790135958,30428.62,0,1,ONLINE,30422.01,0,3867943,4971,270781,0,0,1,1,1,1,1
1790135963,30433.87,0,1,ONLINE,30427.26,0,3868491,4971,270781,0,0,1,1,1,1,1
1790135969,30439.12,0,1,ONLINE,30432.51,0,3869005,4971,270781,0,0,1,1,1,1,1
1790135974,30444.36,0,1,ONLINE,30437.75,0,3869713,4971,270781,0,0,1,1,1,1,1
1790135979,30449.61,0,1,ONLINE,30443.00,0,3870288,4971,270781,0,0,1,1,1,1,1
1790135984,30454.85,0,1,ONLINE,30448.24,0,3870978,4971,270781,0,0,1,1,1,1,1
1790135990,30460.09,0,1,ONLINE,30453.48,0,3871828,4971,270781,0,0,1,1,1,1,1
1790135995,30465.33,0,1,ONLINE,30458.72,0,3872315,4971,270781,0,0,1,1,1,1,1
1790136000,30470.57,0,1,ONLINE,30463.96,0,3873021,4971,270781,0,0,1,1,1,1,1
1790136005,30475.83,0,1,ONLINE,30469.22,0,3873615,4971,270781,0,0,1,1,1,1,1
1790136011,30481.08,0,1,ONLINE,30474.47,0,3874186,4971,270781,0,0,1,1,1,1,1
1790136016,30486.31,0,1,ONLINE,30479.70,0,3874686,4971,270781,0,0,1,1,1,1,1
1790136021,30491.57,0,1,ONLINE,30484.96,0,3874894,4974,271059,0,0,1,1,1,1,1
1790136026,30496.82,0,1,ONLINE,30490.21,0,3875417,4974,271059,0,0,1,1,1,1,1
1790136032,30502.06,0,1,ONLINE,30495.45,0,3875929,4974,271059,0,0,1,1,1,1,1
1790136037,30507.30,0,1,ONLINE,30500.69,0,3876641,4974,271059,0,0,1,1,1,1,1
1790136042,30512.56,0,1,ONLINE,30505.95,0,3877181,4974,271059,0,0,1,1,1,1,1
1790136047,30517.80,0,1,ONLINE,30511.19,0,3877460,4984,271370,0,0,1,1,1,1,1
1790136053,30523.05,0,1,ONLINE,30516.44,0,3878165,4985,271396,0,0,1,1,1,1,1
1790136058,30528.29,0,1,ONLINE,30521.68,0,3878760,4985,271396,0,0,1,1,1,1,1
1790136063,30533.53,0,1,ONLINE,30526.92,0,3879070,4992,271695,0,0,1,1,1,1,1
1790136068,30538.77,0,1,ONLINE,30532.16,0,3879580,4992,271695,0,0,1,1,1,1,1
1790136074,30544.01,0,1,ONLINE,30537.40,0,3880209,4992,271695,0,0,1,1,1,1,1
1790136079,30549.25,0,1,ONLINE,30542.64,0,3880777,4992,271695,0,0,1,1,1,1,1
1790136084,30554.49,0,1,ONLINE,30547.88,0,3881393,4992,271695,0,0,1,1,1,1,1
1790136089,30559.73,0,1,ONLINE,30553.12,0,3881937,4992,271695,0,0,1,1,1,1,1
1790136095,30564.98,0,1,ONLINE,30558.37,0,3882737,4992,271695,0,0,1,1,1,1,1
1790136100,30570.23,0,1,ONLINE,30563.62,0,3883417,4992,271695,0,0,1,1,1,1,1
1790136105,30575.46,0,1,ONLINE,30568.85,0,3883989,4992,271695,0,0,1,1,1,1,1
1790136110,30580.72,0,1,ONLINE,30574.11,0,3884765,4992,271695,0,0,1,1,1,1,1
1790136116,30585.97,0,1,ONLINE,30579.36,0,3885317,4992,271695,0,0,1,1,1,1,1
1790136121,30591.22,0,1,ONLINE,30584.61,0,3885842,4992,271695,0,0,1,1,1,1,1
1790136126,30596.46,0,1,ONLINE,30589.85,0,3886467,4992,271695,0,0,1,1,1,1,1
1790136131,30601.70,0,1,ONLINE,30595.09,0,3887113,4992,271695,0,0,1,1,1,1,1
1790136137,30606.93,0,1,ONLINE,30600.32,0,3887749,4992,271695,0,0,1,1,1,1,1
1790136142,30612.17,0,1,ONLINE,30605.56,0,3888472,4992,271695,0,0,1,1,1,1,1
1790136147,30617.41,0,1,ONLINE,30610.80,0,3889184,4992,271695,0,0,1,1,1,1,1
1790136152,30622.65,0,1,ONLINE,30616.04,0,3889763,4992,271695,0,0,1,1,1,1,1
1790136157,30627.91,0,1,ONLINE,30621.30,0,3890440,4992,271695,0,0,1,1,1,1,1
1790136163,30633.15,0,1,ONLINE,30626.54,0,3891118,4992,271695,0,0,1,1,1,1,1
1790136168,30638.39,0,1,ONLINE,30631.78,0,3891753,4992,271695,0,0,1,1,1,1,1
1790136173,30643.62,0,1,ONLINE,30637.01,0,3892273,4992,271695,0,0,1,1,1,1,1
1790136178,30648.87,0,1,ONLINE,30642.26,0,3892943,4992,271695,0,0,1,1,1,1,1
1790136184,30654.12,0,1,ONLINE,30647.51,0,3893497,4992,271695,0,0,1,1,1,1,1
1790136189,30659.36,0,1,ONLINE,30652.75,0,3894148,4992,271695,0,0,1,1,1,1,1
1790136194,30664.60,0,1,ONLINE,30657.99,0,3894786,4992,271695,0,0,1,1,1,1,1
1790136199,30669.84,0,1,ONLINE,30663.23,0,3895522,4992,271695,0,0,1,1,1,1,1
1790136205,30675.09,0,1,ONLINE,30668.48,0,3896207,4992,271695,0,0,1,1,1,1,1
1790136210,30680.34,0,1,ONLINE,30673.73,0,3896827,4992,271695,0,0,1,1,1,1,1
1790136215,30685.58,0,1,ONLINE,30678.97,0,3897318,4992,271695,0,0,1,1,1,1,1
1790136220,30690.82,0,1,ONLINE,30684.21,0,3897829,4992,271695,0,0,1,1,1,1,1
1790136226,30696.06,0,1,ONLINE,30689.45,0,3897939,5003,272176,0,0,1,1,1,1,1
1790136231,30701.31,0,1,ONLINE,30694.70,0,3898390,5006,272322,0,0,1,1,1,1,1
1790136236,30706.55,0,1,ONLINE,30699.94,0,3898953,5006,272322,0,0,1,1,1,1,1
1790136241,30711.80,0,1,ONLINE,30705.19,0,3899557,5006,272322,0,0,1,1,1,1,1
1790136247,30717.04,0,1,ONLINE,30710.43,0,3900056,5006,272322,0,0,1,1,1,1,1
1790136252,30722.28,0,1,ONLINE,30715.67,0,3900517,5006,272322,0,0,1,1,1,1,1
1790136257,30727.53,0,1,ONLINE,30720.92,0,3900612,5009,272724,0,0,1,1,1,1,1
1790136262,30732.79,0,1,ONLINE,30726.18,0,3900663,5019,273161,0,0,1,1,1,1,1
1790136268,30738.04,0,1,ONLINE,30731.43,0,3900709,5022,273532,0,0,1,1,1,1,1
1790136273,30743.28,0,1,ONLINE,30736.67,0,3900971,5029,273752,0,0,1,1,1,1,1
1790136278,30748.54,0,1,ONLINE,30741.93,0,3901533,5029,273752,0,0,1,1,1,1,1
1790136283,30753.78,0,1,ONLINE,30747.17,0,3901698,5029,274031,0,0,1,1,1,1,1
1790136289,30759.02,0,1,ONLINE,30752.41,0,3902065,5035,274370,0,0,1,1,1,1,1
1790136294,30764.26,0,1,ONLINE,30757.65,0,3902588,5035,274370,0,0,1,1,1,1,1
1790136299,30769.51,0,1,ONLINE,30762.90,0,3903131,5035,274370,0,0,1,1,1,1,1
1790136304,30774.76,0,1,ONLINE,30768.15,0,3903646,5035,274370,0,0,1,1,1,1,1
1790136310,30780.07,0,1,ONLINE,30773.46,0,3904238,5035,274370,0,0,1,1,1,1,1
1790136315,30785.31,0,1,ONLINE,30778.70,0,3904371,5039,274724,0,0,1,1,1,1,1
1790136320,30790.80,0,1,ONLINE,30784.19,0,3904767,5041,274922,0,0,1,1,1,1,1
1790136326,30796.05,0,1,ONLINE,30789.44,0,3905280,5041,274922,0,0,1,1,1,1,1
1790136331,30801.30,0,1,ONLINE,30794.69,0,3905715,5041,274922,0,0,1,1,1,1,1
1790136336,30806.54,0,1,ONLINE,30799.93,0,3905899,5042,275200,0,0,1,1,1,1,1
1790136341,30811.79,0,1,ONLINE,30805.18,0,3906464,5042,275200,0,0,1,1,1,1,1
1790136347,30817.03,0,1,ONLINE,30810.42,0,3907045,5042,275200,0,0,1,1,1,1,1
1790136352,30822.27,0,1,ONLINE,30815.66,0,3907716,5042,275200,0,0,1,1,1,1,1
1790136357,30827.52,0,1,ONLINE,30820.91,0,3908367,5042,275200,0,0,1,1,1,1,1
1790136362,30832.77,0,1,ONLINE,30826.16,0,3908928,5042,275200,0,0,1,1,1,1,1
1790136368,30838.02,0,1,ONLINE,30831.41,0,3909447,5042,275200,0,0,1,1,1,1,1
1790136373,30843.27,0,1,ONLINE,30836.66,0,3909706,5044,275392,0,0,1,1,1,1,1
1790136378,30848.52,0,1,ONLINE,30841.91,0,3910281,5046,275453,0,0,1,1,1,1,1
1790136383,30853.76,0,1,ONLINE,30847.15,0,3910832,5046,275453,0,0,1,1,1,1,1
1790136389,30859.01,0,1,ONLINE,30852.40,0,3911433,5046,275453,0,0,1,1,1,1,1
1790136394,30864.25,0,1,ONLINE,30857.64,0,3912133,5046,275453,0,0,1,1,1,1,1
1790136399,30869.49,0,1,ONLINE,30862.88,0,3912715,5046,275453,0,0,1,1,1,1,1
1790136404,30874.73,0,1,ONLINE,30868.12,0,3913114,5046,275546,0,0,1,1,1,1,1
1790136410,30879.97,0,1,ONLINE,30873.36,0,3913481,5048,275715,0,0,1,1,1,1,1
1790136415,30885.22,0,1,ONLINE,30878.61,0,3914054,5048,275715,0,0,1,1,1,1,1
1790136420,30890.46,0,1,ONLINE,30883.85,0,3914517,5048,275715,0,0,1,1,1,1,1
1790136425,30895.71,0,1,ONLINE,30889.10,0,3914817,5052,276041,0,0,1,1,1,1,1
1790136431,30901.01,0,1,ONLINE,30894.40,0,3915344,5052,276041,0,0,1,1,1,1,1
1790136436,30906.26,0,1,ONLINE,30899.65,0,3915816,5055,276173,0,0,1,1,1,1,1
1790136441,30911.50,0,1,ONLINE,30904.89,0,3916175,5060,276318,0,0,1,1,1,1,1
1790136446,30916.74,0,1,ONLINE,30910.13,0,3916792,5060,276318,0,0,1,1,1,1,1
1790136452,30921.99,0,1,ONLINE,30915.38,0,3917393,5060,276318,0,0,1,1,1,1,1
1790136457,30927.24,0,1,ONLINE,30920.63,0,3917645,5074,276647,0,0,1,1,1,1,1
1790136462,30932.48,0,1,ONLINE,30925.87,0,3918220,5074,276647,0,0,1,1,1,1,1
1790136467,30937.72,0,1,ONLINE,30931.11,0,3918541,5086,276890,0,0,1,1,1,1,1
1790136473,30942.97,0,1,ONLINE,30936.36,0,3919005,5088,277006,0,0,1,1,1,1,1
1790136478,30948.22,0,1,ONLINE,30941.61,0,3919609,5088,277006,0,0,1,1,1,1,1
1790136483,30953.46,0,1,ONLINE,30946.85,0,3920143,5088,277006,0,0,1,1,1,1,1
1790136488,30958.70,0,1,ONLINE,30952.09,0,3920459,5095,277398,0,0,1,1,1,1,1
1790136494,30963.95,0,1,ONLINE,30957.34,0,3920995,5095,277398,0,0,1,1,1,1,1
1790136499,30969.20,0,1,ONLINE,30962.59,0,3921560,5095,277398,0,0,1,1,1,1,1
1790136504,30974.44,0,1,ONLINE,30967.83,0,3922182,5095,277398,0,0,1,1,1,1,1
1790136509,30979.69,0,1,ONLINE,30973.08,0,3922736,5095,277398,0,0,1,1,1,1,1
1790136515,30984.93,0,1,ONLINE,30978.32,0,3922989,5097,277620,0,0,1,1,1,1,1
1790136520,30990.19,0,1,ONLINE,30983.58,0,3923080,5100,278051,0,0,1,1,1,1,1
1790136525,30995.43,0,1,ONLINE,30988.82,0,3923110,5103,278427,0,0,1,1,1,1,1
1790136530,31000.69,0,1,ONLINE,30994.08,0,3923534,5107,278576,0,0,1,1,1,1,1
1790136536,31005.94,0,1,ONLINE,30999.33,0,3924133,5107,278576,0,0,1,1,1,1,1
1790136541,31011.18,0,1,ONLINE,31004.57,0,3924703,5107,278576,0,0,1,1,1,1,1
1790136546,31016.43,0,1,ONLINE,31009.82,0,3924948,5113,278830,0,0,1,1,1,1,1
1790136551,31021.67,0,1,ONLINE,31015.06,0,3925445,5113,278830,0,0,1,1,1,1,1
1790136557,31026.92,0,1,ONLINE,31020.31,0,3925729,5113,278959,0,0,1,1,1,1,1
1790136562,31032.17,0,1,ONLINE,31025.56,0,3926261,5115,279086,0,0,1,1,1,1,1
1790136567,31037.41,0,1,ONLINE,31030.80,0,3926828,5115,279086,0,0,1,1,1,1,1
1790136572,31042.66,0,1,ONLINE,31036.05,0,3926932,5116,279420,0,0,1,1,1,1,1
1790136577,31047.91,0,1,ONLINE,31041.30,0,3927024,5127,279884,0,0,1,1,1,1,1
1790136583,31053.18,0,1,ONLINE,31046.57,0,3927364,5127,279946,0,0,1,1,1,1,1
1790136588,31058.42,0,1,ONLINE,31051.81,0,3927421,5137,280484,0,0,1,1,1,1,1
1790136593,31063.67,0,1,ONLINE,31057.06,0,3928078,5137,280484,0,0,1,1,1,1,1
1790136599,31068.92,0,1,ONLINE,31062.31,0,3928538,5138,280554,0,0,1,1,1,1,1
1790136604,31074.17,0,1,ONLINE,31067.56,0,3928646,5146,280980,0,0,1,1,1,1,1
1790136609,31079.41,0,1,ONLINE,31072.80,0,3928714,5155,281468,0,0,1,1,1,1,1
1790136614,31084.66,0,1,ONLINE,31078.05,0,3929238,5160,281553,0,0,1,1,1,1,1
1790136619,31089.91,0,1,ONLINE,31083.30,0,3929907,5160,281553,0,0,1,1,1,1,1
1790136625,31095.16,0,1,ONLINE,31088.55,0,3930464,5160,281553,0,0,1,1,1,1,1
1790136630,31100.41,0,1,ONLINE,31093.80,0,3930924,5160,281553,0,0,1,1,1,1,1
1790136635,31105.65,0,1,ONLINE,31099.04,0,3931580,5160,281553,0,0,1,1,1,1,1
1790136640,31110.90,0,1,ONLINE,31104.29,0,3932109,5160,281553,0,0,1,1,1,1,1
1790136646,31116.14,0,1,ONLINE,31109.53,0,3932573,5160,281600,0,0,1,1,1,1,1
1790136651,31121.39,0,1,ONLINE,31114.78,0,3933061,5171,281860,0,0,1,1,1,1,1
1790136656,31126.63,0,1,ONLINE,31120.02,0,3933741,5171,281860,0,0,1,1,1,1,1
1790136661,31131.87,0,1,ONLINE,31125.26,0,3934268,5171,281860,0,0,1,1,1,1,1
1790136667,31137.12,0,1,ONLINE,31130.51,0,3934490,5172,282137,0,0,1,1,1,1,1
1790136672,31142.36,0,1,ONLINE,31135.75,0,3935006,5172,282137,0,0,1,1,1,1,1
1790136677,31147.61,0,1,ONLINE,31141.00,0,3935730,5172,282137,0,0,1,1,1,1,1
1790136682,31152.86,0,1,ONLINE,31146.25,0,3936502,5172,282137,0,0,1,1,1,1,1
1790136688,31158.10,0,1,ONLINE,31151.49,0,3937036,5172,282137,0,0,1,1,1,1,1
1790136693,31163.34,0,1,ONLINE,31156.73,0,3937641,5172,282137,0,0,1,1,1,1,1
1790136698,31168.59,0,1,ONLINE,31161.98,0,3938302,5172,282137,0,0,1,1,1,1,1
1790136703,31173.83,0,1,ONLINE,31167.22,0,3938796,5172,282137,0,0,1,1,1,1,1
1790136709,31179.07,0,1,ONLINE,31172.46,0,3939593,5172,282137,0,0,1,1,1,1,1
1790136714,31184.31,0,1,ONLINE,31177.70,0,3940295,5172,282137,0,0,1,1,1,1,1
1790136719,31189.57,0,1,ONLINE,31182.96,0,3940719,5172,282137,0,0,1,1,1,1,1
1790136724,31194.83,0,1,ONLINE,31188.22,0,3941018,5175,282374,0,0,1,1,1,1,1
1790136730,31200.08,0,1,ONLINE,31193.47,0,3941571,5175,282374,0,0,1,1,1,1,1
1790136735,31205.32,0,1,ONLINE,31198.71,0,3942020,5175,282374,0,0,1,1,1,1,1
1790136740,31210.57,0,1,ONLINE,31203.96,0,3942790,5175,282374,0,0,1,1,1,1,1
1790136745,31215.80,0,1,ONLINE,31209.19,0,3943354,5175,282374,0,0,1,1,1,1,1
1790136751,31221.05,0,1,ONLINE,31214.44,0,3943675,5175,282495,0,0,1,1,1,1,1
1790136756,31226.31,0,1,ONLINE,31219.70,0,3943762,5187,282955,0,0,1,1,1,1,1
1790136761,31231.56,0,1,ONLINE,31224.95,0,3944109,5192,283130,0,0,1,1,1,1,1
1790136766,31236.80,0,1,ONLINE,31230.19,0,3944366,5199,283368,0,0,1,1,1,1,1
1790136772,31242.06,0,1,ONLINE,31235.45,0,3944923,5199,283368,0,0,1,1,1,1,1
1790136777,31247.30,0,1,ONLINE,31240.69,0,3945574,5199,283368,0,0,1,1,1,1,1
1790136782,31252.54,0,1,ONLINE,31245.93,0,3946191,5199,283368,0,0,1,1,1,1,1
1790136787,31257.79,0,1,ONLINE,31251.18,0,3946776,5199,283368,0,0,1,1,1,1,1
1790136793,31263.03,0,1,ONLINE,31256.42,0,3947400,5199,283368,0,0,1,1,1,1,1
1790136798,31268.28,0,1,ONLINE,31261.67,0,3947935,5199,283368,0,0,1,1,1,1,1
1790136803,31273.52,0,1,ONLINE,31266.91,0,3948406,5199,283368,0,0,1,1,1,1,1
1790136808,31278.77,0,1,ONLINE,31272.16,0,3948711,5201,283536,0,0,1,1,1,1,1
1790136814,31284.02,0,1,ONLINE,31277.41,0,3948912,5212,283979,0,0,1,1,1,1,1
1790136819,31289.27,0,1,ONLINE,31282.66,0,3949556,5212,283979,0,0,1,1,1,1,1
1790136824,31294.52,0,1,ONLINE,31287.91,0,3950089,5212,283979,0,0,1,1,1,1,1
1790136829,31299.76,0,1,ONLINE,31293.15,0,3950621,5212,283979,0,0,1,1,1,1,1
1790136835,31305.01,0,1,ONLINE,31298.40,0,3951106,5212,283979,0,0,1,1,1,1,1
1790136840,31310.25,0,1,ONLINE,31303.64,0,3951374,5214,284166,0,0,1,1,1,1,1
1790136845,31315.51,0,1,ONLINE,31308.90,0,3951649,5217,284491,0,0,1,1,1,1,1
1790136850,31320.75,0,1,ONLINE,31314.14,0,3952170,5217,284491,0,0,1,1,1,1,1
1790136856,31325.99,0,1,ONLINE,31319.38,0,3952704,5217,284491,0,0,1,1,1,1,1
1790136861,31331.24,0,1,ONLINE,31324.63,0,3953367,5217,284491,0,0,1,1,1,1,1
1790136866,31336.48,0,1,ONLINE,31329.87,0,3953610,5223,284770,0,0,1,1,1,1,1
1790136871,31341.72,0,1,ONLINE,31335.11,0,3953997,5223,284795,0,0,1,1,1,1,1
1790136877,31346.96,0,1,ONLINE,31340.35,0,3954290,5228,285074,0,0,1,1,1,1,1
1790136882,31352.21,0,1,ONLINE,31345.60,0,3954881,5228,285074,0,0,1,1,1,1,1
1790136887,31357.47,0,1,ONLINE,31350.86,0,3955137,5234,285283,0,0,1,1,1,1,1
1790136892,31362.72,0,1,ONLINE,31356.11,0,3955707,5235,285344,0,0,1,1,1,1,1
1790136898,31367.96,0,1,ONLINE,31361.35,0,3956501,5235,285344,0,0,1,1,1,1,1
1790136903,31373.21,0,1,ONLINE,31366.60,0,3956941,5235,285344,0,0,1,1,1,1,1
1790136908,31378.46,0,1,ONLINE,31371.85,0,3957359,5240,285586,0,0,1,1,1,1,1
1790136913,31383.71,0,1,ONLINE,31377.10,0,3957830,5240,285586,0,0,1,1,1,1,1
1790136919,31388.96,0,1,ONLINE,31382.35,0,3958001,5244,285899,0,0,1,1,1,1,1
1790136924,31394.20,0,1,ONLINE,31387.59,0,3958526,5244,285899,0,0,1,1,1,1,1
1790136929,31399.45,0,1,ONLINE,31392.84,0,3958977,5246,285927,0,0,1,1,1,1,1
1790136934,31404.70,0,1,ONLINE,31398.09,0,3959066,5255,286385,0,0,1,1,1,1,1
1790136940,31409.94,0,1,ONLINE,31403.33,0,3959800,5255,286395,0,0,1,1,1,1,1
1790136945,31415.18,0,1,ONLINE,31408.57,0,3960206,5255,286395,0,0,1,1,1,1,1
1790136950,31420.42,0,1,ONLINE,31413.81,0,3960508,5257,286683,0,0,1,1,1,1,1
1790136955,31425.67,0,1,ONLINE,31419.06,0,3961188,5257,286683,0,0,1,1,1,1,1
1790136960,31430.91,0,1,ONLINE,31424.30,0,3961594,5257,286683,0,0,1,1,1,1,1
1790136966,31436.15,0,1,ONLINE,31429.54,0,3961834,5260,286975,0,0,1,1,1,1,1
1790136971,31441.41,0,1,ONLINE,31434.80,0,3962359,5260,286975,0,0,1,1,1,1,1
1790136976,31446.65,0,1,ONLINE,31440.04,0,3962761,5260,287019,0,0,1,1,1,1,1
1790136981,31451.90,0,1,ONLINE,31445.29,0,3963091,5262,287312,0,0,1,1,1,1,1
1790136987,31457.15,0,1,ONLINE,31450.54,0,3963743,5262,287312,0,0,1,1,1,1,1
1790136992,31462.39,0,1,ONLINE,31455.78,0,3964314,5262,287312,0,0,1,1,1,1,1
1790136997,31467.64,0,1,ONLINE,31461.03,0,3964897,5262,287312,0,0,1,1,1,1,1
1790137002,31472.88,0,1,ONLINE,31466.27,0,3965465,5262,287312,0,0,1,1,1,1,1
1790137008,31478.12,0,1,ONLINE,31471.51,0,3965789,5267,287723,0,0,1,1,1,1,1
1790137013,31483.37,0,1,ONLINE,31476.76,0,3966297,5267,287723,0,0,1,1,1,1,1
1790137018,31488.63,0,1,ONLINE,31482.02,0,3967035,5267,287723,0,0,1,1,1,1,1
1790137023,31493.87,0,1,ONLINE,31487.26,0,3967534,5267,287723,0,0,1,1,1,1,1
1790137029,31499.12,0,1,ONLINE,31492.51,0,3968156,5267,287723,0,0,1,1,1,1,1
1790137034,31504.36,0,1,ONLINE,31497.75,0,3968623,5267,287723,0,0,1,1,1,1,1
1790137039,31509.60,0,1,ONLINE,31502.99,0,3968954,5270,287945,0,0,1,1,1,1,1
1790137044,31514.85,0,1,ONLINE,31508.24,0,3969602,5270,287962,0,0,1,1,1,1,1
1790137050,31520.10,0,1,ONLINE,31513.49,0,3970241,5270,287962,0,0,1,1,1,1,1
1790137055,31525.35,1,1,OFFLINE,31518.74,0,3973425,5270,287962,0,0,1,1,1,1,1
