90 114 0 0 0 0 0 1 89469 57 57 57 57 16|584.08 5599 584.09
91 114 1 1 0 0 0 0 89471 57 57 57 57 16|584.72 0 584.73
91 114 1 1 0 0 0 0 89472 57 57 57 57 16|584.81 0 584.81
91 115 1 1 0 0 0 0 89472 58 57 58 57 16|584.84 0 584.85
91 115 1 1 0 0 0 0 89473 58 57 58 57 16|584.86 0 584.87
91 115 1 1 0 0 0 0 89474 58 57 58 57 16|585.35 0 585.36
91 115 1 1 0 0 0 0 89475 58 57 58 57 16|585.45 0 585.47
92 116 0 0 0 0 0 1 89475 58 58 58 58 16|586.72 15 586.73
93 117 1 1 0 0 0 0 89475 59 58 59 58 16|587.37 0 587.38
93 117 1 1 0 0 0 0 89476 59 58 59 58 16|587.45 0 587.46
93 117 1 1 0 0 0 0 89477 59 58 59 58 16|587.56 0 587.57
93 117 1 1 0 0 0 0 89478 59 58 59 58 16|587.58 0 587.59
93 117 1 1 0 0 0 0 89479 59 58 59 58 16|587.62 0 587.63
93 117 1 1 0 0 0 0 89481 59 58 59 58 16|587.64 0 587.65
93 117 1 1 0 0 0 0 89482 59 58 59 58 16|587.70 0 587.71
93 117 1 1 0 0 0 0 89487 59 58 59 58 16|587.76 0 587.77
93 117 1 1 0 0 0 0 89488 59 58 59 58 16|587.97 0 587.98
93 117 1 1 0 0 0 0 89493 59 58 59 58 16|588.54 0 588.55
93 117 1 1 0 0 0 0 89494 59 58 59 58 16|588.79 0 588.80
93 117 1 1 0 0 0 0 89499 59 58 59 58 16|589.80 0 589.81
93 117 1 1 0 0 0 0 89508 59 58 59 58 16|589.97 0 589.98
93 117 1 1 0 0 0 0 89511 59 58 59 58 16|590.04 0 590.05
93 117 1 1 0 0 0 0 89521 59 58 59 58 16|590.06 0 590.06
93 117 1 1 0 0 0 0 89522 59 58 59 58 16|590.08 0 590.09
93 117 1 1 0 0 0 0 89525 59 58 59 58 16|590.10 0 590.11
93 117 1 1 0 0 0 0 89526 59 58 59 58 16|590.12 0 590.13
93 117 1 1 0 0 0 0 89528 59 58 59 58 16|590.14 0 590.15
93 117 1 1 0 0 0 0 89529 59 58 59 58 16|590.18 0 590.19
93 117 1 1 0 0 0 0 89530 59 58 59 58 16|590.20 0 590.21
93 117 1 1 0 0 0 0 89531 59 58 59 58 16|590.22 0 590.23
93 117 1 1 0 0 0 0 89532 59 58 59 58 16|590.26 0 590.27
93 117 1 1 0 0 0 0 89539 59 58 59 58 16|590.29 0 590.29
93 117 1 1 0 0 0 0 89542 59 58 59 58 16|590.32 0 590.32
93 117 1 1 0 0 0 0 89543 59 58 59 58 16|590.34 0 590.35
93 117 1 1 0 0 0 0 89548 59 58 59 58 16|590.38 0 590.39
93 117 1 1 0 0 0 0 89551 59 58 59 58 16|590.46 0 590.47
93 117 1 1 0 0 0 0 89552 59 58 59 58 16|590.50 0 590.51
93 117 1 1 0 0 0 0 89556 59 58 59 58 16|590.52 0 590.53
93 117 1 1 0 0 0 0 89561 59 58 59 58 16|590.56 0 590.57
93 117 1 1 0 0 0 0 89578 59 58 59 58 16|590.59 0 590.59
93 117 1 1 0 0 0 0 89579 59 58 59 58 16|590.68 0 590.69
93 117 1 1 0 0 0 0 89581 59 58 59 58 16|591.43 0 591.43
93 117 1 1 0 0 0 0 89582 59 58 59 58 16|591.65 0 591.66
93 117 1 1 0 0 0 0 89583 59 58 59 58 16|592.09 0 592.09
93 117 1 1 0 0 0 0 89584 59 58 59 58 16|592.11 0 592.13
93 117 1 1 0 0 0 0 89586 59 58 59 58 16|592.64 0 592.65
93 117 1 1 0 0 0 0 89587 59 58 59 58 16|592.86 0 592.88
93 117 1 1 0 0 0 0 89590 59 58 59 58 16|592.91 0 592.92
93 117 1 1 0 0 0 0 89591 59 58 59 58 16|593.19 0 593.20
93 117 1 1 0 0 0 0 89592 59 58 59 58 16|593.29 0 593.30
93 117 1 1 0 0 0 0 89595 59 58 59 58 16|593.35 0 593.36
93 117 1 1 0 0 0 0 89596 59 58 59 58 16|593.42 0 593.42
93 117 1 1 0 0 0 0 89597 59 58 59 58 16|593.45 0 593.46
93 117 1 1 0 0 0 0 89599 59 58 59 58 16|593.53 0 593.54
93 117 1 1 0 0 0 0 89600 59 58 59 58 16|593.59 0 593.60
93 117 1 1 0 0 0 0 89604 59 58 59 58 16|593.68 0 593.70
93 117 1 1 0 0 0 0 89606 59 58 59 58 16|593.80 0 593.82
93 117 1 1 0 0 0 0 89607 59 58 59 58 16|593.83 0 593.84
93 117 1 1 0 0 0 0 89608 59 58 59 58 16|593.98 0 593.99
93 117 1 1 0 0 0 0 89609 59 58 59 58 16|594.58 0 594.59
93 118 1 1 0 0 0 0 89609 59 59 59 59 16|595.74 0 595.76
93 118 1 1 0 0 0 0 89610 59 59 59 59 16|595.99 0 596.00
93 119 1 1 0 0 0 0 89610 60 59 60 59 16|596.13 0 596.14
93 119 1 1 0 0 0 0 89611 60 59 60 59 16|596.15 0 596.16
93 119 1 1 0 0 0 0 89612 60 59 60 59 16|596.86 0 596.87
93 119 1 1 0 0 0 0 89613 60 59 60 59 16|597.51 0 597.51
93 120 1 1 0 0 0 0 89613 60 60 60 60 16|599.37 0 599.38
94 120 0 0 0 0 0 1 89613 60 60 60 60 16|599.46 18 599.46
95 121 1 1 0 0 0 0 89613 61 60 61 60 16|602.82 0 602.82
95 121 1 1 0 0 0 0 89614 61 60 61 60 16|602.87 0 602.88
95 121 1 1 0 0 0 0 89615 61 60 61 60 16|602.93 0 602.94
95 121 1 1 0 0 0 0 89616 61 60 61 60 16|602.95 0 602.96
95 121 1 1 0 0 0 0 89617 61 60 61 60 16|603.05 0 603.06
95 121 1 1 0 0 0 0 89618 61 60 61 60 16|603.11 0 603.12
95 122 1 1 0 0 0 0 89618 61 61 61 61 16|604.35 0 604.36
96 122 0 0 0 0 0 1 89618 61 61 61 61 16|604.86 15 604.86
97 122 1 1 0 0 0 0 89624 61 61 61 61 16|615.06 0 615.07
97 123 1 1 0 0 0 0 89624 62 61 62 61 16|615.16 0 615.17
97 123 1 1 0 0 0 0 89625 62 61 62 61 16|616.34 0 616.35
97 123 1 1 0 0 0 0 89626 62 61 62 61 16|617.02 0 617.03
97 123 1 1 0 0 0 0 89627 62 61 62 61 16|617.17 0 617.17
97 123 1 1 0 0 0 0 89628 62 61 62 61 16|617.67 0 617.68
97 124 1 1 0 0 0 0 89628 62 62 62 62 16|619.00 0 619.01
98 124 0 0 0 0 0 1 89628 62 62 62 62 16|619.06 10 619.07
99 124 1 1 0 0 0 0 89630 62 62 62 62 16|621.92 0 621.93
99 125 1 1 0 0 0 0 89630 63 62 63 62 16|622.02 0 622.03
99 125 1 1 0 0 0 0 89631 63 62 63 62 16|622.08 0 622.09
99 125 1 1 0 0 0 0 89632 63 62 63 62 16|622.13 0 622.14
99 125 1 1 0 0 0 0 89635 63 62 63 62 16|622.81 0 622.82
99 125 1 1 0 0 0 0 89636 63 62 63 62 16|622.99 0 623.00
99 125 1 1 0 0 0 0 89637 63 62 63 62 16|623.01 0 623.02
99 126 1 1 0 0 0 0 89637 63 63 63 63 16|624.26 0 624.28
100 126 0 0 0 0 0 1 89637 63 63 63 63 16|624.93 9 624.93
101 127 1 1 0 0 0 0 89637 64 63 64 63 16|628.63 0 628.64
101 127 1 1 0 0 0 0 89638 64 63 64 63 16|628.69 0 628.69
101 128 1 1 0 0 0 0 89638 64 64 64 64 16|629.89 0 629.89
102 128 0 0 0 0 0 1 89638 64 64 64 64 16|630.69 9 630.70
103 129 1 1 0 0 0 0 89638 65 64 65 64 16|631.76 0 631.77
103 129 1 1 0 0 0 0 89644 65 64 65 64 16|631.81 0 631.82
103 129 1 1 0 0 0 0 89646 65 64 65 64 16|631.83 0 631.84
103 129 1 1 0 0 0 0 89648 65 64 65 64 16|632.01 0 632.03
103 129 1 1 0 0 0 0 89652 65 64 65 64 16|632.05 0 632.06
103 129 1 1 0 0 0 0 89660 65 64 65 64 16|632.08 0 632.08
103 129 1 1 0 0 0 0 89663 65 64 65 64 16|632.10 0 632.11
103 129 1 1 0 0 0 0 89665 65 64 65 64 16|632.16 0 632.17
103 129 1 1 0 0 0 0 89671 65 64 65 64 16|632.23 0 632.24
103 129 1 1 0 0 0 0 89672 65 64 65 64 16|632.30 0 632.31
103 129 1 1 0 0 0 0 89674 65 64 65 64 16|632.39 0 632.39
103 129 1 1 0 0 0 0 89678 65 64 65 64 16|632.51 0 632.52
103 129 1 1 0 0 0 0 89680 65 64 65 64 16|632.53 0 632.54
103 129 1 1 0 0 0 0 89681 65 64 65 64 16|632.57 0 632.58
103 129 1 1 0 0 0 0 89685 65 64 65 64 16|632.72 0 632.74
104 130 0 0 0 0 0 1 89685 65 65 65 65 16|633.97 4 633.98
105 131 1 1 0 0 0 0 89685 66 65 66 65 16|640.70 0 640.71
105 131 1 1 0 0 0 0 89686 66 65 66 65 16|640.76 0 640.77
105 131 1 1 0 0 0 0 89687 66 65 66 65 16|642.00 0 642.01
105 131 1 1 0 0 0 0 89688 66 65 66 65 16|642.84 0 642.84
105 132 1 1 0 0 0 0 89688 66 66 66 66 16|644.08 0 644.09
106 132 0 0 0 0 0 1 89688 66 66 66 66 16|644.75 3 644.76
107 133 1 1 0 0 0 0 89688 67 66 67 66 16|652.07 0 652.08
107 133 1 1 0 0 0 0 89689 67 66 67 66 16|652.17 0 652.18
107 133 1 1 0 0 0 0 89694 67 66 67 66 16|652.47 0 652.49
107 133 1 1 0 0 0 0 89695 67 66 67 66 16|652.62 0 652.62
107 133 1 1 0 0 0 0 89696 67 66 67 66 16|653.02 0 653.03
107 133 1 1 0 0 0 0 89697 67 66 67 66 16|654.00 0 654.01
107 133 1 1 0 0 0 0 89700 67 66 67 66 16|654.06 0 654.08
107 133 1 1 0 0 0 0 89702 67 66 67 66 16|654.09 0 654.10
107 133 1 1 0 0 0 0 89704 67 66 67 66 16|654.11 0 654.12
107 133 1 1 0 0 0 0 89710 67 66 67 66 16|654.13 0 654.14
107 133 1 1 0 0 0 0 89716 67 66 67 66 16|654.16 0 654.17
107 133 1 1 0 0 0 0 89724 67 66 67 66 16|654.19 0 654.21
107 133 1 1 0 0 0 0 89725 67 66 67 66 16|654.22 0 654.23
107 133 1 1 0 0 0 0 89728 67 66 67 66 16|654.24 0 654.25
107 133 1 1 0 0 0 0 89729 67 66 67 66 16|654.26 0 654.27
107 133 1 1 0 0 0 0 89747 67 66 67 66 16|654.28 0 654.29
107 133 1 1 0 0 0 0 89754 67 66 67 66 16|654.32 0 654.33
107 133 1 1 0 0 0 0 89781 67 66 67 66 16|654.35 0 654.36
107 133 1 1 0 0 0 0 89823 67 66 67 66 16|654.39 0 654.40
107 133 1 1 0 0 0 0 89858 67 66 67 66 16|654.41 0 654.42
107 133 1 1 0 0 0 0 89864 67 66 67 66 16|654.45 0 654.46
107 133 1 1 0 0 0 0 89886 67 66 67 66 16|654.47 0 654.48
107 133 1 1 0 0 0 0 89897 67 66 67 66 16|654.49 0 654.50
107 133 1 1 0 0 0 0 89903 67 66 67 66 16|654.51 0 654.52
107 133 1 1 0 0 0 0 89934 67 66 67 66 16|654.55 0 654.56
107 133 1 1 0 0 0 0 89950 67 66 67 66 16|654.57 0 654.58
107 133 1 1 0 0 0 0 89980 67 66 67 66 16|654.59 0 654.60
107 133 1 1 0 0 0 0 90014 67 66 67 66 16|654.63 0 654.65
107 133 1 1 0 0 0 0 90046 67 66 67 66 16|654.66 0 654.67
107 133 1 1 0 0 0 0 90049 67 66 67 66 16|654.68 0 654.69
107 133 1 1 0 0 0 0 90071 67 66 67 66 16|654.71 0 654.71
107 133 1 1 0 0 0 0 90091 67 66 67 66 16|654.73 0 654.73
107 133 1 1 0 0 0 0 90114 67 66 67 66 16|654.76 0 654.78
107 133 1 1 0 0 0 0 90124 67 66 67 66 16|654.79 0 654.80
107 133 1 1 0 0 0 0 90147 67 66 67 66 16|654.81 0 654.82
107 133 1 1 0 0 0 0 90167 67 66 67 66 16|654.83 0 654.84
107 133 1 1 0 0 0 0 90185 67 66 67 66 16|654.85 0 654.86
107 133 1 1 0 0 0 0 90199 67 66 67 66 16|654.87 0 654.88
107 133 1 1 0 0 0 0 90223 67 66 67 66 16|654.89 0 654.90
107 133 1 1 0 0 0 0 90228 67 66 67 66 16|654.91 0 654.92
107 133 1 1 0 0 0 0 90244 67 66 67 66 16|654.93 0 654.94
107 133 1 1 0 0 0 0 90256 67 66 67 66 16|654.95 0 654.96
107 133 1 1 0 0 0 0 90275 67 66 67 66 16|654.97 0 654.98
107 133 1 1 0 0 0 0 90293 67 66 67 66 16|654.99 0 655.00
107 133 1 1 0 0 0 0 90309 67 66 67 66 16|655.02 0 655.02
107 133 1 1 0 0 0 0 90329 67 66 67 66 16|655.04 0 655.05
107 133 1 1 0 0 0 0 90343 67 66 67 66 16|655.06 0 655.07
107 133 1 1 0 0 0 0 90362 67 66 67 66 16|655.08 0 655.09
107 133 1 1 0 0 0 0 90378 67 66 67 66 16|655.11 0 655.12
107 133 1 1 0 0 0 0 90395 67 66 67 66 16|655.14 0 655.15
107 133 1 1 0 0 0 0 90408 67 66 67 66 16|655.16 0 655.17
107 133 1 1 0 0 0 0 90411 67 66 67 66 16|655.20 0 655.21
107 133 1 1 0 0 0 0 90427 67 66 67 66 16|655.25 0 655.26
107 133 1 1 0 0 0 0 90436 67 66 67 66 16|655.27 0 655.28
107 133 1 1 0 0 0 0 90448 67 66 67 66 16|655.29 0 655.30
107 133 1 1 0 0 0 0 90458 67 66 67 66 16|655.31 0 655.32
107 133 1 1 0 0 0 0 90469 67 66 67 66 16|655.33 0 655.34
107 133 1 1 0 0 0 0 90482 67 66 67 66 16|655.35 0 655.36
107 133 1 1 0 0 0 0 90500 67 66 67 66 16|655.37 0 655.38
107 133 1 1 0 0 0 0 90501 67 66 67 66 16|655.39 0 655.40
107 133 1 1 0 0 0 0 90508 67 66 67 66 16|655.42 0 655.42
107 133 1 1 0 0 0 0 90520 67 66 67 66 16|655.44 0 655.46
107 133 1 1 0 0 0 0 90530 67 66 67 66 16|655.47 0 655.48
107 133 1 1 0 0 0 0 90548 67 66 67 66 16|655.51 0 655.52
107 133 1 1 0 0 0 0 90559 67 66 67 66 16|655.54 0 655.54
107 133 1 1 0 0 0 0 90579 67 66 67 66 16|655.58 0 655.59
107 133 1 1 0 0 0 0 90600 67 66 67 66 16|655.61 0 655.62
107 133 1 1 0 0 0 0 90611 67 66 67 66 16|655.63 0 655.64
107 133 1 1 0 0 0 0 90622 67 66 67 66 16|655.65 0 655.66
107 133 1 1 0 0 0 0 90638 67 66 67 66 16|655.68 0 655.69
107 133 1 1 0 0 0 0 90651 67 66 67 66 16|655.71 0 655.72
107 133 1 1 0 0 0 0 90675 67 66 67 66 16|655.73 0 655.74
107 133 1 1 0 0 0 0 90692 67 66 67 66 16|655.75 0 655.76
107 133 1 1 0 0 0 0 90704 67 66 67 66 16|655.78 0 655.78
107 133 1 1 0 0 0 0 90709 67 66 67 66 16|655.80 0 655.81
107 133 1 1 0 0 0 0 90714 67 66 67 66 16|655.82 0 655.83
107 133 1 1 0 0 0 0 90732 67 66 67 66 16|655.86 0 655.87
107 133 1 1 0 0 0 0 90746 67 66 67 66 16|655.89 0 655.90
107 133 1 1 0 0 0 0 90752 67 66 67 66 16|655.91 0 655.92
107 133 1 1 0 0 0 0 90760 67 66 67 66 16|655.93 0 655.94
107 133 1 1 0 0 0 0 90769 67 66 67 66 16|655.95 0 655.96
107 133 1 1 0 0 0 0 90775 67 66 67 66 16|655.97 0 655.98
107 133 1 1 0 0 0 0 90787 67 66 67 66 16|656.00 0 656.00
107 133 1 1 0 0 0 0 90791 67 66 67 66 16|656.02 0 656.02
107 133 1 1 0 0 0 0 90799 67 66 67 66 16|656.04 0 656.05
107 133 1 1 0 0 0 0 90807 67 66 67 66 16|656.06 0 656.07
107 133 1 1 0 0 0 0 90817 67 66 67 66 16|656.08 0 656.09
107 133 1 1 0 0 0 0 90821 67 66 67 66 16|656.10 0 656.11
107 133 1 1 0 0 0 0 90835 67 66 67 66 16|656.12 0 656.13
107 133 1 1 0 0 0 0 90842 67 66 67 66 16|656.14 0 656.15
107 133 1 1 0 0 0 0 90857 67 66 67 66 16|656.16 0 656.17
107 133 1 1 0 0 0 0 90874 67 66 67 66 16|656.18 0 656.19
107 133 1 1 0 0 0 0 90897 67 66 67 66 16|656.21 0 656.21
107 133 1 1 0 0 0 0 90899 67 66 67 66 16|656.23 0 656.24
107 133 1 1 0 0 0 0 90908 67 66 67 66 16|656.25 0 656.26
107 133 1 1 0 0 0 0 90922 67 66 67 66 16|656.27 0 656.28
107 133 1 1 0 0 0 0 90943 67 66 67 66 16|656.29 0 656.30
107 133 1 1 0 0 0 0 90957 67 66 67 66 16|656.31 0 656.32
107 133 1 1 0 0 0 0 90980 67 66 67 66 16|656.34 0 656.35
107 133 1 1 0 0 0 0 91010 67 66 67 66 16|656.38 0 656.40
107 133 1 1 0 0 0 0 91046 67 66 67 66 16|656.42 0 656.43
107 133 1 1 0 0 0 0 91075 67 66 67 66 16|656.44 0 656.45
107 133 1 1 0 0 0 0 91103 67 66 67 66 16|656.47 0 656.48
107 133 1 1 0 0 0 0 91131 67 66 67 66 16|656.49 0 656.50
107 133 1 1 0 0 0 0 91144 67 66 67 66 16|656.51 0 656.52
107 133 1 1 0 0 0 0 91159 67 66 67 66 16|656.53 0 656.54
107 133 1 1 0 0 0 0 91169 67 66 67 66 16|656.55 0 656.56
107 133 1 1 0 0 0 0 91181 67 66 67 66 16|656.57 0 656.58
107 133 1 1 0 0 0 0 91195 67 66 67 66 16|656.61 0 656.62
107 133 1 1 0 0 0 0 91221 67 66 67 66 16|656.65 0 656.67
107 133 1 1 0 0 0 0 91239 67 66 67 66 16|656.68 0 656.69
107 133 1 1 0 0 0 0 91249 67 66 67 66 16|656.70 0 656.71
107 133 1 1 0 0 0 0 91250 67 66 67 66 16|656.72 0 656.73
107 133 1 1 0 0 0 0 91251 67 66 67 66 16|656.74 0 656.75
107 133 1 1 0 0 0 0 91267 67 66 67 66 16|656.76 0 656.77
107 133 1 1 0 0 0 0 91273 67 66 67 66 16|656.78 0 656.79
107 133 1 1 0 0 0 0 91287 67 66 67 66 16|656.80 0 656.81
107 133 1 1 0 0 0 0 91299 67 66 67 66 16|656.82 0 656.83
107 133 1 1 0 0 0 0 91315 67 66 67 66 16|656.85 0 656.86
107 133 1 1 0 0 0 0 91333 67 66 67 66 16|656.87 0 656.88
107 133 1 1 0 0 0 0 91356 67 66 67 66 16|656.89 0 656.90
107 133 1 1 0 0 0 0 91390 67 66 67 66 16|656.92 0 656.93
107 133 1 1 0 0 0 0 91402 67 66 67 66 16|656.94 0 656.95
107 133 1 1 0 0 0 0 91406 67 66 67 66 16|656.96 0 656.97
107 133 1 1 0 0 0 0 91414 67 66 67 66 16|656.98 0 656.99
107 133 1 1 0 0 0 0 91441 67 66 67 66 16|657.00 0 657.01
107 133 1 1 0 0 0 0 91446 67 66 67 66 16|657.02 0 657.03
107 133 1 1 0 0 0 0 91450 67 66 67 66 16|657.05 0 657.05
107 133 1 1 0 0 0 0 91458 67 66 67 66 16|657.07 0 657.07
107 133 1 1 0 0 0 0 91471 67 66 67 66 16|657.09 0 657.09
107 133 1 1 0 0 0 0 91479 67 66 67 66 16|657.11 0 657.12
107 133 1 1 0 0 0 0 91493 67 66 67 66 16|657.14 0 657.15
107 133 1 1 0 0 0 0 91516 67 66 67 66 16|657.17 0 657.18
107 133 1 1 0 0 0 0 91522 67 66 67 66 16|657.20 0 657.20
107 133 1 1 0 0 0 0 91533 67 66 67 66 16|657.22 0 657.23
107 133 1 1 0 0 0 0 91557 67 66 67 66 16|657.24 0 657.25
107 133 1 1 0 0 0 0 91565 67 66 67 66 16|657.27 0 657.28
107 133 1 1 0 0 0 0 91573 67 66 67 66 16|657.29 0 657.30
107 133 1 1 0 0 0 0 91593 67 66 67 66 16|657.33 0 657.35
107 133 1 1 0 0 0 0 91607 67 66 67 66 16|657.36 0 657.37
107 133 1 1 0 0 0 0 91617 67 66 67 66 16|657.38 0 657.39
107 133 1 1 0 0 0 0 91625 67 66 67 66 16|657.40 0 657.41
107 133 1 1 0 0 0 0 91632 67 66 67 66 16|657.42 0 657.43
107 133 1 1 0 0 0 0 91657 67 66 67 66 16|657.47 0 657.48
107 133 1 1 0 0 0 0 91666 67 66 67 66 16|657.50 0 657.51
107 133 1 1 0 0 0 0 91682 67 66 67 66 16|657.53 0 657.54
107 133 1 1 0 0 0 0 91699 67 66 67 66 16|657.56 0 657.56
107 133 1 1 0 0 0 0 91703 67 66 67 66 16|657.58 0 657.59
107 133 1 1 0 0 0 0 91722 67 66 67 66 16|657.60 0 657.61
107 133 1 1 0 0 0 0 91726 67 66 67 66 16|657.62 0 657.63
107 133 1 1 0 0 0 0 91740 67 66 67 66 16|657.64 0 657.65
107 133 1 1 0 0 0 0 91752 67 66 67 66 16|657.66 0 657.67
107 133 1 1 0 0 0 0 91767 67 66 67 66 16|657.68 0 657.69
107 133 1 1 0 0 0 0 91780 67 66 67 66 16|657.71 0 657.71
107 133 1 1 0 0 0 0 91788 67 66 67 66 16|657.73 0 657.73
107 133 1 1 0 0 0 0 91792 67 66 67 66 16|657.75 0 657.76
107 133 1 1 0 0 0 0 91811 67 66 67 66 16|657.78 0 657.79
107 133 1 1 0 0 0 0 91827 67 66 67 66 16|657.80 0 657.81
107 133 1 1 0 0 0 0 91828 67 66 67 66 16|657.82 0 657.83
107 133 1 1 0 0 0 0 91845 67 66 67 66 16|657.84 0 657.85
107 133 1 1 0 0 0 0 91873 67 66 67 66 16|657.88 0 657.89
107 133 1 1 0 0 0 0 91882 67 66 67 66 16|657.91 0 657.91
107 133 1 1 0 0 0 0 91898 67 66 67 66 16|657.93 0 657.93
107 133 1 1 0 0 0 0 91902 67 66 67 66 16|657.95 0 657.95
107 133 1 1 0 0 0 0 91922 67 66 67 66 16|657.97 0 657.98
107 133 1 1 0 0 0 0 91925 67 66 67 66 16|657.99 0 658.00
107 133 1 1 0 0 0 0 91958 67 66 67 66 16|658.03 0 658.04
107 133 1 1 0 0 0 0 91972 67 66 67 66 16|658.07 0 658.07
107 133 1 1 0 0 0 0 91994 67 66 67 66 16|658.09 0 658.09
107 133 1 1 0 0 0 0 91996 67 66 67 66 16|658.11 0 658.12
107 133 1 1 0 0 0 0 92014 67 66 67 66 16|658.13 0 658.14
107 133 1 1 0 0 0 0 92026 67 66 67 66 16|658.15 0 658.16
107 133 1 1 0 0 0 0 92033 67 66 67 66 16|658.17 0 658.18
107 133 1 1 0 0 0 0 92038 67 66 67 66 16|658.19 0 658.20
107 133 1 1 0 0 0 0 92058 67 66 67 66 16|658.21 0 658.22
107 133 1 1 0 0 0 0 92078 67 66 67 66 16|658.23 0 658.24
107 133 1 1 0 0 0 0 92086 67 66 67 66 16|658.25 0 658.26
107 133 1 1 0 0 0 0 92105 67 66 67 66 16|658.28 0 658.29
107 133 1 1 0 0 0 0 92113 67 66 67 66 16|658.30 0 658.31
107 133 1 1 0 0 0 0 92127 67 66 67 66 16|658.32 0 658.33
107 133 1 1 0 0 0 0 92139 67 66 67 66 16|658.34 0 658.35
107 133 1 1 0 0 0 0 92155 67 66 67 66 16|658.37 0 658.38
107 133 1 1 0 0 0 0 92184 67 66 67 66 16|658.40 0 658.41
107 133 1 1 0 0 0 0 92197 67 66 67 66 16|658.42 0 658.43
107 133 1 1 0 0 0 0 92214 67 66 67 66 16|658.44 0 658.45
107 133 1 1 0 0 0 0 92224 67 66 67 66 16|658.47 0 658.47
107 133 1 1 0 0 0 0 92243 67 66 67 66 16|658.49 0 658.49
107 133 1 1 0 0 0 0 92270 67 66 67 66 16|658.53 0 658.55
107 133 1 1 0 0 0 0 92283 67 66 67 66 16|658.56 0 658.57
107 133 1 1 0 0 0 0 92295 67 66 67 66 16|658.58 0 658.59
107 133 1 1 0 0 0 0 92307 67 66 67 66 16|658.60 0 658.61
107 133 1 1 0 0 0 0 92320 67 66 67 66 16|658.62 0 658.63
107 133 1 1 0 0 0 0 92343 67 66 67 66 16|658.64 0 658.65
107 133 1 1 0 0 0 0 92366 67 66 67 66 16|658.67 0 658.68
107 133 1 1 0 0 0 0 92375 67 66 67 66 16|658.69 0 658.70
107 133 1 1 0 0 0 0 92385 67 66 67 66 16|658.71 0 658.72
107 133 1 1 0 0 0 0 92388 67 66 67 66 16|658.73 0 658.74
107 133 1 1 0 0 0 0 92395 67 66 67 66 16|658.76 0 658.76
107 133 1 1 0 0 0 0 92408 67 66 67 66 16|658.80 0 658.80
107 133 1 1 0 0 0 0 92413 67 66 67 66 16|658.82 0 658.82
107 133 1 1 0 0 0 0 92421 67 66 67 66 16|658.84 0 658.85
107 133 1 1 0 0 0 0 92426 67 66 67 66 16|658.86 0 658.87
107 133 1 1 0 0 0 0 92433 67 66 67 66 16|658.88 0 658.89
107 133 1 1 0 0 0 0 92436 67 66 67 66 16|658.90 0 658.91
107 133 1 1 0 0 0 0 92445 67 66 67 66 16|658.92 0 658.93
107 133 1 1 0 0 0 0 92447 67 66 67 66 16|658.94 0 658.95
107 133 1 1 0 0 0 0 92460 67 66 67 66 16|658.96 0 658.97
107 133 1 1 0 0 0 0 92463 67 66 67 66 16|658.98 0 658.98
107 133 1 1 0 0 0 0 92472 67 66 67 66 16|658.99 0 659.00
107 133 1 1 0 0 0 0 92476 67 66 67 66 16|659.01 0 659.02
107 133 1 1 0 0 0 0 92492 67 66 67 66 16|659.03 0 659.04
107 133 1 1 0 0 0 0 92498 67 66 67 66 16|659.05 0 659.06
107 133 1 1 0 0 0 0 92509 67 66 67 66 16|659.07 0 659.08
107 133 1 1 0 0 0 0 92520 67 66 67 66 16|659.10 0 659.10
107 133 1 1 0 0 0 0 92549 67 66 67 66 16|659.12 0 659.13
107 133 1 1 0 0 0 0 92567 67 66 67 66 16|659.17 0 659.17
107 133 1 1 0 0 0 0 92585 67 66 67 66 16|659.18 0 659.19
107 133 1 1 0 0 0 0 92593 67 66 67 66 16|659.22 0 659.23
107 133 1 1 0 0 0 0 92610 67 66 67 66 16|659.24 0 659.25
107 133 1 1 0 0 0 0 92617 67 66 67 66 16|659.26 0 659.27
107 133 1 1 0 0 0 0 92638 67 66 67 66 16|659.28 0 659.29
107 133 1 1 0 0 0 0 92641 67 66 67 66 16|659.30 0 659.31
107 133 1 1 0 0 0 0 92661 67 66 67 66 16|659.32 0 659.33
107 133 1 1 0 0 0 0 92671 67 66 67 66 16|659.34 0 659.35
107 133 1 1 0 0 0 0 92687 67 66 67 66 16|659.36 0 659.37
107 133 1 1 0 0 0 0 92702 67 66 67 66 16|659.38 0 659.39
107 133 1 1 0 0 0 0 92727 67 66 67 66 16|659.40 0 659.41
107 133 1 1 0 0 0 0 92737 67 66 67 66 16|659.42 0 659.43
107 133 1 1 0 0 0 0 92760 67 66 67 66 16|659.44 0 659.45
107 133 1 1 0 0 0 0 92766 67 66 67 66 16|659.46 0 659.47
107 133 1 1 0 0 0 0 92768 67 66 67 66 16|659.51 0 659.51
107 133 1 1 0 0 0 0 92778 67 66 67 66 16|659.53 0 659.53
107 133 1 1 0 0 0 0 92794 67 66 67 66 16|659.56 0 659.57
107 133 1 1 0 0 0 0 92818 67 66 67 66 16|659.59 0 659.61
107 133 1 1 0 0 0 0 92833 67 66 67 66 16|659.63 0 659.64
107 133 1 1 0 0 0 0 92842 67 66 67 66 16|659.66 0 659.66
107 133 1 1 0 0 0 0 92858 67 66 67 66 16|659.68 0 659.69
107 133 1 1 0 0 0 0 92874 67 66 67 66 16|659.71 0 659.71
107 133 1 1 0 0 0 0 92885 67 66 67 66 16|659.74 0 659.75
107 133 1 1 0 0 0 0 92904 67 66 67 66 16|659.76 0 659.77
107 133 1 1 0 0 0 0 92915 67 66 67 66 16|659.78 0 659.79
107 133 1 1 0 0 0 0 92938 67 66 67 66 16|659.80 0 659.81
107 133 1 1 0 0 0 0 92960 67 66 67 66 16|659.83 0 659.84
107 133 1 1 0 0 0 0 92971 67 66 67 66 16|659.85 0 659.86
107 133 1 1 0 0 0 0 92981 67 66 67 66 16|659.87 0 659.88
107 133 1 1 0 0 0 0 92983 67 66 67 66 16|659.89 0 659.90
107 133 1 1 0 0 0 0 92992 67 66 67 66 16|659.91 0 659.92
107 133 1 1 0 0 0 0 93006 67 66 67 66 16|659.93 0 659.94
107 133 1 1 0 0 0 0 93023 67 66 67 66 16|659.96 0 659.97
107 133 1 1 0 0 0 0 93037 67 66 67 66 16|659.99 0 659.99
107 133 1 1 0 0 0 0 93048 67 66 67 66 16|660.01 0 660.01
107 133 1 1 0 0 0 0 93052 67 66 67 66 16|660.02 0 660.03
107 133 1 1 0 0 0 0 93068 67 66 67 66 16|660.05 0 660.06
107 133 1 1 0 0 0 0 93088 67 66 67 66 16|660.09 0 660.11
107 133 1 1 0 0 0 0 93103 67 66 67 66 16|660.12 0 660.13
107 133 1 1 0 0 0 0 93121 67 66 67 66 16|660.16 0 660.18
107 133 1 1 0 0 0 0 93130 67 66 67 66 16|660.19 0 660.20
107 133 1 1 0 0 0 0 93140 67 66 67 66 16|660.21 0 660.22
107 133 1 1 0 0 0 0 93159 67 66 67 66 16|660.24 0 660.25
107 133 1 1 0 0 0 0 93162 67 66 67 66 16|660.26 0 660.27
107 133 1 1 0 0 0 0 93168 67 66 67 66 16|660.28 0 660.29
107 133 1 1 0 0 0 0 93169 67 66 67 66 16|660.37 0 660.38
107 133 1 1 0 0 0 0 93170 67 66 67 66 16|660.39 0 660.40
107 133 1 1 0 0 0 0 93171 67 66 67 66 16|660.41 0 660.42
107 133 1 1 0 0 0 0 93189 67 66 67 66 16|660.44 0 660.44
107 133 1 1 0 0 0 0 93202 67 66 67 66 16|660.46 0 660.47
107 133 1 1 0 0 0 0 93222 67 66 67 66 16|660.48 0 660.49
107 133 1 1 0 0 0 0 93232 67 66 67 66 16|660.50 0 660.51
107 133 1 1 0 0 0 0 93247 67 66 67 66 16|660.53 0 660.53
107 133 1 1 0 0 0 0 93260 67 66 67 66 16|660.55 0 660.56
107 133 1 1 0 0 0 0 93268 67 66 67 66 16|660.58 0 660.59
107 133 1 1 0 0 0 0 93285 67 66 67 66 16|660.60 0 660.61
107 133 1 1 0 0 0 0 93306 67 66 67 66 16|660.64 0 660.65
107 133 1 1 0 0 0 0 93319 67 66 67 66 16|660.66 0 660.67
107 133 1 1 0 0 0 0 93338 67 66 67 66 16|660.68 0 660.69
107 133 1 1 0 0 0 0 93342 67 66 67 66 16|660.70 0 660.71
107 133 1 1 0 0 0 0 93373 67 66 67 66 16|660.73 0 660.74
107 133 1 1 0 0 0 0 93379 67 66 67 66 16|660.75 0 660.76
107 133 1 1 0 0 0 0 93386 67 66 67 66 16|660.79 0 660.80
107 133 1 1 0 0 0 0 93400 67 66 67 66 16|660.82 0 660.82
107 133 1 1 0 0 0 0 93411 67 66 67 66 16|660.84 0 660.84
107 133 1 1 0 0 0 0 93424 67 66 67 66 16|660.85 0 660.86
107 133 1 1 0 0 0 0 93434 67 66 67 66 16|660.87 0 660.88
107 133 1 1 0 0 0 0 93444 67 66 67 66 16|660.89 0 660.90
107 133 1 1 0 0 0 0 93456 67 66 67 66 16|660.92 0 660.92
107 133 1 1 0 0 0 0 93458 67 66 67 66 16|660.94 0 660.95
107 133 1 1 0 0 0 0 93474 67 66 67 66 16|660.96 0 660.96
107 133 1 1 0 0 0 0 93479 67 66 67 66 16|660.98 0 660.99
107 133 1 1 0 0 0 0 93501 67 66 67 66 16|661.01 0 661.01
107 133 1 1 0 0 0 0 93512 67 66 67 66 16|661.03 0 661.04
107 133 1 1 0 0 0 0 93530 67 66 67 66 16|661.05 0 661.06
107 133 1 1 0 0 0 0 93533 67 66 67 66 16|661.07 0 661.08
107 133 1 1 0 0 0 0 93549 67 66 67 66 16|661.09 0 661.10
107 133 1 1 0 0 0 0 93554 67 66 67 66 16|661.11 0 661.11
107 133 1 1 0 0 0 0 93564 67 66 67 66 16|661.13 0 661.14
107 133 1 1 0 0 0 0 93571 67 66 67 66 16|661.15 0 661.16
107 133 1 1 0 0 0 0 93581 67 66 67 66 16|661.17 0 661.18
107 133 1 1 0 0 0 0 93586 67 66 67 66 16|661.19 0 661.20
107 133 1 1 0 0 0 0 93603 67 66 67 66 16|661.21 0 661.22
107 133 1 1 0 0 0 0 93622 67 66 67 66 16|661.24 0 661.25
107 133 1 1 0 0 0 0 93623 67 66 67 66 16|661.26 0 661.27
107 133 1 1 0 0 0 0 93639 67 66 67 66 16|661.28 0 661.29
107 133 1 1 0 0 0 0 93651 67 66 67 66 16|661.32 0 661.33
107 133 1 1 0 0 0 0 93658 67 66 67 66 16|661.34 0 661.35
107 133 1 1 0 0 0 0 93689 67 66 67 66 16|661.36 0 661.37
107 133 1 1 0 0 0 0 93693 67 66 67 66 16|661.39 0 661.40
107 133 1 1 0 0 0 0 93705 67 66 67 66 16|661.41 0 661.42
107 133 1 1 0 0 0 0 93708 67 66 67 66 16|661.44 0 661.45
107 133 1 1 0 0 0 0 93717 67 66 67 66 16|661.47 0 661.48
107 133 1 1 0 0 0 0 93729 67 66 67 66 16|661.50 0 661.50
107 133 1 1 0 0 0 0 93743 67 66 67 66 16|661.53 0 661.55
107 133 1 1 0 0 0 0 93754 67 66 67 66 16|661.57 0 661.58
107 133 1 1 0 0 0 0 93760 67 66 67 66 16|661.59 0 661.60
107 133 1 1 0 0 0 0 93762 67 66 67 66 16|661.61 0 661.62
107 133 1 1 0 0 0 0 93768 67 66 67 66 16|661.63 0 661.64
107 133 1 1 0 0 0 0 93776 67 66 67 66 16|661.67 0 661.68
107 133 1 1 0 0 0 0 93788 67 66 67 66 16|661.72 0 661.73
107 133 1 1 0 0 0 0 93793 67 66 67 66 16|661.74 0 661.75
107 133 1 1 0 0 0 0 93800 67 66 67 66 16|661.77 0 661.77
107 133 1 1 0 0 0 0 93806 67 66 67 66 16|661.79 0 661.79
107 133 1 1 0 0 0 0 93815 67 66 67 66 16|661.81 0 661.82
107 133 1 1 0 0 0 0 93830 67 66 67 66 16|661.85 0 661.86
107 133 1 1 0 0 0 0 93837 67 66 67 66 16|661.88 0 661.88
107 133 1 1 0 0 0 0 93840 67 66 67 66 16|661.90 0 661.90
107 133 1 1 0 0 0 0 93849 67 66 67 66 16|661.92 0 661.92
107 133 1 1 0 0 0 0 93853 67 66 67 66 16|661.94 0 661.95
107 133 1 1 0 0 0 0 93863 67 66 67 66 16|661.96 0 661.96
107 133 1 1 0 0 0 0 93866 67 66 67 66 16|661.98 0 661.99
107 133 1 1 0 0 0 0 93879 67 66 67 66 16|662.00 0 662.01
107 133 1 1 0 0 0 0 93889 67 66 67 66 16|662.02 0 662.03
107 133 1 1 0 0 0 0 93900 67 66 67 66 16|662.04 0 662.05
107 133 1 1 0 0 0 0 93910 67 66 67 66 16|662.06 0 662.07
107 133 1 1 0 0 0 0 93921 67 66 67 66 16|662.08 0 662.09
107 133 1 1 0 0 0 0 93934 67 66 67 66 16|662.11 0 662.12
107 133 1 1 0 0 0 0 93945 67 66 67 66 16|662.13 0 662.14
107 133 1 1 0 0 0 0 93964 67 66 67 66 16|662.17 0 662.18
107 133 1 1 0 0 0 0 93979 67 66 67 66 16|662.19 0 662.20
107 133 1 1 0 0 0 0 93987 67 66 67 66 16|662.22 0 662.22
107 133 1 1 0 0 0 0 94000 67 66 67 66 16|662.23 0 662.24
107 133 1 1 0 0 0 0 94005 67 66 67 66 16|662.26 0 662.26
107 133 1 1 0 0 0 0 94025 67 66 67 66 16|662.28 0 662.28
107 133 1 1 0 0 0 0 94036 67 66 67 66 16|662.30 0 662.30
107 133 1 1 0 0 0 0 94062 67 66 67 66 16|662.33 0 662.34
107 133 1 1 0 0 0 0 94071 67 66 67 66 16|662.35 0 662.36
107 133 1 1 0 0 0 0 94076 67 66 67 66 16|662.37 0 662.38
107 133 1 1 0 0 0 0 94092 67 66 67 66 16|662.40 0 662.40
107 133 1 1 0 0 0 0 94103 67 66 67 66 16|662.42 0 662.43
107 133 1 1 0 0 0 0 94118 67 66 67 66 16|662.44 0 662.45
107 133 1 1 0 0 0 0 94125 67 66 67 66 16|662.46 0 662.47
107 133 1 1 0 0 0 0 94139 67 66 67 66 16|662.48 0 662.49
107 133 1 1 0 0 0 0 94159 67 66 67 66 16|662.51 0 662.53
107 133 1 1 0 0 0 0 94203 67 66 67 66 16|662.56 0 662.58
107 133 1 1 0 0 0 0 94219 67 66 67 66 16|662.59 0 662.60
107 133 1 1 0 0 0 0 94223 67 66 67 66 16|662.61 0 662.62
107 133 1 1 0 0 0 0 94241 67 66 67 66 16|662.63 0 662.64
107 133 1 1 0 0 0 0 94254 67 66 67 66 16|662.65 0 662.66
107 133 1 1 0 0 0 0 94256 67 66 67 66 16|662.67 0 662.68
107 133 1 1 0 0 0 0 94277 67 66 67 66 16|662.69 0 662.69
107 133 1 1 0 0 0 0 94290 67 66 67 66 16|662.71 0 662.71
107 133 1 1 0 0 0 0 94315 67 66 67 66 16|662.73 0 662.74
107 133 1 1 0 0 0 0 94347 67 66 67 66 16|662.76 0 662.77
107 133 1 1 0 0 0 0 94349 67 66 67 66 16|662.78 0 662.79
107 133 1 1 0 0 0 0 94362 67 66 67 66 16|662.81 0 662.82
107 133 1 1 0 0 0 0 94382 67 66 67 66 16|662.83 0 662.84
107 133 1 1 0 0 0 0 94391 67 66 67 66 16|662.86 0 662.87
107 133 1 1 0 0 0 0 94422 67 66 67 66 16|662.88 0 662.89
107 133 1 1 0 0 0 0 94435 67 66 67 66 16|662.90 0 662.91
107 133 1 1 0 0 0 0 94470 67 66 67 66 16|662.93 0 662.94
107 133 1 1 0 0 0 0 94491 67 66 67 66 16|662.95 0 662.96
107 133 1 1 0 0 0 0 94493 67 66 67 66 16|662.98 0 662.98
107 133 1 1 0 0 0 0 94505 67 66 67 66 16|662.99 0 663.00
107 133 1 1 0 0 0 0 94516 67 66 67 66 16|663.01 0 663.02
107 133 1 1 0 0 0 0 94517 67 66 67 66 16|663.03 0 663.04
107 133 1 1 0 0 0 0 94528 67 66 67 66 16|663.05 0 663.06
107 133 1 1 0 0 0 0 94543 67 66 67 66 16|663.07 0 663.08
107 133 1 1 0 0 0 0 94549 67 66 67 66 16|663.10 0 663.10
107 133 1 1 0 0 0 0 94557 67 66 67 66 16|663.12 0 663.12
107 133 1 1 0 0 0 0 94561 67 66 67 66 16|663.14 0 663.14
107 133 1 1 0 0 0 0 94579 67 66 67 66 16|663.16 0 663.17
107 133 1 1 0 0 0 0 94586 67 66 67 66 16|663.18 0 663.19
107 133 1 1 0 0 0 0 94590 67 66 67 66 16|663.20 0 663.21
107 133 1 1 0 0 0 0 94593 67 66 67 66 16|663.23 0 663.24
107 133 1 1 0 0 0 0 94597 67 66 67 66 16|663.25 0 663.26
107 133 1 1 0 0 0 0 94608 67 66 67 66 16|663.28 0 663.29
107 133 1 1 0 0 0 0 94612 67 66 67 66 16|663.30 0 663.31
107 133 1 1 0 0 0 0 94620 67 66 67 66 16|663.32 0 663.33
107 133 1 1 0 0 0 0 94628 67 66 67 66 16|663.36 0 663.37
107 133 1 1 0 0 0 0 94631 67 66 67 66 16|663.39 0 663.39
107 133 1 1 0 0 0 0 94639 67 66 67 66 16|663.41 0 663.41
107 133 1 1 0 0 0 0 94642 67 66 67 66 16|663.43 0 663.45
107 133 1 1 0 0 0 0 94646 67 66 67 66 16|663.46 0 663.47
107 133 1 1 0 0 0 0 94655 67 66 67 66 16|663.49 0 663.50
107 133 1 1 0 0 0 0 94662 67 66 67 66 16|663.52 0 663.52
107 133 1 1 0 0 0 0 94665 67 66 67 66 16|663.54 0 663.54
107 133 1 1 0 0 0 0 94672 67 66 67 66 16|663.56 0 663.56
107 133 1 1 0 0 0 0 94684 67 66 67 66 16|663.59 0 663.60
107 133 1 1 0 0 0 0 94692 67 66 67 66 16|663.61 0 663.62
107 133 1 1 0 0 0 0 94700 67 66 67 66 16|663.63 0 663.64
107 133 1 1 0 0 0 0 94702 67 66 67 66 16|663.66 0 663.66
107 133 1 1 0 0 0 0 94705 67 66 67 66 16|663.69 0 663.70
107 133 1 1 0 0 0 0 94709 67 66 67 66 16|663.71 0 663.72
107 133 1 1 0 0 0 0 94717 67 66 67 66 16|663.75 0 663.76
107 133 1 1 0 0 0 0 94724 67 66 67 66 16|663.77 0 663.78
107 133 1 1 0 0 0 0 94729 67 66 67 66 16|663.79 0 663.80
107 133 1 1 0 0 0 0 94733 67 66 67 66 16|663.83 0 663.84
107 133 1 1 0 0 0 0 94736 67 66 67 66 16|663.85 0 663.86
107 133 1 1 0 0 0 0 94739 67 66 67 66 16|663.87 0 663.88
107 133 1 1 0 0 0 0 94743 67 66 67 66 16|663.89 0 663.90
107 133 1 1 0 0 0 0 94745 67 66 67 66 16|663.91 0 663.92
107 133 1 1 0 0 0 0 94747 67 66 67 66 16|663.93 0 663.94
107 133 1 1 0 0 0 0 94748 67 66 67 66 16|663.95 0 663.96
107 133 1 1 0 0 0 0 94753 67 66 67 66 16|663.97 0 663.98
107 133 1 1 0 0 0 0 94756 67 66 67 66 16|663.99 0 664.00
107 133 1 1 0 0 0 0 94758 67 66 67 66 16|664.01 0 664.02
107 133 1 1 0 0 0 0 94761 67 66 67 66 16|664.03 0 664.04
107 133 1 1 0 0 0 0 94763 67 66 67 66 16|664.05 0 664.06
107 133 1 1 0 0 0 0 94766 67 66 67 66 16|664.07 0 664.08
107 133 1 1 0 0 0 0 94768 67 66 67 66 16|664.09 0 664.10
107 133 1 1 0 0 0 0 94774 67 66 67 66 16|664.11 0 664.12
107 133 1 1 0 0 0 0 94777 67 66 67 66 16|664.13 0 664.14
107 133 1 1 0 0 0 0 94783 67 66 67 66 16|664.16 0 664.16
107 133 1 1 0 0 0 0 94786 67 66 67 66 16|664.18 0 664.18
107 133 1 1 0 0 0 0 94794 67 66 67 66 16|664.20 0 664.20
107 133 1 1 0 0 0 0 94795 67 66 67 66 16|664.21 0 664.22
107 133 1 1 0 0 0 0 94799 67 66 67 66 16|664.23 0 664.24
107 133 1 1 0 0 0 0 94803 67 66 67 66 16|664.25 0 664.26
107 133 1 1 0 0 0 0 94808 67 66 67 66 16|664.27 0 664.28
107 133 1 1 0 0 0 0 94811 67 66 67 66 16|664.29 0 664.30
107 133 1 1 0 0 0 0 94816 67 66 67 66 16|664.31 0 664.32
107 133 1 1 0 0 0 0 94820 67 66 67 66 16|664.33 0 664.34
107 133 1 1 0 0 0 0 94827 67 66 67 66 16|664.36 0 664.38
107 133 1 1 0 0 0 0 94834 67 66 67 66 16|664.39 0 664.40
107 133 1 1 0 0 0 0 94839 67 66 67 66 16|664.42 0 664.43
107 133 1 1 0 0 0 0 94848 67 66 67 66 16|664.46 0 664.47
107 133 1 1 0 0 0 0 94857 67 66 67 66 16|664.50 0 664.51
107 133 1 1 0 0 0 0 94866 67 66 67 66 16|664.52 0 664.53
107 133 1 1 0 0 0 0 94870 67 66 67 66 16|664.54 0 664.55
107 133 1 1 0 0 0 0 94878 67 66 67 66 16|664.57 0 664.57
107 133 1 1 0 0 0 0 94886 67 66 67 66 16|664.59 0 664.59
107 133 1 1 0 0 0 0 94896 67 66 67 66 16|664.61 0 664.62
107 133 1 1 0 0 0 0 94901 67 66 67 66 16|664.63 0 664.64
107 133 1 1 0 0 0 0 94908 67 66 67 66 16|664.65 0 664.66
107 133 1 1 0 0 0 0 94916 67 66 67 66 16|664.67 0 664.68
107 133 1 1 0 0 0 0 94924 67 66 67 66 16|664.69 0 664.70
107 133 1 1 0 0 0 0 94929 67 66 67 66 16|664.71 0 664.72
107 133 1 1 0 0 0 0 94934 67 66 67 66 16|664.73 0 664.74
107 133 1 1 0 0 0 0 94939 67 66 67 66 16|664.75 0 664.76
107 133 1 1 0 0 0 0 94949 67 66 67 66 16|664.77 0 664.78
107 133 1 1 0 0 0 0 94961 67 66 67 66 16|664.79 0 664.80
107 133 1 1 0 0 0 0 94963 67 66 67 66 16|664.81 0 664.82
107 133 1 1 0 0 0 0 94969 67 66 67 66 16|664.83 0 664.84
107 133 1 1 0 0 0 0 94979 67 66 67 66 16|664.85 0 664.86
107 133 1 1 0 0 0 0 94988 67 66 67 66 16|664.87 0 664.88
107 133 1 1 0 0 0 0 94994 67 66 67 66 16|664.89 0 664.90
107 133 1 1 0 0 0 0 95010 67 66 67 66 16|664.92 0 664.93
107 133 1 1 0 0 0 0 95024 67 66 67 66 16|664.96 0 664.97
107 133 1 1 0 0 0 0 95030 67 66 67 66 16|664.98 0 664.99
107 133 1 1 0 0 0 0 95038 67 66 67 66 16|665.00 0 665.01
107 133 1 1 0 0 0 0 95047 67 66 67 66 16|665.02 0 665.03
107 133 1 1 0 0 0 0 95057 67 66 67 66 16|665.04 0 665.05
107 133 1 1 0 0 0 0 95061 67 66 67 66 16|665.06 0 665.07
107 133 1 1 0 0 0 0 95067 67 66 67 66 16|665.08 0 665.09
107 133 1 1 0 0 0 0 95075 67 66 67 66 16|665.11 0 665.11
107 133 1 1 0 0 0 0 95082 67 66 67 66 16|665.13 0 665.14
107 133 1 1 0 0 0 0 95095 67 66 67 66 16|665.17 0 665.18
107 133 1 1 0 0 0 0 95104 67 66 67 66 16|665.19 0 665.20
107 133 1 1 0 0 0 0 95110 67 66 67 66 16|665.22 0 665.22
107 133 1 1 0 0 0 0 95115 67 66 67 66 16|665.24 0 665.24
107 133 1 1 0 0 0 0 95126 67 66 67 66 16|665.26 0 665.27
107 133 1 1 0 0 0 0 95132 67 66 67 66 16|665.29 0 665.29
107 133 1 1 0 0 0 0 95140 67 66 67 66 16|665.31 0 665.32
107 133 1 1 0 0 0 0 95148 67 66 67 66 16|665.33 0 665.34
107 133 1 1 0 0 0 0 95160 67 66 67 66 16|665.36 0 665.36
107 133 1 1 0 0 0 0 95169 67 66 67 66 16|665.39 0 665.40
107 133 1 1 0 0 0 0 95184 67 66 67 66 16|665.43 0 665.43
107 133 1 1 0 0 0 0 95197 67 66 67 66 16|665.45 0 665.46
107 133 1 1 0 0 0 0 95215 67 66 67 66 16|665.49 0 665.51
107 133 1 1 0 0 0 0 95225 67 66 67 66 16|665.52 0 665.53
107 133 1 1 0 0 0 0 95234 67 66 67 66 16|665.55 0 665.56
107 133 1 1 0 0 0 0 95246 67 66 67 66 16|665.57 0 665.58
107 133 1 1 0 0 0 0 95251 67 66 67 66 16|665.59 0 665.60
107 133 1 1 0 0 0 0 95260 67 66 67 66 16|665.61 0 665.62
107 133 1 1 0 0 0 0 95270 67 66 67 66 16|665.63 0 665.64
107 133 1 1 0 0 0 0 95274 67 66 67 66 16|665.65 0 665.66
107 133 1 1 0 0 0 0 95289 67 66 67 66 16|665.68 0 665.69
107 133 1 1 0 0 0 0 95298 67 66 67 66 16|665.71 0 665.72
107 133 1 1 0 0 0 0 95306 67 66 67 66 16|665.74 0 665.75
107 133 1 1 0 0 0 0 95328 67 66 67 66 16|665.78 0 665.80
107 133 1 1 0 0 0 0 95343 67 66 67 66 16|665.81 0 665.82
107 133 1 1 0 0 0 0 95349 67 66 67 66 16|665.84 0 665.85
107 133 1 1 0 0 0 0 95354 67 66 67 66 16|665.86 0 665.87
107 133 1 1 0 0 0 0 95362 67 66 67 66 16|665.89 0 665.89
107 133 1 1 0 0 0 0 95368 67 66 67 66 16|665.91 0 665.91
107 133 1 1 0 0 0 0 95376 67 66 67 66 16|665.93 0 665.93
107 133 1 1 0 0 0 0 95378 67 66 67 66 16|665.95 0 665.95
107 133 1 1 0 0 0 0 95386 67 66 67 66 16|665.97 0 665.97
107 133 1 1 0 0 0 0 95395 67 66 67 66 16|666.01 0 666.02
107 133 1 1 0 0 0 0 95406 67 66 67 66 16|666.03 0 666.04
107 133 1 1 0 0 0 0 95411 67 66 67 66 16|666.06 0 666.07
107 133 1 1 0 0 0 0 95418 67 66 67 66 16|666.09 0 666.09
107 133 1 1 0 0 0 0 95426 67 66 67 66 16|666.12 0 666.14
107 133 1 1 0 0 0 0 95431 67 66 67 66 16|666.15 0 666.16
107 133 1 1 0 0 0 0 95438 67 66 67 66 16|666.17 0 666.18
107 133 1 1 0 0 0 0 95444 67 66 67 66 16|666.19 0 666.20
107 133 1 1 0 0 0 0 95450 67 66 67 66 16|666.21 0 666.22
107 133 1 1 0 0 0 0 95454 67 66 67 66 16|666.23 0 666.24
107 133 1 1 0 0 0 0 95461 67 66 67 66 16|666.25 0 666.26
107 133 1 1 0 0 0 0 95466 67 66 67 66 16|666.27 0 666.28
107 133 1 1 0 0 0 0 95471 67 66 67 66 16|666.29 0 666.30
107 133 1 1 0 0 0 0 95476 67 66 67 66 16|666.33 0 666.34
107 133 1 1 0 0 0 0 95478 67 66 67 66 16|666.35 0 666.36
107 133 1 1 0 0 0 0 95484 67 66 67 66 16|666.37 0 666.37
107 133 1 1 0 0 0 0 95489 67 66 67 66 16|666.39 0 666.40
107 133 1 1 0 0 0 0 95494 67 66 67 66 16|666.42 0 666.42
107 133 1 1 0 0 0 0 95502 67 66 67 66 16|666.44 0 666.45
107 133 1 1 0 0 0 0 95504 67 66 67 66 16|666.46 0 666.47
107 133 1 1 0 0 0 0 95513 67 66 67 66 16|666.48 0 666.49
107 133 1 1 0 0 0 0 95514 67 66 67 66 16|666.52 0 666.53
107 133 1 1 0 0 0 0 95522 67 66 67 66 16|666.56 0 666.57
107 133 1 1 0 0 0 0 95527 67 66 67 66 16|666.61 0 666.63
107 133 1 1 0 0 0 0 95536 67 66 67 66 16|666.66 0 666.66
107 133 1 1 0 0 0 0 95541 67 66 67 66 16|666.68 0 666.68
107 133 1 1 0 0 0 0 95544 67 66 67 66 16|666.70 0 666.70
107 133 1 1 0 0 0 0 95548 67 66 67 66 16|666.72 0 666.72
107 133 1 1 0 0 0 0 95551 67 66 67 66 16|666.74 0 666.74
107 133 1 1 0 0 0 0 95560 67 66 67 66 16|666.77 0 666.79
107 133 1 1 0 0 0 0 95566 67 66 67 66 16|666.80 0 666.81
107 133 1 1 0 0 0 0 95571 67 66 67 66 16|666.82 0 666.83
107 133 1 1 0 0 0 0 95576 67 66 67 66 16|666.84 0 666.85
107 133 1 1 0 0 0 0 95579 67 66 67 66 16|666.86 0 666.87
107 133 1 1 0 0 0 0 95585 67 66 67 66 16|666.89 0 666.90
107 133 1 1 0 0 0 0 95597 67 66 67 66 16|666.94 0 666.95
107 133 1 1 0 0 0 0 95608 67 66 67 66 16|666.98 0 666.99
107 133 1 1 0 0 0 0 95617 67 66 67 66 16|667.00 0 667.01
107 133 1 1 0 0 0 0 95623 67 66 67 66 16|667.04 0 667.05
107 133 1 1 0 0 0 0 95625 67 66 67 66 16|667.06 0 667.07
107 133 1 1 0 0 0 0 95636 67 66 67 66 16|667.08 0 667.09
107 133 1 1 0 0 0 0 95642 67 66 67 66 16|667.10 0 667.11
107 133 1 1 0 0 0 0 95647 67 66 67 66 16|667.12 0 667.13
107 133 1 1 0 0 0 0 95651 67 66 67 66 16|667.15 0 667.15
107 133 1 1 0 0 0 0 95660 67 66 67 66 16|667.17 0 667.18
107 133 1 1 0 0 0 0 95670 67 66 67 66 16|667.20 0 667.21
107 133 1 1 0 0 0 0 95678 67 66 67 66 16|667.23 0 667.24
107 133 1 1 0 0 0 0 95689 67 66 67 66 16|667.26 0 667.27
107 133 1 1 0 0 0 0 95700 67 66 67 66 16|667.30 0 667.31
107 133 1 1 0 0 0 0 95715 67 66 67 66 16|667.34 0 667.34
107 133 1 1 0 0 0 0 95720 67 66 67 66 16|667.36 0 667.37
107 133 1 1 0 0 0 0 95733 67 66 67 66 16|667.39 0 667.40
107 133 1 1 0 0 0 0 95746 67 66 67 66 16|667.42 0 667.44
107 133 1 1 0 0 0 0 95757 67 66 67 66 16|667.46 0 667.48
107 133 1 1 0 0 0 0 95762 67 66 67 66 16|667.52 0 667.53
107 133 1 1 0 0 0 0 95767 67 66 67 66 16|667.59 0 667.60
107 133 1 1 0 0 0 0 95768 67 66 67 66 16|667.62 0 667.63
107 133 1 1 0 0 0 0 95770 67 66 67 66 16|667.64 0 667.65
107 133 1 1 0 0 0 0 95772 67 66 67 66 16|667.66 0 667.67
107 133 1 1 0 0 0 0 95775 67 66 67 66 16|667.70 0 667.71
107 133 1 1 0 0 0 0 95783 67 66 67 66 16|667.72 0 667.73
107 133 1 1 0 0 0 0 95787 67 66 67 66 16|667.74 0 667.75
107 133 1 1 0 0 0 0 95803 67 66 67 66 16|667.77 0 667.78
107 133 1 1 0 0 0 0 95815 67 66 67 66 16|667.80 0 667.80
107 133 1 1 0 0 0 0 95819 67 66 67 66 16|667.82 0 667.82
107 133 1 1 0 0 0 0 95825 67 66 67 66 16|667.84 0 667.85
107 133 1 1 0 0 0 0 95831 67 66 67 66 16|667.86 0 667.87
107 133 1 1 0 0 0 0 95839 67 66 67 66 16|667.88 0 667.89
107 133 1 1 0 0 0 0 95851 67 66 67 66 16|667.91 0 667.91
107 133 1 1 0 0 0 0 95863 67 66 67 66 16|667.93 0 667.94
107 133 1 1 0 0 0 0 95875 67 66 67 66 16|667.96 0 667.97
107 133 1 1 0 0 0 0 95877 67 66 67 66 16|668.01 0 668.02
107 133 1 1 0 0 0 0 95878 67 66 67 66 16|668.48 0 668.49
107 133 1 1 0 0 0 0 95879 67 66 67 66 16|668.51 0 668.52
107 133 1 1 0 0 0 0 95880 67 66 67 66 16|668.65 0 668.66
107 133 1 1 0 0 0 0 95882 67 66 67 66 16|668.71 0 668.72
107 133 1 1 0 0 0 0 95885 67 66 67 66 16|668.73 0 668.74
107 133 1 1 0 0 0 0 95886 67 66 67 66 16|668.81 0 668.82
107 133 1 1 0 0 0 0 95887 67 66 67 66 16|668.89 0 668.89
107 133 1 1 0 0 0 0 95888 67 66 67 66 16|669.49 0 669.50
107 133 1 1 0 0 0 0 95890 67 66 67 66 16|669.52 0 669.52
107 133 1 1 0 0 0 0 95894 67 66 67 66 16|669.63 0 669.64
107 133 1 1 0 0 0 0 95899 67 66 67 66 16|669.67 0 669.68
107 133 1 1 0 0 0 0 95904 67 66 67 66 16|669.76 0 669.77
107 133 1 1 0 0 0 0 95907 67 66 67 66 16|669.78 0 669.79
107 133 1 1 0 0 0 0 95908 67 66 67 66 16|669.88 0 669.89
107 133 1 1 0 0 0 0 95909 67 66 67 66 16|669.95 0 669.96
107 133 1 1 0 0 0 0 95912 67 66 67 66 16|670.01 0 670.02
107 133 1 1 0 0 0 0 95913 67 66 67 66 16|670.12 0 670.13
108 134 0 0 0 0 0 1 95913 67 67 67 67 16|671.38 4 671.39
109 134 1 1 0 0 0 0 95916 67 67 67 67 16|671.76 0 671.77
109 135 1 1 0 0 0 0 95916 68 67 68 67 16|671.88 0 671.89
109 135 1 1 0 0 0 0 95917 68 67 68 67 16|671.98 0 671.99
109 135 1 1 0 0 0 0 95920 68 67 68 67 16|672.10 0 672.11
109 135 1 1 0 0 0 0 95921 68 67 68 67 16|672.19 0 672.19
109 135 1 1 0 0 0 0 95923 68 67 68 67 16|672.29 0 672.30
109 135 1 1 0 0 0 0 95925 68 67 68 67 16|672.33 0 672.34
109 135 1 1 0 0 0 0 95926 68 67 68 67 16|672.44 0 672.45
109 135 1 1 0 0 0 0 95928 68 67 68 67 16|672.46 0 672.47
109 135 1 1 0 0 0 0 95929 68 67 68 67 16|672.51 0 672.52
109 135 1 1 0 0 0 0 95934 68 67 68 67 16|672.56 0 672.57
109 135 1 1 0 0 0 0 95935 68 67 68 67 16|672.59 0 672.59
109 135 1 1 0 0 0 0 95937 68 67 68 67 16|672.83 0 672.84
109 135 1 1 0 0 0 0 95939 68 67 68 67 16|672.95 0 672.95
109 135 1 1 0 0 0 0 95943 68 67 68 67 16|672.99 0 673.00
109 135 1 1 0 0 0 0 95946 68 67 68 67 16|673.01 0 673.02
109 135 1 1 0 0 0 0 95947 68 67 68 67 16|673.07 0 673.08
109 135 1 1 0 0 0 0 95948 68 67 68 67 16|673.09 0 673.10
109 135 1 1 0 0 0 0 95949 68 67 68 67 16|673.11 0 673.12
109 135 1 1 0 0 0 0 95952 68 67 68 67 16|673.55 0 673.56
109 135 1 1 0 0 0 0 95960 68 67 68 67 16|673.57 0 673.58
109 135 1 1 0 0 0 0 95962 68 67 68 67 16|673.64 0 673.66
109 135 1 1 0 0 0 0 95964 68 67 68 67 16|673.69 0 673.70
109 135 1 1 0 0 0 0 95966 68 67 68 67 16|674.19 0 674.20
109 135 1 1 0 0 0 0 95967 68 67 68 67 16|674.23 0 674.24
109 135 1 1 0 0 0 0 95968 68 67 68 67 16|674.31 0 674.32
109 135 1 1 0 0 0 0 95986 68 67 68 67 16|674.40 0 674.41
109 135 1 1 0 0 0 0 95987 68 67 68 67 16|674.49 0 674.50
109 136 1 1 0 0 0 0 95987 68 68 68 68 16|675.56 0 675.57
110 136 0 0 0 0 0 1 95987 68 68 68 68 16|675.76 15 675.77
111 137 1 1 0 0 0 0 95987 69 68 69 68 16|675.88 0 675.89
111 137 1 1 0 0 0 0 95988 69 68 69 68 16|675.98 0 675.99
111 137 1 1 0 0 0 0 95989 69 68 69 68 16|676.15 0 676.16
111 137 1 1 0 0 0 0 95991 69 68 69 68 16|676.17 0 676.18
111 137 1 1 0 0 0 0 95993 69 68 69 68 16|676.21 0 676.22
111 137 1 1 0 0 0 0 95995 69 68 69 68 16|676.23 0 676.24
111 137 1 1 0 0 0 0 96004 69 68 69 68 16|676.27 0 676.28
111 137 1 1 0 0 0 0 96006 69 68 69 68 16|676.32 0 676.32
111 137 1 1 0 0 0 0 96009 69 68 69 68 16|676.34 0 676.34
111 137 1 1 0 0 0 0 96031 69 68 69 68 16|676.36 0 676.37
111 137 1 1 0 0 0 0 96055 69 68 69 68 16|676.40 0 676.41
111 137 1 1 0 0 0 0 96078 69 68 69 68 16|676.43 0 676.44
111 137 1 1 0 0 0 0 96107 69 68 69 68 16|676.45 0 676.46
111 137 1 1 0 0 0 0 96125 69 68 69 68 16|676.47 0 676.48
111 137 1 1 0 0 0 0 96153 69 68 69 68 16|676.49 0 676.50
111 137 1 1 0 0 0 0 96167 69 68 69 68 16|676.51 0 676.52
111 137 1 1 0 0 0 0 96191 69 68 69 68 16|676.54 0 676.54
111 137 1 1 0 0 0 0 96214 69 68 69 68 16|676.56 0 676.56
111 137 1 1 0 0 0 0 96233 69 68 69 68 16|676.58 0 676.58
111 137 1 1 0 0 0 0 96240 69 68 69 68 16|676.60 0 676.60
111 137 1 1 0 0 0 0 96242 69 68 69 68 16|676.62 0 676.62
111 137 1 1 0 0 0 0 96263 69 68 69 68 16|676.64 0 676.64
111 137 1 1 0 0 0 0 96277 69 68 69 68 16|676.66 0 676.66
111 137 1 1 0 0 0 0 96302 69 68 69 68 16|676.68 0 676.68
111 137 1 1 0 0 0 0 96318 69 68 69 68 16|676.70 0 676.71
111 137 1 1 0 0 0 0 96347 69 68 69 68 16|676.72 0 676.73
111 137 1 1 0 0 0 0 96390 69 68 69 68 16|676.76 0 676.77
111 137 1 1 0 0 0 0 96437 69 68 69 68 16|676.79 0 676.80
111 137 1 1 0 0 0 0 96449 69 68 69 68 16|676.81 0 676.82
111 137 1 1 0 0 0 0 96486 69 68 69 68 16|676.83 0 676.84
111 137 1 1 0 0 0 0 96509 69 68 69 68 16|676.86 0 676.86
111 137 1 1 0 0 0 0 96535 69 68 69 68 16|676.88 0 676.88
111 137 1 1 0 0 0 0 96589 69 68 69 68 16|676.92 0 676.94
111 137 1 1 0 0 0 0 96609 69 68 69 68 16|676.95 0 676.96
111 137 1 1 0 0 0 0 96633 69 68 69 68 16|676.97 0 676.98
111 137 1 1 0 0 0 0 96655 69 68 69 68 16|677.00 0 677.00
111 137 1 1 0 0 0 0 96687 69 68 69 68 16|677.01 0 677.02
111 137 1 1 0 0 0 0 96718 69 68 69 68 16|677.04 0 677.04
111 137 1 1 0 0 0 0 96733 69 68 69 68 16|677.06 0 677.06
111 137 1 1 0 0 0 0 96767 69 68 69 68 16|677.08 0 677.08
111 137 1 1 0 0 0 0 96771 69 68 69 68 16|677.10 0 677.11
111 137 1 1 0 0 0 0 96818 69 68 69 68 16|677.13 0 677.13
111 137 1 1 0 0 0 0 96832 69 68 69 68 16|677.15 0 677.15
111 137 1 1 0 0 0 0 96856 69 68 69 68 16|677.17 0 677.18
111 137 1 1 0 0 0 0 96871 69 68 69 68 16|677.20 0 677.21
111 137 1 1 0 0 0 0 96895 69 68 69 68 16|677.22 0 677.23
111 137 1 1 0 0 0 0 96920 69 68 69 68 16|677.24 0 677.25
111 137 1 1 0 0 0 0 96948 69 68 69 68 16|677.26 0 677.27
111 137 1 1 0 0 0 0 96964 69 68 69 68 16|677.28 0 677.29
111 137 1 1 0 0 0 0 96985 69 68 69 68 16|677.31 0 677.31
111 137 1 1 0 0 0 0 97018 69 68 69 68 16|677.33 0 677.34
111 137 1 1 0 0 0 0 97045 69 68 69 68 16|677.35 0 677.36
111 137 1 1 0 0 0 0 97074 69 68 69 68 16|677.38 0 677.39
111 137 1 1 0 0 0 0 97099 69 68 69 68 16|677.40 0 677.41
111 137 1 1 0 0 0 0 97124 69 68 69 68 16|677.43 0 677.43
111 137 1 1 0 0 0 0 97154 69 68 69 68 16|677.45 0 677.46
111 137 1 1 0 0 0 0 97170 69 68 69 68 16|677.47 0 677.48
111 137 1 1 0 0 0 0 97187 69 68 69 68 16|677.49 0 677.50
111 137 1 1 0 0 0 0 97215 69 68 69 68 16|677.52 0 677.52
111 137 1 1 0 0 0 0 97236 69 68 69 68 16|677.54 0 677.55
111 137 1 1 0 0 0 0 97283 69 68 69 68 16|677.57 0 677.58
111 137 1 1 0 0 0 0 97292 69 68 69 68 16|677.59 0 677.60
111 137 1 1 0 0 0 0 97322 69 68 69 68 16|677.61 0 677.62
111 137 1 1 0 0 0 0 97351 69 68 69 68 16|677.64 0 677.64
111 137 1 1 0 0 0 0 97360 69 68 69 68 16|677.66 0 677.66
111 137 1 1 0 0 0 0 97410 69 68 69 68 16|677.68 0 677.69
111 137 1 1 0 0 0 0 97440 69 68 69 68 16|677.72 0 677.73
111 137 1 1 0 0 0 0 97467 69 68 69 68 16|677.74 0 677.75
111 137 1 1 0 0 0 0 97505 69 68 69 68 16|677.78 0 677.79
111 137 1 1 0 0 0 0 97539 69 68 69 68 16|677.80 0 677.81
111 137 1 1 0 0 0 0 97556 69 68 69 68 16|677.83 0 677.83
111 137 1 1 0 0 0 0 97580 69 68 69 68 16|677.85 0 677.85
111 137 1 1 0 0 0 0 97626 69 68 69 68 16|677.88 0 677.90
111 137 1 1 0 0 0 0 97654 69 68 69 68 16|677.92 0 677.92
111 137 1 1 0 0 0 0 97672 69 68 69 68 16|677.94 0 677.95
111 137 1 1 0 0 0 0 97699 69 68 69 68 16|677.96 0 677.97
111 137 1 1 0 0 0 0 97709 69 68 69 68 16|677.98 0 677.99
111 137 1 1 0 0 0 0 97744 69 68 69 68 16|678.00 0 678.01
111 137 1 1 0 0 0 0 97763 69 68 69 68 16|678.02 0 678.03
111 137 1 1 0 0 0 0 97796 69 68 69 68 16|678.04 0 678.05
111 137 1 1 0 0 0 0 97812 69 68 69 68 16|678.06 0 678.07
111 137 1 1 0 0 0 0 97841 69 68 69 68 16|678.09 0 678.10
111 137 1 1 0 0 0 0 97851 69 68 69 68 16|678.12 0 678.12
111 137 1 1 0 0 0 0 97875 69 68 69 68 16|678.15 0 678.17
111 137 1 1 0 0 0 0 97889 69 68 69 68 16|678.18 0 678.19
111 137 1 1 0 0 0 0 97928 69 68 69 68 16|678.21 0 678.22
111 137 1 1 0 0 0 0 97972 69 68 69 68 16|678.25 0 678.26
111 137 1 1 0 0 0 0 97988 69 68 69 68 16|678.27 0 678.28
111 137 1 1 0 0 0 0 98023 69 68 69 68 16|678.30 0 678.31
111 137 1 1 0 0 0 0 98046 69 68 69 68 16|678.33 0 678.33
111 137 1 1 0 0 0 0 98075 69 68 69 68 16|678.35 0 678.36
111 137 1 1 0 0 0 0 98106 69 68 69 68 16|678.37 0 678.38
111 137 1 1 0 0 0 0 98122 69 68 69 68 16|678.39 0 678.40
111 137 1 1 0 0 0 0 98138 69 68 69 68 16|678.41 0 678.42
111 137 1 1 0 0 0 0 98146 69 68 69 68 16|678.44 0 678.44
111 137 1 1 0 0 0 0 98165 69 68 69 68 16|678.48 0 678.48
111 137 1 1 0 0 0 0 98170 69 68 69 68 16|678.50 0 678.51
111 137 1 1 0 0 0 0 98189 69 68 69 68 16|678.52 0 678.53
111 137 1 1 0 0 0 0 98202 69 68 69 68 16|678.54 0 678.55
111 137 1 1 0 0 0 0 98216 69 68 69 68 16|678.56 0 678.57
111 137 1 1 0 0 0 0 98231 69 68 69 68 16|678.58 0 678.59
111 137 1 1 0 0 0 0 98244 69 68 69 68 16|678.60 0 678.61
111 137 1 1 0 0 0 0 98255 69 68 69 68 16|678.62 0 678.63
111 137 1 1 0 0 0 0 98275 69 68 69 68 16|678.64 0 678.65
111 137 1 1 0 0 0 0 98288 69 68 69 68 16|678.66 0 678.67
111 137 1 1 0 0 0 0 98304 69 68 69 68 16|678.68 0 678.69
111 137 1 1 0 0 0 0 98323 69 68 69 68 16|678.71 0 678.72
111 137 1 1 0 0 0 0 98343 69 68 69 68 16|678.73 0 678.74
111 137 1 1 0 0 0 0 98359 69 68 69 68 16|678.75 0 678.76
111 137 1 1 0 0 0 0 98372 69 68 69 68 16|678.78 0 678.78
111 137 1 1 0 0 0 0 98395 69 68 69 68 16|678.80 0 678.81
111 137 1 1 0 0 0 0 98405 69 68 69 68 16|678.82 0 678.83
111 137 1 1 0 0 0 0 98422 69 68 69 68 16|678.84 0 678.85
111 137 1 1 0 0 0 0 98436 69 68 69 68 16|678.90 0 678.91
111 137 1 1 0 0 0 0 98447 69 68 69 68 16|678.92 0 678.93
111 137 1 1 0 0 0 0 98461 69 68 69 68 16|678.94 0 678.95
111 137 1 1 0 0 0 0 98484 69 68 69 68 16|678.96 0 678.97
111 137 1 1 0 0 0 0 98496 69 68 69 68 16|678.98 0 678.99
111 137 1 1 0 0 0 0 98542 69 68 69 68 16|679.00 0 679.01
111 137 1 1 0 0 0 0 98561 69 68 69 68 16|679.03 0 679.03
111 137 1 1 0 0 0 0 98582 69 68 69 68 16|679.04 0 679.05
111 137 1 1 0 0 0 0 98606 69 68 69 68 16|679.06 0 679.07
111 137 1 1 0 0 0 0 98625 69 68 69 68 16|679.08 0 679.09
111 137 1 1 0 0 0 0 98640 69 68 69 68 16|679.10 0 679.11
111 137 1 1 0 0 0 0 98642 69 68 69 68 16|679.12 0 679.13
111 137 1 1 0 0 0 0 98648 69 68 69 68 16|679.14 0 679.15
111 137 1 1 0 0 0 0 98679 69 68 69 68 16|679.16 0 679.16
111 137 1 1 0 0 0 0 98698 69 68 69 68 16|679.17 0 679.18
111 137 1 1 0 0 0 0 98703 69 68 69 68 16|679.19 0 679.20
111 137 1 1 0 0 0 0 98747 69 68 69 68 16|679.21 0 679.22
111 137 1 1 0 0 0 0 98754 69 68 69 68 16|679.23 0 679.24
111 137 1 1 0 0 0 0 98785 69 68 69 68 16|679.25 0 679.26
111 137 1 1 0 0 0 0 98798 69 68 69 68 16|679.27 0 679.27
111 137 1 1 0 0 0 0 98816 69 68 69 68 16|679.28 0 679.29
111 137 1 1 0 0 0 0 98836 69 68 69 68 16|679.30 0 679.31
111 137 1 1 0 0 0 0 98847 69 68 69 68 16|679.32 0 679.33
111 137 1 1 0 0 0 0 98869 69 68 69 68 16|679.34 0 679.35
111 137 1 1 0 0 0 0 98906 69 68 69 68 16|679.37 0 679.37
111 137 1 1 0 0 0 0 98943 69 68 69 68 16|679.40 0 679.41
111 137 1 1 0 0 0 0 98955 69 68 69 68 16|679.42 0 679.43
111 137 1 1 0 0 0 0 98981 69 68 69 68 16|679.44 0 679.45
111 137 1 1 0 0 0 0 99004 69 68 69 68 16|679.46 0 679.47
111 137 1 1 0 0 0 0 99036 69 68 69 68 16|679.48 0 679.49
111 137 1 1 0 0 0 0 99064 69 68 69 68 16|679.51 0 679.52
111 137 1 1 0 0 0 0 99091 69 68 69 68 16|679.53 0 679.54
111 137 1 1 0 0 0 0 99118 69 68 69 68 16|679.56 0 679.56
111 137 1 1 0 0 0 0 99134 69 68 69 68 16|679.57 0 679.58
111 137 1 1 0 0 0 0 99158 69 68 69 68 16|679.59 0 679.60
111 137 1 1 0 0 0 0 99187 69 68 69 68 16|679.61 0 679.62
111 137 1 1 0 0 0 0 99205 69 68 69 68 16|679.63 0 679.64
111 137 1 1 0 0 0 0 99226 69 68 69 68 16|679.65 0 679.66
111 137 1 1 0 0 0 0 99236 69 68 69 68 16|679.67 0 679.68
111 137 1 1 0 0 0 0 99239 69 68 69 68 16|679.71 0 679.72
111 137 1 1 0 0 0 0 99241 69 68 69 68 16|679.73 0 679.73
111 137 1 1 0 0 0 0 99259 69 68 69 68 16|679.75 0 679.75
111 137 1 1 0 0 0 0 99283 69 68 69 68 16|679.77 0 679.77
111 137 1 1 0 0 0 0 99312 69 68 69 68 16|679.79 0 679.80
111 137 1 1 0 0 0 0 99335 69 68 69 68 16|679.81 0 679.82
111 137 1 1 0 0 0 0 99342 69 68 69 68 16|679.83 0 679.84
111 137 1 1 0 0 0 0 99373 69 68 69 68 16|679.85 0 679.86
111 137 1 1 0 0 0 0 99393 69 68 69 68 16|679.87 0 679.88
111 137 1 1 0 0 0 0 99422 69 68 69 68 16|679.90 0 679.90
111 137 1 1 0 0 0 0 99458 69 68 69 68 16|679.92 0 679.93
111 137 1 1 0 0 0 0 99459 69 68 69 68 16|679.94 0 679.95
111 137 1 1 0 0 0 0 99498 69 68 69 68 16|679.96 0 679.97
111 137 1 1 0 0 0 0 99543 69 68 69 68 16|680.00 0 680.01
111 137 1 1 0 0 0 0 99564 69 68 69 68 16|680.03 0 680.03
111 137 1 1 0 0 0 0 99604 69 68 69 68 16|680.06 0 680.07
111 137 1 1 0 0 0 0 99630 69 68 69 68 16|680.08 0 680.09
111 137 1 1 0 0 0 0 99669 69 68 69 68 16|680.11 0 680.12
111 137 1 1 0 0 0 0 99704 69 68 69 68 16|680.14 0 680.15
111 137 1 1 0 0 0 0 99747 69 68 69 68 16|680.19 0 680.20
111 137 1 1 0 0 0 0 99783 69 68 69 68 16|680.21 0 680.22
111 137 1 1 0 0 0 0 99831 69 68 69 68 16|680.26 0 680.27
111 137 1 1 0 0 0 0 99871 69 68 69 68 16|680.30 0 680.31
111 137 1 1 0 0 0 0 99915 69 68 69 68 16|680.33 0 680.34
111 137 1 1 0 0 0 0 99933 69 68 69 68 16|680.36 0 680.36
111 137 1 1 0 0 0 0 99937 69 68 69 68 16|680.38 0 680.39
111 137 1 1 0 0 0 0 99954 69 68 69 68 16|680.41 0 680.41
111 137 1 1 0 0 0 0 99963 69 68 69 68 16|680.43 0 680.45
111 137 1 1 0 0 0 0 100002 69 68 69 68 16|680.48 0 680.50
111 137 1 1 0 0 0 0 100015 69 68 69 68 16|680.51 0 680.52
111 137 1 1 0 0 0 0 100062 69 68 69 68 16|680.53 0 680.54
111 137 1 1 0 0 0 0 100086 69 68 69 68 16|680.55 0 680.56
111 137 1 1 0 0 0 0 100099 69 68 69 68 16|680.58 0 680.58
111 137 1 1 0 0 0 0 100154 69 68 69 68 16|680.61 0 680.61
111 137 1 1 0 0 0 0 100162 69 68 69 68 16|680.63 0 680.64
111 137 1 1 0 0 0 0 100196 69 68 69 68 16|680.66 0 680.67
111 137 1 1 0 0 0 0 100228 69 68 69 68 16|680.68 0 680.69
111 137 1 1 0 0 0 0 100267 69 68 69 68 16|680.71 0 680.72
111 137 1 1 0 0 0 0 100292 69 68 69 68 16|680.73 0 680.74
111 137 1 1 0 0 0 0 100311 69 68 69 68 16|680.75 0 680.76
111 137 1 1 0 0 0 0 100362 69 68 69 68 16|680.79 0 680.81
111 137 1 1 0 0 0 0 100388 69 68 69 68 16|680.82 0 680.83
111 137 1 1 0 0 0 0 100433 69 68 69 68 16|680.85 0 680.86
111 137 1 1 0 0 0 0 100466 69 68 69 68 16|680.88 0 680.89
111 137 1 1 0 0 0 0 100497 69 68 69 68 16|680.91 0 680.93
111 137 1 1 0 0 0 0 100539 69 68 69 68 16|680.94 0 680.95
111 137 1 1 0 0 0 0 100558 69 68 69 68 16|680.96 0 680.97
111 137 1 1 0 0 0 0 100587 69 68 69 68 16|680.99 0 680.99
111 137 1 1 0 0 0 0 100614 69 68 69 68 16|681.02 0 681.03
111 137 1 1 0 0 0 0 100641 69 68 69 68 16|681.04 0 681.05
111 137 1 1 0 0 0 0 100657 69 68 69 68 16|681.08 0 681.09
111 137 1 1 0 0 0 0 100660 69 68 69 68 16|681.10 0 681.11
111 137 1 1 0 0 0 0 100668 69 68 69 68 16|681.12 0 681.13
111 137 1 1 0 0 0 0 100682 69 68 69 68 16|681.14 0 681.15
111 137 1 1 0 0 0 0 100709 69 68 69 68 16|681.16 0 681.17
111 137 1 1 0 0 0 0 100720 69 68 69 68 16|681.18 0 681.19
111 137 1 1 0 0 0 0 100743 69 68 69 68 16|681.20 0 681.21
111 137 1 1 0 0 0 0 100745 69 68 69 68 16|681.23 0 681.23
111 137 1 1 0 0 0 0 100773 69 68 69 68 16|681.25 0 681.26
111 137 1 1 0 0 0 0 100787 69 68 69 68 16|681.27 0 681.28
111 137 1 1 0 0 0 0 100796 69 68 69 68 16|681.29 0 681.30
111 137 1 1 0 0 0 0 100805 69 68 69 68 16|681.31 0 681.32
111 137 1 1 0 0 0 0 100834 69 68 69 68 16|681.34 0 681.34
111 137 1 1 0 0 0 0 100872 69 68 69 68 16|681.36 0 681.37
111 137 1 1 0 0 0 0 100894 69 68 69 68 16|681.38 0 681.39
111 137 1 1 0 0 0 0 100936 69 68 69 68 16|681.41 0 681.42
111 137 1 1 0 0 0 0 100951 69 68 69 68 16|681.44 0 681.45
111 137 1 1 0 0 0 0 100955 69 68 69 68 16|681.47 0 681.47
111 137 1 1 0 0 0 0 100976 69 68 69 68 16|681.49 0 681.51
111 137 1 1 0 0 0 0 100995 69 68 69 68 16|681.52 0 681.53
111 137 1 1 0 0 0 0 101010 69 68 69 68 16|681.54 0 681.55
111 137 1 1 0 0 0 0 101035 69 68 69 68 16|681.56 0 681.57
111 137 1 1 0 0 0 0 101049 69 68 69 68 16|681.58 0 681.59
111 137 1 1 0 0 0 0 101089 69 68 69 68 16|681.61 0 681.62
111 137 1 1 0 0 0 0 101104 69 68 69 68 16|681.63 0 681.64
111 137 1 1 0 0 0 0 101125 69 68 69 68 16|681.68 0 681.69
111 137 1 1 0 0 0 0 101140 69 68 69 68 16|681.70 0 681.71
111 137 1 1 0 0 0 0 101159 69 68 69 68 16|681.73 0 681.73
111 137 1 1 0 0 0 0 101177 69 68 69 68 16|681.75 0 681.76
111 137 1 1 0 0 0 0 101198 69 68 69 68 16|681.77 0 681.78
111 137 1 1 0 0 0 0 101212 69 68 69 68 16|681.79 0 681.80
111 137 1 1 0 0 0 0 101234 69 68 69 68 16|681.81 0 681.82
111 137 1 1 0 0 0 0 101269 69 68 69 68 16|681.84 0 681.85
111 137 1 1 0 0 0 0 101289 69 68 69 68 16|681.86 0 681.87
111 137 1 1 0 0 0 0 101338 69 68 69 68 16|681.91 0 681.92
111 137 1 1 0 0 0 0 101374 69 68 69 68 16|681.94 0 681.94
111 137 1 1 0 0 0 0 101407 69 68 69 68 16|681.96 0 681.97
111 137 1 1 0 0 0 0 101449 69 68 69 68 16|681.99 0 682.00
111 137 1 1 0 0 0 0 101468 69 68 69 68 16|682.01 0 682.02
111 137 1 1 0 0 0 0 101498 69 68 69 68 16|682.03 0 682.04
111 137 1 1 0 0 0 0 101518 69 68 69 68 16|682.05 0 682.06
111 137 1 1 0 0 0 0 101535 69 68 69 68 16|682.07 0 682.08
111 137 1 1 0 0 0 0 101570 69 68 69 68 16|682.09 0 682.10
111 137 1 1 0 0 0 0 101593 69 68 69 68 16|682.11 0 682.12
111 137 1 1 0 0 0 0 101626 69 68 69 68 16|682.14 0 682.15
111 137 1 1 0 0 0 0 101661 69 68 69 68 16|682.17 0 682.17
111 137 1 1 0 0 0 0 101673 69 68 69 68 16|682.20 0 682.21
111 137 1 1 0 0 0 0 101695 69 68 69 68 16|682.23 0 682.24
111 137 1 1 0 0 0 0 101699 69 68 69 68 16|682.27 0 682.29
111 137 1 1 0 0 0 0 101738 69 68 69 68 16|682.33 0 682.34
111 137 1 1 0 0 0 0 101751 69 68 69 68 16|682.35 0 682.36
111 137 1 1 0 0 0 0 101803 69 68 69 68 16|682.39 0 682.40
111 137 1 1 0 0 0 0 101860 69 68 69 68 16|682.44 0 682.45
111 137 1 1 0 0 0 0 101883 69 68 69 68 16|682.46 0 682.47
111 137 1 1 0 0 0 0 101911 69 68 69 68 16|682.49 0 682.49
111 137 1 1 0 0 0 0 101935 69 68 69 68 16|682.51 0 682.51
111 137 1 1 0 0 0 0 101971 69 68 69 68 16|682.53 0 682.53
111 137 1 1 0 0 0 0 101981 69 68 69 68 16|682.55 0 682.56
111 137 1 1 0 0 0 0 102007 69 68 69 68 16|682.57 0 682.58
111 137 1 1 0 0 0 0 102033 69 68 69 68 16|682.61 0 682.62
111 137 1 1 0 0 0 0 102075 69 68 69 68 16|682.65 0 682.67
111 137 1 1 0 0 0 0 102101 69 68 69 68 16|682.69 0 682.69
111 137 1 1 0 0 0 0 102129 69 68 69 68 16|682.72 0 682.73
111 137 1 1 0 0 0 0 102148 69 68 69 68 16|682.74 0 682.75
111 137 1 1 0 0 0 0 102182 69 68 69 68 16|682.78 0 682.79
111 137 1 1 0 0 0 0 102221 69 68 69 68 16|682.82 0 682.83
111 137 1 1 0 0 0 0 102250 69 68 69 68 16|682.85 0 682.86
111 137 1 1 0 0 0 0 102282 69 68 69 68 16|682.88 0 682.89
111 137 1 1 0 0 0 0 102329 69 68 69 68 16|682.91 0 682.93
111 137 1 1 0 0 0 0 102350 69 68 69 68 16|682.94 0 682.95
111 137 1 1 0 0 0 0 102378 69 68 69 68 16|682.96 0 682.97
111 137 1 1 0 0 0 0 102402 69 68 69 68 16|682.98 0 682.99
111 137 1 1 0 0 0 0 102422 69 68 69 68 16|683.00 0 683.01
111 137 1 1 0 0 0 0 102449 69 68 69 68 16|683.03 0 683.03
111 137 1 1 0 0 0 0 102485 69 68 69 68 16|683.05 0 683.06
111 137 1 1 0 0 0 0 102488 69 68 69 68 16|683.07 0 683.08
111 137 1 1 0 0 0 0 102519 69 68 69 68 16|683.09 0 683.10
111 137 1 1 0 0 0 0 102546 69 68 69 68 16|683.12 0 683.13
111 137 1 1 0 0 0 0 102572 69 68 69 68 16|683.14 0 683.15
111 137 1 1 0 0 0 0 102601 69 68 69 68 16|683.16 0 683.17
111 137 1 1 0 0 0 0 102634 69 68 69 68 16|683.19 0 683.21
111 137 1 1 0 0 0 0 102685 69 68 69 68 16|683.24 0 683.26
111 137 1 1 0 0 0 0 102737 69 68 69 68 16|683.28 0 683.29
111 137 1 1 0 0 0 0 102748 69 68 69 68 16|683.30 0 683.31
111 137 1 1 0 0 0 0 102777 69 68 69 68 16|683.32 0 683.33
111 137 1 1 0 0 0 0 102792 69 68 69 68 16|683.34 0 683.35
111 137 1 1 0 0 0 0 102816 69 68 69 68 16|683.36 0 683.37
111 137 1 1 0 0 0 0 102837 69 68 69 68 16|683.38 0 683.39
111 137 1 1 0 0 0 0 102863 69 68 69 68 16|683.40 0 683.41
111 137 1 1 0 0 0 0 102887 69 68 69 68 16|683.42 0 683.43
111 137 1 1 0 0 0 0 102914 69 68 69 68 16|683.44 0 683.45
111 137 1 1 0 0 0 0 102916 69 68 69 68 16|683.50 0 683.52
111 137 1 1 0 0 0 0 102936 69 68 69 68 16|683.53 0 683.54
111 137 1 1 0 0 0 0 102949 69 68 69 68 16|683.55 0 683.56
111 137 1 1 0 0 0 0 102962 69 68 69 68 16|683.57 0 683.58
111 137 1 1 0 0 0 0 102965 69 68 69 68 16|683.59 0 683.60
111 137 1 1 0 0 0 0 102972 69 68 69 68 16|683.62 0 683.63
111 137 1 1 0 0 0 0 102990 69 68 69 68 16|683.65 0 683.65
111 137 1 1 0 0 0 0 103006 69 68 69 68 16|683.69 0 683.70
111 137 1 1 0 0 0 0 103025 69 68 69 68 16|683.72 0 683.73
111 137 1 1 0 0 0 0 103029 69 68 69 68 16|683.75 0 683.75
111 137 1 1 0 0 0 0 103044 69 68 69 68 16|683.78 0 683.78
111 137 1 1 0 0 0 0 103061 69 68 69 68 16|683.80 0 683.81
111 137 1 1 0 0 0 0 103065 69 68 69 68 16|683.83 0 683.84
111 137 1 1 0 0 0 0 103085 69 68 69 68 16|683.85 0 683.86
111 137 1 1 0 0 0 0 103098 69 68 69 68 16|683.88 0 683.89
111 137 1 1 0 0 0 0 103106 69 68 69 68 16|683.90 0 683.91
111 137 1 1 0 0 0 0 103121 69 68 69 68 16|683.92 0 683.93
111 137 1 1 0 0 0 0 103142 69 68 69 68 16|683.95 0 683.97
111 137 1 1 0 0 0 0 103148 69 68 69 68 16|683.98 0 683.99
111 137 1 1 0 0 0 0 103163 69 68 69 68 16|684.00 0 684.01
111 137 1 1 0 0 0 0 103169 69 68 69 68 16|684.02 0 684.03
111 137 1 1 0 0 0 0 103189 69 68 69 68 16|684.04 0 684.05
111 137 1 1 0 0 0 0 103220 69 68 69 68 16|684.08 0 684.10
111 137 1 1 0 0 0 0 103250 69 68 69 68 16|684.11 0 684.12
111 137 1 1 0 0 0 0 103259 69 68 69 68 16|684.13 0 684.14
111 137 1 1 0 0 0 0 103276 69 68 69 68 16|684.16 0 684.16
111 137 1 1 0 0 0 0 103289 69 68 69 68 16|684.18 0 684.18
111 137 1 1 0 0 0 0 103313 69 68 69 68 16|684.20 0 684.21
111 137 1 1 0 0 0 0 103324 69 68 69 68 16|684.22 0 684.23
111 137 1 1 0 0 0 0 103341 69 68 69 68 16|684.24 0 684.25
111 137 1 1 0 0 0 0 103357 69 68 69 68 16|684.26 0 684.27
111 137 1 1 0 0 0 0 103378 69 68 69 68 16|684.28 0 684.29
111 137 1 1 0 0 0 0 103414 69 68 69 68 16|684.31 0 684.32
111 137 1 1 0 0 0 0 103459 69 68 69 68 16|684.35 0 684.36
111 137 1 1 0 0 0 0 103492 69 68 69 68 16|684.39 0 684.40
111 137 1 1 0 0 0 0 103528 69 68 69 68 16|684.42 0 684.43
111 137 1 1 0 0 0 0 103589 69 68 69 68 16|684.46 0 684.48
111 137 1 1 0 0 0 0 103621 69 68 69 68 16|684.49 0 684.50
111 137 1 1 0 0 0 0 103649 69 68 69 68 16|684.51 0 684.52
111 137 1 1 0 0 0 0 103664 69 68 69 68 16|684.54 0 684.54
111 137 1 1 0 0 0 0 103701 69 68 69 68 16|684.56 0 684.57
111 137 1 1 0 0 0 0 103722 69 68 69 68 16|684.58 0 684.59
111 137 1 1 0 0 0 0 103744 69 68 69 68 16|684.60 0 684.61
111 137 1 1 0 0 0 0 103771 69 68 69 68 16|684.63 0 684.63
111 137 1 1 0 0 0 0 103800 69 68 69 68 16|684.65 0 684.66
111 137 1 1 0 0 0 0 103821 69 68 69 68 16|684.67 0 684.68
111 137 1 1 0 0 0 0 103845 69 68 69 68 16|684.69 0 684.70
111 137 1 1 0 0 0 0 103868 69 68 69 68 16|684.71 0 684.72
111 137 1 1 0 0 0 0 103920 69 68 69 68 16|684.75 0 684.77
111 137 1 1 0 0 0 0 103970 69 68 69 68 16|684.80 0 684.82
111 137 1 1 0 0 0 0 104002 69 68 69 68 16|684.83 0 684.84
111 137 1 1 0 0 0 0 104029 69 68 69 68 16|684.85 0 684.86
111 137 1 1 0 0 0 0 104042 69 68 69 68 16|684.87 0 684.88
111 137 1 1 0 0 0 0 104070 69 68 69 68 16|684.89 0 684.90
111 137 1 1 0 0 0 0 104119 69 68 69 68 16|684.92 0 684.93
111 137 1 1 0 0 0 0 104140 69 68 69 68 16|684.94 0 684.95
111 137 1 1 0 0 0 0 104160 69 68 69 68 16|684.96 0 684.97
111 137 1 1 0 0 0 0 104179 69 68 69 68 16|684.98 0 684.99
111 137 1 1 0 0 0 0 104208 69 68 69 68 16|685.02 0 685.03
111 137 1 1 0 0 0 0 104232 69 68 69 68 16|685.04 0 685.05
111 137 1 1 0 0 0 0 104258 69 68 69 68 16|685.06 0 685.07
111 137 1 1 0 0 0 0 104281 69 68 69 68 16|685.08 0 685.09
111 137 1 1 0 0 0 0 104291 69 68 69 68 16|685.10 0 685.11
111 137 1 1 0 0 0 0 104342 69 68 69 68 16|685.14 0 685.15
111 137 1 1 0 0 0 0 104380 69 68 69 68 16|685.16 0 685.18
111 137 1 1 0 0 0 0 104410 69 68 69 68 16|685.19 0 685.20
111 137 1 1 0 0 0 0 104429 69 68 69 68 16|685.22 0 685.22
111 137 1 1 0 0 0 0 104452 69 68 69 68 16|685.24 0 685.24
111 137 1 1 0 0 0 0 104474 69 68 69 68 16|685.26 0 685.27
111 137 1 1 0 0 0 0 104505 69 68 69 68 16|685.28 0 685.29
111 137 1 1 0 0 0 0 104522 69 68 69 68 16|685.30 0 685.31
111 137 1 1 0 0 0 0 104544 69 68 69 68 16|685.33 0 685.34
111 137 1 1 0 0 0 0 104565 69 68 69 68 16|685.35 0 685.36
111 137 1 1 0 0 0 0 104585 69 68 69 68 16|685.37 0 685.38
111 137 1 1 0 0 0 0 104597 69 68 69 68 16|685.40 0 685.41
111 137 1 1 0 0 0 0 104614 69 68 69 68 16|685.43 0 685.44
111 137 1 1 0 0 0 0 104630 69 68 69 68 16|685.47 0 685.48
111 137 1 1 0 0 0 0 104638 69 68 69 68 16|685.49 0 685.50
111 137 1 1 0 0 0 0 104654 69 68 69 68 16|685.51 0 685.52
111 137 1 1 0 0 0 0 104661 69 68 69 68 16|685.54 0 685.54
111 137 1 1 0 0 0 0 104674 69 68 69 68 16|685.56 0 685.57
111 137 1 1 0 0 0 0 104697 69 68 69 68 16|685.60 0 685.61
111 137 1 1 0 0 0 0 104704 69 68 69 68 16|685.62 0 685.63
111 137 1 1 0 0 0 0 104723 69 68 69 68 16|685.66 0 685.67
111 137 1 1 0 0 0 0 104742 69 68 69 68 16|685.70 0 685.70
111 137 1 1 0 0 0 0 104754 69 68 69 68 16|685.72 0 685.73
111 137 1 1 0 0 0 0 104777 69 68 69 68 16|685.76 0 685.77
111 137 1 1 0 0 0 0 104783 69 68 69 68 16|685.78 0 685.79
111 137 1 1 0 0 0 0 104806 69 68 69 68 16|685.80 0 685.81
111 137 1 1 0 0 0 0 104822 69 68 69 68 16|685.83 0 685.85
111 137 1 1 0 0 0 0 104840 69 68 69 68 16|685.87 0 685.87
111 137 1 1 0 0 0 0 104851 69 68 69 68 16|685.90 0 685.91
111 137 1 1 0 0 0 0 104870 69 68 69 68 16|685.92 0 685.93
111 137 1 1 0 0 0 0 104874 69 68 69 68 16|685.94 0 685.95
111 137 1 1 0 0 0 0 104887 69 68 69 68 16|685.96 0 685.97
111 137 1 1 0 0 0 0 104898 69 68 69 68 16|685.98 0 685.99
111 137 1 1 0 0 0 0 104911 69 68 69 68 16|686.00 0 686.01
111 137 1 1 0 0 0 0 104922 69 68 69 68 16|686.02 0 686.03
111 137 1 1 0 0 0 0 104939 69 68 69 68 16|686.04 0 686.05
111 137 1 1 0 0 0 0 104941 69 68 69 68 16|686.06 0 686.06
111 137 1 1 0 0 0 0 104948 69 68 69 68 16|686.08 0 686.08
111 137 1 1 0 0 0 0 104962 69 68 69 68 16|686.10 0 686.10
111 137 1 1 0 0 0 0 104984 69 68 69 68 16|686.12 0 686.12
111 137 1 1 0 0 0 0 104991 69 68 69 68 16|686.14 0 686.15
111 137 1 1 0 0 0 0 105016 69 68 69 68 16|686.16 0 686.17
111 137 1 1 0 0 0 0 105022 69 68 69 68 16|686.18 0 686.19
111 137 1 1 0 0 0 0 105034 69 68 69 68 16|686.20 0 686.21
111 137 1 1 0 0 0 0 105052 69 68 69 68 16|686.23 0 686.25
111 137 1 1 0 0 0 0 105061 69 68 69 68 16|686.26 0 686.27
111 137 1 1 0 0 0 0 105085 69 68 69 68 16|686.29 0 686.30
111 137 1 1 0 0 0 0 105102 69 68 69 68 16|686.31 0 686.32
111 137 1 1 0 0 0 0 105107 69 68 69 68 16|686.34 0 686.34
111 137 1 1 0 0 0 0 105129 69 68 69 68 16|686.36 0 686.36
111 137 1 1 0 0 0 0 105134 69 68 69 68 16|686.37 0 686.38
111 137 1 1 0 0 0 0 105143 69 68 69 68 16|686.39 0 686.40
111 137 1 1 0 0 0 0 105155 69 68 69 68 16|686.41 0 686.42
111 137 1 1 0 0 0 0 105178 69 68 69 68 16|686.44 0 686.44
111 137 1 1 0 0 0 0 105182 69 68 69 68 16|686.46 0 686.46
111 137 1 1 0 0 0 0 105184 69 68 69 68 16|686.54 0 686.55
111 137 1 1 0 0 0 0 105187 69 68 69 68 16|686.57 0 686.57
111 137 1 1 0 0 0 0 105192 69 68 69 68 16|686.61 0 686.61
111 137 1 1 0 0 0 0 105197 69 68 69 68 16|686.67 0 686.68
111 137 1 1 0 0 0 0 105213 69 68 69 68 16|686.75 0 686.76
111 137 1 1 0 0 0 0 105221 69 68 69 68 16|686.78 0 686.78
111 137 1 1 0 0 0 0 105242 69 68 69 68 16|686.80 0 686.80
111 137 1 1 0 0 0 0 105275 69 68 69 68 16|686.84 0 686.86
111 137 1 1 0 0 0 0 105282 69 68 69 68 16|686.87 0 686.88
111 137 1 1 0 0 0 0 105297 69 68 69 68 16|686.89 0 686.90
111 137 1 1 0 0 0 0 105320 69 68 69 68 16|686.92 0 686.93
111 137 1 1 0 0 0 0 105337 69 68 69 68 16|686.94 0 686.95
111 137 1 1 0 0 0 0 105361 69 68 69 68 16|686.96 0 686.97
111 137 1 1 0 0 0 0 105387 69 68 69 68 16|687.00 0 687.01
111 137 1 1 0 0 0 0 105393 69 68 69 68 16|687.02 0 687.03
111 137 1 1 0 0 0 0 105403 69 68 69 68 16|687.04 0 687.05
111 137 1 1 0 0 0 0 105409 69 68 69 68 16|687.06 0 687.07
111 137 1 1 0 0 0 0 105415 69 68 69 68 16|687.08 0 687.09
111 137 1 1 0 0 0 0 105424 69 68 69 68 16|687.10 0 687.11
111 137 1 1 0 0 0 0 105437 69 68 69 68 16|687.13 0 687.14
111 137 1 1 0 0 0 0 105449 69 68 69 68 16|687.15 0 687.16
111 137 1 1 0 0 0 0 105452 69 68 69 68 16|687.18 0 687.18
111 137 1 1 0 0 0 0 105465 69 68 69 68 16|687.20 0 687.21
111 137 1 1 0 0 0 0 105482 69 68 69 68 16|687.23 0 687.23
111 137 1 1 0 0 0 0 105502 69 68 69 68 16|687.25 0 687.26
111 137 1 1 0 0 0 0 105509 69 68 69 68 16|687.27 0 687.28
111 137 1 1 0 0 0 0 105522 69 68 69 68 16|687.30 0 687.31
111 137 1 1 0 0 0 0 105549 69 68 69 68 16|687.32 0 687.33
111 137 1 1 0 0 0 0 105563 69 68 69 68 16|687.35 0 687.36
111 137 1 1 0 0 0 0 105579 69 68 69 68 16|687.37 0 687.38
111 137 1 1 0 0 0 0 105601 69 68 69 68 16|687.39 0 687.40
111 137 1 1 0 0 0 0 105621 69 68 69 68 16|687.42 0 687.42
111 137 1 1 0 0 0 0 105651 69 68 69 68 16|687.44 0 687.45
111 137 1 1 0 0 0 0 105668 69 68 69 68 16|687.46 0 687.47
111 137 1 1 0 0 0 0 105702 69 68 69 68 16|687.51 0 687.52
111 137 1 1 0 0 0 0 105739 69 68 69 68 16|687.55 0 687.57
111 137 1 1 0 0 0 0 105748 69 68 69 68 16|687.58 0 687.59
111 137 1 1 0 0 0 0 105782 69 68 69 68 16|687.61 0 687.62
111 137 1 1 0 0 0 0 105791 69 68 69 68 16|687.63 0 687.64
111 137 1 1 0 0 0 0 105809 69 68 69 68 16|687.65 0 687.66
111 137 1 1 0 0 0 0 105842 69 68 69 68 16|687.68 0 687.69
111 137 1 1 0 0 0 0 105870 69 68 69 68 16|687.72 0 687.74
111 137 1 1 0 0 0 0 105897 69 68 69 68 16|687.76 0 687.77
111 137 1 1 0 0 0 0 105917 69 68 69 68 16|687.78 0 687.79
111 137 1 1 0 0 0 0 105949 69 68 69 68 16|687.81 0 687.82
111 137 1 1 0 0 0 0 105960 69 68 69 68 16|687.84 0 687.85
111 137 1 1 0 0 0 0 105961 69 68 69 68 16|687.86 0 687.87
111 137 1 1 0 0 0 0 105962 69 68 69 68 16|687.88 0 687.89
111 137 1 1 0 0 0 0 105974 69 68 69 68 16|687.90 0 687.91
111 137 1 1 0 0 0 0 105998 69 68 69 68 16|687.93 0 687.94
111 137 1 1 0 0 0 0 106009 69 68 69 68 16|687.95 0 687.96
111 137 1 1 0 0 0 0 106036 69 68 69 68 16|687.97 0 687.98
111 137 1 1 0 0 0 0 106062 69 68 69 68 16|688.00 0 688.01
111 137 1 1 0 0 0 0 106076 69 68 69 68 16|688.02 0 688.03
111 137 1 1 0 0 0 0 106106 69 68 69 68 16|688.04 0 688.05
111 137 1 1 0 0 0 0 106115 69 68 69 68 16|688.06 0 688.07
111 137 1 1 0 0 0 0 106140 69 68 69 68 16|688.08 0 688.09
111 137 1 1 0 0 0 0 106152 69 68 69 68 16|688.10 0 688.11
111 137 1 1 0 0 0 0 106161 69 68 69 68 16|688.12 0 688.13
111 137 1 1 0 0 0 0 106169 69 68 69 68 16|688.14 0 688.15
111 137 1 1 0 0 0 0 106180 69 68 69 68 16|688.17 0 688.18
111 137 1 1 0 0 0 0 106185 69 68 69 68 16|688.19 0 688.20
111 137 1 1 0 0 0 0 106192 69 68 69 68 16|688.25 0 688.26
111 137 1 1 0 0 0 0 106214 69 68 69 68 16|688.27 0 688.28
111 137 1 1 0 0 0 0 106223 69 68 69 68 16|688.29 0 688.30
111 137 1 1 0 0 0 0 106233 69 68 69 68 16|688.32 0 688.33
111 137 1 1 0 0 0 0 106254 69 68 69 68 16|688.35 0 688.36
111 137 1 1 0 0 0 0 106267 69 68 69 68 16|688.38 0 688.39
111 137 1 1 0 0 0 0 106285 69 68 69 68 16|688.40 0 688.41
111 137 1 1 0 0 0 0 106302 69 68 69 68 16|688.42 0 688.43
111 137 1 1 0 0 0 0 106320 69 68 69 68 16|688.44 0 688.45
111 137 1 1 0 0 0 0 106332 69 68 69 68 16|688.46 0 688.47
111 137 1 1 0 0 0 0 106349 69 68 69 68 16|688.49 0 688.50
111 137 1 1 0 0 0 0 106373 69 68 69 68 16|688.51 0 688.52
111 137 1 1 0 0 0 0 106375 69 68 69 68 16|688.53 0 688.54
111 137 1 1 0 0 0 0 106383 69 68 69 68 16|688.55 0 688.56
111 137 1 1 0 0 0 0 106394 69 68 69 68 16|688.57 0 688.58
111 137 1 1 0 0 0 0 106411 69 68 69 68 16|688.59 0 688.60
111 137 1 1 0 0 0 0 106424 69 68 69 68 16|688.61 0 688.62
111 137 1 1 0 0 0 0 106437 69 68 69 68 16|688.63 0 688.64
111 137 1 1 0 0 0 0 106442 69 68 69 68 16|688.66 0 688.66
111 137 1 1 0 0 0 0 106456 69 68 69 68 16|688.69 0 688.69
111 137 1 1 0 0 0 0 106462 69 68 69 68 16|688.71 0 688.71
111 137 1 1 0 0 0 0 106477 69 68 69 68 16|688.73 0 688.74
111 137 1 1 0 0 0 0 106491 69 68 69 68 16|688.76 0 688.76
111 137 1 1 0 0 0 0 106497 69 68 69 68 16|688.78 0 688.79
111 137 1 1 0 0 0 0 106506 69 68 69 68 16|688.80 0 688.81
111 137 1 1 0 0 0 0 106514 69 68 69 68 16|688.82 0 688.83
111 137 1 1 0 0 0 0 106522 69 68 69 68 16|688.84 0 688.85
111 137 1 1 0 0 0 0 106548 69 68 69 68 16|688.88 0 688.90
111 137 1 1 0 0 0 0 106567 69 68 69 68 16|688.92 0 688.93
111 137 1 1 0 0 0 0 106589 69 68 69 68 16|688.97 0 688.99
111 137 1 1 0 0 0 0 106607 69 68 69 68 16|689.02 0 689.04
111 137 1 1 0 0 0 0 106640 69 68 69 68 16|689.08 0 689.09
111 137 1 1 0 0 0 0 106655 69 68 69 68 16|689.11 0 689.11
111 137 1 1 0 0 0 0 106678 69 68 69 68 16|689.13 0 689.14
111 137 1 1 0 0 0 0 106696 69 68 69 68 16|689.16 0 689.16
111 137 1 1 0 0 0 0 106706 69 68 69 68 16|689.18 0 689.19
111 137 1 1 0 0 0 0 106723 69 68 69 68 16|689.20 0 689.21
111 137 1 1 0 0 0 0 106744 69 68 69 68 16|689.22 0 689.23
111 137 1 1 0 0 0 0 106780 69 68 69 68 16|689.24 0 689.25
111 137 1 1 0 0 0 0 106825 69 68 69 68 16|689.29 0 689.30
111 137 1 1 0 0 0 0 106840 69 68 69 68 16|689.31 0 689.32
111 137 1 1 0 0 0 0 106867 69 68 69 68 16|689.33 0 689.33
111 137 1 1 0 0 0 0 106884 69 68 69 68 16|689.35 0 689.35
111 137 1 1 0 0 0 0 106905 69 68 69 68 16|689.37 0 689.37
111 137 1 1 0 0 0 0 106921 69 68 69 68 16|689.38 0 689.39
111 137 1 1 0 0 0 0 106951 69 68 69 68 16|689.40 0 689.41
111 137 1 1 0 0 0 0 106959 69 68 69 68 16|689.42 0 689.43
111 137 1 1 0 0 0 0 106992 69 68 69 68 16|689.44 0 689.44
111 137 1 1 0 0 0 0 106997 69 68 69 68 16|689.46 0 689.46
111 137 1 1 0 0 0 0 107024 69 68 69 68 16|689.48 0 689.48
111 137 1 1 0 0 0 0 107037 69 68 69 68 16|689.50 0 689.51
111 137 1 1 0 0 0 0 107065 69 68 69 68 16|689.52 0 689.53
111 137 1 1 0 0 0 0 107067 69 68 69 68 16|689.54 0 689.55
111 137 1 1 0 0 0 0 107087 69 68 69 68 16|689.57 0 689.58
111 137 1 1 0 0 0 0 107092 69 68 69 68 16|689.59 0 689.60
111 137 1 1 0 0 0 0 107112 69 68 69 68 16|689.62 0 689.63
111 137 1 1 0 0 0 0 107136 69 68 69 68 16|689.64 0 689.65
111 137 1 1 0 0 0 0 107148 69 68 69 68 16|689.66 0 689.67
111 137 1 1 0 0 0 0 107164 69 68 69 68 16|689.68 0 689.69
111 137 1 1 0 0 0 0 107178 69 68 69 68 16|689.70 0 689.71
111 137 1 1 0 0 0 0 107197 69 68 69 68 16|689.72 0 689.73
111 137 1 1 0 0 0 0 107205 69 68 69 68 16|689.74 0 689.75
111 137 1 1 0 0 0 0 107226 69 68 69 68 16|689.76 0 689.77
111 137 1 1 0 0 0 0 107249 69 68 69 68 16|689.78 0 689.79
111 137 1 1 0 0 0 0 107258 69 68 69 68 16|689.80 0 689.80
111 137 1 1 0 0 0 0 107273 69 68 69 68 16|689.82 0 689.82
111 137 1 1 0 0 0 0 107278 69 68 69 68 16|689.83 0 689.84
111 137 1 1 0 0 0 0 107298 69 68 69 68 16|689.85 0 689.86
111 137 1 1 0 0 0 0 107305 69 68 69 68 16|689.87 0 689.88
111 137 1 1 0 0 0 0 107329 69 68 69 68 16|689.89 0 689.90
111 137 1 1 0 0 0 0 107333 69 68 69 68 16|689.91 0 689.91
111 137 1 1 0 0 0 0 107351 69 68 69 68 16|689.93 0 689.93
111 137 1 1 0 0 0 0 107358 69 68 69 68 16|689.95 0 689.95
111 137 1 1 0 0 0 0 107379 69 68 69 68 16|689.97 0 689.97
111 137 1 1 0 0 0 0 107383 69 68 69 68 16|689.99 0 689.99
111 137 1 1 0 0 0 0 107407 69 68 69 68 16|690.01 0 690.02
111 137 1 1 0 0 0 0 107413 69 68 69 68 16|690.03 0 690.04
111 137 1 1 0 0 0 0 107435 69 68 69 68 16|690.05 0 690.06
111 137 1 1 0 0 0 0 107453 69 68 69 68 16|690.07 0 690.08
111 137 1 1 0 0 0 0 107463 69 68 69 68 16|690.09 0 690.10
111 137 1 1 0 0 0 0 107484 69 68 69 68 16|690.12 0 690.13
111 137 1 1 0 0 0 0 107498 69 68 69 68 16|690.14 0 690.15
111 137 1 1 0 0 0 0 107527 69 68 69 68 16|690.16 0 690.17
111 137 1 1 0 0 0 0 107545 69 68 69 68 16|690.18 0 690.19
111 137 1 1 0 0 0 0 107561 69 68 69 68 16|690.20 0 690.21
111 137 1 1 0 0 0 0 107590 69 68 69 68 16|690.23 0 690.23
111 137 1 1 0 0 0 0 107625 69 68 69 68 16|690.25 0 690.26
111 137 1 1 0 0 0 0 107643 69 68 69 68 16|690.28 0 690.29
111 137 1 1 0 0 0 0 107665 69 68 69 68 16|690.30 0 690.31
111 137 1 1 0 0 0 0 107693 69 68 69 68 16|690.32 0 690.33
111 137 1 1 0 0 0 0 107713 69 68 69 68 16|690.34 0 690.35
111 137 1 1 0 0 0 0 107734 69 68 69 68 16|690.36 0 690.37
111 137 1 1 0 0 0 0 107741 69 68 69 68 16|690.40 0 690.42
111 138 1 1 0 0 0 0 107741 69 69 69 69 16|691.63 0 691.64
112 138 0 0 0 0 0 1 107741 69 69 69 69 16|691.96 7 691.97
113 138 1 1 0 0 0 0 107742 69 69 69 69 16|692.87 0 692.88
113 139 1 1 0 0 0 0 107742 70 69 70 69 16|692.99 0 693.00
113 140 1 1 0 0 0 0 107742 70 70 70 70 16|694.22 0 694.23
113 141 1 1 0 0 0 0 107742 71 70 71 70 16|694.24 0 694.25
113 141 1 1 0 0 0 0 107743 71 70 71 70 16|694.35 0 694.36
113 142 1 1 0 0 0 0 107743 71 71 71 71 16|695.48 0 695.49
114 142 0 0 0 0 0 1 107743 71 71 71 71 16|695.87 6 695.89
115 143 1 1 0 0 0 0 107743 72 71 72 71 16|696.31 0 696.32
115 143 1 1 0 0 0 0 107744 72 71 72 71 16|696.40 0 696.41
115 144 1 1 0 0 0 0 107744 72 72 72 72 16|697.55 0 697.56
115 144 1 1 0 0 0 0 107747 72 72 72 72 16|698.01 0 698.03
115 145 1 1 0 0 0 0 107747 73 72 73 72 16|698.09 0 698.10
115 146 1 1 0 0 0 0 107747 73 73 73 73 16|699.36 0 699.36
116 146 0 0 0 0 0 1 107747 73 73 73 73 16|699.40 6 699.41
117 147 1 1 0 0 0 0 107747 74 73 74 73 16|699.81 0 699.82
117 147 1 1 0 0 0 0 107755 74 73 74 73 16|699.87 0 699.88
117 147 1 1 0 0 0 0 107756 74 73 74 73 16|699.99 0 700.00
117 147 1 1 0 0 0 0 107764 74 73 74 73 16|700.03 0 700.04
117 147 1 1 0 0 0 0 107765 74 73 74 73 16|700.07 0 700.08
117 147 1 1 0 0 0 0 107766 74 73 74 73 16|700.09 0 700.10
117 147 1 1 0 0 0 0 107771 74 73 74 73 16|700.11 0 700.12
117 147 1 1 0 0 0 0 107778 74 73 74 73 16|700.13 0 700.14
117 147 1 1 0 0 0 0 107792 74 73 74 73 16|700.15 0 700.16
117 147 1 1 0 0 0 0 107800 74 73 74 73 16|700.19 0 700.20
117 147 1 1 0 0 0 0 107802 74 73 74 73 16|700.22 0 700.23
117 147 1 1 0 0 0 0 107823 74 73 74 73 16|700.24 0 700.25
117 147 1 1 0 0 0 0 107837 74 73 74 73 16|700.27 0 700.28
117 147 1 1 0 0 0 0 107838 74 73 74 73 16|700.29 0 700.30
117 147 1 1 0 0 0 0 107850 74 73 74 73 16|700.31 0 700.32
117 147 1 1 0 0 0 0 107853 74 73 74 73 16|700.36 0 700.36
117 147 1 1 0 0 0 0 107855 74 73 74 73 16|700.57 0 700.58
117 147 1 1 0 0 0 0 107857 74 73 74 73 16|700.60 0 700.61
117 147 1 1 0 0 0 0 107860 74 73 74 73 16|700.62 0 700.63
117 147 1 1 0 0 0 0 107863 74 73 74 73 16|700.69 0 700.70
117 147 1 1 0 0 0 0 107865 74 73 74 73 16|700.71 0 700.72
117 147 1 1 0 0 0 0 107869 74 73 74 73 16|700.73 0 700.74
117 147 1 1 0 0 0 0 107886 74 73 74 73 16|700.78 0 700.80
117 147 1 1 0 0 0 0 107911 74 73 74 73 16|700.82 0 700.83
117 147 1 1 0 0 0 0 107919 74 73 74 73 16|700.84 0 700.85
117 147 1 1 0 0 0 0 107928 74 73 74 73 16|700.87 0 700.87
117 147 1 1 0 0 0 0 107935 74 73 74 73 16|701.51 0 701.51
117 147 1 1 0 0 0 0 107936 74 73 74 73 16|701.66 0 701.67
117 147 1 1 0 0 0 0 107942 74 73 74 73 16|702.50 0 702.51
117 147 1 1 0 0 0 0 107944 74 73 74 73 16|702.64 0 702.65
118 148 0 0 0 0 0 1 107944 74 74 74 74 16|703.91 17 703.92
119 149 1 1 0 0 0 1 107944 75 74 75 74 16|704.41 0 704.42
119 149 1 1 0 0 0 0 107944 75 74 75 74 16|704.43 0 704.44
119 149 1 1 0 0 0 0 107945 75 74 75 74 16|704.52 0 704.53
119 149 1 1 0 0 0 0 107946 75 74 75 74 16|705.35 0 705.36
119 149 1 1 0 0 0 0 107947 75 74 75 74 16|705.48 0 705.49
120 150 0 0 0 0 0 1 107947 75 75 75 75 16|706.73 25 706.75
121 151 1 1 0 0 0 0 107947 76 75 76 75 16|709.47 0 709.48
121 151 1 1 0 0 0 0 107948 76 75 76 75 16|709.69 0 709.69
121 152 1 1 0 0 0 0 107948 76 76 76 76 16|710.94 0 710.94
122 152 0 0 0 0 0 1 107948 76 76 76 76 16|711.70 14 711.71
123 152 1 1 0 0 0 0 107950 76 76 76 76 16|714.50 0 714.51
123 153 1 1 0 0 0 0 107950 77 76 77 76 16|714.63 0 714.64
123 153 1 1 0 0 0 0 107951 77 76 77 76 16|714.72 0 714.73
123 154 1 1 0 0 0 0 107951 77 77 77 77 16|715.88 0 715.89
124 154 0 0 0 0 0 1 107951 77 77 77 77 16|716.50 1 716.51
125 155 1 1 0 0 0 0 107951 78 77 78 77 16|719.43 0 719.44
125 155 1 1 0 0 0 0 107952 78 77 78 77 16|719.54 0 719.55
125 155 1 1 0 0 0 0 107963 78 77 78 77 16|719.62 0 719.63
125 155 1 1 0 0 0 0 107964 78 77 78 77 16|719.70 0 719.70
125 155 1 1 0 0 0 0 107965 78 77 78 77 16|720.34 0 720.35
125 155 1 1 0 0 0 0 107969 78 77 78 77 16|720.36 0 720.36
125 155 1 1 0 0 0 0 107974 78 77 78 77 16|720.38 0 720.38
125 155 1 1 0 0 0 0 107975 78 77 78 77 16|720.40 0 720.40
125 155 1 1 0 0 0 0 107984 78 77 78 77 16|720.43 0 720.44
125 155 1 1 0 0 0 0 107985 78 77 78 77 16|720.47 0 720.48
125 155 1 1 0 0 0 0 107986 78 77 78 77 16|720.49 0 720.50
125 155 1 1 0 0 0 0 107997 78 77 78 77 16|720.51 0 720.52
125 155 1 1 0 0 0 0 108015 78 77 78 77 16|720.53 0 720.54
125 155 1 1 0 0 0 0 108017 78 77 78 77 16|720.55 0 720.56
125 155 1 1 0 0 0 0 108025 78 77 78 77 16|720.59 0 720.60
125 155 1 1 0 0 0 0 108037 78 77 78 77 16|720.62 0 720.63
125 155 1 1 0 0 0 0 108060 78 77 78 77 16|720.64 0 720.65
125 155 1 1 0 0 0 0 108073 78 77 78 77 16|720.66 0 720.67
125 155 1 1 0 0 0 0 108117 78 77 78 77 16|720.69 0 720.70
125 155 1 1 0 0 0 0 108131 78 77 78 77 16|720.72 0 720.72
125 155 1 1 0 0 0 0 108139 78 77 78 77 16|720.74 0 720.75
125 155 1 1 0 0 0 0 108169 78 77 78 77 16|720.77 0 720.78
125 155 1 1 0 0 0 0 108191 78 77 78 77 16|720.79 0 720.80
125 155 1 1 0 0 0 0 108211 78 77 78 77 16|720.82 0 720.82
125 155 1 1 0 0 0 0 108223 78 77 78 77 16|720.83 0 720.84
125 155 1 1 0 0 0 0 108232 78 77 78 77 16|720.85 0 720.86
125 155 1 1 0 0 0 0 108248 78 77 78 77 16|720.88 0 720.88
125 155 1 1 0 0 0 0 108262 78 77 78 77 16|720.90 0 720.90
125 155 1 1 0 0 0 0 108284 78 77 78 77 16|720.92 0 720.93
125 155 1 1 0 0 0 0 108316 78 77 78 77 16|720.96 0 720.98
125 155 1 1 0 0 0 0 108353 78 77 78 77 16|721.00 0 721.01
125 155 1 1 0 0 0 0 108378 78 77 78 77 16|721.02 0 721.03
125 155 1 1 0 0 0 0 108413 78 77 78 77 16|721.04 0 721.05
125 155 1 1 0 0 0 0 108430 78 77 78 77 16|721.07 0 721.08
125 155 1 1 0 0 0 0 108441 78 77 78 77 16|721.09 0 721.10
125 155 1 1 0 0 0 0 108448 78 77 78 77 16|721.11 0 721.12
125 155 1 1 0 0 0 0 108464 78 77 78 77 16|721.13 0 721.14
125 155 1 1 0 0 0 0 108480 78 77 78 77 16|721.15 0 721.16
125 155 1 1 0 0 0 0 108502 78 77 78 77 16|721.17 0 721.18
125 155 1 1 0 0 0 0 108548 78 77 78 77 16|721.20 0 721.22
125 155 1 1 0 0 0 0 108575 78 77 78 77 16|721.23 0 721.24
125 155 1 1 0 0 0 0 108587 78 77 78 77 16|721.26 0 721.27
125 155 1 1 0 0 0 0 108604 78 77 78 77 16|721.28 0 721.29
125 155 1 1 0 0 0 0 108605 78 77 78 77 16|721.30 0 721.31
125 155 1 1 0 0 0 0 108622 78 77 78 77 16|721.32 0 721.33
125 155 1 1 0 0 0 0 108625 78 77 78 77 16|721.34 0 721.35
125 155 1 1 0 0 0 0 108657 78 77 78 77 16|721.36 0 721.37
125 155 1 1 0 0 0 0 108675 78 77 78 77 16|721.38 0 721.39
125 155 1 1 0 0 0 0 108700 78 77 78 77 16|721.40 0 721.41
125 155 1 1 0 0 0 0 108734 78 77 78 77 16|721.45 0 721.45
125 155 1 1 0 0 0 0 108748 78 77 78 77 16|721.47 0 721.47
125 155 1 1 0 0 0 0 108755 78 77 78 77 16|721.49 0 721.49
125 155 1 1 0 0 0 0 108756 78 77 78 77 16|721.51 0 721.52
125 155 1 1 0 0 0 0 108788 78 77 78 77 16|721.53 0 721.54
125 155 1 1 0 0 0 0 108812 78 77 78 77 16|721.55 0 721.56
125 155 1 1 0 0 0 0 108823 78 77 78 77 16|721.57 0 721.58
125 155 1 1 0 0 0 0 108844 78 77 78 77 16|721.60 0 721.61
125 155 1 1 0 0 0 0 108862 78 77 78 77 16|721.64 0 721.65
125 155 1 1 0 0 0 0 108876 78 77 78 77 16|721.66 0 721.67
125 155 1 1 0 0 0 0 108885 78 77 78 77 16|721.69 0 721.69
125 155 1 1 0 0 0 0 108900 78 77 78 77 16|721.73 0 721.74
125 155 1 1 0 0 0 0 108919 78 77 78 77 16|721.76 0 721.77
125 155 1 1 0 0 0 0 108938 78 77 78 77 16|721.79 0 721.80
125 155 1 1 0 0 0 0 108948 78 77 78 77 16|721.82 0 721.82
125 155 1 1 0 0 0 0 108972 78 77 78 77 16|721.84 0 721.85
125 155 1 1 0 0 0 0 108977 78 77 78 77 16|721.86 0 721.87
125 155 1 1 0 0 0 0 109008 78 77 78 77 16|721.88 0 721.89
125 155 1 1 0 0 0 0 109036 78 77 78 77 16|721.92 0 721.94
125 155 1 1 0 0 0 0 109053 78 77 78 77 16|721.95 0 721.96
125 155 1 1 0 0 0 0 109067 78 77 78 77 16|721.97 0 721.98
125 155 1 1 0 0 0 0 109089 78 77 78 77 16|722.00 0 722.01
125 155 1 1 0 0 0 0 109094 78 77 78 77 16|722.02 0 722.03
125 155 1 1 0 0 0 0 109109 78 77 78 77 16|722.05 0 722.05
125 155 1 1 0 0 0 0 109112 78 77 78 77 16|722.07 0 722.07
125 155 1 1 0 0 0 0 109141 78 77 78 77 16|722.10 0 722.12
125 155 1 1 0 0 0 0 109161 78 77 78 77 16|722.13 0 722.14
125 155 1 1 0 0 0 0 109170 78 77 78 77 16|722.15 0 722.16
125 155 1 1 0 0 0 0 109190 78 77 78 77 16|722.18 0 722.20
125 155 1 1 0 0 0 0 109223 78 77 78 77 16|722.21 0 722.22
125 155 1 1 0 0 0 0 109238 78 77 78 77 16|722.23 0 722.24
125 155 1 1 0 0 0 0 109249 78 77 78 77 16|722.26 0 722.26
125 155 1 1 0 0 0 0 109262 78 77 78 77 16|722.28 0 722.28
125 155 1 1 0 0 0 0 109274 78 77 78 77 16|722.30 0 722.30
125 155 1 1 0 0 0 0 109298 78 77 78 77 16|722.32 0 722.32
125 155 1 1 0 0 0 0 109318 78 77 78 77 16|722.34 0 722.35
125 155 1 1 0 0 0 0 109357 78 77 78 77 16|722.36 0 722.37
125 155 1 1 0 0 0 0 109377 78 77 78 77 16|722.39 0 722.39
125 155 1 1 0 0 0 0 109416 78 77 78 77 16|722.42 0 722.44
125 155 1 1 0 0 0 0 109449 78 77 78 77 16|722.45 0 722.46
125 155 1 1 0 0 0 0 109476 78 77 78 77 16|722.48 0 722.49
125 155 1 1 0 0 0 0 109504 78 77 78 77 16|722.50 0 722.51
125 155 1 1 0 0 0 0 109541 78 77 78 77 16|722.54 0 722.54
125 155 1 1 0 0 0 0 109577 78 77 78 77 16|722.56 0 722.57
125 155 1 1 0 0 0 0 109613 78 77 78 77 16|722.60 0 722.61
125 155 1 1 0 0 0 0 109637 78 77 78 77 16|722.62 0 722.63
125 155 1 1 0 0 0 0 109675 78 77 78 77 16|722.65 0 722.65
125 155 1 1 0 0 0 0 109697 78 77 78 77 16|722.67 0 722.68
125 155 1 1 0 0 0 0 109729 78 77 78 77 16|722.70 0 722.72
125 155 1 1 0 0 0 0 109769 78 77 78 77 16|722.73 0 722.74
125 155 1 1 0 0 0 0 109796 78 77 78 77 16|722.76 0 722.78
125 155 1 1 0 0 0 0 109833 78 77 78 77 16|722.79 0 722.80
125 155 1 1 0 0 0 0 109857 78 77 78 77 16|722.81 0 722.82
125 155 1 1 0 0 0 0 109863 78 77 78 77 16|722.83 0 722.84
125 155 1 1 0 0 0 0 109896 78 77 78 77 16|722.86 0 722.86
125 155 1 1 0 0 0 0 109928 78 77 78 77 16|722.88 0 722.89
125 155 1 1 0 0 0 0 109934 78 77 78 77 16|722.91 0 722.92
125 155 1 1 0 0 0 0 109958 78 77 78 77 16|722.96 0 722.97
125 155 1 1 0 0 0 0 109965 78 77 78 77 16|722.99 0 723.00
125 155 1 1 0 0 0 0 109979 78 77 78 77 16|723.01 0 723.02
125 155 1 1 0 0 0 0 109990 78 77 78 77 16|723.03 0 723.04
125 155 1 1 0 0 0 0 110004 78 77 78 77 16|723.07 0 723.08
125 155 1 1 0 0 0 0 110021 78 77 78 77 16|723.09 0 723.10
125 155 1 1 0 0 0 0 110035 78 77 78 77 16|723.12 0 723.12
125 155 1 1 0 0 0 0 110042 78 77 78 77 16|723.14 0 723.15
125 155 1 1 0 0 0 0 110056 78 77 78 77 16|723.16 0 723.17
125 155 1 1 0 0 0 0 110068 78 77 78 77 16|723.18 0 723.19
125 155 1 1 0 0 0 0 110088 78 77 78 77 16|723.22 0 723.23
125 155 1 1 0 0 0 0 110107 78 77 78 77 16|723.25 0 723.26
125 155 1 1 0 0 0 0 110123 78 77 78 77 16|723.28 0 723.28
125 155 1 1 0 0 0 0 110130 78 77 78 77 16|723.30 0 723.30
125 155 1 1 0 0 0 0 110140 78 77 78 77 16|723.31 0 723.32
125 155 1 1 0 0 0 0 110154 78 77 78 77 16|723.34 0 723.35
125 155 1 1 0 0 0 0 110167 78 77 78 77 16|723.38 0 723.39
125 155 1 1 0 0 0 0 110177 78 77 78 77 16|723.40 0 723.41
125 155 1 1 0 0 0 0 110180 78 77 78 77 16|723.42 0 723.43
125 155 1 1 0 0 0 0 110217 78 77 78 77 16|723.44 0 723.45
125 155 1 1 0 0 0 0 110226 78 77 78 77 16|723.46 0 723.48
125 155 1 1 0 0 0 0 110253 78 77 78 77 16|723.50 0 723.51
125 155 1 1 0 0 0 0 110294 78 77 78 77 16|723.52 0 723.53
125 155 1 1 0 0 0 0 110309 78 77 78 77 16|723.54 0 723.55
125 155 1 1 0 0 0 0 110339 78 77 78 77 16|723.56 0 723.57
125 155 1 1 0 0 0 0 110374 78 77 78 77 16|723.59 0 723.61
125 155 1 1 0 0 0 0 110385 78 77 78 77 16|723.62 0 723.63
125 155 1 1 0 0 0 0 110418 78 77 78 77 16|723.66 0 723.67
125 155 1 1 0 0 0 0 110449 78 77 78 77 16|723.69 0 723.70
125 155 1 1 0 0 0 0 110487 78 77 78 77 16|723.72 0 723.73
125 155 1 1 0 0 0 0 110515 78 77 78 77 16|723.75 0 723.76
125 155 1 1 0 0 0 0 110545 78 77 78 77 16|723.78 0 723.78
125 155 1 1 0 0 0 0 110569 78 77 78 77 16|723.80 0 723.80
125 155 1 1 0 0 0 0 110579 78 77 78 77 16|723.82 0 723.82
125 155 1 1 0 0 0 0 110617 78 77 78 77 16|723.84 0 723.85
125 155 1 1 0 0 0 0 110637 78 77 78 77 16|723.86 0 723.87
125 155 1 1 0 0 0 0 110668 78 77 78 77 16|723.88 0 723.89
125 155 1 1 0 0 0 0 110679 78 77 78 77 16|723.90 0 723.91
125 155 1 1 0 0 0 0 110699 78 77 78 77 16|723.92 0 723.93
125 155 1 1 0 0 0 0 110720 78 77 78 77 16|723.94 0 723.95
125 155 1 1 0 0 0 0 110742 78 77 78 77 16|723.96 0 723.97
125 155 1 1 0 0 0 0 110764 78 77 78 77 16|723.98 0 723.99
125 155 1 1 0 0 0 0 110789 78 77 78 77 16|724.01 0 724.01
125 155 1 1 0 0 0 0 110799 78 77 78 77 16|724.03 0 724.03
125 155 1 1 0 0 0 0 110821 78 77 78 77 16|724.09 0 724.11
125 155 1 1 0 0 0 0 110845 78 77 78 77 16|724.12 0 724.13
125 155 1 1 0 0 0 0 110853 78 77 78 77 16|724.14 0 724.15
125 155 1 1 0 0 0 0 110879 78 77 78 77 16|724.18 0 724.19
125 155 1 1 0 0 0 0 110904 78 77 78 77 16|724.21 0 724.21
125 155 1 1 0 0 0 0 110909 78 77 78 77 16|724.23 0 724.23
125 155 1 1 0 0 0 0 110931 78 77 78 77 16|724.24 0 724.25
125 155 1 1 0 0 0 0 110946 78 77 78 77 16|724.26 0 724.27
125 155 1 1 0 0 0 0 110976 78 77 78 77 16|724.29 0 724.29
125 155 1 1 0 0 0 0 110988 78 77 78 77 16|724.30 0 724.31
125 155 1 1 0 0 0 0 111008 78 77 78 77 16|724.32 0 724.33
125 155 1 1 0 0 0 0 111026 78 77 78 77 16|724.34 0 724.35
125 155 1 1 0 0 0 0 111047 78 77 78 77 16|724.36 0 724.37
125 155 1 1 0 0 0 0 111068 78 77 78 77 16|724.38 0 724.39
125 155 1 1 0 0 0 0 111099 78 77 78 77 16|724.40 0 724.41
125 155 1 1 0 0 0 0 111108 78 77 78 77 16|724.42 0 724.43
125 155 1 1 0 0 0 0 111140 78 77 78 77 16|724.44 0 724.45
125 155 1 1 0 0 0 0 111158 78 77 78 77 16|724.46 0 724.47
125 155 1 1 0 0 0 0 111182 78 77 78 77 16|724.49 0 724.49
125 155 1 1 0 0 0 0 111200 78 77 78 77 16|724.51 0 724.52
125 155 1 1 0 0 0 0 111226 78 77 78 77 16|724.53 0 724.54
125 155 1 1 0 0 0 0 111237 78 77 78 77 16|724.55 0 724.56
125 155 1 1 0 0 0 0 111260 78 77 78 77 16|724.57 0 724.58
125 155 1 1 0 0 0 0 111274 78 77 78 77 16|724.59 0 724.60
125 155 1 1 0 0 0 0 111306 78 77 78 77 16|724.61 0 724.62
125 155 1 1 0 0 0 0 111318 78 77 78 77 16|724.63 0 724.64
125 155 1 1 0 0 0 0 111344 78 77 78 77 16|724.65 0 724.66
125 155 1 1 0 0 0 0 111374 78 77 78 77 16|724.68 0 724.69
125 155 1 1 0 0 0 0 111381 78 77 78 77 16|724.70 0 724.71
125 155 1 1 0 0 0 0 111414 78 77 78 77 16|724.73 0 724.73
125 155 1 1 0 0 0 0 111432 78 77 78 77 16|724.75 0 724.76
125 155 1 1 0 0 0 0 111457 78 77 78 77 16|724.78 0 724.78
125 155 1 1 0 0 0 0 111487 78 77 78 77 16|724.80 0 724.80
125 155 1 1 0 0 0 0 111496 78 77 78 77 16|724.82 0 724.83
125 155 1 1 0 0 0 0 111522 78 77 78 77 16|724.84 0 724.85
125 155 1 1 0 0 0 0 111550 78 77 78 77 16|724.86 0 724.87
125 155 1 1 0 0 0 0 111585 78 77 78 77 16|724.88 0 724.89
125 155 1 1 0 0 0 0 111598 78 77 78 77 16|724.91 0 724.92
125 155 1 1 0 0 0 0 111632 78 77 78 77 16|724.93 0 724.94
125 155 1 1 0 0 0 0 111668 78 77 78 77 16|724.97 0 724.98
125 155 1 1 0 0 0 0 111711 78 77 78 77 16|725.01 0 725.03
125 155 1 1 0 0 0 0 111747 78 77 78 77 16|725.06 0 725.07
125 155 1 1 0 0 0 0 111774 78 77 78 77 16|725.08 0 725.09
125 155 1 1 0 0 0 0 111795 78 77 78 77 16|725.11 0 725.11
125 155 1 1 0 0 0 0 111815 78 77 78 77 16|725.12 0 725.13
125 155 1 1 0 0 0 0 111826 78 77 78 77 16|725.17 0 725.17
125 155 1 1 0 0 0 0 111837 78 77 78 77 16|725.18 0 725.19
125 155 1 1 0 0 0 0 111860 78 77 78 77 16|725.21 0 725.21
125 155 1 1 0 0 0 0 111882 78 77 78 77 16|725.25 0 725.26
125 155 1 1 0 0 0 0 111893 78 77 78 77 16|725.27 0 725.27
125 155 1 1 0 0 0 0 111901 78 77 78 77 16|725.29 0 725.30
126 156 0 0 0 0 0 1 111901 78 78 78 78 16|726.54 6 726.55
127 157 1 1 0 0 0 0 111901 79 78 79 78 16|729.71 0 729.72
127 157 1 1 0 0 0 0 111902 79 78 79 78 16|729.82 0 729.83
127 157 1 1 0 0 0 0 111904 79 78 79 78 16|730.15 0 730.16
127 158 1 1 0 0 0 0 111904 79 79 79 79 16|731.41 0 731.41
127 159 1 1 0 0 0 0 111904 80 79 80 79 16|731.55 0 731.56
127 159 1 1 0 0 0 0 111905 80 79 80 79 16|731.67 0 731.68
127 159 1 1 0 0 0 0 111909 80 79 80 79 16|732.11 0 732.12
127 159 1 1 0 0 0 0 111914 80 79 80 79 16|732.16 0 732.17
127 159 1 1 0 0 0 0 111916 80 79 80 79 16|732.28 0 732.29
127 159 1 1 0 0 0 0 111917 80 79 80 79 16|733.34 0 733.35
127 159 1 1 0 0 0 0 111923 80 79 80 79 16|733.44 0 733.45
127 159 1 1 0 0 0 0 111924 80 79 80 79 16|733.48 0 733.49
127 159 1 1 0 0 0 0 111925 80 79 80 79 16|733.52 0 733.52
127 159 1 1 0 0 0 0 111927 80 79 80 79 16|733.71 0 733.72
127 159 1 1 0 0 0 0 111928 80 79 80 79 16|733.91 0 733.92
127 159 1 1 0 0 0 0 111929 80 79 80 79 16|734.46 0 734.47
127 159 1 1 0 0 0 0 111930 80 79 80 79 16|734.51 0 734.51
127 159 1 1 0 0 0 0 111932 80 79 80 79 16|734.52 0 734.53
127 159 1 1 0 0 0 0 111933 80 79 80 79 16|734.55 0 734.55
127 159 1 1 0 0 0 0 111934 80 79 80 79 16|734.57 0 734.57
127 159 1 1 0 0 0 0 111938 80 79 80 79 16|734.59 0 734.59
127 159 1 1 0 0 0 0 111939 80 79 80 79 16|734.61 0 734.62
127 159 1 1 0 0 0 0 111949 80 79 80 79 16|734.63 0 734.64
127 159 1 1 0 0 0 0 111958 80 79 80 79 16|734.65 0 734.66
127 159 1 1 0 0 0 0 111971 80 79 80 79 16|734.68 0 734.70
127 159 1 1 0 0 0 0 112003 80 79 80 79 16|734.72 0 734.74
127 159 1 1 0 0 0 0 112044 80 79 80 79 16|734.77 0 734.78
127 159 1 1 0 0 0 0 112071 80 79 80 79 16|734.79 0 734.80
127 159 1 1 0 0 0 0 112087 80 79 80 79 16|734.81 0 734.82
127 159 1 1 0 0 0 0 112109 80 79 80 79 16|734.84 0 734.84
127 159 1 1 0 0 0 0 112126 80 79 80 79 16|734.86 0 734.86
127 159 1 1 0 0 0 0 112139 80 79 80 79 16|734.88 0 734.89
127 159 1 1 0 0 0 0 112156 80 79 80 79 16|734.92 0 734.92
127 159 1 1 0 0 0 0 112159 80 79 80 79 16|734.93 0 734.94
127 159 1 1 0 0 0 0 112178 80 79 80 79 16|734.95 0 734.96
127 159 1 1 0 0 0 0 112189 80 79 80 79 16|734.97 0 734.98
127 159 1 1 0 0 0 0 112211 80 79 80 79 16|734.99 0 735.00
127 159 1 1 0 0 0 0 112229 80 79 80 79 16|735.01 0 735.02
127 159 1 1 0 0 0 0 112234 80 79 80 79 16|735.03 0 735.04
127 159 1 1 0 0 0 0 112260 80 79 80 79 16|735.05 0 735.06
127 159 1 1 0 0 0 0 112273 80 79 80 79 16|735.07 0 735.07
127 159 1 1 0 0 0 0 112301 80 79 80 79 16|735.09 0 735.09
127 159 1 1 0 0 0 0 112313 80 79 80 79 16|735.11 0 735.12
127 159 1 1 0 0 0 0 112322 80 79 80 79 16|735.15 0 735.15
127 159 1 1 0 0 0 0 112340 80 79 80 79 16|735.17 0 735.18
127 159 1 1 0 0 0 0 112350 80 79 80 79 16|735.19 0 735.20
127 159 1 1 0 0 0 0 112359 80 79 80 79 16|735.21 0 735.22
127 159 1 1 0 0 0 0 112382 80 79 80 79 16|735.24 0 735.25
127 159 1 1 0 0 0 0 112390 80 79 80 79 16|735.26 0 735.27
127 159 1 1 0 0 0 0 112403 80 79 80 79 16|735.28 0 735.29
127 159 1 1 0 0 0 0 112419 80 79 80 79 16|735.30 0 735.31
127 159 1 1 0 0 0 0 112437 80 79 80 79 16|735.33 0 735.34
127 159 1 1 0 0 0 0 112455 80 79 80 79 16|735.36 0 735.36
127 159 1 1 0 0 0 0 112484 80 79 80 79 16|735.40 0 735.41
127 159 1 1 0 0 0 0 112506 80 79 80 79 16|735.43 0 735.45
127 159 1 1 0 0 0 0 112542 80 79 80 79 16|735.47 0 735.47
127 159 1 1 0 0 0 0 112563 80 79 80 79 16|735.49 0 735.50
127 159 1 1 0 0 0 0 112585 80 79 80 79 16|735.51 0 735.52
127 159 1 1 0 0 0 0 112611 80 79 80 79 16|735.54 0 735.55
127 159 1 1 0 0 0 0 112678 80 79 80 79 16|735.59 0 735.61
127 159 1 1 0 0 0 0 112705 80 79 80 79 16|735.62 0 735.63
127 159 1 1 0 0 0 0 112734 80 79 80 79 16|735.64 0 735.65
127 159 1 1 0 0 0 0 112747 80 79 80 79 16|735.67 0 735.68
127 159 1 1 0 0 0 0 112776 80 79 80 79 16|735.69 0 735.70
127 159 1 1 0 0 0 0 112807 80 79 80 79 16|735.72 0 735.73
127 159 1 1 0 0 0 0 112830 80 79 80 79 16|735.75 0 735.76
127 159 1 1 0 0 0 0 112837 80 79 80 79 16|735.77 0 735.78
127 159 1 1 0 0 0 0 112871 80 79 80 79 16|735.80 0 735.81
127 159 1 1 0 0 0 0 112918 80 79 80 79 16|735.85 0 735.86
127 159 1 1 0 0 0 0 112954 80 79 80 79 16|735.89 0 735.90
127 159 1 1 0 0 0 0 112994 80 79 80 79 16|735.92 0 735.93
127 159 1 1 0 0 0 0 113029 80 79 80 79 16|735.99 0 736.00
127 159 1 1 0 0 0 0 113060 80 79 80 79 16|736.01 0 736.02
127 159 1 1 0 0 0 0 113088 80 79 80 79 16|736.04 0 736.04
127 159 1 1 0 0 0 0 113098 80 79 80 79 16|736.06 0 736.06
127 159 1 1 0 0 0 0 113132 80 79 80 79 16|736.08 0 736.08
127 159 1 1 0 0 0 0 113138 80 79 80 79 16|736.10 0 736.10
127 159 1 1 0 0 0 0 113157 80 79 80 79 16|736.14 0 736.15
127 159 1 1 0 0 0 0 113185 80 79 80 79 16|736.19 0 736.20
127 159 1 1 0 0 0 0 113219 80 79 80 79 16|736.22 0 736.23
127 159 1 1 0 0 0 0 113239 80 79 80 79 16|736.24 0 736.25
127 159 1 1 0 0 0 0 113243 80 79 80 79 16|736.27 0 736.28
127 159 1 1 0 0 0 0 113263 80 79 80 79 16|736.29 0 736.30
127 159 1 1 0 0 0 0 113291 80 79 80 79 16|736.33 0 736.34
127 159 1 1 0 0 0 0 113315 80 79 80 79 16|736.36 0 736.37
127 159 1 1 0 0 0 0 113327 80 79 80 79 16|736.38 0 736.39
127 159 1 1 0 0 0 0 113356 80 79 80 79 16|736.40 0 736.41
127 159 1 1 0 0 0 0 113367 80 79 80 79 16|736.42 0 736.43
127 159 1 1 0 0 0 0 113396 80 79 80 79 16|736.44 0 736.45
127 159 1 1 0 0 0 0 113408 80 79 80 79 16|736.46 0 736.47
127 159 1 1 0 0 0 0 113422 80 79 80 79 16|736.48 0 736.49
127 159 1 1 0 0 0 0 113433 80 79 80 79 16|736.50 0 736.51
127 159 1 1 0 0 0 0 113449 80 79 80 79 16|736.52 0 736.53
127 159 1 1 0 0 0 0 113464 80 79 80 79 16|736.54 0 736.55
127 159 1 1 0 0 0 0 113478 80 79 80 79 16|736.57 0 736.57
127 159 1 1 0 0 0 0 113486 80 79 80 79 16|736.58 0 736.59
127 159 1 1 0 0 0 0 113499 80 79 80 79 16|736.60 0 736.61
127 159 1 1 0 0 0 0 113503 80 79 80 79 16|736.63 0 736.63
127 159 1 1 0 0 0 0 113518 80 79 80 79 16|736.65 0 736.65
127 159 1 1 0 0 0 0 113521 80 79 80 79 16|736.67 0 736.67
127 159 1 1 0 0 0 0 113538 80 79 80 79 16|736.69 0 736.70
127 159 1 1 0 0 0 0 113550 80 79 80 79 16|736.71 0 736.72
127 159 1 1 0 0 0 0 113559 80 79 80 79 16|736.74 0 736.74
127 159 1 1 0 0 0 0 113586 80 79 80 79 16|736.77 0 736.78
127 159 1 1 0 0 0 0 113604 80 79 80 79 16|736.80 0 736.80
127 159 1 1 0 0 0 0 113628 80 79 80 79 16|736.83 0 736.85
127 159 1 1 0 0 0 0 113643 80 79 80 79 16|736.86 0 736.87
127 159 1 1 0 0 0 0 113647 80 79 80 79 16|736.91 0 736.91
127 159 1 1 0 0 0 0 113651 80 79 80 79 16|736.93 0 736.94
127 159 1 1 0 0 0 0 113655 80 79 80 79 16|736.95 0 736.96
127 159 1 1 0 0 0 0 113665 80 79 80 79 16|736.97 0 736.98
127 159 1 1 0 0 0 0 113672 80 79 80 79 16|736.99 0 737.00
127 159 1 1 0 0 0 0 113683 80 79 80 79 16|737.01 0 737.02
127 159 1 1 0 0 0 0 113701 80 79 80 79 16|737.04 0 737.05
127 159 1 1 0 0 0 0 113712 80 79 80 79 16|737.06 0 737.07
127 159 1 1 0 0 0 0 113728 80 79 80 79 16|737.10 0 737.11
127 159 1 1 0 0 0 0 113741 80 79 80 79 16|737.12 0 737.13
127 159 1 1 0 0 0 0 113746 80 79 80 79 16|737.14 0 737.15
127 159 1 1 0 0 0 0 113759 80 79 80 79 16|737.18 0 737.19
127 159 1 1 0 0 0 0 113780 80 79 80 79 16|737.21 0 737.21
127 159 1 1 0 0 0 0 113784 80 79 80 79 16|737.23 0 737.23
127 159 1 1 0 0 0 0 113797 80 79 80 79 16|737.25 0 737.25
127 159 1 1 0 0 0 0 113804 80 79 80 79 16|737.27 0 737.27
127 159 1 1 0 0 0 0 113820 80 79 80 79 16|737.29 0 737.30
127 159 1 1 0 0 0 0 113825 80 79 80 79 16|737.31 0 737.32
127 159 1 1 0 0 0 0 113838 80 79 80 79 16|737.33 0 737.34
127 159 1 1 0 0 0 0 113846 80 79 80 79 16|737.35 0 737.36
127 159 1 1 0 0 0 0 113859 80 79 80 79 16|737.37 0 737.38
127 159 1 1 0 0 0 0 113877 80 79 80 79 16|737.41 0 737.42
127 159 1 1 0 0 0 0 113886 80 79 80 79 16|737.44 0 737.45
127 159 1 1 0 0 0 0 113895 80 79 80 79 16|737.46 0 737.47
127 159 1 1 0 0 0 0 113914 80 79 80 79 16|737.48 0 737.49
127 159 1 1 0 0 0 0 113933 80 79 80 79 16|737.52 0 737.53
127 159 1 1 0 0 0 0 113953 80 79 80 79 16|737.55 0 737.57
127 159 1 1 0 0 0 0 113972 80 79 80 79 16|737.58 0 737.59
127 159 1 1 0 0 0 0 114001 80 79 80 79 16|737.61 0 737.62
127 159 1 1 0 0 0 0 114026 80 79 80 79 16|737.64 0 737.64
127 159 1 1 0 0 0 0 114047 80 79 80 79 16|737.66 0 737.66
127 159 1 1 0 0 0 0 114068 80 79 80 79 16|737.68 0 737.69
127 159 1 1 0 0 0 0 114087 80 79 80 79 16|737.70 0 737.71
127 159 1 1 0 0 0 0 114135 80 79 80 79 16|737.72 0 737.73
127 159 1 1 0 0 0 0 114137 80 79 80 79 16|737.74 0 737.75
127 159 1 1 0 0 0 0 114164 80 79 80 79 16|737.76 0 737.77
127 159 1 1 0 0 0 0 114168 80 79 80 79 16|737.78 0 737.79
127 159 1 1 0 0 0 0 114180 80 79 80 79 16|737.80 0 737.81
127 159 1 1 0 0 0 0 114215 80 79 80 79 16|737.86 0 737.87
127 159 1 1 0 0 0 0 114238 80 79 80 79 16|737.88 0 737.89
127 159 1 1 0 0 0 0 114239 80 79 80 79 16|737.90 0 737.91
127 159 1 1 0 0 0 0 114264 80 79 80 79 16|737.92 0 737.93
127 159 1 1 0 0 0 0 114304 80 79 80 79 16|737.96 0 737.97
127 159 1 1 0 0 0 0 114320 80 79 80 79 16|737.99 0 738.00
127 159 1 1 0 0 0 0 114329 80 79 80 79 16|738.01 0 738.01
127 159 1 1 0 0 0 0 114339 80 79 80 79 16|738.03 0 738.04
127 159 1 1 0 0 0 0 114372 80 79 80 79 16|738.05 0 738.06
127 159 1 1 0 0 0 0 114406 80 79 80 79 16|738.09 0 738.10
127 159 1 1 0 0 0 0 114435 80 79 80 79 16|738.12 0 738.12
127 159 1 1 0 0 0 0 114443 80 79 80 79 16|738.14 0 738.14
127 159 1 1 0 0 0 0 114445 80 79 80 79 16|738.16 0 738.16
127 159 1 1 0 0 0 0 114464 80 79 80 79 16|738.18 0 738.20
127 159 1 1 0 0 0 0 114501 80 79 80 79 16|738.21 0 738.22
127 159 1 1 0 0 0 0 114539 80 79 80 79 16|738.24 0 738.25
127 159 1 1 0 0 0 0 114549 80 79 80 79 16|738.26 0 738.27
127 159 1 1 0 0 0 0 114585 80 79 80 79 16|738.28 0 738.29
127 159 1 1 0 0 0 0 114651 80 79 80 79 16|738.32 0 738.34
127 159 1 1 0 0 0 0 114663 80 79 80 79 16|738.35 0 738.36
127 159 1 1 0 0 0 0 114704 80 79 80 79 16|738.40 0 738.41
127 159 1 1 0 0 0 0 114760 80 79 80 79 16|738.44 0 738.45
127 159 1 1 0 0 0 0 114774 80 79 80 79 16|738.46 0 738.47
127 159 1 1 0 0 0 0 114811 80 79 80 79 16|738.49 0 738.51
127 159 1 1 0 0 0 0 114846 80 79 80 79 16|738.52 0 738.53
127 159 1 1 0 0 0 0 114853 80 79 80 79 16|738.54 0 738.55
127 159 1 1 0 0 0 0 114885 80 79 80 79 16|738.56 0 738.57
127 159 1 1 0 0 0 0 114905 80 79 80 79 16|738.58 0 738.59
127 159 1 1 0 0 0 0 114933 80 79 80 79 16|738.60 0 738.61
127 159 1 1 0 0 0 0 114946 80 79 80 79 16|738.62 0 738.63
127 159 1 1 0 0 0 0 114975 80 79 80 79 16|738.64 0 738.65
127 159 1 1 0 0 0 0 114987 80 79 80 79 16|738.66 0 738.67
127 159 1 1 0 0 0 0 115010 80 79 80 79 16|738.68 0 738.69
127 159 1 1 0 0 0 0 115027 80 79 80 79 16|738.71 0 738.72
127 159 1 1 0 0 0 0 115040 80 79 80 79 16|738.73 0 738.74
127 159 1 1 0 0 0 0 115044 80 79 80 79 16|738.76 0 738.77
127 159 1 1 0 0 0 0 115061 80 79 80 79 16|738.79 0 738.80
127 159 1 1 0 0 0 0 115079 80 79 80 79 16|738.82 0 738.83
127 159 1 1 0 0 0 0 115094 80 79 80 79 16|738.86 0 738.87
127 159 1 1 0 0 0 0 115116 80 79 80 79 16|738.89 0 738.90
127 159 1 1 0 0 0 0 115126 80 79 80 79 16|738.92 0 738.93
127 159 1 1 0 0 0 0 115131 80 79 80 79 16|738.95 0 738.95
127 159 1 1 0 0 0 0 115144 80 79 80 79 16|738.97 0 738.97
127 159 1 1 0 0 0 0 115146 80 79 80 79 16|738.99 0 738.99
127 159 1 1 0 0 0 0 115164 80 79 80 79 16|739.01 0 739.02
127 159 1 1 0 0 0 0 115171 80 79 80 79 16|739.03 0 739.04
127 159 1 1 0 0 0 0 115177 80 79 80 79 16|739.05 0 739.05
127 159 1 1 0 0 0 0 115196 80 79 80 79 16|739.10 0 739.11
127 159 1 1 0 0 0 0 115214 80 79 80 79 16|739.13 0 739.14
127 159 1 1 0 0 0 0 115221 80 79 80 79 16|739.16 0 739.17
127 159 1 1 0 0 0 0 115229 80 79 80 79 16|739.19 0 739.20
127 159 1 1 0 0 0 0 115236 80 79 80 79 16|739.21 0 739.22
127 159 1 1 0 0 0 0 115245 80 79 80 79 16|739.23 0 739.24
127 159 1 1 0 0 0 0 115252 80 79 80 79 16|739.26 0 739.27
127 159 1 1 0 0 0 0 115263 80 79 80 79 16|739.28 0 739.29
127 159 1 1 0 0 0 0 115268 80 79 80 79 16|739.30 0 739.31
127 159 1 1 0 0 0 0 115273 80 79 80 79 16|739.32 0 739.33
127 159 1 1 0 0 0 0 115277 80 79 80 79 16|739.34 0 739.35
127 159 1 1 0 0 0 0 115287 80 79 80 79 16|739.38 0 739.40
127 159 1 1 0 0 0 0 115301 80 79 80 79 16|739.42 0 739.43
127 159 1 1 0 0 0 0 115312 80 79 80 79 16|739.44 0 739.45
127 159 1 1 0 0 0 0 115327 80 79 80 79 16|739.48 0 739.50
127 159 1 1 0 0 0 0 115332 80 79 80 79 16|739.51 0 739.52
127 159 1 1 0 0 0 0 115343 80 79 80 79 16|739.53 0 739.54
127 159 1 1 0 0 0 0 115350 80 79 80 79 16|739.55 0 739.56
127 159 1 1 0 0 0 0 115356 80 79 80 79 16|739.57 0 739.58
127 159 1 1 0 0 0 0 115362 80 79 80 79 16|739.59 0 739.60
127 159 1 1 0 0 0 0 115366 80 79 80 79 16|739.61 0 739.62
127 159 1 1 0 0 0 0 115372 80 79 80 79 16|739.63 0 739.64
127 159 1 1 0 0 0 0 115381 80 79 80 79 16|739.66 0 739.66
127 159 1 1 0 0 0 0 115390 80 79 80 79 16|739.68 0 739.69
127 159 1 1 0 0 0 0 115400 80 79 80 79 16|739.71 0 739.72
127 159 1 1 0 0 0 0 115413 80 79 80 79 16|739.74 0 739.75
127 159 1 1 0 0 0 0 115427 80 79 80 79 16|739.76 0 739.77
127 159 1 1 0 0 0 0 115443 80 79 80 79 16|739.80 0 739.81
127 159 1 1 0 0 0 0 115459 80 79 80 79 16|739.85 0 739.86
127 159 1 1 0 0 0 0 115464 80 79 80 79 16|739.87 0 739.88
127 159 1 1 0 0 0 0 115472 80 79 80 79 16|739.90 0 739.90
127 159 1 1 0 0 0 0 115475 80 79 80 79 16|739.92 0 739.92
127 159 1 1 0 0 0 0 115480 80 79 80 79 16|739.94 0 739.94
127 159 1 1 0 0 0 0 115486 80 79 80 79 16|739.96 0 739.96
127 159 1 1 0 0 0 0 115489 80 79 80 79 16|739.98 0 739.99
127 159 1 1 0 0 0 0 115501 80 79 80 79 16|740.00 0 740.01
127 159 1 1 0 0 0 0 115505 80 79 80 79 16|740.02 0 740.03
127 159 1 1 0 0 0 0 115520 80 79 80 79 16|740.04 0 740.05
127 159 1 1 0 0 0 0 115525 80 79 80 79 16|740.06 0 740.07
127 159 1 1 0 0 0 0 115540 80 79 80 79 16|740.09 0 740.10
127 159 1 1 0 0 0 0 115550 80 79 80 79 16|740.12 0 740.12
127 159 1 1 0 0 0 0 115558 80 79 80 79 16|740.14 0 740.15
127 159 1 1 0 0 0 0 115567 80 79 80 79 16|740.16 0 740.17
127 159 1 1 0 0 0 0 115577 80 79 80 79 16|740.18 0 740.19
127 159 1 1 0 0 0 0 115590 80 79 80 79 16|740.20 0 740.21
127 159 1 1 0 0 0 0 115594 80 79 80 79 16|740.22 0 740.23
127 159 1 1 0 0 0 0 115607 80 79 80 79 16|740.24 0 740.25
127 159 1 1 0 0 0 0 115617 80 79 80 79 16|740.26 0 740.27
127 159 1 1 0 0 0 0 115632 80 79 80 79 16|740.28 0 740.29
127 159 1 1 0 0 0 0 115637 80 79 80 79 16|740.30 0 740.31
127 159 1 1 0 0 0 0 115656 80 79 80 79 16|740.34 0 740.36
127 159 1 1 0 0 0 0 115675 80 79 80 79 16|740.37 0 740.38
127 159 1 1 0 0 0 0 115687 80 79 80 79 16|740.39 0 740.40
127 159 1 1 0 0 0 0 115701 80 79 80 79 16|740.41 0 740.42
127 159 1 1 0 0 0 0 115715 80 79 80 79 16|740.44 0 740.44
127 159 1 1 0 0 0 0 115723 80 79 80 79 16|740.46 0 740.46
127 159 1 1 0 0 0 0 115738 80 79 80 79 16|740.48 0 740.48
127 159 1 1 0 0 0 0 115748 80 79 80 79 16|740.50 0 740.50
127 159 1 1 0 0 0 0 115767 80 79 80 79 16|740.52 0 740.52
127 159 1 1 0 0 0 0 115771 80 79 80 79 16|740.54 0 740.54
127 159 1 1 0 0 0 0 115779 80 79 80 79 16|740.56 0 740.56
127 159 1 1 0 0 0 0 115787 80 79 80 79 16|740.58 0 740.58
127 159 1 1 0 0 0 0 115804 80 79 80 79 16|740.61 0 740.62
127 159 1 1 0 0 0 0 115805 80 79 80 79 16|740.63 0 740.64
127 159 1 1 0 0 0 0 115814 80 79 80 79 16|740.68 0 740.69
127 159 1 1 0 0 0 0 115816 80 79 80 79 16|740.70 0 740.71
127 159 1 1 0 0 0 0 115827 80 79 80 79 16|740.73 0 740.74
127 159 1 1 0 0 0 0 115833 80 79 80 79 16|740.75 0 740.76
127 159 1 1 0 0 0 0 115839 80 79 80 79 16|740.77 0 740.77
127 159 1 1 0 0 0 0 115841 80 79 80 79 16|740.79 0 740.79
127 159 1 1 0 0 0 0 115846 80 79 80 79 16|740.81 0 740.81
127 159 1 1 0 0 0 0 115847 80 79 80 79 16|740.82 0 740.83
127 159 1 1 0 0 0 0 115848 80 79 80 79 16|740.84 0 740.85
127 159 1 1 0 0 0 0 115850 80 79 80 79 16|740.86 0 740.87
127 159 1 1 0 0 0 0 115853 80 79 80 79 16|740.88 0 740.89
127 159 1 1 0 0 0 0 115856 80 79 80 79 16|740.92 0 740.93
127 159 1 1 0 0 0 0 115859 80 79 80 79 16|740.94 0 740.94
127 159 1 1 0 0 0 0 115863 80 79 80 79 16|740.96 0 740.97
127 159 1 1 0 0 0 0 115865 80 79 80 79 16|740.98 0 740.99
127 159 1 1 0 0 0 0 115871 80 79 80 79 16|741.00 0 741.01
127 159 1 1 0 0 0 0 115874 80 79 80 79 16|741.02 0 741.03
127 159 1 1 0 0 0 0 115881 80 79 80 79 16|741.04 0 741.05
127 159 1 1 0 0 0 0 115884 80 79 80 79 16|741.06 0 741.07
127 159 1 1 0 0 0 0 115892 80 79 80 79 16|741.08 0 741.09
127 159 1 1 0 0 0 0 115896 80 79 80 79 16|741.10 0 741.11
127 159 1 1 0 0 0 0 115908 80 79 80 79 16|741.13 0 741.14
127 159 1 1 0 0 0 0 115914 80 79 80 79 16|741.15 0 741.16
127 159 1 1 0 0 0 0 115926 80 79 80 79 16|741.19 0 741.21
127 159 1 1 0 0 0 0 115937 80 79 80 79 16|741.22 0 741.23
127 159 1 1 0 0 0 0 115958 80 79 80 79 16|741.24 0 741.25
127 159 1 1 0 0 0 0 115971 80 79 80 79 16|741.26 0 741.27
127 159 1 1 0 0 0 0 115991 80 79 80 79 16|741.28 0 741.29
127 159 1 1 0 0 0 0 116000 80 79 80 79 16|741.30 0 741.31
127 159 1 1 0 0 0 0 116028 80 79 80 79 16|741.32 0 741.33
127 159 1 1 0 0 0 0 116059 80 79 80 79 16|741.36 0 741.37
127 159 1 1 0 0 0 0 116083 80 79 80 79 16|741.39 0 741.39
127 159 1 1 0 0 0 0 116125 80 79 80 79 16|741.41 0 741.41
127 159 1 1 0 0 0 0 116133 80 79 80 79 16|741.43 0 741.43
127 159 1 1 0 0 0 0 116159 80 79 80 79 16|741.45 0 741.45
127 159 1 1 0 0 0 0 116180 80 79 80 79 16|741.47 0 741.47
127 159 1 1 0 0 0 0 116213 80 79 80 79 16|741.49 0 741.50
127 159 1 1 0 0 0 0 116228 80 79 80 79 16|741.51 0 741.52
127 159 1 1 0 0 0 0 116248 80 79 80 79 16|741.53 0 741.54
127 159 1 1 0 0 0 0 116252 80 79 80 79 16|741.55 0 741.56
127 159 1 1 0 0 0 0 116257 80 79 80 79 16|741.57 0 741.58
127 159 1 1 0 0 0 0 116258 80 79 80 79 16|741.59 0 741.60
127 159 1 1 0 0 0 0 116261 80 79 80 79 16|741.61 0 741.62
127 159 1 1 0 0 0 0 116264 80 79 80 79 16|741.63 0 741.64
127 159 1 1 0 0 0 0 116273 80 79 80 79 16|741.65 0 741.66
127 159 1 1 0 0 0 0 116274 80 79 80 79 16|741.67 0 741.68
127 159 1 1 0 0 0 0 116281 80 79 80 79 16|741.69 0 741.70
127 159 1 1 0 0 0 0 116287 80 79 80 79 16|741.71 0 741.72
127 159 1 1 0 0 0 0 116296 80 79 80 79 16|741.73 0 741.74
127 159 1 1 0 0 0 0 116309 80 79 80 79 16|741.76 0 741.77
127 159 1 1 0 0 0 0 116314 80 79 80 79 16|741.79 0 741.80
127 159 1 1 0 0 0 0 116334 80 79 80 79 16|741.81 0 741.82
127 159 1 1 0 0 0 0 116354 80 79 80 79 16|741.84 0 741.84
127 159 1 1 0 0 0 0 116367 80 79 80 79 16|741.86 0 741.86
127 159 1 1 0 0 0 0 116377 80 79 80 79 16|741.89 0 741.90
127 159 1 1 0 0 0 0 116399 80 79 80 79 16|741.92 0 741.92
127 159 1 1 0 0 0 0 116417 80 79 80 79 16|741.94 0 741.94
127 159 1 1 0 0 0 0 116450 80 79 80 79 16|741.96 0 741.97
127 159 1 1 0 0 0 0 116456 80 79 80 79 16|741.98 0 741.99
127 159 1 1 0 0 0 0 116473 80 79 80 79 16|742.00 0 742.01
127 159 1 1 0 0 0 0 116474 80 79 80 79 16|742.02 0 742.03
127 159 1 1 0 0 0 0 116482 80 79 80 79 16|742.04 0 742.05
127 159 1 1 0 0 0 0 116495 80 79 80 79 16|742.06 0 742.07
127 159 1 1 0 0 0 0 116513 80 79 80 79 16|742.09 0 742.10
127 159 1 1 0 0 0 0 116529 80 79 80 79 16|742.11 0 742.12
127 159 1 1 0 0 0 0 116536 80 79 80 79 16|742.13 0 742.14
127 159 1 1 0 0 0 0 116559 80 79 80 79 16|742.16 0 742.17
127 159 1 1 0 0 0 0 116570 80 79 80 79 16|742.19 0 742.19
127 159 1 1 0 0 0 0 116588 80 79 80 79 16|742.21 0 742.21
127 159 1 1 0 0 0 0 116592 80 79 80 79 16|742.23 0 742.23
127 159 1 1 0 0 0 0 116607 80 79 80 79 16|742.25 0 742.26
127 159 1 1 0 0 0 0 116630 80 79 80 79 16|742.28 0 742.29
127 159 1 1 0 0 0 0 116639 80 79 80 79 16|742.30 0 742.31
127 159 1 1 0 0 0 0 116665 80 79 80 79 16|742.33 0 742.34
127 159 1 1 0 0 0 0 116678 80 79 80 79 16|742.36 0 742.37
127 159 1 1 0 0 0 0 116693 80 79 80 79 16|742.38 0 742.39
127 159 1 1 0 0 0 0 116710 80 79 80 79 16|742.40 0 742.41
127 159 1 1 0 0 0 0 116721 80 79 80 79 16|742.42 0 742.43
127 159 1 1 0 0 0 0 116733 80 79 80 79 16|742.44 0 742.45
127 159 1 1 0 0 0 0 116757 80 79 80 79 16|742.48 0 742.49
127 159 1 1 0 0 0 0 116793 80 79 80 79 16|742.52 0 742.54
127 159 1 1 0 0 0 0 116796 80 79 80 79 16|742.55 0 742.56
127 159 1 1 0 0 0 0 116814 80 79 80 79 16|742.57 0 742.58
127 159 1 1 0 0 0 0 116819 80 79 80 79 16|742.59 0 742.60
127 159 1 1 0 0 0 0 116847 80 79 80 79 16|742.62 0 742.63
127 159 1 1 0 0 0 0 116860 80 79 80 79 16|742.65 0 742.66
127 159 1 1 0 0 0 0 116866 80 79 80 79 16|742.67 0 742.68
127 159 1 1 0 0 0 0 116874 80 79 80 79 16|742.71 0 742.72
127 159 1 1 0 0 0 0 116887 80 79 80 79 16|742.73 0 742.74
127 159 1 1 0 0 0 0 116890 80 79 80 79 16|742.75 0 742.76
127 159 1 1 0 0 0 0 116904 80 79 80 79 16|742.78 0 742.79
127 159 1 1 0 0 0 0 116915 80 79 80 79 16|742.80 0 742.81
127 159 1 1 0 0 0 0 116931 80 79 80 79 16|742.84 0 742.85
127 159 1 1 0 0 0 0 116937 80 79 80 79 16|742.86 0 742.87
127 159 1 1 0 0 0 0 116947 80 79 80 79 16|742.88 0 742.89
127 159 1 1 0 0 0 0 116952 80 79 80 79 16|742.90 0 742.91
127 159 1 1 0 0 0 0 116958 80 79 80 79 16|742.92 0 742.93
127 159 1 1 0 0 0 0 116962 80 79 80 79 16|742.95 0 742.95
127 159 1 1 0 0 0 0 116970 80 79 80 79 16|742.97 0 742.97
127 159 1 1 0 0 0 0 116989 80 79 80 79 16|743.01 0 743.02
127 159 1 1 0 0 0 0 116998 80 79 80 79 16|743.04 0 743.05
127 159 1 1 0 0 0 0 117012 80 79 80 79 16|743.07 0 743.09
127 159 1 1 0 0 0 0 117021 80 79 80 79 16|743.10 0 743.11
127 159 1 1 0 0 0 0 117032 80 79 80 79 16|743.13 0 743.13
127 159 1 1 0 0 0 0 117053 80 79 80 79 16|743.16 0 743.17
127 159 1 1 0 0 0 0 117063 80 79 80 79 16|743.18 0 743.19
127 159 1 1 0 0 0 0 117073 80 79 80 79 16|743.20 0 743.21
127 159 1 1 0 0 0 0 117083 80 79 80 79 16|743.22 0 743.23
127 159 1 1 0 0 0 0 117101 80 79 80 79 16|743.26 0 743.28
127 159 1 1 0 0 0 0 117121 80 79 80 79 16|743.29 0 743.30
127 159 1 1 0 0 0 0 117143 80 79 80 79 16|743.33 0 743.34
127 159 1 1 0 0 0 0 117151 80 79 80 79 16|743.36 0 743.36
127 159 1 1 0 0 0 0 117152 80 79 80 79 16|743.37 0 743.38
127 159 1 1 0 0 0 0 117176 80 79 80 79 16|743.40 0 743.40
127 159 1 1 0 0 0 0 117196 80 79 80 79 16|743.42 0 743.44
127 159 1 1 0 0 0 0 117229 80 79 80 79 16|743.45 0 743.46
127 159 1 1 0 0 0 0 117237 80 79 80 79 16|743.47 0 743.48
127 159 1 1 0 0 0 0 117250 80 79 80 79 16|743.49 0 743.50
127 159 1 1 0 0 0 0 117257 80 79 80 79 16|743.51 0 743.52
127 159 1 1 0 0 0 0 117270 80 79 80 79 16|743.53 0 743.54
127 159 1 1 0 0 0 0 117296 80 79 80 79 16|743.56 0 743.57
127 159 1 1 0 0 0 0 117310 80 79 80 79 16|743.58 0 743.59
127 159 1 1 0 0 0 0 117331 80 79 80 79 16|743.60 0 743.61
127 159 1 1 0 0 0 0 117338 80 79 80 79 16|743.63 0 743.65
127 159 1 1 0 0 0 0 117344 80 79 80 79 16|743.66 0 743.67
127 159 1 1 0 0 0 0 117353 80 79 80 79 16|743.68 0 743.69
127 159 1 1 0 0 0 0 117359 80 79 80 79 16|743.70 0 743.71
127 159 1 1 0 0 0 0 117365 80 79 80 79 16|743.72 0 743.72
127 159 1 1 0 0 0 0 117373 80 79 80 79 16|743.73 0 743.74
127 159 1 1 0 0 0 0 117374 80 79 80 79 16|743.76 0 743.76
127 159 1 1 0 0 0 0 117375 80 79 80 79 16|743.95 0 743.96
127 159 1 1 0 0 0 0 117376 80 79 80 79 16|744.08 0 744.09
127 159 1 1 0 0 0 0 117381 80 79 80 79 16|744.12 0 744.13
127 159 1 1 0 0 0 0 117390 80 79 80 79 16|744.14 0 744.15
127 159 1 1 0 0 0 0 117400 80 79 80 79 16|744.17 0 744.18
127 159 1 1 0 0 0 0 117403 80 79 80 79 16|744.19 0 744.20
127 159 1 1 0 0 0 0 117416 80 79 80 79 16|744.21 0 744.22
127 159 1 1 0 0 0 0 117427 80 79 80 79 16|744.23 0 744.24
127 159 1 1 0 0 0 0 117446 80 79 80 79 16|744.26 0 744.27
127 159 1 1 0 0 0 0 117448 80 79 80 79 16|744.29 0 744.30
127 159 1 1 0 0 0 0 117455 80 79 80 79 16|744.32 0 744.33
127 159 1 1 0 0 0 0 117460 80 79 80 79 16|744.35 0 744.36
127 159 1 1 0 0 0 0 117467 80 79 80 79 16|744.38 0 744.39
127 159 1 1 0 0 0 0 117475 80 79 80 79 16|744.40 0 744.41
127 159 1 1 0 0 0 0 117480 80 79 80 79 16|744.42 0 744.43
127 159 1 1 0 0 0 0 117489 80 79 80 79 16|744.45 0 744.46
127 159 1 1 0 0 0 0 117499 80 79 80 79 16|744.48 0 744.49
127 159 1 1 0 0 0 0 117505 80 79 80 79 16|744.51 0 744.51
127 159 1 1 0 0 0 0 117516 80 79 80 79 16|744.53 0 744.53
127 159 1 1 0 0 0 0 117522 80 79 80 79 16|744.55 0 744.56
127 159 1 1 0 0 0 0 117532 80 79 80 79 16|744.57 0 744.58
127 159 1 1 0 0 0 0 117538 80 79 80 79 16|744.59 0 744.60
127 159 1 1 0 0 0 0 117543 80 79 80 79 16|744.61 0 744.62
127 159 1 1 0 0 0 0 117547 80 79 80 79 16|744.63 0 744.64
127 159 1 1 0 0 0 0 117557 80 79 80 79 16|744.66 0 744.68
127 159 1 1 0 0 0 0 117568 80 79 80 79 16|744.69 0 744.70
127 159 1 1 0 0 0 0 117575 80 79 80 79 16|744.71 0 744.72
127 159 1 1 0 0 0 0 117586 80 79 80 79 16|744.73 0 744.74
127 159 1 1 0 0 0 0 117594 80 79 80 79 16|744.75 0 744.76
127 159 1 1 0 0 0 0 117608 80 79 80 79 16|744.77 0 744.78
127 159 1 1 0 0 0 0 117623 80 79 80 79 16|744.80 0 744.81
127 159 1 1 0 0 0 0 117643 80 79 80 79 16|744.84 0 744.84
127 159 1 1 0 0 0 0 117663 80 79 80 79 16|744.86 0 744.87
127 159 1 1 0 0 0 0 117690 80 79 80 79 16|744.88 0 744.89
127 159 1 1 0 0 0 0 117696 80 79 80 79 16|744.90 0 744.91
127 159 1 1 0 0 0 0 117697 80 79 80 79 16|744.93 0 744.94
127 159 1 1 0 0 0 0 117702 80 79 80 79 16|744.99 0 745.00
127 159 1 1 0 0 0 0 117707 80 79 80 79 16|745.08 0 745.09
127 159 1 1 0 0 0 0 117708 80 79 80 79 16|745.14 0 745.15
127 159 1 1 0 0 0 0 117712 80 79 80 79 16|745.16 0 745.17
127 159 1 1 0 0 0 0 117713 80 79 80 79 16|745.18 0 745.19
127 159 1 1 0 0 0 0 117717 80 79 80 79 16|745.22 0 745.23
127 159 1 1 0 0 0 0 117757 80 79 80 79 16|745.27 0 745.29
127 159 1 1 0 0 0 0 117770 80 79 80 79 16|745.30 0 745.31
127 159 1 1 0 0 0 0 117793 80 79 80 79 16|745.32 0 745.33
127 159 1 1 0 0 0 0 117809 80 79 80 79 16|745.35 0 745.35
127 159 1 1 0 0 0 0 117816 80 79 80 79 16|745.37 0 745.37
127 159 1 1 0 0 0 0 117828 80 79 80 79 16|745.39 0 745.40
127 159 1 1 0 0 0 0 117841 80 79 80 79 16|745.41 0 745.42
127 159 1 1 0 0 0 0 117862 80 79 80 79 16|745.43 0 745.44
127 159 1 1 0 0 0 0 117877 80 79 80 79 16|745.45 0 745.46
127 159 1 1 0 0 0 0 117879 80 79 80 79 16|745.47 0 745.48
127 159 1 1 0 0 0 0 117912 80 79 80 79 16|745.52 0 745.54
127 159 1 1 0 0 0 0 117920 80 79 80 79 16|745.55 0 745.56
127 159 1 1 0 0 0 0 117949 80 79 80 79 16|745.59 0 745.60
127 159 1 1 0 0 0 0 117966 80 79 80 79 16|745.61 0 745.62
127 159 1 1 0 0 0 0 117984 80 79 80 79 16|745.64 0 745.65
127 159 1 1 0 0 0 0 118023 80 79 80 79 16|745.67 0 745.68
127 159 1 1 0 0 0 0 118040 80 79 80 79 16|745.70 0 745.71
127 159 1 1 0 0 0 0 118055 80 79 80 79 16|745.73 0 745.73
127 159 1 1 0 0 0 0 118064 80 79 80 79 16|745.75 0 745.75
127 159 1 1 0 0 0 0 118089 80 79 80 79 16|745.76 0 745.77
127 159 1 1 0 0 0 0 118103 80 79 80 79 16|745.78 0 745.79
127 159 1 1 0 0 0 0 118118 80 79 80 79 16|745.81 0 745.81
127 159 1 1 0 0 0 0 118145 80 79 80 79 16|745.83 0 745.84
127 159 1 1 0 0 0 0 118159 80 79 80 79 16|745.85 0 745.86
127 159 1 1 0 0 0 0 118189 80 79 80 79 16|745.88 0 745.89
127 159 1 1 0 0 0 0 118200 80 79 80 79 16|745.90 0 745.91
127 159 1 1 0 0 0 0 118227 80 79 80 79 16|745.93 0 745.95
127 159 1 1 0 0 0 0 118246 80 79 80 79 16|745.96 0 745.97
127 159 1 1 0 0 0 0 118279 80 79 80 79 16|745.99 0 746.00
127 159 1 1 0 0 0 0 118299 80 79 80 79 16|746.01 0 746.02
127 159 1 1 0 0 0 0 118305 80 79 80 79 16|746.03 0 746.04
127 159 1 1 0 0 0 0 118327 80 79 80 79 16|746.05 0 746.06
127 159 1 1 0 0 0 0 118350 80 79 80 79 16|746.07 0 746.08
127 159 1 1 0 0 0 0 118392 80 79 80 79 16|746.12 0 746.13
127 159 1 1 0 0 0 0 118403 80 79 80 79 16|746.14 0 746.15
127 159 1 1 0 0 0 0 118440 80 79 80 79 16|746.17 0 746.18
127 159 1 1 0 0 0 0 118467 80 79 80 79 16|746.20 0 746.21
127 159 1 1 0 0 0 0 118471 80 79 80 79 16|746.23 0 746.24
127 159 1 1 0 0 0 0 118486 80 79 80 79 16|746.25 0 746.26
127 159 1 1 0 0 0 0 118490 80 79 80 79 16|746.27 0 746.27
127 159 1 1 0 0 0 0 118510 80 79 80 79 16|746.29 0 746.30
127 159 1 1 0 0 0 0 118516 80 79 80 79 16|746.31 0 746.31
127 159 1 1 0 0 0 0 118542 80 79 80 79 16|746.35 0 746.36
127 159 1 1 0 0 0 0 118557 80 79 80 79 16|746.37 0 746.38
127 159 1 1 0 0 0 0 118565 80 79 80 79 16|746.39 0 746.40
127 159 1 1 0 0 0 0 118588 80 79 80 79 16|746.43 0 746.45
127 159 1 1 0 0 0 0 118593 80 79 80 79 16|746.46 0 746.47
127 159 1 1 0 0 0 0 118610 80 79 80 79 16|746.49 0 746.50
127 159 1 1 0 0 0 0 118616 80 79 80 79 16|746.51 0 746.52
127 159 1 1 0 0 0 0 118644 80 79 80 79 16|746.53 0 746.54
127 159 1 1 0 0 0 0 118661 80 79 80 79 16|746.55 0 746.56
127 159 1 1 0 0 0 0 118685 80 79 80 79 16|746.57 0 746.57
127 159 1 1 0 0 0 0 118708 80 79 80 79 16|746.60 0 746.61
127 159 1 1 0 0 0 0 118716 80 79 80 79 16|746.63 0 746.63
127 159 1 1 0 0 0 0 118738 80 79 80 79 16|746.65 0 746.66
127 159 1 1 0 0 0 0 118753 80 79 80 79 16|746.68 0 746.70
127 159 1 1 0 0 0 0 118765 80 79 80 79 16|746.71 0 746.72
127 159 1 1 0 0 0 0 118772 80 79 80 79 16|746.73 0 746.74
127 159 1 1 0 0 0 0 118782 80 79 80 79 16|746.76 0 746.76
127 159 1 1 0 0 0 0 118790 80 79 80 79 16|746.78 0 746.78
127 159 1 1 0 0 0 0 118803 80 79 80 79 16|746.79 0 746.80
127 159 1 1 0 0 0 0 118813 80 79 80 79 16|746.82 0 746.82
127 159 1 1 0 0 0 0 118827 80 79 80 79 16|746.84 0 746.85
127 159 1 1 0 0 0 0 118838 80 79 80 79 16|746.86 0 746.87
127 159 1 1 0 0 0 0 118856 80 79 80 79 16|746.88 0 746.89
127 159 1 1 0 0 0 0 118866 80 79 80 79 16|746.90 0 746.91
127 159 1 1 0 0 0 0 118880 80 79 80 79 16|746.94 0 746.95
127 159 1 1 0 0 0 0 118893 80 79 80 79 16|746.96 0 746.97
127 159 1 1 0 0 0 0 118931 80 79 80 79 16|747.01 0 747.02
127 159 1 1 0 0 0 0 118968 80 79 80 79 16|747.04 0 747.05
127 159 1 1 0 0 0 0 118988 80 79 80 79 16|747.06 0 747.07
127 159 1 1 0 0 0 0 119036 80 79 80 79 16|747.09 0 747.10
127 159 1 1 0 0 0 0 119038 80 79 80 79 16|747.11 0 747.12
127 159 1 1 0 0 0 0 119084 80 79 80 79 16|747.13 0 747.14
127 159 1 1 0 0 0 0 119096 80 79 80 79 16|747.15 0 747.16
127 159 1 1 0 0 0 0 119097 80 79 80 79 16|747.30 0 747.31
127 159 1 1 0 0 0 0 119098 80 79 80 79 16|747.48 0 747.49
127 159 1 1 0 0 0 0 119118 80 79 80 79 16|747.52 0 747.53
127 159 1 1 0 0 0 0 119128 80 79 80 79 16|747.54 0 747.55
127 159 1 1 0 0 0 0 119157 80 79 80 79 16|747.58 0 747.59
127 159 1 1 0 0 0 0 119170 80 79 80 79 16|747.60 0 747.61
127 159 1 1 0 0 0 0 119174 80 79 80 79 16|747.62 0 747.63
127 159 1 1 0 0 0 0 119199 80 79 80 79 16|747.65 0 747.65
127 159 1 1 0 0 0 0 119218 80 79 80 79 16|747.67 0 747.67
127 159 1 1 0 0 0 0 119228 80 79 80 79 16|747.73 0 747.73
127 159 1 1 0 0 0 0 119241 80 79 80 79 16|747.75 0 747.75
127 159 1 1 0 0 0 0 119251 80 79 80 79 16|747.77 0 747.77
127 159 1 1 0 0 0 0 119265 80 79 80 79 16|747.80 0 747.80
127 159 1 1 0 0 0 0 119276 80 79 80 79 16|747.82 0 747.83
127 159 1 1 0 0 0 0 119287 80 79 80 79 16|747.84 0 747.85
127 159 1 1 0 0 0 0 119306 80 79 80 79 16|747.87 0 747.88
127 159 1 1 0 0 0 0 119321 80 79 80 79 16|747.89 0 747.90
127 159 1 1 0 0 0 0 119330 80 79 80 79 16|747.91 0 747.92
127 159 1 1 0 0 0 0 119344 80 79 80 79 16|747.93 0 747.94
127 159 1 1 0 0 0 0 119358 80 79 80 79 16|747.96 0 747.97
127 159 1 1 0 0 0 0 119368 80 79 80 79 16|747.98 0 747.99
127 159 1 1 0 0 0 0 119383 80 79 80 79 16|748.01 0 748.02
127 159 1 1 0 0 0 0 119406 80 79 80 79 16|748.06 0 748.08
127 159 1 1 0 0 0 0 119427 80 79 80 79 16|748.10 0 748.11
127 159 1 1 0 0 0 0 119445 80 79 80 79 16|748.12 0 748.14
127 159 1 1 0 0 0 0 119448 80 79 80 79 16|748.15 0 748.16
127 159 1 1 0 0 0 0 119493 80 79 80 79 16|748.19 0 748.20
127 159 1 1 0 0 0 0 119538 80 79 80 79 16|748.22 0 748.23
127 159 1 1 0 0 0 0 119583 80 79 80 79 16|748.26 0 748.27
127 159 1 1 0 0 0 0 119626 80 79 80 79 16|748.29 0 748.29
127 159 1 1 0 0 0 0 119640 80 79 80 79 16|748.31 0 748.32
127 159 1 1 0 0 0 0 119673 80 79 80 79 16|748.33 0 748.34
127 159 1 1 0 0 0 0 119695 80 79 80 79 16|748.35 0 748.36
127 159 1 1 0 0 0 0 119706 80 79 80 79 16|748.37 0 748.38
127 159 1 1 0 0 0 0 119734 80 79 80 79 16|748.39 0 748.40
127 159 1 1 0 0 0 0 119748 80 79 80 79 16|748.41 0 748.42
127 159 1 1 0 0 0 0 119789 80 79 80 79 16|748.45 0 748.46
127 159 1 1 0 0 0 0 119797 80 79 80 79 16|748.47 0 748.48
127 159 1 1 0 0 0 0 119821 80 79 80 79 16|748.49 0 748.50
127 159 1 1 0 0 0 0 119850 80 79 80 79 16|748.51 0 748.52
127 159 1 1 0 0 0 0 119882 80 79 80 79 16|748.54 0 748.55
127 159 1 1 0 0 0 0 119924 80 79 80 79 16|748.58 0 748.60
127 159 1 1 0 0 0 0 119954 80 79 80 79 16|748.61 0 748.62
127 159 1 1 0 0 0 0 119976 80 79 80 79 16|748.64 0 748.64
127 159 1 1 0 0 0 0 120000 80 79 80 79 16|748.66 0 748.67
127 159 1 1 0 0 0 0 120034 80 79 80 79 16|748.68 0 748.68
127 159 1 1 0 0 0 0 120066 80 79 80 79 16|748.72 0 748.73
127 159 1 1 0 0 0 0 120075 80 79 80 79 16|748.75 0 748.75
127 159 1 1 0 0 0 0 120095 80 79 80 79 16|748.77 0 748.78
127 159 1 1 0 0 0 0 120114 80 79 80 79 16|748.79 0 748.80
127 159 1 1 0 0 0 0 120133 80 79 80 79 16|748.81 0 748.82
127 159 1 1 0 0 0 0 120177 80 79 80 79 16|748.84 0 748.85
127 159 1 1 0 0 0 0 120187 80 79 80 79 16|748.87 0 748.88
127 159 1 1 0 0 0 0 120229 80 79 80 79 16|748.90 0 748.91
127 159 1 1 0 0 0 0 120247 80 79 80 79 16|748.92 0 748.93
127 159 1 1 0 0 0 0 120262 80 79 80 79 16|748.95 0 748.96
127 159 1 1 0 0 0 0 120264 80 79 80 79 16|748.98 0 748.99
127 159 1 1 0 0 0 0 120294 80 79 80 79 16|749.01 0 749.02
127 159 1 1 0 0 0 0 120311 80 79 80 79 16|749.04 0 749.04
127 159 1 1 0 0 0 0 120329 80 79 80 79 16|749.06 0 749.07
127 159 1 1 0 0 0 0 120374 80 79 80 79 16|749.08 0 749.09
127 159 1 1 0 0 0 0 120395 80 79 80 79 16|749.10 0 749.11
127 159 1 1 0 0 0 0 120420 80 79 80 79 16|749.12 0 749.13
127 159 1 1 0 0 0 0 120453 80 79 80 79 16|749.15 0 749.16
127 159 1 1 0 0 0 0 120464 80 79 80 79 16|749.17 0 749.18
127 159 1 1 0 0 0 0 120512 80 79 80 79 16|749.22 0 749.23
127 159 1 1 0 0 0 0 120521 80 79 80 79 16|749.24 0 749.25
127 159 1 1 0 0 0 0 120531 80 79 80 79 16|749.26 0 749.27
127 159 1 1 0 0 0 0 120535 80 79 80 79 16|749.29 0 749.30
127 159 1 1 0 0 0 0 120548 80 79 80 79 16|749.32 0 749.32
127 159 1 1 0 0 0 0 120553 80 79 80 79 16|749.34 0 749.34
127 159 1 1 0 0 0 0 120574 80 79 80 79 16|749.37 0 749.38
127 159 1 1 0 0 0 0 120578 80 79 80 79 16|749.39 0 749.40
127 159 1 1 0 0 0 0 120590 80 79 80 79 16|749.41 0 749.41
127 159 1 1 0 0 0 0 120594 80 79 80 79 16|749.43 0 749.43
127 159 1 1 0 0 0 0 120606 80 79 80 79 16|749.45 0 749.45
127 159 1 1 0 0 0 0 120609 80 79 80 79 16|749.47 0 749.47
127 159 1 1 0 0 0 0 120624 80 79 80 79 16|749.49 0 749.50
127 159 1 1 0 0 0 0 120634 80 79 80 79 16|749.51 0 749.52
127 159 1 1 0 0 0 0 120645 80 79 80 79 16|749.55 0 749.56
127 159 1 1 0 0 0 0 120656 80 79 80 79 16|749.57 0 749.58
127 159 1 1 0 0 0 0 120664 80 79 80 79 16|749.60 0 749.61
127 159 1 1 0 0 0 0 120665 80 79 80 79 16|749.62 0 749.63
127 159 1 1 0 0 0 0 120671 80 79 80 79 16|749.65 0 749.65
127 159 1 1 0 0 0 0 120676 80 79 80 79 16|749.67 0 749.67
127 159 1 1 0 0 0 0 120692 80 79 80 79 16|749.70 0 749.71
127 159 1 1 0 0 0 0 120698 80 79 80 79 16|749.72 0 749.73
127 159 1 1 0 0 0 0 120704 80 79 80 79 16|749.75 0 749.75
127 159 1 1 0 0 0 0 120710 80 79 80 79 16|749.77 0 749.78
127 159 1 1 0 0 0 0 120717 80 79 80 79 16|749.79 0 749.80
127 159 1 1 0 0 0 0 120719 80 79 80 79 16|749.81 0 749.82
127 159 1 1 0 0 0 0 120727 80 79 80 79 16|749.84 0 749.85
127 159 1 1 0 0 0 0 120732 80 79 80 79 16|749.86 0 749.87
127 159 1 1 0 0 0 0 120740 80 79 80 79 16|749.88 0 749.89
127 159 1 1 0 0 0 0 120749 80 79 80 79 16|749.92 0 749.93
127 159 1 1 0 0 0 0 120755 80 79 80 79 16|749.95 0 749.96
127 159 1 1 0 0 0 0 120765 80 79 80 79 16|749.99 0 750.00
127 159 1 1 0 0 0 0 120775 80 79 80 79 16|750.02 0 750.02
127 159 1 1 0 0 0 0 120784 80 79 80 79 16|750.04 0 750.06
127 159 1 1 0 0 0 0 120792 80 79 80 79 16|750.07 0 750.08
127 159 1 1 0 0 0 0 120796 80 79 80 79 16|750.10 0 750.11
127 159 1 1 0 0 0 0 120810 80 79 80 79 16|750.12 0 750.13
127 159 1 1 0 0 0 0 120815 80 79 80 79 16|750.14 0 750.14
127 159 1 1 0 0 0 0 120827 80 79 80 79 16|750.15 0 750.16
127 159 1 1 0 0 0 0 120839 80 79 80 79 16|750.17 0 750.18
127 159 1 1 0 0 0 0 120853 80 79 80 79 16|750.19 0 750.20
127 159 1 1 0 0 0 0 120869 80 79 80 79 16|750.21 0 750.22
127 159 1 1 0 0 0 0 120882 80 79 80 79 16|750.23 0 750.24
127 159 1 1 0 0 0 0 120903 80 79 80 79 16|750.25 0 750.26
127 159 1 1 0 0 0 0 120916 80 79 80 79 16|750.27 0 750.28
127 159 1 1 0 0 0 0 120942 80 79 80 79 16|750.29 0 750.30
127 159 1 1 0 0 0 0 120969 80 79 80 79 16|750.32 0 750.32
127 159 1 1 0 0 0 0 120991 80 79 80 79 16|750.34 0 750.35
127 159 1 1 0 0 0 0 121014 80 79 80 79 16|750.36 0 750.37
127 159 1 1 0 0 0 0 121039 80 79 80 79 16|750.38 0 750.39
127 159 1 1 0 0 0 0 121063 80 79 80 79 16|750.40 0 750.41
127 159 1 1 0 0 0 0 121076 80 79 80 79 16|750.43 0 750.43
127 159 1 1 0 0 0 0 121105 80 79 80 79 16|750.45 0 750.45
127 159 1 1 0 0 0 0 121133 80 79 80 79 16|750.47 0 750.48
127 159 1 1 0 0 0 0 121154 80 79 80 79 16|750.49 0 750.50
127 159 1 1 0 0 0 0 121183 80 79 80 79 16|750.51 0 750.52
127 159 1 1 0 0 0 0 121197 80 79 80 79 16|750.53 0 750.54
127 159 1 1 0 0 0 0 121224 80 79 80 79 16|750.55 0 750.56
127 159 1 1 0 0 0 0 121245 80 79 80 79 16|750.58 0 750.58
127 159 1 1 0 0 0 0 121273 80 79 80 79 16|750.60 0 750.60
127 159 1 1 0 0 0 0 121288 80 79 80 79 16|750.62 0 750.62
127 159 1 1 0 0 0 0 121308 80 79 80 79 16|750.64 0 750.65
127 159 1 1 0 0 0 0 121322 80 79 80 79 16|750.66 0 750.67
127 159 1 1 0 0 0 0 121352 80 79 80 79 16|750.68 0 750.69
127 159 1 1 0 0 0 0 121363 80 79 80 79 16|750.70 0 750.71
127 159 1 1 0 0 0 0 121377 80 79 80 79 16|750.72 0 750.73
127 159 1 1 0 0 0 0 121388 80 79 80 79 16|750.74 0 750.75
127 159 1 1 0 0 0 0 121401 80 79 80 79 16|750.76 0 750.77
127 159 1 1 0 0 0 0 121405 80 79 80 79 16|750.78 0 750.79
127 159 1 1 0 0 0 0 121417 80 79 80 79 16|750.80 0 750.81
127 159 1 1 0 0 0 0 121423 80 79 80 79 16|750.82 0 750.83
127 159 1 1 0 0 0 0 121435 80 79 80 79 16|750.84 0 750.85
127 159 1 1 0 0 0 0 121443 80 79 80 79 16|750.86 0 750.87
127 159 1 1 0 0 0 0 121477 80 79 80 79 16|750.89 0 750.90
127 159 1 1 0 0 0 0 121497 80 79 80 79 16|750.91 0 750.92
127 159 1 1 0 0 0 0 121502 80 79 80 79 16|750.93 0 750.94
127 159 1 1 0 0 0 0 121507 80 79 80 79 16|750.95 0 750.96
127 159 1 1 0 0 0 0 121515 80 79 80 79 16|750.97 0 750.98
127 159 1 1 0 0 0 0 121519 80 79 80 79 16|750.99 0 750.99
127 159 1 1 0 0 0 0 121534 80 79 80 79 16|751.01 0 751.01
127 159 1 1 0 0 0 0 121538 80 79 80 79 16|751.02 0 751.03
127 159 1 1 0 0 0 0 121545 80 79 80 79 16|751.04 0 751.05
127 159 1 1 0 0 0 0 121547 80 79 80 79 16|751.06 0 751.07
127 159 1 1 0 0 0 0 121556 80 79 80 79 16|751.08 0 751.09
127 159 1 1 0 0 0 0 121560 80 79 80 79 16|751.10 0 751.11
127 159 1 1 0 0 0 0 121576 80 79 80 79 16|751.12 0 751.13
127 159 1 1 0 0 0 0 121583 80 79 80 79 16|751.14 0 751.15
127 159 1 1 0 0 0 0 121593 80 79 80 79 16|751.16 0 751.17
127 159 1 1 0 0 0 0 121604 80 79 80 79 16|751.18 0 751.19
127 159 1 1 0 0 0 0 121613 80 79 80 79 16|751.20 0 751.21
127 159 1 1 0 0 0 0 121624 80 79 80 79 16|751.22 0 751.23
127 159 1 1 0 0 0 0 121637 80 79 80 79 16|751.24 0 751.25
127 159 1 1 0 0 0 0 121645 80 79 80 79 16|751.27 0 751.28
127 159 1 1 0 0 0 0 121662 80 79 80 79 16|751.30 0 751.31
127 159 1 1 0 0 0 0 121709 80 79 80 79 16|751.33 0 751.34
127 159 1 1 0 0 0 0 121728 80 79 80 79 16|751.35 0 751.36
127 159 1 1 0 0 0 0 121758 80 79 80 79 16|751.38 0 751.39
127 159 1 1 0 0 0 0 121794 80 79 80 79 16|751.40 0 751.41
127 159 1 1 0 0 0 0 121804 80 79 80 79 16|751.42 0 751.43
127 159 1 1 0 0 0 0 121838 80 79 80 79 16|751.45 0 751.46
127 159 1 1 0 0 0 0 121867 80 79 80 79 16|751.48 0 751.49
127 159 1 1 0 0 0 0 121877 80 79 80 79 16|751.50 0 751.51
127 159 1 1 0 0 0 0 121898 80 79 80 79 16|751.53 0 751.53
127 159 1 1 0 0 0 0 121911 80 79 80 79 16|751.55 0 751.55
127 159 1 1 0 0 0 0 121942 80 79 80 79 16|751.57 0 751.58
127 159 1 1 0 0 0 0 121956 80 79 80 79 16|751.59 0 751.60
127 159 1 1 0 0 0 0 121970 80 79 80 79 16|751.61 0 751.62
127 159 1 1 0 0 0 0 121997 80 79 80 79 16|751.64 0 751.65
127 159 1 1 0 0 0 0 122011 80 79 80 79 16|751.66 0 751.67
127 159 1 1 0 0 0 0 122027 80 79 80 79 16|751.68 0 751.69
127 159 1 1 0 0 0 0 122033 80 79 80 79 16|751.70 0 751.71
127 159 1 1 0 0 0 0 122050 80 79 80 79 16|751.72 0 751.73
127 159 1 1 0 0 0 0 122062 80 79 80 79 16|751.74 0 751.75
127 159 1 1 0 0 0 0 122082 80 79 80 79 16|751.77 0 751.78
127 159 1 1 0 0 0 0 122089 80 79 80 79 16|751.79 0 751.79
127 159 1 1 0 0 0 0 122098 80 79 80 79 16|751.81 0 751.82
127 159 1 1 0 0 0 0 122104 80 79 80 79 16|751.83 0 751.84
127 159 1 1 0 0 0 0 122110 80 79 80 79 16|751.86 0 751.86
127 159 1 1 0 0 0 0 122122 80 79 80 79 16|751.88 0 751.89
127 159 1 1 0 0 0 0 122127 80 79 80 79 16|751.90 0 751.91
127 159 1 1 0 0 0 0 122142 80 79 80 79 16|751.93 0 751.93
127 159 1 1 0 0 0 0 122149 80 79 80 79 16|751.95 0 751.96
127 159 1 1 0 0 0 0 122163 80 79 80 79 16|751.99 0 752.00
127 159 1 1 0 0 0 0 122171 80 79 80 79 16|752.02 0 752.02
127 159 1 1 0 0 0 0 122184 80 79 80 79 16|752.04 0 752.05
127 159 1 1 0 0 0 0 122193 80 79 80 79 16|752.08 0 752.09
127 159 1 1 0 0 0 0 122197 80 79 80 79 16|752.11 0 752.12
127 159 1 1 0 0 0 0 122211 80 79 80 79 16|752.15 0 752.17
127 159 1 1 0 0 0 0 122220 80 79 80 79 16|752.18 0 752.19
127 159 1 1 0 0 0 0 122231 80 79 80 79 16|752.20 0 752.21
127 159 1 1 0 0 0 0 122240 80 79 80 79 16|752.22 0 752.23
127 159 1 1 0 0 0 0 122253 80 79 80 79 16|752.24 0 752.25
127 159 1 1 0 0 0 0 122261 80 79 80 79 16|752.26 0 752.27
127 159 1 1 0 0 0 0 122269 80 79 80 79 16|752.29 0 752.30
127 159 1 1 0 0 0 0 122278 80 79 80 79 16|752.31 0 752.32
127 159 1 1 0 0 0 0 122288 80 79 80 79 16|752.34 0 752.34
127 159 1 1 0 0 0 0 122306 80 79 80 79 16|752.37 0 752.38
127 159 1 1 0 0 0 0 122322 80 79 80 79 16|752.40 0 752.41
127 159 1 1 0 0 0 0 122326 80 79 80 79 16|752.43 0 752.43
127 159 1 1 0 0 0 0 122341 80 79 80 79 16|752.45 0 752.46
127 159 1 1 0 0 0 0 122353 80 79 80 79 16|752.48 0 752.48
127 159 1 1 0 0 0 0 122362 80 79 80 79 16|752.50 0 752.51
127 159 1 1 0 0 0 0 122363 80 79 80 79 16|752.53 0 752.54
127 159 1 1 0 0 0 0 122366 80 79 80 79 16|752.56 0 752.57
127 159 1 1 0 0 0 0 122373 80 79 80 79 16|752.60 0 752.61
127 159 1 1 0 0 0 0 122380 80 79 80 79 16|752.63 0 752.63
127 159 1 1 0 0 0 0 122383 80 79 80 79 16|752.65 0 752.65
127 159 1 1 0 0 0 0 122389 80 79 80 79 16|752.67 0 752.68
127 159 1 1 0 0 0 0 122395 80 79 80 79 16|752.70 0 752.70
127 159 1 1 0 0 0 0 122401 80 79 80 79 16|752.72 0 752.72
127 159 1 1 0 0 0 0 122403 80 79 80 79 16|752.74 0 752.74
127 159 1 1 0 0 0 0 122411 80 79 80 79 16|752.76 0 752.77
127 159 1 1 0 0 0 0 122413 80 79 80 79 16|752.78 0 752.79
127 159 1 1 0 0 0 0 122423 80 79 80 79 16|752.80 0 752.81
127 159 1 1 0 0 0 0 122434 80 79 80 79 16|752.82 0 752.83
127 159 1 1 0 0 0 0 122445 80 79 80 79 16|752.84 0 752.85
127 159 1 1 0 0 0 0 122457 80 79 80 79 16|752.87 0 752.87
127 159 1 1 0 0 0 0 122472 80 79 80 79 16|752.89 0 752.89
127 159 1 1 0 0 0 0 122474 80 79 80 79 16|752.91 0 752.91
127 159 1 1 0 0 0 0 122478 80 79 80 79 16|752.92 0 752.93
127 159 1 1 0 0 0 0 122488 80 79 80 79 16|752.94 0 752.95
127 159 1 1 0 0 0 0 122496 80 79 80 79 16|752.97 0 752.97
127 159 1 1 0 0 0 0 122508 80 79 80 79 16|752.98 0 752.99
127 159 1 1 0 0 0 0 122524 80 79 80 79 16|753.01 0 753.02
127 159 1 1 0 0 0 0 122533 80 79 80 79 16|753.03 0 753.04
127 159 1 1 0 0 0 0 122544 80 79 80 79 16|753.07 0 753.08
127 159 1 1 0 0 0 0 122572 80 79 80 79 16|753.11 0 753.11
127 159 1 1 0 0 0 0 122594 80 79 80 79 16|753.13 0 753.14
127 159 1 1 0 0 0 0 122614 80 79 80 79 16|753.17 0 753.18
127 159 1 1 0 0 0 0 122633 80 79 80 79 16|753.20 0 753.20
127 159 1 1 0 0 0 0 122651 80 79 80 79 16|753.22 0 753.23
127 159 1 1 0 0 0 0 122672 80 79 80 79 16|753.25 0 753.26
127 159 1 1 0 0 0 0 122675 80 79 80 79 16|753.27 0 753.28
127 159 1 1 0 0 0 0 122710 80 79 80 79 16|753.29 0 753.30
127 159 1 1 0 0 0 0 122735 80 79 80 79 16|753.32 0 753.34
127 159 1 1 0 0 0 0 122768 80 79 80 79 16|753.36 0 753.38
127 159 1 1 0 0 0 0 122789 80 79 80 79 16|753.40 0 753.41
127 159 1 1 0 0 0 0 122825 80 79 80 79 16|753.44 0 753.45
127 159 1 1 0 0 0 0 122870 80 79 80 79 16|753.47 0 753.48
127 159 1 1 0 0 0 0 122873 80 79 80 79 16|753.50 0 753.50
127 159 1 1 0 0 0 0 122899 80 79 80 79 16|753.53 0 753.55
127 159 1 1 0 0 0 0 122930 80 79 80 79 16|753.56 0 753.57
127 159 1 1 0 0 0 0 122946 80 79 80 79 16|753.58 0 753.59
127 159 1 1 0 0 0 0 122988 80 79 80 79 16|753.62 0 753.63
127 159 1 1 0 0 0 0 123018 80 79 80 79 16|753.66 0 753.68
127 159 1 1 0 0 0 0 123032 80 79 80 79 16|753.69 0 753.70
127 159 1 1 0 0 0 0 123055 80 79 80 79 16|753.72 0 753.72
127 159 1 1 0 0 0 0 123059 80 79 80 79 16|753.74 0 753.74
127 159 1 1 0 0 0 0 123082 80 79 80 79 16|753.76 0 753.77
127 159 1 1 0 0 0 0 123097 80 79 80 79 16|753.78 0 753.79
127 159 1 1 0 0 0 0 123110 80 79 80 79 16|753.80 0 753.80
127 159 1 1 0 0 0 0 123138 80 79 80 79 16|753.84 0 753.85
127 159 1 1 0 0 0 0 123146 80 79 80 79 16|753.86 0 753.87
127 159 1 1 0 0 0 0 123161 80 79 80 79 16|753.88 0 753.89
127 159 1 1 0 0 0 0 123172 80 79 80 79 16|753.90 0 753.91
127 159 1 1 0 0 0 0 123197 80 79 80 79 16|753.92 0 753.93
127 159 1 1 0 0 0 0 123219 80 79 80 79 16|753.95 0 753.96
127 159 1 1 0 0 0 0 123244 80 79 80 79 16|753.97 0 753.98
127 159 1 1 0 0 0 0 123257 80 79 80 79 16|754.00 0 754.01
127 159 1 1 0 0 0 0 123274 80 79 80 79 16|754.02 0 754.03
127 159 1 1 0 0 0 0 123294 80 79 80 79 16|754.04 0 754.05
127 159 1 1 0 0 0 0 123297 80 79 80 79 16|754.07 0 754.07
127 159 1 1 0 0 0 0 123341 80 79 80 79 16|754.10 0 754.10
127 159 1 1 0 0 0 0 123385 80 79 80 79 16|754.14 0 754.15
127 159 1 1 0 0 0 0 123445 80 79 80 79 16|754.17 0 754.18
127 159 1 1 0 0 0 0 123459 80 79 80 79 16|754.19 0 754.20
127 159 1 1 0 0 0 0 123481 80 79 80 79 16|754.22 0 754.22
127 159 1 1 0 0 0 0 123499 80 79 80 79 16|754.24 0 754.25
127 159 1 1 0 0 0 0 123513 80 79 80 79 16|754.27 0 754.28
127 159 1 1 0 0 0 0 123543 80 79 80 79 16|754.29 0 754.30
127 159 1 1 0 0 0 0 123575 80 79 80 79 16|754.31 0 754.32
127 159 1 1 0 0 0 0 123592 80 79 80 79 16|754.33 0 754.34
127 159 1 1 0 0 0 0 123614 80 79 80 79 16|754.35 0 754.36
127 159 1 1 0 0 0 0 123634 80 79 80 79 16|754.38 0 754.38
127 159 1 1 0 0 0 0 123679 80 79 80 79 16|754.41 0 754.42
127 159 1 1 0 0 0 0 123712 80 79 80 79 16|754.44 0 754.46
127 159 1 1 0 0 0 0 123750 80 79 80 79 16|754.49 0 754.51
127 159 1 1 0 0 0 0 123783 80 79 80 79 16|754.52 0 754.53
127 159 1 1 0 0 0 0 123793 80 79 80 79 16|754.54 0 754.55
127 159 1 1 0 0 0 0 123825 80 79 80 79 16|754.57 0 754.58
127 159 1 1 0 0 0 0 123843 80 79 80 79 16|754.59 0 754.60
127 159 1 1 0 0 0 0 123862 80 79 80 79 16|754.61 0 754.62
127 159 1 1 0 0 0 0 123895 80 79 80 79 16|754.63 0 754.64
127 159 1 1 0 0 0 0 123918 80 79 80 79 16|754.66 0 754.66
127 159 1 1 0 0 0 0 123948 80 79 80 79 16|754.68 0 754.68
127 159 1 1 0 0 0 0 123961 80 79 80 79 16|754.70 0 754.71
127 159 1 1 0 0 0 0 123982 80 79 80 79 16|754.72 0 754.73
127 159 1 1 0 0 0 0 124026 80 79 80 79 16|754.75 0 754.77
127 159 1 1 0 0 0 0 124038 80 79 80 79 16|754.78 0 754.79
127 159 1 1 0 0 0 0 124059 80 79 80 79 16|754.81 0 754.83
127 159 1 1 0 0 0 0 124109 80 79 80 79 16|754.85 0 754.86
127 159 1 1 0 0 0 0 124139 80 79 80 79 16|754.88 0 754.89
127 159 1 1 0 0 0 0 124148 80 79 80 79 16|754.90 0 754.91
127 159 1 1 0 0 0 0 124161 80 79 80 79 16|754.93 0 754.94
127 159 1 1 0 0 0 0 124169 80 79 80 79 16|754.98 0 754.99
127 159 1 1 0 0 0 0 124203 80 79 80 79 16|755.01 0 755.02
127 159 1 1 0 0 0 0 124209 80 79 80 79 16|755.03 0 755.04
127 159 1 1 0 0 0 0 124239 80 79 80 79 16|755.05 0 755.06
127 159 1 1 0 0 0 0 124245 80 79 80 79 16|755.07 0 755.08
127 159 1 1 0 0 0 0 124249 80 79 80 79 16|755.09 0 755.10
127 159 1 1 0 0 0 0 124270 80 79 80 79 16|755.12 0 755.13
127 159 1 1 0 0 0 0 124299 80 79 80 79 16|755.17 0 755.18
127 159 1 1 0 0 0 0 124323 80 79 80 79 16|755.20 0 755.21
127 159 1 1 0 0 0 0 124332 80 79 80 79 16|755.23 0 755.24
127 159 1 1 0 0 0 0 124356 80 79 80 79 16|755.25 0 755.26
127 159 1 1 0 0 0 0 124362 80 79 80 79 16|755.27 0 755.28
127 159 1 1 0 0 0 0 124373 80 79 80 79 16|755.29 0 755.30
127 159 1 1 0 0 0 0 124386 80 79 80 79 16|755.31 0 755.32
127 159 1 1 0 0 0 0 124396 80 79 80 79 16|755.34 0 755.34
127 159 1 1 0 0 0 0 124402 80 79 80 79 16|755.35 0 755.36
127 159 1 1 0 0 0 0 124418 80 79 80 79 16|755.37 0 755.38
127 159 1 1 0 0 0 0 124425 80 79 80 79 16|755.39 0 755.40
127 159 1 1 0 0 0 0 124447 80 79 80 79 16|755.42 0 755.43
127 159 1 1 0 0 0 0 124464 80 79 80 79 16|755.45 0 755.45
127 159 1 1 0 0 0 0 124481 80 79 80 79 16|755.47 0 755.48
127 159 1 1 0 0 0 0 124503 80 79 80 79 16|755.51 0 755.53
127 159 1 1 0 0 0 0 124521 80 79 80 79 16|755.55 0 755.56
127 159 1 1 0 0 0 0 124544 80 79 80 79 16|755.58 0 755.59
127 159 1 1 0 0 0 0 124554 80 79 80 79 16|755.60 0 755.61
127 159 1 1 0 0 0 0 124568 80 79 80 79 16|755.63 0 755.64
127 159 1 1 0 0 0 0 124575 80 79 80 79 16|755.65 0 755.66
127 159 1 1 0 0 0 0 124585 80 79 80 79 16|755.67 0 755.68
127 159 1 1 0 0 0 0 124593 80 79 80 79 16|755.70 0 755.71
127 159 1 1 0 0 0 0 124609 80 79 80 79 16|755.72 0 755.73
127 159 1 1 0 0 0 0 124615 80 79 80 79 16|755.74 0 755.75
127 159 1 1 0 0 0 0 124632 80 79 80 79 16|755.76 0 755.77
127 159 1 1 0 0 0 0 124671 80 79 80 79 16|755.79 0 755.80
127 159 1 1 0 0 0 0 124689 80 79 80 79 16|755.82 0 755.82
127 159 1 1 0 0 0 0 124718 80 79 80 79 16|755.84 0 755.84
127 159 1 1 0 0 0 0 124749 80 79 80 79 16|755.86 0 755.87
127 159 1 1 0 0 0 0 124780 80 79 80 79 16|755.89 0 755.89
127 159 1 1 0 0 0 0 124795 80 79 80 79 16|755.91 0 755.91
127 159 1 1 0 0 0 0 124816 80 79 80 79 16|755.93 0 755.94
127 159 1 1 0 0 0 0 124827 80 79 80 79 16|755.95 0 755.96
127 159 1 1 0 0 0 0 124847 80 79 80 79 16|755.97 0 755.98
127 159 1 1 0 0 0 0 124873 80 79 80 79 16|755.99 0 756.00
127 159 1 1 0 0 0 0 124881 80 79 80 79 16|756.04 0 756.04
127 159 1 1 0 0 0 0 124886 80 79 80 79 16|756.10 0 756.11
127 159 1 1 0 0 0 0 124891 80 79 80 79 16|756.16 0 756.18
127 159 1 1 0 0 0 0 124896 80 79 80 79 16|756.23 0 756.24
127 159 1 1 0 0 0 0 124901 80 79 80 79 16|756.27 0 756.28
127 159 1 1 0 0 0 0 124917 80 79 80 79 16|756.37 0 756.37
127 159 1 1 0 0 0 0 124932 80 79 80 79 16|756.39 0 756.39
127 159 1 1 0 0 0 0 124955 80 79 80 79 16|756.41 0 756.42
127 159 1 1 0 0 0 0 124991 80 79 80 79 16|756.45 0 756.45
127 159 1 1 0 0 0 0 125008 80 79 80 79 16|756.47 0 756.47
127 159 1 1 0 0 0 0 125048 80 79 80 79 16|756.49 0 756.50
127 159 1 1 0 0 0 0 125071 80 79 80 79 16|756.51 0 756.52
127 159 1 1 0 0 0 0 125072 80 79 80 79 16|756.54 0 756.55
127 159 1 1 0 0 0 0 125097 80 79 80 79 16|756.57 0 756.58
127 159 1 1 0 0 0 0 125130 80 79 80 79 16|756.59 0 756.60
127 159 1 1 0 0 0 0 125138 80 79 80 79 16|756.62 0 756.63
127 159 1 1 0 0 0 0 125177 80 79 80 79 16|756.64 0 756.65
127 159 1 1 0 0 0 0 125187 80 79 80 79 16|756.66 0 756.67
127 159 1 1 0 0 0 0 125191 80 79 80 79 16|756.68 0 756.69
127 159 1 1 0 0 0 0 125203 80 79 80 79 16|756.71 0 756.71
127 159 1 1 0 0 0 0 125216 80 79 80 79 16|756.75 0 756.75
127 159 1 1 0 0 0 0 125226 80 79 80 79 16|756.77 0 756.77
127 159 1 1 0 0 0 0 125236 80 79 80 79 16|756.80 0 756.81
127 159 1 1 0 0 0 0 125242 80 79 80 79 16|756.82 0 756.83
127 159 1 1 0 0 0 0 125255 80 79 80 79 16|756.84 0 756.85
127 159 1 1 0 0 0 0 125269 80 79 80 79 16|756.87 0 756.88
127 159 1 1 0 0 0 0 125285 80 79 80 79 16|756.89 0 756.90
127 159 1 1 0 0 0 0 125299 80 79 80 79 16|756.91 0 756.92
127 159 1 1 0 0 0 0 125301 80 79 80 79 16|756.93 0 756.94
127 159 1 1 0 0 0 0 125310 80 79 80 79 16|756.95 0 756.96
127 160 1 1 0 0 0 0 125310 80 80 80 80 16|757.97 0 757.98
128 160 0 0 0 0 0 1 125310 80 80 80 80 16|758.81 14 758.82
129 160 1 1 0 0 0 1 125310 80 80 80 80 16|759.11 0 759.12
129 160 1 1 0 0 0 0 125311 80 80 80 80 16|759.13 0 759.14
129 161 1 1 0 0 0 0 125311 81 80 81 80 16|759.26 0 759.27
129 162 1 1 0 0 0 0 125311 81 81 81 81 16|760.52 0 760.53
129 163 1 1 0 0 0 0 125311 82 81 82 81 16|760.84 0 760.85
129 163 1 1 0 0 0 0 125312 82 81 82 81 16|760.92 0 760.93
130 164 0 0 0 0 0 1 125312 82 82 82 82 16|762.16 1 762.17
131 165 1 1 0 0 0 0 125312 83 82 83 82 16|764.37 0 764.38
131 165 1 1 0 0 0 0 125313 83 82 83 82 16|764.48 0 764.49
131 165 1 1 0 0 0 0 125314 83 82 83 82 16|764.77 0 764.78
131 165 1 1 0 0 0 0 125319 83 82 83 82 16|764.79 0 764.80
131 165 1 1 0 0 0 0 125320 83 82 83 82 16|764.94 0 764.95
131 165 1 1 0 0 0 0 125321 83 82 83 82 16|765.85 0 765.86
131 165 1 1 0 0 0 0 125323 83 82 83 82 16|765.96 0 765.96
131 165 1 1 0 0 0 0 125324 83 82 83 82 16|766.00 0 766.00
131 165 1 1 0 0 0 0 125326 83 82 83 82 16|766.07 0 766.08
131 165 1 1 0 0 0 0 125333 83 82 83 82 16|766.12 0 766.13
131 165 1 1 0 0 0 0 125334 83 82 83 82 16|766.15 0 766.16
131 165 1 1 0 0 0 0 125346 83 82 83 82 16|766.19 0 766.20
131 165 1 1 0 0 0 0 125357 83 82 83 82 16|766.24 0 766.26
131 165 1 1 0 0 0 0 125383 83 82 83 82 16|766.27 0 766.28
131 165 1 1 0 0 0 0 125398 83 82 83 82 16|766.30 0 766.31
131 165 1 1 0 0 0 0 125415 83 82 83 82 16|766.32 0 766.33
131 165 1 1 0 0 0 0 125418 83 82 83 82 16|766.35 0 766.36
131 165 1 1 0 0 0 0 125424 83 82 83 82 16|766.38 0 766.38
131 165 1 1 0 0 0 0 125436 83 82 83 82 16|766.40 0 766.40
131 165 1 1 0 0 0 0 125440 83 82 83 82 16|766.42 0 766.43
131 165 1 1 0 0 0 0 125456 83 82 83 82 16|766.45 0 766.47
131 165 1 1 0 0 0 0 125469 83 82 83 82 16|766.48 0 766.49
131 165 1 1 0 0 0 0 125474 83 82 83 82 16|766.50 0 766.51
131 165 1 1 0 0 0 0 125486 83 82 83 82 16|766.52 0 766.53
131 165 1 1 0 0 0 0 125492 83 82 83 82 16|766.54 0 766.55
131 165 1 1 0 0 0 0 125505 83 82 83 82 16|766.57 0 766.58
131 165 1 1 0 0 0 0 125517 83 82 83 82 16|766.60 0 766.60
131 165 1 1 0 0 0 0 125523 83 82 83 82 16|766.62 0 766.63
131 165 1 1 0 0 0 0 125530 83 82 83 82 16|766.64 0 766.65
131 165 1 1 0 0 0 0 125533 83 82 83 82 16|766.66 0 766.67
131 165 1 1 0 0 0 0 125543 83 82 83 82 16|766.68 0 766.69
131 165 1 1 0 0 0 0 125545 83 82 83 82 16|766.70 0 766.71
131 165 1 1 0 0 0 0 125558 83 82 83 82 16|766.73 0 766.74
131 165 1 1 0 0 0 0 125564 83 82 83 82 16|766.76 0 766.76
131 165 1 1 0 0 0 0 125571 83 82 83 82 16|766.78 0 766.79
131 165 1 1 0 0 0 0 125576 83 82 83 82 16|766.80 0 766.81
131 165 1 1 0 0 0 0 125579 83 82 83 82 16|766.82 0 766.83
131 165 1 1 0 0 0 0 125594 83 82 83 82 16|766.87 0 766.88
131 165 1 1 0 0 0 0 125601 83 82 83 82 16|766.90 0 766.91
131 165 1 1 0 0 0 0 125624 83 82 83 82 16|766.92 0 766.93
131 165 1 1 0 0 0 0 125633 83 82 83 82 16|766.94 0 766.95
131 165 1 1 0 0 0 0 125635 83 82 83 82 16|766.96 0 766.97
131 165 1 1 0 0 0 0 125639 83 82 83 82 16|766.98 0 766.99
131 165 1 1 0 0 0 0 125646 83 82 83 82 16|767.00 0 767.01
131 165 1 1 0 0 0 0 125653 83 82 83 82 16|767.03 0 767.04
131 165 1 1 0 0 0 0 125664 83 82 83 82 16|767.05 0 767.06
131 165 1 1 0 0 0 0 125674 83 82 83 82 16|767.07 0 767.08
131 165 1 1 0 0 0 0 125688 83 82 83 82 16|767.10 0 767.12
131 165 1 1 0 0 0 0 125704 83 82 83 82 16|767.13 0 767.14
131 165 1 1 0 0 0 0 125722 83 82 83 82 16|767.15 0 767.16
131 165 1 1 0 0 0 0 125736 83 82 83 82 16|767.17 0 767.18
131 165 1 1 0 0 0 0 125758 83 82 83 82 16|767.20 0 767.20
131 165 1 1 0 0 0 0 125763 83 82 83 82 16|767.22 0 767.22
131 165 1 1 0 0 0 0 125776 83 82 83 82 16|767.24 0 767.25
131 165 1 1 0 0 0 0 125785 83 82 83 82 16|767.26 0 767.27
131 165 1 1 0 0 0 0 125802 83 82 83 82 16|767.28 0 767.29
131 165 1 1 0 0 0 0 125826 83 82 83 82 16|767.30 0 767.31
131 165 1 1 0 0 0 0 125849 83 82 83 82 16|767.33 0 767.33
131 165 1 1 0 0 0 0 125859 83 82 83 82 16|767.39 0 767.40
131 165 1 1 0 0 0 0 125869 83 82 83 82 16|767.43 0 767.44
131 165 1 1 0 0 0 0 125880 83 82 83 82 16|767.46 0 767.47
131 165 1 1 0 0 0 0 125889 83 82 83 82 16|767.48 0 767.49
131 165 1 1 0 0 0 0 125890 83 82 83 82 16|767.50 0 767.51
131 165 1 1 0 0 0 0 125898 83 82 83 82 16|767.52 0 767.53
131 165 1 1 0 0 0 0 125922 83 82 83 82 16|767.57 0 767.59
131 165 1 1 0 0 0 0 125932 83 82 83 82 16|767.60 0 767.61
131 165 1 1 0 0 0 0 125943 83 82 83 82 16|767.63 0 767.63
131 165 1 1 0 0 0 0 125955 83 82 83 82 16|767.65 0 767.65
131 165 1 1 0 0 0 0 125963 83 82 83 82 16|767.67 0 767.68
131 165 1 1 0 0 0 0 125975 83 82 83 82 16|767.69 0 767.70
131 165 1 1 0 0 0 0 125977 83 82 83 82 16|767.71 0 767.72
131 165 1 1 0 0 0 0 125985 83 82 83 82 16|767.73 0 767.74
131 165 1 1 0 0 0 0 125992 83 82 83 82 16|767.75 0 767.76
131 165 1 1 0 0 0 0 126023 83 82 83 82 16|767.79 0 767.80
131 165 1 1 0 0 0 0 126026 83 82 83 82 16|767.81 0 767.82
131 165 1 1 0 0 0 0 126028 83 82 83 82 16|767.83 0 767.84
131 165 1 1 0 0 0 0 126042 83 82 83 82 16|767.86 0 767.86
131 165 1 1 0 0 0 0 126058 83 82 83 82 16|767.88 0 767.88
131 165 1 1 0 0 0 0 126070 83 82 83 82 16|767.90 0 767.91
131 165 1 1 0 0 0 0 126093 83 82 83 82 16|767.93 0 767.94
131 165 1 1 0 0 0 0 126105 83 82 83 82 16|767.97 0 767.98
131 165 1 1 0 0 0 0 126107 83 82 83 82 16|767.99 0 768.00
131 165 1 1 0 0 0 0 126117 83 82 83 82 16|768.01 0 768.02
131 165 1 1 0 0 0 0 126119 83 82 83 82 16|768.03 0 768.04
131 165 1 1 0 0 0 0 126130 83 82 83 82 16|768.05 0 768.06
131 165 1 1 0 0 0 0 126139 83 82 83 82 16|768.07 0 768.08
131 165 1 1 0 0 0 0 126148 83 82 83 82 16|768.09 0 768.10
131 165 1 1 0 0 0 0 126161 83 82 83 82 16|768.11 0 768.12
131 165 1 1 0 0 0 0 126168 83 82 83 82 16|768.13 0 768.14
131 165 1 1 0 0 0 0 126178 83 82 83 82 16|768.15 0 768.16
131 165 1 1 0 0 0 0 126185 83 82 83 82 16|768.18 0 768.18
131 165 1 1 0 0 0 0 126196 83 82 83 82 16|768.20 0 768.20
131 165 1 1 0 0 0 0 126214 83 82 83 82 16|768.23 0 768.25
131 165 1 1 0 0 0 0 126225 83 82 83 82 16|768.26 0 768.27
131 165 1 1 0 0 0 0 126243 83 82 83 82 16|768.29 0 768.30
131 165 1 1 0 0 0 0 126260 83 82 83 82 16|768.32 0 768.32
131 165 1 1 0 0 0 0 126267 83 82 83 82 16|768.34 0 768.34
131 165 1 1 0 0 0 0 126289 83 82 83 82 16|768.38 0 768.39
131 165 1 1 0 0 0 0 126299 83 82 83 82 16|768.41 0 768.42
131 165 1 1 0 0 0 0 126315 83 82 83 82 16|768.45 0 768.46
131 165 1 1 0 0 0 0 126328 83 82 83 82 16|768.48 0 768.49
131 165 1 1 0 0 0 0 126335 83 82 83 82 16|768.50 0 768.51
131 165 1 1 0 0 0 0 126347 83 82 83 82 16|768.52 0 768.53
131 165 1 1 0 0 0 0 126351 83 82 83 82 16|768.55 0 768.56
131 165 1 1 0 0 0 0 126357 83 82 83 82 16|768.57 0 768.58
131 165 1 1 0 0 0 0 126367 83 82 83 82 16|768.59 0 768.60
131 165 1 1 0 0 0 0 126375 83 82 83 82 16|768.61 0 768.62
131 165 1 1 0 0 0 0 126379 83 82 83 82 16|768.63 0 768.64
131 165 1 1 0 0 0 0 126390 83 82 83 82 16|768.65 0 768.66
131 165 1 1 0 0 0 0 126407 83 82 83 82 16|768.69 0 768.70
131 165 1 1 0 0 0 0 126414 83 82 83 82 16|768.71 0 768.72
131 165 1 1 0 0 0 0 126422 83 82 83 82 16|768.74 0 768.75
131 165 1 1 0 0 0 0 126430 83 82 83 82 16|768.76 0 768.77
131 165 1 1 0 0 0 0 126434 83 82 83 82 16|768.78 0 768.79
131 165 1 1 0 0 0 0 126450 83 82 83 82 16|768.81 0 768.81
131 165 1 1 0 0 0 0 126458 83 82 83 82 16|768.85 0 768.85
131 165 1 1 0 0 0 0 126465 83 82 83 82 16|768.87 0 768.88
131 165 1 1 0 0 0 0 126472 83 82 83 82 16|768.89 0 768.90
131 165 1 1 0 0 0 0 126477 83 82 83 82 16|768.91 0 768.92
131 165 1 1 0 0 0 0 126481 83 82 83 82 16|768.93 0 768.94
131 165 1 1 0 0 0 0 126486 83 82 83 82 16|768.95 0 768.96
131 165 1 1 0 0 0 0 126495 83 82 83 82 16|768.97 0 768.98
131 165 1 1 0 0 0 0 126508 83 82 83 82 16|769.01 0 769.02
131 165 1 1 0 0 0 0 126517 83 82 83 82 16|769.03 0 769.04
131 165 1 1 0 0 0 0 126529 83 82 83 82 16|769.07 0 769.08
131 165 1 1 0 0 0 0 126537 83 82 83 82 16|769.09 0 769.10
131 165 1 1 0 0 0 0 126545 83 82 83 82 16|769.11 0 769.12
131 165 1 1 0 0 0 0 126549 83 82 83 82 16|769.13 0 769.14
131 165 1 1 0 0 0 0 126561 83 82 83 82 16|769.15 0 769.16
131 165 1 1 0 0 0 0 126562 83 82 83 82 16|769.18 0 769.18
131 165 1 1 0 0 0 0 126574 83 82 83 82 16|769.20 0 769.21
131 165 1 1 0 0 0 0 126580 83 82 83 82 16|769.22 0 769.23
131 165 1 1 0 0 0 0 126592 83 82 83 82 16|769.24 0 769.25
131 165 1 1 0 0 0 0 126594 83 82 83 82 16|769.26 0 769.27
131 165 1 1 0 0 0 0 126605 83 82 83 82 16|769.29 0 769.29
131 165 1 1 0 0 0 0 126617 83 82 83 82 16|769.32 0 769.33
131 165 1 1 0 0 0 0 126621 83 82 83 82 16|769.34 0 769.35
131 165 1 1 0 0 0 0 126631 83 82 83 82 16|769.38 0 769.39
131 165 1 1 0 0 0 0 126643 83 82 83 82 16|769.41 0 769.42
131 165 1 1 0 0 0 0 126647 83 82 83 82 16|769.43 0 769.44
131 165 1 1 0 0 0 0 126656 83 82 83 82 16|769.45 0 769.46
131 165 1 1 0 0 0 0 126667 83 82 83 82 16|769.49 0 769.50
131 165 1 1 0 0 0 0 126675 83 82 83 82 16|769.52 0 769.52
131 165 1 1 0 0 0 0 126678 83 82 83 82 16|769.54 0 769.54
131 165 1 1 0 0 0 0 126686 83 82 83 82 16|769.56 0 769.56
131 165 1 1 0 0 0 0 126693 83 82 83 82 16|769.59 0 769.59
131 165 1 1 0 0 0 0 126699 83 82 83 82 16|769.61 0 769.61
131 165 1 1 0 0 0 0 126706 83 82 83 82 16|769.63 0 769.63
131 165 1 1 0 0 0 0 126712 83 82 83 82 16|769.65 0 769.66
131 165 1 1 0 0 0 0 126723 83 82 83 82 16|769.68 0 769.69
131 165 1 1 0 0 0 0 126732 83 82 83 82 16|769.71 0 769.72
131 165 1 1 0 0 0 0 126739 83 82 83 82 16|769.73 0 769.74
131 165 1 1 0 0 0 0 126747 83 82 83 82 16|769.76 0 769.76
131 165 1 1 0 0 0 0 126752 83 82 83 82 16|769.78 0 769.78
131 165 1 1 0 0 0 0 126760 83 82 83 82 16|769.80 0 769.81
131 165 1 1 0 0 0 0 126762 83 82 83 82 16|769.82 0 769.83
131 165 1 1 0 0 0 0 126774 83 82 83 82 16|769.84 0 769.85
131 165 1 1 0 0 0 0 126782 83 82 83 82 16|769.87 0 769.88
131 165 1 1 0 0 0 0 126789 83 82 83 82 16|769.89 0 769.90
131 165 1 1 0 0 0 0 126803 83 82 83 82 16|769.92 0 769.93
131 165 1 1 0 0 0 0 126809 83 82 83 82 16|769.94 0 769.95
131 165 1 1 0 0 0 0 126823 83 82 83 82 16|769.96 0 769.97
131 165 1 1 0 0 0 0 126829 83 82 83 82 16|769.98 0 769.99
131 165 1 1 0 0 0 0 126840 83 82 83 82 16|770.00 0 770.02
131 165 1 1 0 0 0 0 126857 83 82 83 82 16|770.04 0 770.05
131 165 1 1 0 0 0 0 126862 83 82 83 82 16|770.07 0 770.07
131 165 1 1 0 0 0 0 126875 83 82 83 82 16|770.10 0 770.12
131 165 1 1 0 0 0 0 126886 83 82 83 82 16|770.13 0 770.14
131 165 1 1 0 0 0 0 126904 83 82 83 82 16|770.17 0 770.19
131 165 1 1 0 0 0 0 126914 83 82 83 82 16|770.20 0 770.21
131 165 1 1 0 0 0 0 126930 83 82 83 82 16|770.24 0 770.25
131 165 1 1 0 0 0 0 126939 83 82 83 82 16|770.27 0 770.27
131 165 1 1 0 0 0 0 126945 83 82 83 82 16|770.29 0 770.29
131 165 1 1 0 0 0 0 126951 83 82 83 82 16|770.31 0 770.32
131 165 1 1 0 0 0 0 126964 83 82 83 82 16|770.33 0 770.33
131 165 1 1 0 0 0 0 126972 83 82 83 82 16|770.37 0 770.37
131 165 1 1 0 0 0 0 126974 83 82 83 82 16|770.38 0 770.39
131 165 1 1 0 0 0 0 126982 83 82 83 82 16|770.43 0 770.44
131 165 1 1 0 0 0 0 126997 83 82 83 82 16|770.47 0 770.47
131 165 1 1 0 0 0 0 127005 83 82 83 82 16|770.49 0 770.50
131 165 1 1 0 0 0 0 127009 83 82 83 82 16|770.52 0 770.53
131 165 1 1 0 0 0 0 127013 83 82 83 82 16|770.54 0 770.55
131 165 1 1 0 0 0 0 127018 83 82 83 82 16|770.56 0 770.57
131 165 1 1 0 0 0 0 127022 83 82 83 82 16|770.58 0 770.59
131 165 1 1 0 0 0 0 127026 83 82 83 82 16|770.60 0 770.61
131 165 1 1 0 0 0 0 127030 83 82 83 82 16|770.62 0 770.63
131 165 1 1 0 0 0 0 127036 83 82 83 82 16|770.66 0 770.67
131 165 1 1 0 0 0 0 127044 83 82 83 82 16|770.69 0 770.70
131 165 1 1 0 0 0 0 127047 83 82 83 82 16|770.71 0 770.72
131 165 1 1 0 0 0 0 127050 83 82 83 82 16|770.73 0 770.74
131 165 1 1 0 0 0 0 127052 83 82 83 82 16|770.75 0 770.76
131 165 1 1 0 0 0 0 127058 83 82 83 82 16|770.77 0 770.78
131 165 1 1 0 0 0 0 127067 83 82 83 82 16|770.81 0 770.82
131 165 1 1 0 0 0 0 127073 83 82 83 82 16|770.84 0 770.84
131 165 1 1 0 0 0 0 127076 83 82 83 82 16|770.85 0 770.86
131 165 1 1 0 0 0 0 127082 83 82 83 82 16|770.87 0 770.88
131 165 1 1 0 0 0 0 127091 83 82 83 82 16|770.91 0 770.93
131 165 1 1 0 0 0 0 127094 83 82 83 82 16|770.94 0 770.95
131 165 1 1 0 0 0 0 127099 83 82 83 82 16|770.96 0 770.97
131 165 1 1 0 0 0 0 127102 83 82 83 82 16|770.98 0 770.99
131 165 1 1 0 0 0 0 127111 83 82 83 82 16|771.00 0 771.01
131 165 1 1 0 0 0 0 127117 83 82 83 82 16|771.03 0 771.05
131 165 1 1 0 0 0 0 127128 83 82 83 82 16|771.07 0 771.08
131 165 1 1 0 0 0 0 127136 83 82 83 82 16|771.09 0 771.10
131 165 1 1 0 0 0 0 127150 83 82 83 82 16|771.12 0 771.14
131 165 1 1 0 0 0 0 127154 83 82 83 82 16|771.15 0 771.16
131 165 1 1 0 0 0 0 127162 83 82 83 82 16|771.17 0 771.17
131 165 1 1 0 0 0 0 127172 83 82 83 82 16|771.21 0 771.22
131 165 1 1 0 0 0 0 127177 83 82 83 82 16|771.23 0 771.24
131 165 1 1 0 0 0 0 127184 83 82 83 82 16|771.25 0 771.26
131 165 1 1 0 0 0 0 127197 83 82 83 82 16|771.27 0 771.28
131 165 1 1 0 0 0 0 127206 83 82 83 82 16|771.29 0 771.30
131 165 1 1 0 0 0 0 127225 83 82 83 82 16|771.32 0 771.32
131 165 1 1 0 0 0 0 127227 83 82 83 82 16|771.33 0 771.34
131 165 1 1 0 0 0 0 127233 83 82 83 82 16|771.37 0 771.38
131 165 1 1 0 0 0 0 127245 83 82 83 82 16|771.39 0 771.40
131 165 1 1 0 0 0 0 127248 83 82 83 82 16|771.41 0 771.42
131 165 1 1 0 0 0 0 127262 83 82 83 82 16|771.43 0 771.44
131 165 1 1 0 0 0 0 127271 83 82 83 82 16|771.45 0 771.46
131 165 1 1 0 0 0 0 127278 83 82 83 82 16|771.47 0 771.48
131 165 1 1 0 0 0 0 127291 83 82 83 82 16|771.49 0 771.50
131 165 1 1 0 0 0 0 127301 83 82 83 82 16|771.51 0 771.52
131 165 1 1 0 0 0 0 127309 83 82 83 82 16|771.53 0 771.54
131 165 1 1 0 0 0 0 127322 83 82 83 82 16|771.55 0 771.56
131 165 1 1 0 0 0 0 127329 83 82 83 82 16|771.57 0 771.58
131 165 1 1 0 0 0 0 127343 83 82 83 82 16|771.59 0 771.60
131 165 1 1 0 0 0 0 127347 83 82 83 82 16|771.62 0 771.62
131 165 1 1 0 0 0 0 127365 83 82 83 82 16|771.64 0 771.64
131 165 1 1 0 0 0 0 127371 83 82 83 82 16|771.68 0 771.69
131 165 1 1 0 0 0 0 127378 83 82 83 82 16|771.70 0 771.71
131 165 1 1 0 0 0 0 127391 83 82 83 82 16|771.72 0 771.73
131 165 1 1 0 0 0 0 127394 83 82 83 82 16|771.74 0 771.75
131 165 1 1 0 0 0 0 127400 83 82 83 82 16|771.76 0 771.77
131 165 1 1 0 0 0 0 127406 83 82 83 82 16|771.78 0 771.79
131 165 1 1 0 0 0 0 127408 83 82 83 82 16|771.81 0 771.82
131 165 1 1 0 0 0 0 127413 83 82 83 82 16|771.84 0 771.84
131 165 1 1 0 0 0 0 127414 83 82 83 82 16|771.86 0 771.88
131 165 1 1 0 0 0 0 127421 83 82 83 82 16|771.89 0 771.90
131 165 1 1 0 0 0 0 127429 83 82 83 82 16|771.91 0 771.92
131 165 1 1 0 0 0 0 127436 83 82 83 82 16|771.94 0 771.94
131 165 1 1 0 0 0 0 127449 83 82 83 82 16|771.96 0 771.96
131 165 1 1 0 0 0 0 127456 83 82 83 82 16|771.98 0 771.98
131 165 1 1 0 0 0 0 127460 83 82 83 82 16|771.99 0 772.00
131 165 1 1 0 0 0 0 127462 83 82 83 82 16|772.02 0 772.02
131 165 1 1 0 0 0 0 127472 83 82 83 82 16|772.04 0 772.04
131 165 1 1 0 0 0 0 127476 83 82 83 82 16|772.06 0 772.06
131 165 1 1 0 0 0 0 127489 83 82 83 82 16|772.08 0 772.09
131 165 1 1 0 0 0 0 127498 83 82 83 82 16|772.11 0 772.12
131 165 1 1 0 0 0 0 127507 83 82 83 82 16|772.14 0 772.14
131 165 1 1 0 0 0 0 127525 83 82 83 82 16|772.18 0 772.20
131 165 1 1 0 0 0 0 127539 83 82 83 82 16|772.21 0 772.22
131 165 1 1 0 0 0 0 127547 83 82 83 82 16|772.24 0 772.24
131 165 1 1 0 0 0 0 127556 83 82 83 82 16|772.27 0 772.28
131 165 1 1 0 0 0 0 127559 83 82 83 82 16|772.29 0 772.30
131 165 1 1 0 0 0 0 127564 83 82 83 82 16|772.32 0 772.32
131 165 1 1 0 0 0 0 127568 83 82 83 82 16|772.34 0 772.34
131 165 1 1 0 0 0 0 127574 83 82 83 82 16|772.36 0 772.36
131 165 1 1 0 0 0 0 127582 83 82 83 82 16|772.38 0 772.38
131 165 1 1 0 0 0 0 127596 83 82 83 82 16|772.42 0 772.43
131 165 1 1 0 0 0 0 127623 83 82 83 82 16|772.47 0 772.49
131 165 1 1 0 0 0 0 127638 83 82 83 82 16|772.50 0 772.51
131 165 1 1 0 0 0 0 127642 83 82 83 82 16|772.52 0 772.53
131 165 1 1 0 0 0 0 127660 83 82 83 82 16|772.58 0 772.60
131 165 1 1 0 0 0 0 127668 83 82 83 82 16|772.61 0 772.62
131 165 1 1 0 0 0 0 127682 83 82 83 82 16|772.63 0 772.64
131 165 1 1 0 0 0 0 127687 83 82 83 82 16|772.65 0 772.66
131 165 1 1 0 0 0 0 127697 83 82 83 82 16|772.68 0 772.68
131 165 1 1 0 0 0 0 127703 83 82 83 82 16|772.70 0 772.71
131 165 1 1 0 0 0 0 127719 83 82 83 82 16|772.72 0 772.73
131 165 1 1 0 0 0 0 127733 83 82 83 82 16|772.76 0 772.78
131 165 1 1 0 0 0 0 127750 83 82 83 82 16|772.79 0 772.80
131 165 1 1 0 0 0 0 127759 83 82 83 82 16|772.82 0 772.82
131 165 1 1 0 0 0 0 127776 83 82 83 82 16|772.84 0 772.84
131 165 1 1 0 0 0 0 127784 83 82 83 82 16|772.86 0 772.87
131 165 1 1 0 0 0 0 127807 83 82 83 82 16|772.88 0 772.89
131 165 1 1 0 0 0 0 127833 83 82 83 82 16|772.92 0 772.93
131 165 1 1 0 0 0 0 127861 83 82 83 82 16|772.96 0 772.97
131 165 1 1 0 0 0 0 127873 83 82 83 82 16|772.99 0 773.00
131 165 1 1 0 0 0 0 127881 83 82 83 82 16|773.01 0 773.02
131 165 1 1 0 0 0 0 127898 83 82 83 82 16|773.04 0 773.05
131 165 1 1 0 0 0 0 127911 83 82 83 82 16|773.07 0 773.07
131 165 1 1 0 0 0 0 127916 83 82 83 82 16|773.09 0 773.09
131 165 1 1 0 0 0 0 127930 83 82 83 82 16|773.12 0 773.13
131 165 1 1 0 0 0 0 127948 83 82 83 82 16|773.15 0 773.16
131 165 1 1 0 0 0 0 127956 83 82 83 82 16|773.17 0 773.18
131 165 1 1 0 0 0 0 127968 83 82 83 82 16|773.19 0 773.20
131 165 1 1 0 0 0 0 127980 83 82 83 82 16|773.21 0 773.22
131 165 1 1 0 0 0 0 127992 83 82 83 82 16|773.23 0 773.24
131 165 1 1 0 0 0 0 128005 83 82 83 82 16|773.26 0 773.27
131 165 1 1 0 0 0 0 128022 83 82 83 82 16|773.28 0 773.29
131 165 1 1 0 0 0 0 128028 83 82 83 82 16|773.30 0 773.31
131 165 1 1 0 0 0 0 128045 83 82 83 82 16|773.32 0 773.33
131 165 1 1 0 0 0 0 128052 83 82 83 82 16|773.34 0 773.35
131 165 1 1 0 0 0 0 128065 83 82 83 82 16|773.36 0 773.37
131 165 1 1 0 0 0 0 128089 83 82 83 82 16|773.39 0 773.40
131 165 1 1 0 0 0 0 128094 83 82 83 82 16|773.42 0 773.43
131 165 1 1 0 0 0 0 128122 83 82 83 82 16|773.45 0 773.45
131 165 1 1 0 0 0 0 128137 83 82 83 82 16|773.47 0 773.48
131 165 1 1 0 0 0 0 128152 83 82 83 82 16|773.50 0 773.52
131 165 1 1 0 0 0 0 128176 83 82 83 82 16|773.53 0 773.54
131 165 1 1 0 0 0 0 128185 83 82 83 82 16|773.55 0 773.56
131 165 1 1 0 0 0 0 128204 83 82 83 82 16|773.57 0 773.58
131 165 1 1 0 0 0 0 128233 83 82 83 82 16|773.60 0 773.62
131 165 1 1 0 0 0 0 128241 83 82 83 82 16|773.63 0 773.64
131 165 1 1 0 0 0 0 128253 83 82 83 82 16|773.66 0 773.66
131 165 1 1 0 0 0 0 128270 83 82 83 82 16|773.68 0 773.68
131 165 1 1 0 0 0 0 128293 83 82 83 82 16|773.71 0 773.71
131 165 1 1 0 0 0 0 128316 83 82 83 82 16|773.74 0 773.75
131 165 1 1 0 0 0 0 128347 83 82 83 82 16|773.78 0 773.80
131 165 1 1 0 0 0 0 128373 83 82 83 82 16|773.81 0 773.82
131 165 1 1 0 0 0 0 128381 83 82 83 82 16|773.83 0 773.84
131 165 1 1 0 0 0 0 128388 83 82 83 82 16|773.85 0 773.86
131 165 1 1 0 0 0 0 128398 83 82 83 82 16|773.87 0 773.88
131 165 1 1 0 0 0 0 128405 83 82 83 82 16|773.89 0 773.90
131 165 1 1 0 0 0 0 128418 83 82 83 82 16|773.92 0 773.94
131 165 1 1 0 0 0 0 128439 83 82 83 82 16|773.95 0 773.96
131 165 1 1 0 0 0 0 128454 83 82 83 82 16|773.97 0 773.98
131 165 1 1 0 0 0 0 128468 83 82 83 82 16|774.00 0 774.00
131 165 1 1 0 0 0 0 128485 83 82 83 82 16|774.01 0 774.02
131 165 1 1 0 0 0 0 128508 83 82 83 82 16|774.03 0 774.04
131 165 1 1 0 0 0 0 128534 83 82 83 82 16|774.05 0 774.06
131 165 1 1 0 0 0 0 128546 83 82 83 82 16|774.07 0 774.08
131 165 1 1 0 0 0 0 128573 83 82 83 82 16|774.10 0 774.11
131 165 1 1 0 0 0 0 128602 83 82 83 82 16|774.13 0 774.14
131 165 1 1 0 0 0 0 128627 83 82 83 82 16|774.15 0 774.16
131 165 1 1 0 0 0 0 128651 83 82 83 82 16|774.18 0 774.18
131 165 1 1 0 0 0 0 128668 83 82 83 82 16|774.20 0 774.21
131 165 1 1 0 0 0 0 128683 83 82 83 82 16|774.23 0 774.24
131 165 1 1 0 0 0 0 128737 83 82 83 82 16|774.30 0 774.31
131 165 1 1 0 0 0 0 128765 83 82 83 82 16|774.32 0 774.33
131 165 1 1 0 0 0 0 128776 83 82 83 82 16|774.34 0 774.35
131 165 1 1 0 0 0 0 128797 83 82 83 82 16|774.36 0 774.37
131 165 1 1 0 0 0 0 128812 83 82 83 82 16|774.38 0 774.39
131 165 1 1 0 0 0 0 128848 83 82 83 82 16|774.40 0 774.41
131 165 1 1 0 0 0 0 128884 83 82 83 82 16|774.45 0 774.46
131 165 1 1 0 0 0 0 128902 83 82 83 82 16|774.48 0 774.48
131 165 1 1 0 0 0 0 128952 83 82 83 82 16|774.51 0 774.53
131 165 1 1 0 0 0 0 128979 83 82 83 82 16|774.55 0 774.56
131 165 1 1 0 0 0 0 129011 83 82 83 82 16|774.57 0 774.58
131 165 1 1 0 0 0 0 129035 83 82 83 82 16|774.59 0 774.60
131 165 1 1 0 0 0 0 129054 83 82 83 82 16|774.61 0 774.61
131 165 1 1 0 0 0 0 129075 83 82 83 82 16|774.63 0 774.64
131 165 1 1 0 0 0 0 129097 83 82 83 82 16|774.65 0 774.66
131 165 1 1 0 0 0 0 129122 83 82 83 82 16|774.67 0 774.68
131 165 1 1 0 0 0 0 129133 83 82 83 82 16|774.70 0 774.70
131 165 1 1 0 0 0 0 129134 83 82 83 82 16|774.72 0 774.72
131 165 1 1 0 0 0 0 129136 83 82 83 82 16|774.74 0 774.74
131 165 1 1 0 0 0 0 129153 83 82 83 82 16|774.76 0 774.77
131 165 1 1 0 0 0 0 129155 83 82 83 82 16|774.78 0 774.79
131 165 1 1 0 0 0 0 129169 83 82 83 82 16|774.80 0 774.81
131 165 1 1 0 0 0 0 129182 83 82 83 82 16|774.82 0 774.83
131 165 1 1 0 0 0 0 129205 83 82 83 82 16|774.85 0 774.86
131 165 1 1 0 0 0 0 129209 83 82 83 82 16|774.87 0 774.88
131 165 1 1 0 0 0 0 129220 83 82 83 82 16|774.89 0 774.90
131 165 1 1 0 0 0 0 129237 83 82 83 82 16|774.91 0 774.92
131 165 1 1 0 0 0 0 129265 83 82 83 82 16|774.94 0 774.95
131 165 1 1 0 0 0 0 129308 83 82 83 82 16|774.98 0 774.99
131 165 1 1 0 0 0 0 129343 83 82 83 82 16|775.01 0 775.02
131 165 1 1 0 0 0 0 129359 83 82 83 82 16|775.03 0 775.04
131 165 1 1 0 0 0 0 129387 83 82 83 82 16|775.05 0 775.06
131 165 1 1 0 0 0 0 129419 83 82 83 82 16|775.09 0 775.10
131 165 1 1 0 0 0 0 129464 83 82 83 82 16|775.13 0 775.15
131 165 1 1 0 0 0 0 129517 83 82 83 82 16|775.18 0 775.19
131 165 1 1 0 0 0 0 129551 83 82 83 82 16|775.20 0 775.21
131 165 1 1 0 0 0 0 129562 83 82 83 82 16|775.22 0 775.23
131 165 1 1 0 0 0 0 129605 83 82 83 82 16|775.25 0 775.26
131 165 1 1 0 0 0 0 129622 83 82 83 82 16|775.27 0 775.28
131 165 1 1 0 0 0 0 129648 83 82 83 82 16|775.29 0 775.30
131 165 1 1 0 0 0 0 129674 83 82 83 82 16|775.31 0 775.32
131 165 1 1 0 0 0 0 129685 83 82 83 82 16|775.33 0 775.34
131 165 1 1 0 0 0 0 129715 83 82 83 82 16|775.36 0 775.36
131 165 1 1 0 0 0 0 129735 83 82 83 82 16|775.38 0 775.38
131 165 1 1 0 0 0 0 129778 83 82 83 82 16|775.41 0 775.42
131 165 1 1 0 0 0 0 129807 83 82 83 82 16|775.43 0 775.44
131 165 1 1 0 0 0 0 129838 83 82 83 82 16|775.46 0 775.47
131 165 1 1 0 0 0 0 129871 83 82 83 82 16|775.49 0 775.50
131 165 1 1 0 0 0 0 129894 83 82 83 82 16|775.51 0 775.52
131 165 1 1 0 0 0 0 129924 83 82 83 82 16|775.54 0 775.55
131 165 1 1 0 0 0 0 129961 83 82 83 82 16|775.57 0 775.58
131 165 1 1 0 0 0 0 130014 83 82 83 82 16|775.61 0 775.62
131 165 1 1 0 0 0 0 130035 83 82 83 82 16|775.64 0 775.65
131 165 1 1 0 0 0 0 130057 83 82 83 82 16|775.67 0 775.67
131 165 1 1 0 0 0 0 130059 83 82 83 82 16|775.69 0 775.70
131 165 1 1 0 0 0 0 130075 83 82 83 82 16|775.71 0 775.72
131 165 1 1 0 0 0 0 130090 83 82 83 82 16|775.73 0 775.74
131 165 1 1 0 0 0 0 130104 83 82 83 82 16|775.75 0 775.76
131 165 1 1 0 0 0 0 130105 83 82 83 82 16|775.77 0 775.78
131 165 1 1 0 0 0 0 130116 83 82 83 82 16|775.80 0 775.82
131 165 1 1 0 0 0 0 130132 83 82 83 82 16|775.83 0 775.84
131 165 1 1 0 0 0 0 130136 83 82 83 82 16|775.85 0 775.86
131 165 1 1 0 0 0 0 130153 83 82 83 82 16|775.87 0 775.88
131 165 1 1 0 0 0 0 130164 83 82 83 82 16|775.89 0 775.90
131 165 1 1 0 0 0 0 130189 83 82 83 82 16|775.94 0 775.95
131 165 1 1 0 0 0 0 130240 83 82 83 82 16|775.97 0 775.98
131 165 1 1 0 0 0 0 130257 83 82 83 82 16|775.99 0 776.00
131 165 1 1 0 0 0 0 130270 83 82 83 82 16|776.01 0 776.02
131 165 1 1 0 0 0 0 130296 83 82 83 82 16|776.03 0 776.04
131 165 1 1 0 0 0 0 130325 83 82 83 82 16|776.05 0 776.06
131 165 1 1 0 0 0 0 130344 83 82 83 82 16|776.07 0 776.08
131 165 1 1 0 0 0 0 130362 83 82 83 82 16|776.09 0 776.10
131 165 1 1 0 0 0 0 130390 83 82 83 82 16|776.11 0 776.12
131 165 1 1 0 0 0 0 130406 83 82 83 82 16|776.14 0 776.15
131 165 1 1 0 0 0 0 130409 83 82 83 82 16|776.16 0 776.17
131 165 1 1 0 0 0 0 130426 83 82 83 82 16|776.18 0 776.19
131 165 1 1 0 0 0 0 130446 83 82 83 82 16|776.21 0 776.22
131 165 1 1 0 0 0 0 130466 83 82 83 82 16|776.25 0 776.26
131 165 1 1 0 0 0 0 130496 83 82 83 82 16|776.28 0 776.29
131 165 1 1 0 0 0 0 130509 83 82 83 82 16|776.32 0 776.33
131 165 1 1 0 0 0 0 130523 83 82 83 82 16|776.35 0 776.36
131 165 1 1 0 0 0 0 130533 83 82 83 82 16|776.38 0 776.39
131 165 1 1 0 0 0 0 130559 83 82 83 82 16|776.42 0 776.44
131 165 1 1 0 0 0 0 130574 83 82 83 82 16|776.45 0 776.46
131 165 1 1 0 0 0 0 130589 83 82 83 82 16|776.48 0 776.48
131 165 1 1 0 0 0 0 130617 83 82 83 82 16|776.52 0 776.53
131 165 1 1 0 0 0 0 130626 83 82 83 82 16|776.54 0 776.55
131 165 1 1 0 0 0 0 130656 83 82 83 82 16|776.58 0 776.59
131 165 1 1 0 0 0 0 130673 83 82 83 82 16|776.60 0 776.61
131 165 1 1 0 0 0 0 130688 83 82 83 82 16|776.63 0 776.64
131 165 1 1 0 0 0 0 130700 83 82 83 82 16|776.65 0 776.66
131 165 1 1 0 0 0 0 130703 83 82 83 82 16|776.67 0 776.68
131 165 1 1 0 0 0 0 130714 83 82 83 82 16|776.71 0 776.72
131 165 1 1 0 0 0 0 130725 83 82 83 82 16|776.74 0 776.75
131 165 1 1 0 0 0 0 130738 83 82 83 82 16|776.76 0 776.77
131 165 1 1 0 0 0 0 130741 83 82 83 82 16|776.79 0 776.80
131 165 1 1 0 0 0 0 130758 83 82 83 82 16|776.83 0 776.84
131 165 1 1 0 0 0 0 130788 83 82 83 82 16|776.87 0 776.89
131 165 1 1 0 0 0 0 130804 83 82 83 82 16|776.90 0 776.91
131 165 1 1 0 0 0 0 130822 83 82 83 82 16|776.93 0 776.94
131 165 1 1 0 0 0 0 130841 83 82 83 82 16|776.95 0 776.96
131 165 1 1 0 0 0 0 130846 83 82 83 82 16|776.98 0 776.98
131 165 1 1 0 0 0 0 130869 83 82 83 82 16|777.00 0 777.01
131 165 1 1 0 0 0 0 130873 83 82 83 82 16|777.02 0 777.02
131 165 1 1 0 0 0 0 130880 83 82 83 82 16|777.04 0 777.05
131 165 1 1 0 0 0 0 130883 83 82 83 82 16|777.06 0 777.07
131 165 1 1 0 0 0 0 130911 83 82 83 82 16|777.08 0 777.09
131 165 1 1 0 0 0 0 130928 83 82 83 82 16|777.11 0 777.12
131 165 1 1 0 0 0 0 130949 83 82 83 82 16|777.15 0 777.17
131 165 1 1 0 0 0 0 130960 83 82 83 82 16|777.18 0 777.19
131 165 1 1 0 0 0 0 130979 83 82 83 82 16|777.20 0 777.21
131 165 1 1 0 0 0 0 131012 83 82 83 82 16|777.24 0 777.26
131 165 1 1 0 0 0 0 131020 83 82 83 82 16|777.27 0 777.28
131 165 1 1 0 0 0 0 131053 83 82 83 82 16|777.30 0 777.31
131 165 1 1 0 0 0 0 131070 83 82 83 82 16|777.32 0 777.33
131 165 1 1 0 0 0 0 131086 83 82 83 82 16|777.35 0 777.35
131 165 1 1 0 0 0 0 131104 83 82 83 82 16|777.37 0 777.37
131 165 1 1 0 0 0 0 131106 83 82 83 82 16|777.39 0 777.40
131 165 1 1 0 0 0 0 131136 83 82 83 82 16|777.41 0 777.41
131 165 1 1 0 0 0 0 131145 83 82 83 82 16|777.43 0 777.44
131 165 1 1 0 0 0 0 131166 83 82 83 82 16|777.46 0 777.47
131 165 1 1 0 0 0 0 131186 83 82 83 82 16|777.48 0 777.49
131 165 1 1 0 0 0 0 131225 83 82 83 82 16|777.51 0 777.52
131 165 1 1 0 0 0 0 131244 83 82 83 82 16|777.54 0 777.54
131 165 1 1 0 0 0 0 131257 83 82 83 82 16|777.56 0 777.57
131 165 1 1 0 0 0 0 131287 83 82 83 82 16|777.58 0 777.59
131 165 1 1 0 0 0 0 131316 83 82 83 82 16|777.60 0 777.61
131 165 1 1 0 0 0 0 131328 83 82 83 82 16|777.62 0 777.63
131 165 1 1 0 0 0 0 131334 83 82 83 82 16|777.65 0 777.67
131 165 1 1 0 0 0 0 131358 83 82 83 82 16|777.68 0 777.69
131 165 1 1 0 0 0 0 131387 83 82 83 82 16|777.72 0 777.73
131 165 1 1 0 0 0 0 131408 83 82 83 82 16|777.75 0 777.75
131 165 1 1 0 0 0 0 131425 83 82 83 82 16|777.78 0 777.79
131 165 1 1 0 0 0 0 131441 83 82 83 82 16|777.80 0 777.81
131 165 1 1 0 0 0 0 131452 83 82 83 82 16|777.84 0 777.85
131 165 1 1 0 0 0 0 131458 83 82 83 82 16|777.86 0 777.87
131 165 1 1 0 0 0 0 131480 83 82 83 82 16|777.89 0 777.91
131 165 1 1 0 0 0 0 131509 83 82 83 82 16|777.94 0 777.95
131 165 1 1 0 0 0 0 131534 83 82 83 82 16|777.97 0 777.98
131 165 1 1 0 0 0 0 131553 83 82 83 82 16|777.99 0 778.00
131 165 1 1 0 0 0 0 131575 83 82 83 82 16|778.01 0 778.02
131 165 1 1 0 0 0 0 131582 83 82 83 82 16|778.03 0 778.04
131 165 1 1 0 0 0 0 131584 83 82 83 82 16|778.05 0 778.06
131 165 1 1 0 0 0 0 131585 83 82 83 82 16|778.07 0 778.08
131 165 1 1 0 0 0 0 131593 83 82 83 82 16|778.09 0 778.10
131 165 1 1 0 0 0 0 131595 83 82 83 82 16|778.11 0 778.11
131 165 1 1 0 0 0 0 131605 83 82 83 82 16|778.13 0 778.14
131 165 1 1 0 0 0 0 131621 83 82 83 82 16|778.15 0 778.16
131 165 1 1 0 0 0 0 131628 83 82 83 82 16|778.17 0 778.18
131 165 1 1 0 0 0 0 131642 83 82 83 82 16|778.19 0 778.20
131 165 1 1 0 0 0 0 131654 83 82 83 82 16|778.21 0 778.22
131 165 1 1 0 0 0 0 131663 83 82 83 82 16|778.23 0 778.24
131 165 1 1 0 0 0 0 131672 83 82 83 82 16|778.25 0 778.26
131 165 1 1 0 0 0 0 131686 83 82 83 82 16|778.28 0 778.28
131 165 1 1 0 0 0 0 131698 83 82 83 82 16|778.30 0 778.30
131 165 1 1 0 0 0 0 131744 83 82 83 82 16|778.33 0 778.34
131 165 1 1 0 0 0 0 131771 83 82 83 82 16|778.38 0 778.39
131 165 1 1 0 0 0 0 131789 83 82 83 82 16|778.41 0 778.41
131 165 1 1 0 0 0 0 131795 83 82 83 82 16|778.43 0 778.43
131 165 1 1 0 0 0 0 131818 83 82 83 82 16|778.45 0 778.45
131 165 1 1 0 0 0 0 131825 83 82 83 82 16|778.46 0 778.47
131 165 1 1 0 0 0 0 131842 83 82 83 82 16|778.48 0 778.49
131 165 1 1 0 0 0 0 131859 83 82 83 82 16|778.50 0 778.51
131 165 1 1 0 0 0 0 131878 83 82 83 82 16|778.53 0 778.53
131 165 1 1 0 0 0 0 131885 83 82 83 82 16|778.54 0 778.55
131 165 1 1 0 0 0 0 131912 83 82 83 82 16|778.58 0 778.60
131 165 1 1 0 0 0 0 131930 83 82 83 82 16|778.61 0 778.62
131 165 1 1 0 0 0 0 131957 83 82 83 82 16|778.64 0 778.64
131 165 1 1 0 0 0 0 131965 83 82 83 82 16|778.66 0 778.66
131 165 1 1 0 0 0 0 131987 83 82 83 82 16|778.68 0 778.68
131 165 1 1 0 0 0 0 132000 83 82 83 82 16|778.70 0 778.72
131 165 1 1 0 0 0 0 132021 83 82 83 82 16|778.73 0 778.74
131 165 1 1 0 0 0 0 132061 83 82 83 82 16|778.76 0 778.78
131 165 1 1 0 0 0 0 132080 83 82 83 82 16|778.79 0 778.80
131 165 1 1 0 0 0 0 132105 83 82 83 82 16|778.82 0 778.83
131 165 1 1 0 0 0 0 132131 83 82 83 82 16|778.84 0 778.85
131 165 1 1 0 0 0 0 132158 83 82 83 82 16|778.86 0 778.87
131 165 1 1 0 0 0 0 132187 83 82 83 82 16|778.89 0 778.89
131 165 1 1 0 0 0 0 132192 83 82 83 82 16|778.93 0 778.94
131 165 1 1 0 0 0 0 132212 83 82 83 82 16|778.95 0 778.96
131 165 1 1 0 0 0 0 132224 83 82 83 82 16|778.98 0 778.98
131 165 1 1 0 0 0 0 132248 83 82 83 82 16|779.00 0 779.00
131 165 1 1 0 0 0 0 132252 83 82 83 82 16|779.02 0 779.03
131 165 1 1 0 0 0 0 132275 83 82 83 82 16|779.04 0 779.05
131 165 1 1 0 0 0 0 132297 83 82 83 82 16|779.06 0 779.07
131 165 1 1 0 0 0 0 132320 83 82 83 82 16|779.08 0 779.09
131 165 1 1 0 0 0 0 132349 83 82 83 82 16|779.11 0 779.12
131 165 1 1 0 0 0 0 132357 83 82 83 82 16|779.14 0 779.15
131 165 1 1 0 0 0 0 132400 83 82 83 82 16|779.17 0 779.18
131 165 1 1 0 0 0 0 132423 83 82 83 82 16|779.20 0 779.20
131 165 1 1 0 0 0 0 132437 83 82 83 82 16|779.22 0 779.22
131 165 1 1 0 0 0 0 132469 83 82 83 82 16|779.24 0 779.24
131 165 1 1 0 0 0 0 132472 83 82 83 82 16|779.26 0 779.27
131 165 1 1 0 0 0 0 132499 83 82 83 82 16|779.28 0 779.29
131 165 1 1 0 0 0 0 132534 83 82 83 82 16|779.31 0 779.33
131 165 1 1 0 0 0 0 132565 83 82 83 82 16|779.34 0 779.35
131 165 1 1 0 0 0 0 132588 83 82 83 82 16|779.36 0 779.37
131 165 1 1 0 0 0 0 132592 83 82 83 82 16|779.39 0 779.39
131 165 1 1 0 0 0 0 132607 83 82 83 82 16|779.41 0 779.42
131 165 1 1 0 0 0 0 132640 83 82 83 82 16|779.44 0 779.44
131 165 1 1 0 0 0 0 132645 83 82 83 82 16|779.46 0 779.46
131 165 1 1 0 0 0 0 132665 83 82 83 82 16|779.48 0 779.48
131 165 1 1 0 0 0 0 132693 83 82 83 82 16|779.50 0 779.50
131 165 1 1 0 0 0 0 132711 83 82 83 82 16|779.52 0 779.53
131 165 1 1 0 0 0 0 132741 83 82 83 82 16|779.54 0 779.55
131 165 1 1 0 0 0 0 132778 83 82 83 82 16|779.57 0 779.58
131 165 1 1 0 0 0 0 132796 83 82 83 82 16|779.59 0 779.60
131 165 1 1 0 0 0 0 132835 83 82 83 82 16|779.62 0 779.64
131 165 1 1 0 0 0 0 132873 83 82 83 82 16|779.66 0 779.67
131 165 1 1 0 0 0 0 132918 83 82 83 82 16|779.70 0 779.72
131 165 1 1 0 0 0 0 132956 83 82 83 82 16|779.73 0 779.74
131 165 1 1 0 0 0 0 132972 83 82 83 82 16|779.75 0 779.76
131 165 1 1 0 0 0 0 132979 83 82 83 82 16|779.78 0 779.79
131 165 1 1 0 0 0 0 132990 83 82 83 82 16|779.81 0 779.81
131 165 1 1 0 0 0 0 132991 83 82 83 82 16|779.86 0 779.87
131 165 1 1 0 0 0 0 133009 83 82 83 82 16|779.88 0 779.89
131 165 1 1 0 0 0 0 133011 83 82 83 82 16|779.90 0 779.91
131 165 1 1 0 0 0 0 133024 83 82 83 82 16|779.93 0 779.94
131 165 1 1 0 0 0 0 133032 83 82 83 82 16|779.97 0 779.98
131 165 1 1 0 0 0 0 133046 83 82 83 82 16|779.99 0 780.00
131 165 1 1 0 0 0 0 133068 83 82 83 82 16|780.01 0 780.02
131 165 1 1 0 0 0 0 133086 83 82 83 82 16|780.04 0 780.05
131 165 1 1 0 0 0 0 133114 83 82 83 82 16|780.06 0 780.07
131 165 1 1 0 0 0 0 133145 83 82 83 82 16|780.08 0 780.09
131 165 1 1 0 0 0 0 133162 83 82 83 82 16|780.10 0 780.11
131 165 1 1 0 0 0 0 133197 83 82 83 82 16|780.12 0 780.13
131 165 1 1 0 0 0 0 133215 83 82 83 82 16|780.15 0 780.16
131 165 1 1 0 0 0 0 133233 83 82 83 82 16|780.17 0 780.18
131 165 1 1 0 0 0 0 133262 83 82 83 82 16|780.20 0 780.20
131 165 1 1 0 0 0 0 133291 83 82 83 82 16|780.23 0 780.24
131 165 1 1 0 0 0 0 133352 83 82 83 82 16|780.27 0 780.28
131 165 1 1 0 0 0 0 133374 83 82 83 82 16|780.29 0 780.30
131 165 1 1 0 0 0 0 133402 83 82 83 82 16|780.32 0 780.33
131 165 1 1 0 0 0 0 133410 83 82 83 82 16|780.34 0 780.35
131 165 1 1 0 0 0 0 133437 83 82 83 82 16|780.36 0 780.37
131 165 1 1 0 0 0 0 133469 83 82 83 82 16|780.40 0 780.41
131 165 1 1 0 0 0 0 133485 83 82 83 82 16|780.42 0 780.43
131 165 1 1 0 0 0 0 133520 83 82 83 82 16|780.45 0 780.46
131 165 1 1 0 0 0 0 133531 83 82 83 82 16|780.47 0 780.48
131 165 1 1 0 0 0 0 133538 83 82 83 82 16|780.49 0 780.50
131 165 1 1 0 0 0 0 133557 83 82 83 82 16|780.51 0 780.52
131 165 1 1 0 0 0 0 133565 83 82 83 82 16|780.53 0 780.54
131 165 1 1 0 0 0 0 133574 83 82 83 82 16|780.55 0 780.56
131 165 1 1 0 0 0 0 133592 83 82 83 82 16|780.58 0 780.58
131 165 1 1 0 0 0 0 133610 83 82 83 82 16|780.59 0 780.60
131 165 1 1 0 0 0 0 133621 83 82 83 82 16|780.61 0 780.62
131 165 1 1 0 0 0 0 133644 83 82 83 82 16|780.63 0 780.64
131 165 1 1 0 0 0 0 133664 83 82 83 82 16|780.65 0 780.66
131 165 1 1 0 0 0 0 133680 83 82 83 82 16|780.67 0 780.68
131 165 1 1 0 0 0 0 133702 83 82 83 82 16|780.69 0 780.70
131 165 1 1 0 0 0 0 133724 83 82 83 82 16|780.71 0 780.72
131 165 1 1 0 0 0 0 133743 83 82 83 82 16|780.74 0 780.74
131 165 1 1 0 0 0 0 133776 83 82 83 82 16|780.76 0 780.76
131 165 1 1 0 0 0 0 133790 83 82 83 82 16|780.78 0 780.79
131 165 1 1 0 0 0 0 133825 83 82 83 82 16|780.81 0 780.82
131 165 1 1 0 0 0 0 133855 83 82 83 82 16|780.84 0 780.84
131 165 1 1 0 0 0 0 133876 83 82 83 82 16|780.86 0 780.87
131 165 1 1 0 0 0 0 133901 83 82 83 82 16|780.88 0 780.89
131 165 1 1 0 0 0 0 133944 83 82 83 82 16|780.92 0 780.93
131 165 1 1 0 0 0 0 133970 83 82 83 82 16|780.99 0 781.00
131 165 1 1 0 0 0 0 133991 83 82 83 82 16|781.01 0 781.02
131 165 1 1 0 0 0 0 134008 83 82 83 82 16|781.04 0 781.04
131 165 1 1 0 0 0 0 134026 83 82 83 82 16|781.06 0 781.07
131 165 1 1 0 0 0 0 134043 83 82 83 82 16|781.08 0 781.09
131 165 1 1 0 0 0 0 134068 83 82 83 82 16|781.11 0 781.12
131 165 1 1 0 0 0 0 134086 83 82 83 82 16|781.13 0 781.14
131 165 1 1 0 0 0 0 134134 83 82 83 82 16|781.17 0 781.17
131 165 1 1 0 0 0 0 134140 83 82 83 82 16|781.19 0 781.20
131 165 1 1 0 0 0 0 134183 83 82 83 82 16|781.22 0 781.23
131 165 1 1 0 0 0 0 134228 83 82 83 82 16|781.26 0 781.26
131 165 1 1 0 0 0 0 134271 83 82 83 82 16|781.29 0 781.30
131 165 1 1 0 0 0 0 134286 83 82 83 82 16|781.32 0 781.33
131 165 1 1 0 0 0 0 134339 83 82 83 82 16|781.37 0 781.38
131 165 1 1 0 0 0 0 134351 83 82 83 82 16|781.39 0 781.40
131 165 1 1 0 0 0 0 134368 83 82 83 82 16|781.41 0 781.42
131 165 1 1 0 0 0 0 134406 83 82 83 82 16|781.44 0 781.45
131 165 1 1 0 0 0 0 134428 83 82 83 82 16|781.46 0 781.47
131 165 1 1 0 0 0 0 134467 83 82 83 82 16|781.49 0 781.50
131 165 1 1 0 0 0 0 134493 83 82 83 82 16|781.52 0 781.52
131 165 1 1 0 0 0 0 134511 83 82 83 82 16|781.54 0 781.54
131 165 1 1 0 0 0 0 134534 83 82 83 82 16|781.56 0 781.57
131 165 1 1 0 0 0 0 134560 83 82 83 82 16|781.58 0 781.59
131 165 1 1 0 0 0 0 134583 83 82 83 82 16|781.60 0 781.61
131 165 1 1 0 0 0 0 134601 83 82 83 82 16|781.62 0 781.63
131 165 1 1 0 0 0 0 134625 83 82 83 82 16|781.64 0 781.65
131 165 1 1 0 0 0 0 134637 83 82 83 82 16|781.66 0 781.67
131 165 1 1 0 0 0 0 134647 83 82 83 82 16|781.68 0 781.69
131 165 1 1 0 0 0 0 134657 83 82 83 82 16|781.70 0 781.71
131 165 1 1 0 0 0 0 134667 83 82 83 82 16|781.72 0 781.73
131 165 1 1 0 0 0 0 134673 83 82 83 82 16|781.74 0 781.75
131 165 1 1 0 0 0 0 134680 83 82 83 82 16|781.76 0 781.77
131 165 1 1 0 0 0 0 134687 83 82 83 82 16|781.78 0 781.79
131 165 1 1 0 0 0 0 134708 83 82 83 82 16|781.80 0 781.81
131 165 1 1 0 0 0 0 134718 83 82 83 82 16|781.82 0 781.82
131 165 1 1 0 0 0 0 134744 83 82 83 82 16|781.84 0 781.85
131 165 1 1 0 0 0 0 134758 83 82 83 82 16|781.86 0 781.87
131 165 1 1 0 0 0 0 134790 83 82 83 82 16|781.88 0 781.89
131 165 1 1 0 0 0 0 134796 83 82 83 82 16|781.90 0 781.91
131 165 1 1 0 0 0 0 134823 83 82 83 82 16|781.92 0 781.93
131 165 1 1 0 0 0 0 134844 83 82 83 82 16|781.94 0 781.95
131 165 1 1 0 0 0 0 134875 83 82 83 82 16|781.97 0 781.97
131 165 1 1 0 0 0 0 134902 83 82 83 82 16|781.99 0 782.00
131 165 1 1 0 0 0 0 134920 83 82 83 82 16|782.02 0 782.03
131 165 1 1 0 0 0 0 134954 83 82 83 82 16|782.04 0 782.05
131 165 1 1 0 0 0 0 134972 83 82 83 82 16|782.06 0 782.07
131 165 1 1 0 0 0 0 134987 83 82 83 82 16|782.08 0 782.09
131 165 1 1 0 0 0 0 134998 83 82 83 82 16|782.10 0 782.11
131 165 1 1 0 0 0 0 135020 83 82 83 82 16|782.12 0 782.13
131 165 1 1 0 0 0 0 135034 83 82 83 82 16|782.17 0 782.17
131 165 1 1 0 0 0 0 135035 83 82 83 82 16|782.19 0 782.20
131 165 1 1 0 0 0 0 135053 83 82 83 82 16|782.22 0 782.23
131 165 1 1 0 0 0 0 135084 83 82 83 82 16|782.24 0 782.25
131 165 1 1 0 0 0 0 135106 83 82 83 82 16|782.27 0 782.28
131 165 1 1 0 0 0 0 135123 83 82 83 82 16|782.29 0 782.30
131 165 1 1 0 0 0 0 135151 83 82 83 82 16|782.33 0 782.35
131 165 1 1 0 0 0 0 135192 83 82 83 82 16|782.37 0 782.37
131 165 1 1 0 0 0 0 135234 83 82 83 82 16|782.41 0 782.43
131 165 1 1 0 0 0 0 135279 83 82 83 82 16|782.44 0 782.45
131 165 1 1 0 0 0 0 135300 83 82 83 82 16|782.47 0 782.47
131 165 1 1 0 0 0 0 135325 83 82 83 82 16|782.49 0 782.50
131 165 1 1 0 0 0 0 135346 83 82 83 82 16|782.52 0 782.53
131 165 1 1 0 0 0 0 135358 83 82 83 82 16|782.54 0 782.55
131 165 1 1 0 0 0 0 135376 83 82 83 82 16|782.56 0 782.57
131 165 1 1 0 0 0 0 135380 83 82 83 82 16|782.59 0 782.60
131 165 1 1 0 0 0 0 135413 83 82 83 82 16|782.61 0 782.62
131 165 1 1 0 0 0 0 135442 83 82 83 82 16|782.63 0 782.64
131 165 1 1 0 0 0 0 135450 83 82 83 82 16|782.65 0 782.66
131 165 1 1 0 0 0 0 135483 83 82 83 82 16|782.67 0 782.68
131 165 1 1 0 0 0 0 135504 83 82 83 82 16|782.70 0 782.70
131 165 1 1 0 0 0 0 135533 83 82 83 82 16|782.72 0 782.73
131 165 1 1 0 0 0 0 135549 83 82 83 82 16|782.74 0 782.75
131 165 1 1 0 0 0 0 135556 83 82 83 82 16|782.76 0 782.77
131 165 1 1 0 0 0 0 135571 83 82 83 82 16|782.78 0 782.79
131 165 1 1 0 0 0 0 135592 83 82 83 82 16|782.80 0 782.81
131 165 1 1 0 0 0 0 135608 83 82 83 82 16|782.83 0 782.83
131 165 1 1 0 0 0 0 135631 83 82 83 82 16|782.85 0 782.86
131 165 1 1 0 0 0 0 135656 83 82 83 82 16|782.88 0 782.89
131 165 1 1 0 0 0 0 135675 83 82 83 82 16|782.90 0 782.91
131 165 1 1 0 0 0 0 135695 83 82 83 82 16|782.92 0 782.93
131 165 1 1 0 0 0 0 135698 83 82 83 82 16|782.94 0 782.95
131 165 1 1 0 0 0 0 135699 83 82 83 82 16|782.96 0 782.97
131 165 1 1 0 0 0 0 135706 83 82 83 82 16|782.98 0 782.99
131 165 1 1 0 0 0 0 135736 83 82 83 82 16|783.03 0 783.05
131 165 1 1 0 0 0 0 135751 83 82 83 82 16|783.06 0 783.07
131 165 1 1 0 0 0 0 135770 83 82 83 82 16|783.09 0 783.10
131 165 1 1 0 0 0 0 135783 83 82 83 82 16|783.11 0 783.12
131 165 1 1 0 0 0 0 135792 83 82 83 82 16|783.14 0 783.15
131 165 1 1 0 0 0 0 135817 83 82 83 82 16|783.16 0 783.17
131 165 1 1 0 0 0 0 135853 83 82 83 82 16|783.20 0 783.21
131 165 1 1 0 0 0 0 135885 83 82 83 82 16|783.23 0 783.24
131 165 1 1 0 0 0 0 135914 83 82 83 82 16|783.25 0 783.26
131 165 1 1 0 0 0 0 135937 83 82 83 82 16|783.27 0 783.28
131 165 1 1 0 0 0 0 135958 83 82 83 82 16|783.31 0 783.32
131 165 1 1 0 0 0 0 135964 83 82 83 82 16|783.36 0 783.37
131 165 1 1 0 0 0 0 135966 83 82 83 82 16|783.43 0 783.43
131 165 1 1 0 0 0 0 135969 83 82 83 82 16|783.45 0 783.45
131 165 1 1 0 0 0 0 135974 83 82 83 82 16|783.56 0 783.56
131 165 1 1 0 0 0 0 135986 83 82 83 82 16|783.62 0 783.63
131 165 1 1 0 0 0 0 136007 83 82 83 82 16|783.65 0 783.66
131 165 1 1 0 0 0 0 136033 83 82 83 82 16|783.67 0 783.68
131 165 1 1 0 0 0 0 136036 83 82 83 82 16|783.70 0 783.71
131 165 1 1 0 0 0 0 136048 83 82 83 82 16|783.72 0 783.73
131 165 1 1 0 0 0 0 136073 83 82 83 82 16|783.75 0 783.76
131 165 1 1 0 0 0 0 136078 83 82 83 82 16|783.77 0 783.78
131 165 1 1 0 0 0 0 136106 83 82 83 82 16|783.80 0 783.80
131 165 1 1 0 0 0 0 136121 83 82 83 82 16|783.82 0 783.82
131 165 1 1 0 0 0 0 136135 83 82 83 82 16|783.84 0 783.85
131 165 1 1 0 0 0 0 136152 83 82 83 82 16|783.87 0 783.88
131 165 1 1 0 0 0 0 136161 83 82 83 82 16|783.89 0 783.90
131 165 1 1 0 0 0 0 136170 83 82 83 82 16|783.91 0 783.92
131 165 1 1 0 0 0 0 136181 83 82 83 82 16|783.93 0 783.94
131 165 1 1 0 0 0 0 136191 83 82 83 82 16|783.95 0 783.96
131 165 1 1 0 0 0 0 136198 83 82 83 82 16|783.97 0 783.98
131 165 1 1 0 0 0 0 136219 83 82 83 82 16|784.01 0 784.02
131 165 1 1 0 0 0 0 136232 83 82 83 82 16|784.03 0 784.04
131 165 1 1 0 0 0 0 136240 83 82 83 82 16|784.06 0 784.06
131 165 1 1 0 0 0 0 136258 83 82 83 82 16|784.08 0 784.08
131 165 1 1 0 0 0 0 136268 83 82 83 82 16|784.10 0 784.11
131 165 1 1 0 0 0 0 136283 83 82 83 82 16|784.12 0 784.12
131 165 1 1 0 0 0 0 136286 83 82 83 82 16|784.13 0 784.14
131 165 1 1 0 0 0 0 136294 83 82 83 82 16|784.17 0 784.18
131 165 1 1 0 0 0 0 136300 83 82 83 82 16|784.19 0 784.20
131 165 1 1 0 0 0 0 136307 83 82 83 82 16|784.21 0 784.22
131 165 1 1 0 0 0 0 136321 83 82 83 82 16|784.23 0 784.24
131 165 1 1 0 0 0 0 136325 83 82 83 82 16|784.25 0 784.26
131 165 1 1 0 0 0 0 136335 83 82 83 82 16|784.27 0 784.28
131 165 1 1 0 0 0 0 136344 83 82 83 82 16|784.29 0 784.30
131 165 1 1 0 0 0 0 136353 83 82 83 82 16|784.31 0 784.32
131 165 1 1 0 0 0 0 136363 83 82 83 82 16|784.34 0 784.34
131 165 1 1 0 0 0 0 136380 83 82 83 82 16|784.36 0 784.36
131 165 1 1 0 0 0 0 136382 83 82 83 82 16|784.38 0 784.39
131 165 1 1 0 0 0 0 136399 83 82 83 82 16|784.40 0 784.41
131 165 1 1 0 0 0 0 136403 83 82 83 82 16|784.42 0 784.43
131 165 1 1 0 0 0 0 136434 83 82 83 82 16|784.45 0 784.45
131 165 1 1 0 0 0 0 136446 83 82 83 82 16|784.47 0 784.48
131 165 1 1 0 0 0 0 136476 83 82 83 82 16|784.51 0 784.52
131 165 1 1 0 0 0 0 136506 83 82 83 82 16|784.53 0 784.54
131 165 1 1 0 0 0 0 136538 83 82 83 82 16|784.56 0 784.57
131 165 1 1 0 0 0 0 136580 83 82 83 82 16|784.61 0 784.62
131 165 1 1 0 0 0 0 136604 83 82 83 82 16|784.63 0 784.64
131 165 1 1 0 0 0 0 136614 83 82 83 82 16|784.65 0 784.66
131 165 1 1 0 0 0 0 136644 83 82 83 82 16|784.68 0 784.69
131 165 1 1 0 0 0 0 136661 83 82 83 82 16|784.71 0 784.72
131 165 1 1 0 0 0 0 136681 83 82 83 82 16|784.73 0 784.74
131 165 1 1 0 0 0 0 136695 83 82 83 82 16|784.75 0 784.76
131 165 1 1 0 0 0 0 136708 83 82 83 82 16|784.77 0 784.78
131 165 1 1 0 0 0 0 136724 83 82 83 82 16|784.79 0 784.80
131 165 1 1 0 0 0 0 136728 83 82 83 82 16|784.81 0 784.82
131 165 1 1 0 0 0 0 136758 83 82 83 82 16|784.85 0 784.86
131 165 1 1 0 0 0 0 136777 83 82 83 82 16|784.87 0 784.88
131 165 1 1 0 0 0 0 136794 83 82 83 82 16|784.90 0 784.91
131 165 1 1 0 0 0 0 136829 83 82 83 82 16|784.93 0 784.94
131 165 1 1 0 0 0 0 136849 83 82 83 82 16|784.95 0 784.96
131 165 1 1 0 0 0 0 136862 83 82 83 82 16|784.98 0 784.99
131 165 1 1 0 0 0 0 136892 83 82 83 82 16|785.01 0 785.01
131 165 1 1 0 0 0 0 136905 83 82 83 82 16|785.03 0 785.04
131 165 1 1 0 0 0 0 136913 83 82 83 82 16|785.06 0 785.06
131 165 1 1 0 0 0 0 136938 83 82 83 82 16|785.08 0 785.08
131 165 1 1 0 0 0 0 136951 83 82 83 82 16|785.10 0 785.11
131 165 1 1 0 0 0 0 136961 83 82 83 82 16|785.13 0 785.14
131 165 1 1 0 0 0 0 136974 83 82 83 82 16|785.15 0 785.16
131 165 1 1 0 0 0 0 136996 83 82 83 82 16|785.18 0 785.19
131 165 1 1 0 0 0 0 137004 83 82 83 82 16|785.20 0 785.21
131 165 1 1 0 0 0 0 137026 83 82 83 82 16|785.23 0 785.24
131 165 1 1 0 0 0 0 137040 83 82 83 82 16|785.26 0 785.27
131 165 1 1 0 0 0 0 137069 83 82 83 82 16|785.29 0 785.30
131 165 1 1 0 0 0 0 137093 83 82 83 82 16|785.31 0 785.32
131 165 1 1 0 0 0 0 137122 83 82 83 82 16|785.34 0 785.35
131 165 1 1 0 0 0 0 137139 83 82 83 82 16|785.37 0 785.37
131 165 1 1 0 0 0 0 137154 83 82 83 82 16|785.39 0 785.39
131 165 1 1 0 0 0 0 137188 83 82 83 82 16|785.41 0 785.42
131 165 1 1 0 0 0 0 137203 83 82 83 82 16|785.44 0 785.44
131 165 1 1 0 0 0 0 137225 83 82 83 82 16|785.46 0 785.47
131 165 1 1 0 0 0 0 137254 83 82 83 82 16|785.48 0 785.49
131 165 1 1 0 0 0 0 137272 83 82 83 82 16|785.51 0 785.51
131 165 1 1 0 0 0 0 137300 83 82 83 82 16|785.53 0 785.53
131 165 1 1 0 0 0 0 137332 83 82 83 82 16|785.55 0 785.55
131 165 1 1 0 0 0 0 137356 83 82 83 82 16|785.57 0 785.57
131 165 1 1 0 0 0 0 137375 83 82 83 82 16|785.59 0 785.59
131 165 1 1 0 0 0 0 137391 83 82 83 82 16|785.61 0 785.62
131 165 1 1 0 0 0 0 137412 83 82 83 82 16|785.63 0 785.64
131 165 1 1 0 0 0 0 137429 83 82 83 82 16|785.66 0 785.67
131 165 1 1 0 0 0 0 137455 83 82 83 82 16|785.68 0 785.69
131 165 1 1 0 0 0 0 137468 83 82 83 82 16|785.71 0 785.72
131 165 1 1 0 0 0 0 137508 83 82 83 82 16|785.74 0 785.75
131 165 1 1 0 0 0 0 137533 83 82 83 82 16|785.77 0 785.77
131 165 1 1 0 0 0 0 137550 83 82 83 82 16|785.79 0 785.80
131 165 1 1 0 0 0 0 137583 83 82 83 82 16|785.82 0 785.83
131 165 1 1 0 0 0 0 137607 83 82 83 82 16|785.85 0 785.85
131 165 1 1 0 0 0 0 137636 83 82 83 82 16|785.87 0 785.88
131 165 1 1 0 0 0 0 137647 83 82 83 82 16|785.89 0 785.90
131 165 1 1 0 0 0 0 137684 83 82 83 82 16|785.92 0 785.93
131 165 1 1 0 0 0 0 137703 83 82 83 82 16|785.94 0 785.95
131 165 1 1 0 0 0 0 137733 83 82 83 82 16|785.97 0 785.97
131 165 1 1 0 0 0 0 137756 83 82 83 82 16|785.99 0 786.00
131 165 1 1 0 0 0 0 137781 83 82 83 82 16|786.01 0 786.02
131 165 1 1 0 0 0 0 137803 83 82 83 82 16|786.03 0 786.04
131 165 1 1 0 0 0 0 137815 83 82 83 82 16|786.05 0 786.06
131 165 1 1 0 0 0 0 137851 83 82 83 82 16|786.08 0 786.09
131 165 1 1 0 0 0 0 137859 83 82 83 82 16|786.10 0 786.11
131 165 1 1 0 0 0 0 137888 83 82 83 82 16|786.12 0 786.13
131 165 1 1 0 0 0 0 137903 83 82 83 82 16|786.15 0 786.16
131 165 1 1 0 0 0 0 137911 83 82 83 82 16|786.17 0 786.18
131 165 1 1 0 0 0 0 137937 83 82 83 82 16|786.20 0 786.21
131 165 1 1 0 0 0 0 137950 83 82 83 82 16|786.22 0 786.23
131 165 1 1 0 0 0 0 137973 83 82 83 82 16|786.24 0 786.25
131 165 1 1 0 0 0 0 137981 83 82 83 82 16|786.26 0 786.27
131 165 1 1 0 0 0 0 138006 83 82 83 82 16|786.28 0 786.29
131 165 1 1 0 0 0 0 138016 83 82 83 82 16|786.31 0 786.31
131 165 1 1 0 0 0 0 138045 83 82 83 82 16|786.33 0 786.33
131 165 1 1 0 0 0 0 138065 83 82 83 82 16|786.35 0 786.36
131 165 1 1 0 0 0 0 138073 83 82 83 82 16|786.37 0 786.38
131 166 1 1 0 0 0 0 138073 83 83 83 83 16|787.38 0 787.39
132 166 0 0 0 0 0 1 138073 83 83 83 83 16|787.48 28 787.49
133 167 1 1 0 0 0 0 138073 84 83 84 83 16|787.92 0 787.93
133 167 1 1 0 0 0 0 138074 84 83 84 83 16|788.02 0 788.03
133 167 1 1 0 0 0 0 138077 84 83 84 83 16|788.11 0 788.12
133 167 1 1 0 0 0 0 138079 84 83 84 83 16|788.13 0 788.14
133 167 1 1 0 0 0 0 138083 84 83 84 83 16|788.19 0 788.20
133 167 1 1 0 0 0 0 138085 84 83 84 83 16|788.21 0 788.22
133 167 1 1 0 0 0 0 138086 84 83 84 83 16|788.25 0 788.26
133 167 1 1 0 0 0 0 138090 84 83 84 83 16|788.46 0 788.47
133 167 1 1 0 0 0 0 138091 84 83 84 83 16|788.53 0 788.54
133 167 1 1 0 0 0 0 138092 84 83 84 83 16|788.59 0 788.60
133 167 1 1 0 0 0 0 138093 84 83 84 83 16|788.61 0 788.62
133 167 1 1 0 0 0 0 138098 84 83 84 83 16|789.19 0 789.19
133 167 1 1 0 0 0 0 138099 84 83 84 83 16|789.27 0 789.28
133 167 1 1 0 0 0 0 138102 84 83 84 83 16|789.35 0 789.37
133 167 1 1 0 0 0 0 138104 84 83 84 83 16|789.54 0 789.55
133 167 1 1 0 0 0 0 138106 84 83 84 83 16|789.56 0 789.57
133 167 1 1 0 0 0 0 138107 84 83 84 83 16|789.69 0 789.71
133 167 1 1 0 0 0 0 138108 84 83 84 83 16|789.75 0 789.77
133 167 1 1 0 0 0 0 138113 84 83 84 83 16|789.78 0 789.79
133 167 1 1 0 0 0 0 138114 84 83 84 83 16|789.97 0 789.99
133 167 1 1 0 0 0 0 138122 84 83 84 83 16|790.02 0 790.03
133 167 1 1 0 0 0 0 138125 84 83 84 83 16|790.10 0 790.11
133 167 1 1 0 0 0 0 138127 84 83 84 83 16|790.12 0 790.13
133 167 1 1 0 0 0 0 138132 84 83 84 83 16|790.14 0 790.15
133 167 1 1 0 0 0 0 138136 84 83 84 83 16|790.18 0 790.19
133 167 1 1 0 0 0 0 138138 84 83 84 83 16|790.20 0 790.21
133 167 1 1 0 0 0 0 138145 84 83 84 83 16|790.23 0 790.24
133 167 1 1 0 0 0 0 138160 84 83 84 83 16|790.28 0 790.30
133 167 1 1 0 0 0 0 138171 84 83 84 83 16|790.32 0 790.34
133 167 1 1 0 0 0 0 138173 84 83 84 83 16|790.35 0 790.36
133 167 1 1 0 0 0 0 138174 84 83 84 83 16|790.37 0 790.38
133 167 1 1 0 0 0 0 138178 84 83 84 83 16|790.40 0 790.41
133 167 1 1 0 0 0 0 138179 84 83 84 83 16|790.46 0 790.47
133 167 1 1 0 0 0 0 138180 84 83 84 83 16|790.52 0 790.52
133 167 1 1 0 0 0 0 138181 84 83 84 83 16|790.54 0 790.55
133 167 1 1 0 0 0 0 138184 84 83 84 83 16|790.58 0 790.59
133 167 1 1 0 0 0 0 138188 84 83 84 83 16|790.79 0 790.80
133 167 1 1 0 0 0 0 138189 84 83 84 83 16|790.92 0 790.93
133 167 1 1 0 0 0 0 138190 84 83 84 83 16|790.95 0 790.96
133 167 1 1 0 0 0 0 138192 84 83 84 83 16|790.97 0 790.98
133 167 1 1 0 0 0 0 138194 84 83 84 83 16|790.99 0 791.00
133 167 1 1 0 0 0 0 138198 84 83 84 83 16|791.21 0 791.21
133 167 1 1 0 0 0 0 138199 84 83 84 83 16|791.33 0 791.34
133 167 1 1 0 0 0 0 138201 84 83 84 83 16|791.36 0 791.37
133 167 1 1 0 0 0 0 138205 84 83 84 83 16|791.47 0 791.48
133 167 1 1 0 0 0 0 138206 84 83 84 83 16|791.51 0 791.52
133 167 1 1 0 0 0 0 138208 84 83 84 83 16|791.57 0 791.58
133 167 1 1 0 0 0 0 138210 84 83 84 83 16|791.77 0 791.78
133 167 1 1 0 0 0 0 138212 84 83 84 83 16|791.79 0 791.80
133 167 1 1 0 0 0 0 138214 84 83 84 83 16|791.90 0 791.91
133 167 1 1 0 0 0 0 138216 84 83 84 83 16|791.94 0 791.94
133 167 1 1 0 0 0 0 138220 84 83 84 83 16|792.14 0 792.15
133 167 1 1 0 0 0 0 138221 84 83 84 83 16|792.20 0 792.21
133 167 1 1 0 0 0 0 138224 84 83 84 83 16|792.29 0 792.30
133 167 1 1 0 0 0 0 138228 84 83 84 83 16|792.50 0 792.51
133 167 1 1 0 0 0 0 138229 84 83 84 83 16|792.63 0 792.64
133 167 1 1 0 0 0 0 138230 84 83 84 83 16|792.67 0 792.68
133 167 1 1 0 0 0 0 138235 84 83 84 83 16|792.69 0 792.70
133 167 1 1 0 0 0 0 138242 84 83 84 83 16|792.81 0 792.81
133 167 1 1 0 0 0 0 138246 84 83 84 83 16|792.83 0 792.84
133 167 1 1 0 0 0 0 138250 84 83 84 83 16|792.85 0 792.86
133 167 1 1 0 0 0 0 138255 84 83 84 83 16|792.87 0 792.88
133 167 1 1 0 0 0 0 138259 84 83 84 83 16|792.89 0 792.90
133 167 1 1 0 0 0 0 138265 84 83 84 83 16|792.91 0 792.92
133 167 1 1 0 0 0 0 138268 84 83 84 83 16|792.93 0 792.94
133 167 1 1 0 0 0 0 138289 84 83 84 83 16|792.96 0 792.96
133 167 1 1 0 0 0 0 138294 84 83 84 83 16|792.98 0 792.98
133 167 1 1 0 0 0 0 138295 84 83 84 83 16|793.00 0 793.01
133 167 1 1 0 0 0 0 138299 84 83 84 83 16|793.02 0 793.03
133 167 1 1 0 0 0 0 138305 84 83 84 83 16|793.06 0 793.07
133 167 1 1 0 0 0 0 138318 84 83 84 83 16|793.08 0 793.09
133 167 1 1 0 0 0 0 138320 84 83 84 83 16|793.10 0 793.11
133 167 1 1 0 0 0 0 138326 84 83 84 83 16|793.12 0 793.13
133 167 1 1 0 0 0 0 138344 84 83 84 83 16|793.14 0 793.15
133 167 1 1 0 0 0 0 138345 84 83 84 83 16|793.25 0 793.26
133 167 1 1 0 0 0 0 138346 84 83 84 83 16|793.31 0 793.32
133 167 1 1 0 0 0 0 138357 84 83 84 83 16|793.33 0 793.34
133 167 1 1 0 0 0 0 138383 84 83 84 83 16|793.35 0 793.36
133 167 1 1 0 0 0 0 138399 84 83 84 83 16|793.38 0 793.38
133 167 1 1 0 0 0 0 138403 84 83 84 83 16|793.40 0 793.40
133 167 1 1 0 0 0 0 138409 84 83 84 83 16|793.42 0 793.43
133 167 1 1 0 0 0 0 138410 84 83 84 83 16|793.45 0 793.47
133 167 1 1 0 0 0 0 138412 84 83 84 83 16|793.49 0 793.51
133 167 1 1 0 0 0 0 138416 84 83 84 83 16|793.53 0 793.55
133 167 1 1 0 0 0 0 138420 84 83 84 83 16|793.65 0 793.67
133 167 1 1 0 0 0 0 138421 84 83 84 83 16|793.73 0 793.74
133 167 1 1 0 0 0 0 138422 84 83 84 83 16|793.77 0 793.78
133 167 1 1 0 0 0 0 138424 84 83 84 83 16|793.81 0 793.83
133 167 1 1 0 0 0 0 138429 84 83 84 83 16|794.30 0 794.30
133 167 1 1 0 0 0 0 138430 84 83 84 83 16|794.41 0 794.42
133 167 1 1 0 0 0 0 138433 84 83 84 83 16|794.45 0 794.46
133 167 1 1 0 0 0 0 138437 84 83 84 83 16|794.55 0 794.56
133 167 1 1 0 0 0 0 138438 84 83 84 83 16|794.62 0 794.62
133 167 1 1 0 0 0 0 138439 84 83 84 83 16|794.70 0 794.71
133 167 1 1 0 0 0 0 138441 84 83 84 83 16|794.74 0 794.75
133 167 1 1 0 0 0 0 138445 84 83 84 83 16|794.84 0 794.86
133 167 1 1 0 0 0 0 138446 84 83 84 83 16|794.89 0 794.90
133 167 1 1 0 0 0 0 138447 84 83 84 83 16|794.99 0 795.01
133 167 1 1 0 0 0 0 138455 84 83 84 83 16|795.04 0 795.05
133 167 1 1 0 0 0 0 138456 84 83 84 83 16|795.06 0 795.07
133 167 1 1 0 0 0 0 138460 84 83 84 83 16|795.16 0 795.17
133 167 1 1 0 0 0 0 138461 84 83 84 83 16|795.25 0 795.25
133 167 1 1 0 0 0 0 138462 84 83 84 83 16|795.32 0 795.33
133 167 1 1 0 0 0 0 138464 84 83 84 83 16|795.35 0 795.36
133 167 1 1 0 0 0 0 138468 84 83 84 83 16|795.53 0 795.54
133 167 1 1 0 0 0 0 138469 84 83 84 83 16|795.59 0 795.60
133 168 1 1 0 0 0 0 138469 84 84 84 84 16|796.85 0 796.86
134 168 0 0 0 0 0 1 138469 84 84 84 84 16|797.05 47 797.07
135 169 1 1 0 0 0 0 138469 85 84 85 84 16|797.50 0 797.51
135 169 1 1 0 0 0 0 138470 85 84 85 84 16|797.62 0 797.64
135 170 1 1 0 0 0 0 138470 85 85 85 85 16|798.72 0 798.73
136 170 0 0 0 0 0 1 138470 85 85 85 85 16|799.61 0 799.61
137 171 1 1 0 0 0 0 138470 86 85 86 85 16|803.43 0 803.44
137 171 1 1 0 0 0 0 138471 86 85 86 85 16|803.52 0 803.52
137 172 1 1 0 0 0 0 138471 86 86 86 86 16|804.68 0 804.68
138 172 0 0 0 0 0 1 138471 86 86 86 86 16|805.55 44 805.57
139 173 1 1 0 0 0 0 138471 87 86 87 86 16|807.54 0 807.55
139 173 1 1 0 0 0 0 138472 87 86 87 86 16|807.67 0 807.69
139 173 1 1 0 0 0 0 138486 87 86 87 86 16|807.81 0 807.82
139 173 1 1 0 0 0 0 138487 87 86 87 86 16|807.95 0 807.96
139 173 1 1 0 0 0 0 138488 87 86 87 86 16|808.85 0 808.85
139 173 1 1 0 0 0 0 138489 87 86 87 86 16|809.15 0 809.16
139 173 1 1 0 0 0 0 138493 87 86 87 86 16|809.22 0 809.23
139 173 1 1 0 0 0 0 138499 87 86 87 86 16|809.25 0 809.25
139 173 1 1 0 0 0 0 138504 87 86 87 86 16|809.29 0 809.30
139 173 1 1 0 0 0 0 138506 87 86 87 86 16|809.31 0 809.32
139 173 1 1 0 0 0 0 138510 87 86 87 86 16|809.35 0 809.36
139 173 1 1 0 0 0 0 138528 87 86 87 86 16|809.37 0 809.38
139 173 1 1 0 0 0 0 138529 87 86 87 86 16|809.41 0 809.43
139 173 1 1 0 0 0 0 138569 87 86 87 86 16|809.46 0 809.48
139 173 1 1 0 0 0 0 138587 87 86 87 86 16|809.49 0 809.50
139 173 1 1 0 0 0 0 138612 87 86 87 86 16|809.51 0 809.52
139 173 1 1 0 0 0 0 138643 87 86 87 86 16|809.53 0 809.54
139 173 1 1 0 0 0 0 138673 87 86 87 86 16|809.57 0 809.58
139 173 1 1 0 0 0 0 138709 87 86 87 86 16|809.60 0 809.61
139 173 1 1 0 0 0 0 138764 87 86 87 86 16|809.65 0 809.66
139 173 1 1 0 0 0 0 138777 87 86 87 86 16|809.67 0 809.68
139 173 1 1 0 0 0 0 138813 87 86 87 86 16|809.71 0 809.72
139 173 1 1 0 0 0 0 138835 87 86 87 86 16|809.74 0 809.75
139 173 1 1 0 0 0 0 138862 87 86 87 86 16|809.77 0 809.77
139 173 1 1 0 0 0 0 138898 87 86 87 86 16|809.79 0 809.80
139 173 1 1 0 0 0 0 138915 87 86 87 86 16|809.81 0 809.82
139 173 1 1 0 0 0 0 138937 87 86 87 86 16|809.84 0 809.84
139 173 1 1 0 0 0 0 138958 87 86 87 86 16|809.86 0 809.86
139 173 1 1 0 0 0 0 138981 87 86 87 86 16|809.88 0 809.88
139 173 1 1 0 0 0 0 139001 87 86 87 86 16|809.90 0 809.91
139 173 1 1 0 0 0 0 139048 87 86 87 86 16|809.94 0 809.96
139 173 1 1 0 0 0 0 139086 87 86 87 86 16|809.97 0 809.98
139 173 1 1 0 0 0 0 139114 87 86 87 86 16|810.00 0 810.00
139 173 1 1 0 0 0 0 139138 87 86 87 86 16|810.02 0 810.03
139 173 1 1 0 0 0 0 139145 87 86 87 86 16|810.04 0 810.05
139 173 1 1 0 0 0 0 139189 87 86 87 86 16|810.07 0 810.08
139 173 1 1 0 0 0 0 139214 87 86 87 86 16|810.10 0 810.10
139 173 1 1 0 0 0 0 139250 87 86 87 86 16|810.14 0 810.15
139 173 1 1 0 0 0 0 139294 87 86 87 86 16|810.17 0 810.18
139 173 1 1 0 0 0 0 139297 87 86 87 86 16|810.19 0 810.20
139 173 1 1 0 0 0 0 139352 87 86 87 86 16|810.23 0 810.24
139 173 1 1 0 0 0 0 139388 87 86 87 86 16|810.26 0 810.27
139 173 1 1 0 0 0 0 139423 87 86 87 86 16|810.29 0 810.30
139 173 1 1 0 0 0 0 139457 87 86 87 86 16|810.31 0 810.32
139 173 1 1 0 0 0 0 139471 87 86 87 86 16|810.33 0 810.34
139 173 1 1 0 0 0 0 139485 87 86 87 86 16|810.35 0 810.37
139 173 1 1 0 0 0 0 139500 87 86 87 86 16|810.38 0 810.39
139 173 1 1 0 0 0 0 139526 87 86 87 86 16|810.42 0 810.44
139 173 1 1 0 0 0 0 139545 87 86 87 86 16|810.46 0 810.47
139 173 1 1 0 0 0 0 139587 87 86 87 86 16|810.50 0 810.51
139 173 1 1 0 0 0 0 139591 87 86 87 86 16|810.52 0 810.53
139 173 1 1 0 0 0 0 139616 87 86 87 86 16|810.54 0 810.55
139 173 1 1 0 0 0 0 139632 87 86 87 86 16|810.56 0 810.57
139 173 1 1 0 0 0 0 139656 87 86 87 86 16|810.58 0 810.59
139 173 1 1 0 0 0 0 139668 87 86 87 86 16|810.60 0 810.60
139 173 1 1 0 0 0 0 139689 87 86 87 86 16|810.61 0 810.62
139 173 1 1 0 0 0 0 139709 87 86 87 86 16|810.64 0 810.65
139 173 1 1 0 0 0 0 139727 87 86 87 86 16|810.66 0 810.67
139 173 1 1 0 0 0 0 139742 87 86 87 86 16|810.68 0 810.69
139 173 1 1 0 0 0 0 139772 87 86 87 86 16|810.70 0 810.71
139 173 1 1 0 0 0 0 139807 87 86 87 86 16|810.73 0 810.74
139 173 1 1 0 0 0 0 139822 87 86 87 86 16|810.75 0 810.76
139 173 1 1 0 0 0 0 139861 87 86 87 86 16|810.78 0 810.79
139 173 1 1 0 0 0 0 139879 87 86 87 86 16|810.80 0 810.81
139 173 1 1 0 0 0 0 139912 87 86 87 86 16|810.83 0 810.84
139 173 1 1 0 0 0 0 139926 87 86 87 86 16|810.85 0 810.86
139 173 1 1 0 0 0 0 139946 87 86 87 86 16|810.87 0 810.88
139 173 1 1 0 0 0 0 139971 87 86 87 86 16|810.89 0 810.90
139 173 1 1 0 0 0 0 139991 87 86 87 86 16|810.91 0 810.92
139 173 1 1 0 0 0 0 140002 87 86 87 86 16|810.93 0 810.94
139 173 1 1 0 0 0 0 140043 87 86 87 86 16|810.95 0 810.95
139 173 1 1 0 0 0 0 140047 87 86 87 86 16|810.96 0 810.97
139 173 1 1 0 0 0 0 140070 87 86 87 86 16|810.98 0 810.99
139 173 1 1 0 0 0 0 140093 87 86 87 86 16|811.00 0 811.01
139 173 1 1 0 0 0 0 140127 87 86 87 86 16|811.02 0 811.03
139 173 1 1 0 0 0 0 140139 87 86 87 86 16|811.04 0 811.05
139 173 1 1 0 0 0 0 140165 87 86 87 86 16|811.08 0 811.09
139 173 1 1 0 0 0 0 140202 87 86 87 86 16|811.10 0 811.11
139 173 1 1 0 0 0 0 140235 87 86 87 86 16|811.13 0 811.14
139 173 1 1 0 0 0 0 140255 87 86 87 86 16|811.15 0 811.16
139 173 1 1 0 0 0 0 140294 87 86 87 86 16|811.18 0 811.19
139 173 1 1 0 0 0 0 140304 87 86 87 86 16|811.21 0 811.21
139 173 1 1 0 0 0 0 140335 87 86 87 86 16|811.23 0 811.24
139 173 1 1 0 0 0 0 140390 87 86 87 86 16|811.27 0 811.29
139 173 1 1 0 0 0 0 140419 87 86 87 86 16|811.30 0 811.31
139 173 1 1 0 0 0 0 140427 87 86 87 86 16|811.32 0 811.33
139 173 1 1 0 0 0 0 140461 87 86 87 86 16|811.34 0 811.35
139 173 1 1 0 0 0 0 140505 87 86 87 86 16|811.38 0 811.39
139 173 1 1 0 0 0 0 140534 87 86 87 86 16|811.40 0 811.41
139 173 1 1 0 0 0 0 140561 87 86 87 86 16|811.42 0 811.43
139 173 1 1 0 0 0 0 140586 87 86 87 86 16|811.45 0 811.45
139 173 1 1 0 0 0 0 140609 87 86 87 86 16|811.47 0 811.47
139 173 1 1 0 0 0 0 140622 87 86 87 86 16|811.49 0 811.49
139 173 1 1 0 0 0 0 140641 87 86 87 86 16|811.51 0 811.51
139 173 1 1 0 0 0 0 140651 87 86 87 86 16|811.53 0 811.53
139 173 1 1 0 0 0 0 140687 87 86 87 86 16|811.55 0 811.55
139 173 1 1 0 0 0 0 140703 87 86 87 86 16|811.57 0 811.57
139 173 1 1 0 0 0 0 140737 87 86 87 86 16|811.59 0 811.60
139 173 1 1 0 0 0 0 140755 87 86 87 86 16|811.61 0 811.62
139 173 1 1 0 0 0 0 140779 87 86 87 86 16|811.65 0 811.67
139 173 1 1 0 0 0 0 140829 87 86 87 86 16|811.69 0 811.70
139 173 1 1 0 0 0 0 140854 87 86 87 86 16|811.72 0 811.73
139 173 1 1 0 0 0 0 140863 87 86 87 86 16|811.76 0 811.77
139 173 1 1 0 0 0 0 140901 87 86 87 86 16|811.79 0 811.80
139 173 1 1 0 0 0 0 140910 87 86 87 86 16|811.81 0 811.82
139 173 1 1 0 0 0 0 140924 87 86 87 86 16|811.84 0 811.85
139 173 1 1 0 0 0 0 140945 87 86 87 86 16|811.87 0 811.87
139 173 1 1 0 0 0 0 140958 87 86 87 86 16|811.89 0 811.90
139 173 1 1 0 0 0 0 140979 87 86 87 86 16|811.91 0 811.92
139 173 1 1 0 0 0 0 140996 87 86 87 86 16|811.93 0 811.94
139 173 1 1 0 0 0 0 141013 87 86 87 86 16|811.96 0 811.96
139 173 1 1 0 0 0 0 141032 87 86 87 86 16|812.02 0 812.03
139 173 1 1 0 0 0 0 141041 87 86 87 86 16|812.04 0 812.05
139 173 1 1 0 0 0 0 141061 87 86 87 86 16|812.06 0 812.07
139 173 1 1 0 0 0 0 141068 87 86 87 86 16|812.08 0 812.09
139 173 1 1 0 0 0 0 141091 87 86 87 86 16|812.10 0 812.11
139 173 1 1 0 0 0 0 141098 87 86 87 86 16|812.12 0 812.12
139 173 1 1 0 0 0 0 141115 87 86 87 86 16|812.14 0 812.14
139 173 1 1 0 0 0 0 141127 87 86 87 86 16|812.16 0 812.16
139 173 1 1 0 0 0 0 141142 87 86 87 86 16|812.18 0 812.18
139 173 1 1 0 0 0 0 141165 87 86 87 86 16|812.20 0 812.20
139 173 1 1 0 0 0 0 141194 87 86 87 86 16|812.22 0 812.23
139 173 1 1 0 0 0 0 141208 87 86 87 86 16|812.24 0 812.25
139 173 1 1 0 0 0 0 141238 87 86 87 86 16|812.26 0 812.27
139 173 1 1 0 0 0 0 141263 87 86 87 86 16|812.28 0 812.29
139 173 1 1 0 0 0 0 141285 87 86 87 86 16|812.30 0 812.31
139 173 1 1 0 0 0 0 141304 87 86 87 86 16|812.32 0 812.33
139 173 1 1 0 0 0 0 141322 87 86 87 86 16|812.34 0 812.35
139 173 1 1 0 0 0 0 141345 87 86 87 86 16|812.36 0 812.36
139 173 1 1 0 0 0 0 141364 87 86 87 86 16|812.38 0 812.39
139 173 1 1 0 0 0 0 141382 87 86 87 86 16|812.42 0 812.43
139 173 1 1 0 0 0 0 141389 87 86 87 86 16|812.44 0 812.45
139 173 1 1 0 0 0 0 141407 87 86 87 86 16|812.46 0 812.47
139 173 1 1 0 0 0 0 141431 87 86 87 86 16|812.50 0 812.51
139 173 1 1 0 0 0 0 141435 87 86 87 86 16|812.52 0 812.53
139 173 1 1 0 0 0 0 141458 87 86 87 86 16|812.54 0 812.55
139 173 1 1 0 0 0 0 141475 87 86 87 86 16|812.56 0 812.57
139 173 1 1 0 0 0 0 141509 87 86 87 86 16|812.59 0 812.60
139 173 1 1 0 0 0 0 141531 87 86 87 86 16|812.61 0 812.62
139 173 1 1 0 0 0 0 141559 87 86 87 86 16|812.65 0 812.66
139 173 1 1 0 0 0 0 141602 87 86 87 86 16|812.67 0 812.68
139 173 1 1 0 0 0 0 141643 87 86 87 86 16|812.71 0 812.72
139 173 1 1 0 0 0 0 141663 87 86 87 86 16|812.73 0 812.74
139 173 1 1 0 0 0 0 141685 87 86 87 86 16|812.75 0 812.76
139 173 1 1 0 0 0 0 141707 87 86 87 86 16|812.78 0 812.79
139 173 1 1 0 0 0 0 141728 87 86 87 86 16|812.80 0 812.81
139 173 1 1 0 0 0 0 141767 87 86 87 86 16|812.84 0 812.86
139 173 1 1 0 0 0 0 141797 87 86 87 86 16|812.87 0 812.88
139 173 1 1 0 0 0 0 141815 87 86 87 86 16|812.89 0 812.90
139 173 1 1 0 0 0 0 141835 87 86 87 86 16|812.91 0 812.92
139 173 1 1 0 0 0 0 141853 87 86 87 86 16|812.93 0 812.94
139 173 1 1 0 0 0 0 141866 87 86 87 86 16|812.95 0 812.96
139 173 1 1 0 0 0 0 141898 87 86 87 86 16|812.97 0 812.98
139 173 1 1 0 0 0 0 141905 87 86 87 86 16|812.99 0 813.00
139 173 1 1 0 0 0 0 141935 87 86 87 86 16|813.02 0 813.02
139 173 1 1 0 0 0 0 141943 87 86 87 86 16|813.03 0 813.04
139 173 1 1 0 0 0 0 141961 87 86 87 86 16|813.06 0 813.06
139 173 1 1 0 0 0 0 141986 87 86 87 86 16|813.08 0 813.08
139 173 1 1 0 0 0 0 142003 87 86 87 86 16|813.10 0 813.11
139 173 1 1 0 0 0 0 142033 87 86 87 86 16|813.12 0 813.13
139 173 1 1 0 0 0 0 142059 87 86 87 86 16|813.14 0 813.15
139 173 1 1 0 0 0 0 142079 87 86 87 86 16|813.18 0 813.19
139 173 1 1 0 0 0 0 142091 87 86 87 86 16|813.22 0 813.23
139 173 1 1 0 0 0 0 142102 87 86 87 86 16|813.24 0 813.25
139 173 1 1 0 0 0 0 142119 87 86 87 86 16|813.27 0 813.27
139 173 1 1 0 0 0 0 142139 87 86 87 86 16|813.29 0 813.29
139 173 1 1 0 0 0 0 142156 87 86 87 86 16|813.32 0 813.33
139 173 1 1 0 0 0 0 142180 87 86 87 86 16|813.35 0 813.35
139 173 1 1 0 0 0 0 142206 87 86 87 86 16|813.39 0 813.41
139 173 1 1 0 0 0 0 142226 87 86 87 86 16|813.42 0 813.43
139 173 1 1 0 0 0 0 142246 87 86 87 86 16|813.45 0 813.46
139 173 1 1 0 0 0 0 142257 87 86 87 86 16|813.47 0 813.48
139 173 1 1 0 0 0 0 142278 87 86 87 86 16|813.49 0 813.50
139 173 1 1 0 0 0 0 142285 87 86 87 86 16|813.51 0 813.52
139 173 1 1 0 0 0 0 142310 87 86 87 86 16|813.53 0 813.54
139 173 1 1 0 0 0 0 142322 87 86 87 86 16|813.56 0 813.57
139 173 1 1 0 0 0 0 142353 87 86 87 86 16|813.58 0 813.59
139 173 1 1 0 0 0 0 142372 87 86 87 86 16|813.60 0 813.61
139 173 1 1 0 0 0 0 142391 87 86 87 86 16|813.62 0 813.63
139 173 1 1 0 0 0 0 142421 87 86 87 86 16|813.65 0 813.66
139 173 1 1 0 0 0 0 142479 87 86 87 86 16|813.69 0 813.70
139 173 1 1 0 0 0 0 142502 87 86 87 86 16|813.72 0 813.72
139 173 1 1 0 0 0 0 142545 87 86 87 86 16|813.75 0 813.76
139 173 1 1 0 0 0 0 142579 87 86 87 86 16|813.78 0 813.79
139 173 1 1 0 0 0 0 142598 87 86 87 86 16|813.80 0 813.81
139 173 1 1 0 0 0 0 142637 87 86 87 86 16|813.83 0 813.84
139 173 1 1 0 0 0 0 142648 87 86 87 86 16|813.85 0 813.86
139 173 1 1 0 0 0 0 142668 87 86 87 86 16|813.87 0 813.88
139 173 1 1 0 0 0 0 142689 87 86 87 86 16|813.89 0 813.90
139 173 1 1 0 0 0 0 142719 87 86 87 86 16|813.93 0 813.94
139 173 1 1 0 0 0 0 142752 87 86 87 86 16|813.95 0 813.96
139 173 1 1 0 0 0 0 142801 87 86 87 86 16|813.99 0 814.00
139 173 1 1 0 0 0 0 142831 87 86 87 86 16|814.01 0 814.02
139 173 1 1 0 0 0 0 142850 87 86 87 86 16|814.04 0 814.05
139 173 1 1 0 0 0 0 142883 87 86 87 86 16|814.06 0 814.07
139 173 1 1 0 0 0 0 142901 87 86 87 86 16|814.10 0 814.11
139 173 1 1 0 0 0 0 142909 87 86 87 86 16|814.13 0 814.13
139 173 1 1 0 0 0 0 142930 87 86 87 86 16|814.15 0 814.15
139 173 1 1 0 0 0 0 142938 87 86 87 86 16|814.17 0 814.17
139 173 1 1 0 0 0 0 142956 87 86 87 86 16|814.19 0 814.20
139 173 1 1 0 0 0 0 142974 87 86 87 86 16|814.21 0 814.22
139 173 1 1 0 0 0 0 143000 87 86 87 86 16|814.23 0 814.24
139 173 1 1 0 0 0 0 143025 87 86 87 86 16|814.25 0 814.26
139 173 1 1 0 0 0 0 143042 87 86 87 86 16|814.27 0 814.28
139 173 1 1 0 0 0 0 143078 87 86 87 86 16|814.30 0 814.30
139 173 1 1 0 0 0 0 143116 87 86 87 86 16|814.33 0 814.34
139 173 1 1 0 0 0 0 143137 87 86 87 86 16|814.36 0 814.37
139 173 1 1 0 0 0 0 143154 87 86 87 86 16|814.38 0 814.39
139 173 1 1 0 0 0 0 143172 87 86 87 86 16|814.41 0 814.42
139 173 1 1 0 0 0 0 143179 87 86 87 86 16|814.43 0 814.44
139 173 1 1 0 0 0 0 143201 87 86 87 86 16|814.45 0 814.46
139 173 1 1 0 0 0 0 143209 87 86 87 86 16|814.47 0 814.48
139 173 1 1 0 0 0 0 143232 87 86 87 86 16|814.49 0 814.50
139 173 1 1 0 0 0 0 143253 87 86 87 86 16|814.52 0 814.52
139 173 1 1 0 0 0 0 143271 87 86 87 86 16|814.54 0 814.55
139 173 1 1 0 0 0 0 143279 87 86 87 86 16|814.57 0 814.57
139 173 1 1 0 0 0 0 143295 87 86 87 86 16|814.61 0 814.63
139 173 1 1 0 0 0 0 143305 87 86 87 86 16|814.64 0 814.65
139 173 1 1 0 0 0 0 143323 87 86 87 86 16|814.67 0 814.67
139 173 1 1 0 0 0 0 143350 87 86 87 86 16|814.71 0 814.73
139 173 1 1 0 0 0 0 143374 87 86 87 86 16|814.76 0 814.77
139 173 1 1 0 0 0 0 143389 87 86 87 86 16|814.79 0 814.79
139 173 1 1 0 0 0 0 143399 87 86 87 86 16|814.81 0 814.81
139 173 1 1 0 0 0 0 143413 87 86 87 86 16|814.83 0 814.84
139 173 1 1 0 0 0 0 143418 87 86 87 86 16|814.85 0 814.86
139 173 1 1 0 0 0 0 143425 87 86 87 86 16|814.88 0 814.90
139 173 1 1 0 0 0 0 143443 87 86 87 86 16|814.91 0 814.92
139 173 1 1 0 0 0 0 143447 87 86 87 86 16|814.93 0 814.94
139 173 1 1 0 0 0 0 143457 87 86 87 86 16|814.95 0 814.96
139 173 1 1 0 0 0 0 143476 87 86 87 86 16|815.00 0 815.01
139 173 1 1 0 0 0 0 143504 87 86 87 86 16|815.03 0 815.04
139 173 1 1 0 0 0 0 143525 87 86 87 86 16|815.07 0 815.09
139 173 1 1 0 0 0 0 143558 87 86 87 86 16|815.10 0 815.11
139 173 1 1 0 0 0 0 143570 87 86 87 86 16|815.12 0 815.13
139 173 1 1 0 0 0 0 143589 87 86 87 86 16|815.15 0 815.17
139 173 1 1 0 0 0 0 143614 87 86 87 86 16|815.19 0 815.20
139 173 1 1 0 0 0 0 143635 87 86 87 86 16|815.23 0 815.25
139 173 1 1 0 0 0 0 143665 87 86 87 86 16|815.26 0 815.27
139 173 1 1 0 0 0 0 143670 87 86 87 86 16|815.28 0 815.29
139 173 1 1 0 0 0 0 143695 87 86 87 86 16|815.30 0 815.31
139 173 1 1 0 0 0 0 143715 87 86 87 86 16|815.34 0 815.35
139 173 1 1 0 0 0 0 143733 87 86 87 86 16|815.37 0 815.38
139 173 1 1 0 0 0 0 143740 87 86 87 86 16|815.39 0 815.40
139 173 1 1 0 0 0 0 143759 87 86 87 86 16|815.41 0 815.42
139 173 1 1 0 0 0 0 143767 87 86 87 86 16|815.43 0 815.44
139 173 1 1 0 0 0 0 143788 87 86 87 86 16|815.46 0 815.48
139 173 1 1 0 0 0 0 143798 87 86 87 86 16|815.49 0 815.50
139 173 1 1 0 0 0 0 143821 87 86 87 86 16|815.53 0 815.54
139 173 1 1 0 0 0 0 143826 87 86 87 86 16|815.55 0 815.56
139 173 1 1 0 0 0 0 143844 87 86 87 86 16|815.58 0 815.59
139 173 1 1 0 0 0 0 143856 87 86 87 86 16|815.60 0 815.60
139 173 1 1 0 0 0 0 143878 87 86 87 86 16|815.62 0 815.63
139 173 1 1 0 0 0 0 143891 87 86 87 86 16|815.64 0 815.65
139 173 1 1 0 0 0 0 143904 87 86 87 86 16|815.67 0 815.68
139 173 1 1 0 0 0 0 143922 87 86 87 86 16|815.69 0 815.70
139 173 1 1 0 0 0 0 143938 87 86 87 86 16|815.71 0 815.72
139 173 1 1 0 0 0 0 143956 87 86 87 86 16|815.73 0 815.74
139 173 1 1 0 0 0 0 143970 87 86 87 86 16|815.76 0 815.77
139 173 1 1 0 0 0 0 143982 87 86 87 86 16|815.78 0 815.79
139 173 1 1 0 0 0 0 143990 87 86 87 86 16|815.81 0 815.81
139 173 1 1 0 0 0 0 143999 87 86 87 86 16|815.83 0 815.83
139 173 1 1 0 0 0 0 144011 87 86 87 86 16|815.85 0 815.85
139 173 1 1 0 0 0 0 144015 87 86 87 86 16|815.87 0 815.88
139 173 1 1 0 0 0 0 144031 87 86 87 86 16|815.89 0 815.90
139 173 1 1 0 0 0 0 144040 87 86 87 86 16|815.91 0 815.92
139 173 1 1 0 0 0 0 144057 87 86 87 86 16|815.94 0 815.95
139 173 1 1 0 0 0 0 144064 87 86 87 86 16|815.96 0 815.97
139 173 1 1 0 0 0 0 144084 87 86 87 86 16|815.98 0 815.99
139 173 1 1 0 0 0 0 144095 87 86 87 86 16|816.01 0 816.01
139 173 1 1 0 0 0 0 144113 87 86 87 86 16|816.03 0 816.03
139 173 1 1 0 0 0 0 144129 87 86 87 86 16|816.05 0 816.06
139 173 1 1 0 0 0 0 144138 87 86 87 86 16|816.07 0 816.08
139 173 1 1 0 0 0 0 144152 87 86 87 86 16|816.09 0 816.10
139 173 1 1 0 0 0 0 144157 87 86 87 86 16|816.11 0 816.12
139 173 1 1 0 0 0 0 144171 87 86 87 86 16|816.13 0 816.14
139 173 1 1 0 0 0 0 144184 87 86 87 86 16|816.16 0 816.16
139 173 1 1 0 0 0 0 144207 87 86 87 86 16|816.18 0 816.18
139 173 1 1 0 0 0 0 144210 87 86 87 86 16|816.21 0 816.21
139 173 1 1 0 0 0 0 144222 87 86 87 86 16|816.24 0 816.25
139 173 1 1 0 0 0 0 144239 87 86 87 86 16|816.26 0 816.27
139 173 1 1 0 0 0 0 144254 87 86 87 86 16|816.28 0 816.29
139 173 1 1 0 0 0 0 144273 87 86 87 86 16|816.30 0 816.31
139 173 1 1 0 0 0 0 144279 87 86 87 86 16|816.33 0 816.34
139 173 1 1 0 0 0 0 144290 87 86 87 86 16|816.36 0 816.37
139 173 1 1 0 0 0 0 144305 87 86 87 86 16|816.38 0 816.39
139 173 1 1 0 0 0 0 144317 87 86 87 86 16|816.41 0 816.42
139 173 1 1 0 0 0 0 144324 87 86 87 86 16|816.47 0 816.47
139 173 1 1 0 0 0 0 144332 87 86 87 86 16|816.49 0 816.49
139 173 1 1 0 0 0 0 144338 87 86 87 86 16|816.51 0 816.52
139 173 1 1 0 0 0 0 144345 87 86 87 86 16|816.54 0 816.55
139 173 1 1 0 0 0 0 144349 87 86 87 86 16|816.56 0 816.57
139 173 1 1 0 0 0 0 144358 87 86 87 86 16|816.58 0 816.59
139 173 1 1 0 0 0 0 144367 87 86 87 86 16|816.61 0 816.62
139 173 1 1 0 0 0 0 144384 87 86 87 86 16|816.66 0 816.68
139 173 1 1 0 0 0 0 144395 87 86 87 86 16|816.69 0 816.70
139 173 1 1 0 0 0 0 144402 87 86 87 86 16|816.72 0 816.73
139 173 1 1 0 0 0 0 144412 87 86 87 86 16|816.74 0 816.75
139 173 1 1 0 0 0 0 144417 87 86 87 86 16|816.77 0 816.78
139 173 1 1 0 0 0 0 144425 87 86 87 86 16|816.80 0 816.82
139 173 1 1 0 0 0 0 144443 87 86 87 86 16|816.83 0 816.84
139 173 1 1 0 0 0 0 144456 87 86 87 86 16|816.86 0 816.86
139 173 1 1 0 0 0 0 144460 87 86 87 86 16|816.88 0 816.89
139 173 1 1 0 0 0 0 144467 87 86 87 86 16|816.91 0 816.92
139 173 1 1 0 0 0 0 144473 87 86 87 86 16|816.94 0 816.95
139 173 1 1 0 0 0 0 144477 87 86 87 86 16|816.96 0 816.96
139 173 1 1 0 0 0 0 144487 87 86 87 86 16|816.98 0 816.99
139 173 1 1 0 0 0 0 144493 87 86 87 86 16|817.00 0 817.01
139 173 1 1 0 0 0 0 144502 87 86 87 86 16|817.02 0 817.03
139 173 1 1 0 0 0 0 144511 87 86 87 86 16|817.04 0 817.05
139 173 1 1 0 0 0 0 144521 87 86 87 86 16|817.06 0 817.07
139 173 1 1 0 0 0 0 144527 87 86 87 86 16|817.09 0 817.09
139 173 1 1 0 0 0 0 144538 87 86 87 86 16|817.11 0 817.11
139 173 1 1 0 0 0 0 144556 87 86 87 86 16|817.15 0 817.16
139 173 1 1 0 0 0 0 144569 87 86 87 86 16|817.17 0 817.18
139 173 1 1 0 0 0 0 144574 87 86 87 86 16|817.20 0 817.20
139 173 1 1 0 0 0 0 144594 87 86 87 86 16|817.22 0 817.23
139 173 1 1 0 0 0 0 144600 87 86 87 86 16|817.25 0 817.25
139 173 1 1 0 0 0 0 144613 87 86 87 86 16|817.27 0 817.28
139 173 1 1 0 0 0 0 144633 87 86 87 86 16|817.31 0 817.32
139 173 1 1 0 0 0 0 144643 87 86 87 86 16|817.33 0 817.34
139 173 1 1 0 0 0 0 144653 87 86 87 86 16|817.37 0 817.38
139 173 1 1 0 0 0 0 144662 87 86 87 86 16|817.39 0 817.40
139 173 1 1 0 0 0 0 144677 87 86 87 86 16|817.41 0 817.42
139 173 1 1 0 0 0 0 144683 87 86 87 86 16|817.43 0 817.44
139 173 1 1 0 0 0 0 144697 87 86 87 86 16|817.45 0 817.46
139 173 1 1 0 0 0 0 144701 87 86 87 86 16|817.47 0 817.48
139 173 1 1 0 0 0 0 144718 87 86 87 86 16|817.50 0 817.51
139 173 1 1 0 0 0 0 144726 87 86 87 86 16|817.52 0 817.53
139 173 1 1 0 0 0 0 144740 87 86 87 86 16|817.54 0 817.55
139 173 1 1 0 0 0 0 144747 87 86 87 86 16|817.56 0 817.57
139 173 1 1 0 0 0 0 144757 87 86 87 86 16|817.59 0 817.60
139 173 1 1 0 0 0 0 144772 87 86 87 86 16|817.61 0 817.62
139 173 1 1 0 0 0 0 144790 87 86 87 86 16|817.64 0 817.65
139 173 1 1 0 0 0 0 144833 87 86 87 86 16|817.67 0 817.67
139 173 1 1 0 0 0 0 144868 87 86 87 86 16|817.70 0 817.71
139 173 1 1 0 0 0 0 144888 87 86 87 86 16|817.73 0 817.74
139 173 1 1 0 0 0 0 144910 87 86 87 86 16|817.75 0 817.76
139 173 1 1 0 0 0 0 144944 87 86 87 86 16|817.79 0 817.80
139 173 1 1 0 0 0 0 144996 87 86 87 86 16|817.83 0 817.84
139 173 1 1 0 0 0 0 145018 87 86 87 86 16|817.85 0 817.86
139 173 1 1 0 0 0 0 145045 87 86 87 86 16|817.87 0 817.88
139 173 1 1 0 0 0 0 145056 87 86 87 86 16|817.90 0 817.91
139 173 1 1 0 0 0 0 145058 87 86 87 86 16|817.93 0 817.94
139 173 1 1 0 0 0 0 145070 87 86 87 86 16|817.96 0 817.96
139 173 1 1 0 0 0 0 145088 87 86 87 86 16|817.98 0 817.98
139 173 1 1 0 0 0 0 145093 87 86 87 86 16|818.00 0 818.00
139 173 1 1 0 0 0 0 145104 87 86 87 86 16|818.02 0 818.02
139 173 1 1 0 0 0 0 145126 87 86 87 86 16|818.05 0 818.07
139 173 1 1 0 0 0 0 145143 87 86 87 86 16|818.08 0 818.09
139 173 1 1 0 0 0 0 145156 87 86 87 86 16|818.10 0 818.11
139 173 1 1 0 0 0 0 145159 87 86 87 86 16|818.12 0 818.13
139 173 1 1 0 0 0 0 145173 87 86 87 86 16|818.14 0 818.15
139 173 1 1 0 0 0 0 145183 87 86 87 86 16|818.16 0 818.17
139 173 1 1 0 0 0 0 145196 87 86 87 86 16|818.19 0 818.20
139 173 1 1 0 0 0 0 145216 87 86 87 86 16|818.22 0 818.23
139 173 1 1 0 0 0 0 145222 87 86 87 86 16|818.24 0 818.25
139 173 1 1 0 0 0 0 145242 87 86 87 86 16|818.26 0 818.27
139 173 1 1 0 0 0 0 145251 87 86 87 86 16|818.28 0 818.29
139 173 1 1 0 0 0 0 145254 87 86 87 86 16|818.30 0 818.31
139 173 1 1 0 0 0 0 145256 87 86 87 86 16|818.32 0 818.33
139 173 1 1 0 0 0 0 145263 87 86 87 86 16|818.34 0 818.35
139 173 1 1 0 0 0 0 145279 87 86 87 86 16|818.37 0 818.38
139 173 1 1 0 0 0 0 145282 87 86 87 86 16|818.39 0 818.40
139 173 1 1 0 0 0 0 145292 87 86 87 86 16|818.41 0 818.42
139 173 1 1 0 0 0 0 145316 87 86 87 86 16|818.45 0 818.46
139 173 1 1 0 0 0 0 145342 87 86 87 86 16|818.50 0 818.51
139 173 1 1 0 0 0 0 145355 87 86 87 86 16|818.52 0 818.53
139 173 1 1 0 0 0 0 145365 87 86 87 86 16|818.55 0 818.55
139 173 1 1 0 0 0 0 145380 87 86 87 86 16|818.57 0 818.58
139 173 1 1 0 0 0 0 145391 87 86 87 86 16|818.60 0 818.61
139 173 1 1 0 0 0 0 145405 87 86 87 86 16|818.62 0 818.63
139 173 1 1 0 0 0 0 145417 87 86 87 86 16|818.64 0 818.65
139 173 1 1 0 0 0 0 145446 87 86 87 86 16|818.68 0 818.69
139 173 1 1 0 0 0 0 145481 87 86 87 86 16|818.71 0 818.71
139 173 1 1 0 0 0 0 145521 87 86 87 86 16|818.75 0 818.77
139 173 1 1 0 0 0 0 145544 87 86 87 86 16|818.78 0 818.79
139 173 1 1 0 0 0 0 145574 87 86 87 86 16|818.81 0 818.82
139 173 1 1 0 0 0 0 145588 87 86 87 86 16|818.84 0 818.85
139 173 1 1 0 0 0 0 145604 87 86 87 86 16|818.89 0 818.90
139 173 1 1 0 0 0 0 145612 87 86 87 86 16|818.92 0 818.92
139 173 1 1 0 0 0 0 145638 87 86 87 86 16|818.96 0 818.98
139 173 1 1 0 0 0 0 145651 87 86 87 86 16|818.99 0 819.00
139 173 1 1 0 0 0 0 145669 87 86 87 86 16|819.03 0 819.04
139 173 1 1 0 0 0 0 145691 87 86 87 86 16|819.06 0 819.08
139 173 1 1 0 0 0 0 145696 87 86 87 86 16|819.09 0 819.10
139 173 1 1 0 0 0 0 145713 87 86 87 86 16|819.12 0 819.13
139 173 1 1 0 0 0 0 145726 87 86 87 86 16|819.14 0 819.15
139 173 1 1 0 0 0 0 145730 87 86 87 86 16|819.16 0 819.17
139 173 1 1 0 0 0 0 145740 87 86 87 86 16|819.18 0 819.19
139 173 1 1 0 0 0 0 145748 87 86 87 86 16|819.20 0 819.21
139 173 1 1 0 0 0 0 145760 87 86 87 86 16|819.23 0 819.24
139 173 1 1 0 0 0 0 145773 87 86 87 86 16|819.26 0 819.27
139 173 1 1 0 0 0 0 145778 87 86 87 86 16|819.28 0 819.29
139 173 1 1 0 0 0 0 145788 87 86 87 86 16|819.30 0 819.31
139 173 1 1 0 0 0 0 145796 87 86 87 86 16|819.32 0 819.33
139 173 1 1 0 0 0 0 145810 87 86 87 86 16|819.34 0 819.35
139 173 1 1 0 0 0 0 145823 87 86 87 86 16|819.36 0 819.37
139 173 1 1 0 0 0 0 145842 87 86 87 86 16|819.39 0 819.39
139 173 1 1 0 0 0 0 145846 87 86 87 86 16|819.41 0 819.42
139 173 1 1 0 0 0 0 145851 87 86 87 86 16|819.43 0 819.44
139 173 1 1 0 0 0 0 145865 87 86 87 86 16|819.45 0 819.46
139 173 1 1 0 0 0 0 145876 87 86 87 86 16|819.48 0 819.49
139 173 1 1 0 0 0 0 145896 87 86 87 86 16|819.50 0 819.51
139 173 1 1 0 0 0 0 145905 87 86 87 86 16|819.52 0 819.53
139 173 1 1 0 0 0 0 145918 87 86 87 86 16|819.55 0 819.55
139 173 1 1 0 0 0 0 145923 87 86 87 86 16|819.57 0 819.57
139 173 1 1 0 0 0 0 145927 87 86 87 86 16|819.59 0 819.60
139 173 1 1 0 0 0 0 145945 87 86 87 86 16|819.62 0 819.62
139 173 1 1 0 0 0 0 145952 87 86 87 86 16|819.64 0 819.64
139 173 1 1 0 0 0 0 145967 87 86 87 86 16|819.66 0 819.67
139 173 1 1 0 0 0 0 145984 87 86 87 86 16|819.69 0 819.70
139 173 1 1 0 0 0 0 145997 87 86 87 86 16|819.75 0 819.76
139 173 1 1 0 0 0 0 146016 87 86 87 86 16|819.79 0 819.79
139 173 1 1 0 0 0 0 146028 87 86 87 86 16|819.81 0 819.81
139 173 1 1 0 0 0 0 146035 87 86 87 86 16|819.83 0 819.84
139 173 1 1 0 0 0 0 146058 87 86 87 86 16|819.86 0 819.88
139 173 1 1 0 0 0 0 146067 87 86 87 86 16|819.89 0 819.90
139 173 1 1 0 0 0 0 146071 87 86 87 86 16|819.91 0 819.92
139 173 1 1 0 0 0 0 146077 87 86 87 86 16|819.93 0 819.94
139 173 1 1 0 0 0 0 146093 87 86 87 86 16|819.97 0 819.99
139 173 1 1 0 0 0 0 146099 87 86 87 86 16|820.00 0 820.01
139 173 1 1 0 0 0 0 146112 87 86 87 86 16|820.04 0 820.05
139 173 1 1 0 0 0 0 146128 87 86 87 86 16|820.07 0 820.07
139 173 1 1 0 0 0 0 146137 87 86 87 86 16|820.09 0 820.09
139 173 1 1 0 0 0 0 146140 87 86 87 86 16|820.11 0 820.11
139 173 1 1 0 0 0 0 146151 87 86 87 86 16|820.14 0 820.15
139 173 1 1 0 0 0 0 146156 87 86 87 86 16|820.16 0 820.17
139 173 1 1 0 0 0 0 146172 87 86 87 86 16|820.18 0 820.19
139 173 1 1 0 0 0 0 146177 87 86 87 86 16|820.20 0 820.21
139 173 1 1 0 0 0 0 146189 87 86 87 86 16|820.22 0 820.23
139 173 1 1 0 0 0 0 146191 87 86 87 86 16|820.24 0 820.25
139 173 1 1 0 0 0 0 146204 87 86 87 86 16|820.26 0 820.27
139 173 1 1 0 0 0 0 146208 87 86 87 86 16|820.28 0 820.29
139 173 1 1 0 0 0 0 146215 87 86 87 86 16|820.31 0 820.32
139 173 1 1 0 0 0 0 146223 87 86 87 86 16|820.33 0 820.34
139 173 1 1 0 0 0 0 146229 87 86 87 86 16|820.35 0 820.36
139 173 1 1 0 0 0 0 146241 87 86 87 86 16|820.37 0 820.38
139 173 1 1 0 0 0 0 146248 87 86 87 86 16|820.39 0 820.40
139 173 1 1 0 0 0 0 146255 87 86 87 86 16|820.41 0 820.42
139 173 1 1 0 0 0 0 146267 87 86 87 86 16|820.43 0 820.44
139 173 1 1 0 0 0 0 146275 87 86 87 86 16|820.46 0 820.48
139 173 1 1 0 0 0 0 146293 87 86 87 86 16|820.51 0 820.52
139 173 1 1 0 0 0 0 146302 87 86 87 86 16|820.53 0 820.54
139 173 1 1 0 0 0 0 146315 87 86 87 86 16|820.57 0 820.59
139 173 1 1 0 0 0 0 146327 87 86 87 86 16|820.61 0 820.61
139 173 1 1 0 0 0 0 146334 87 86 87 86 16|820.63 0 820.64
139 173 1 1 0 0 0 0 146338 87 86 87 86 16|820.65 0 820.66
139 173 1 1 0 0 0 0 146352 87 86 87 86 16|820.67 0 820.67
139 173 1 1 0 0 0 0 146371 87 86 87 86 16|820.70 0 820.71
139 173 1 1 0 0 0 0 146379 87 86 87 86 16|820.74 0 820.75
139 173 1 1 0 0 0 0 146389 87 86 87 86 16|820.77 0 820.78
139 173 1 1 0 0 0 0 146401 87 86 87 86 16|820.79 0 820.80
139 173 1 1 0 0 0 0 146417 87 86 87 86 16|820.82 0 820.83
139 173 1 1 0 0 0 0 146433 87 86 87 86 16|820.85 0 820.86
139 173 1 1 0 0 0 0 146450 87 86 87 86 16|820.89 0 820.91
139 173 1 1 0 0 0 0 146462 87 86 87 86 16|820.93 0 820.94
139 173 1 1 0 0 0 0 146472 87 86 87 86 16|820.96 0 820.97
139 173 1 1 0 0 0 0 146485 87 86 87 86 16|820.98 0 820.99
139 173 1 1 0 0 0 0 146490 87 86 87 86 16|821.01 0 821.01
139 173 1 1 0 0 0 0 146498 87 86 87 86 16|821.03 0 821.03
139 173 1 1 0 0 0 0 146511 87 86 87 86 16|821.06 0 821.06
139 173 1 1 0 0 0 0 146516 87 86 87 86 16|821.08 0 821.08
139 173 1 1 0 0 0 0 146526 87 86 87 86 16|821.10 0 821.10
139 173 1 1 0 0 0 0 146531 87 86 87 86 16|821.12 0 821.12
139 173 1 1 0 0 0 0 146549 87 86 87 86 16|821.15 0 821.16
139 173 1 1 0 0 0 0 146558 87 86 87 86 16|821.18 0 821.19
139 173 1 1 0 0 0 0 146571 87 86 87 86 16|821.22 0 821.23
139 173 1 1 0 0 0 0 146593 87 86 87 86 16|821.25 0 821.26
139 173 1 1 0 0 0 0 146601 87 86 87 86 16|821.27 0 821.28
139 173 1 1 0 0 0 0 146619 87 86 87 86 16|821.29 0 821.30
139 173 1 1 0 0 0 0 146626 87 86 87 86 16|821.32 0 821.32
139 173 1 1 0 0 0 0 146634 87 86 87 86 16|821.34 0 821.34
139 173 1 1 0 0 0 0 146647 87 86 87 86 16|821.37 0 821.38
139 173 1 1 0 0 0 0 146659 87 86 87 86 16|821.40 0 821.41
139 173 1 1 0 0 0 0 146665 87 86 87 86 16|821.43 0 821.44
139 173 1 1 0 0 0 0 146677 87 86 87 86 16|821.47 0 821.48
139 173 1 1 0 0 0 0 146690 87 86 87 86 16|821.49 0 821.50
139 173 1 1 0 0 0 0 146695 87 86 87 86 16|821.51 0 821.52
139 173 1 1 0 0 0 0 146715 87 86 87 86 16|821.54 0 821.55
139 173 1 1 0 0 0 0 146720 87 86 87 86 16|821.56 0 821.57
139 173 1 1 0 0 0 0 146731 87 86 87 86 16|821.59 0 821.60
139 173 1 1 0 0 0 0 146739 87 86 87 86 16|821.61 0 821.62
139 173 1 1 0 0 0 0 146749 87 86 87 86 16|821.63 0 821.64
139 173 1 1 0 0 0 0 146754 87 86 87 86 16|821.65 0 821.66
139 173 1 1 0 0 0 0 146760 87 86 87 86 16|821.67 0 821.68
139 173 1 1 0 0 0 0 146765 87 86 87 86 16|821.69 0 821.70
139 173 1 1 0 0 0 0 146770 87 86 87 86 16|821.72 0 821.74
139 173 1 1 0 0 0 0 146781 87 86 87 86 16|821.75 0 821.76
139 173 1 1 0 0 0 0 146790 87 86 87 86 16|821.78 0 821.78
139 173 1 1 0 0 0 0 146800 87 86 87 86 16|821.81 0 821.82
139 173 1 1 0 0 0 0 146804 87 86 87 86 16|821.83 0 821.84
139 173 1 1 0 0 0 0 146819 87 86 87 86 16|821.88 0 821.89
139 173 1 1 0 0 0 0 146831 87 86 87 86 16|821.90 0 821.91
139 173 1 1 0 0 0 0 146837 87 86 87 86 16|821.92 0 821.93
139 173 1 1 0 0 0 0 146842 87 86 87 86 16|821.94 0 821.95
139 173 1 1 0 0 0 0 146850 87 86 87 86 16|821.97 0 821.98
139 173 1 1 0 0 0 0 146856 87 86 87 86 16|821.99 0 822.00
139 173 1 1 0 0 0 0 146868 87 86 87 86 16|822.01 0 822.02
139 173 1 1 0 0 0 0 146874 87 86 87 86 16|822.04 0 822.04
139 173 1 1 0 0 0 0 146888 87 86 87 86 16|822.06 0 822.07
139 173 1 1 0 0 0 0 146892 87 86 87 86 16|822.08 0 822.09
139 173 1 1 0 0 0 0 146906 87 86 87 86 16|822.10 0 822.11
139 173 1 1 0 0 0 0 146910 87 86 87 86 16|822.12 0 822.13
139 173 1 1 0 0 0 0 146924 87 86 87 86 16|822.14 0 822.15
139 173 1 1 0 0 0 0 146934 87 86 87 86 16|822.17 0 822.18
139 173 1 1 0 0 0 0 146940 87 86 87 86 16|822.19 0 822.20
139 173 1 1 0 0 0 0 146956 87 86 87 86 16|822.21 0 822.22
139 173 1 1 0 0 0 0 146961 87 86 87 86 16|822.23 0 822.24
139 173 1 1 0 0 0 0 146973 87 86 87 86 16|822.25 0 822.26
139 173 1 1 0 0 0 0 146978 87 86 87 86 16|822.27 0 822.28
139 173 1 1 0 0 0 0 146987 87 86 87 86 16|822.29 0 822.30
139 173 1 1 0 0 0 0 146996 87 86 87 86 16|822.31 0 822.32
139 173 1 1 0 0 0 0 147009 87 86 87 86 16|822.33 0 822.34
139 173 1 1 0 0 0 0 147016 87 86 87 86 16|822.35 0 822.35
139 173 1 1 0 0 0 0 147026 87 86 87 86 16|822.37 0 822.38
139 173 1 1 0 0 0 0 147035 87 86 87 86 16|822.39 0 822.39
139 173 1 1 0 0 0 0 147040 87 86 87 86 16|822.41 0 822.41
139 173 1 1 0 0 0 0 147052 87 86 87 86 16|822.43 0 822.43
139 173 1 1 0 0 0 0 147058 87 86 87 86 16|822.45 0 822.45
139 173 1 1 0 0 0 0 147066 87 86 87 86 16|822.46 0 822.47
139 173 1 1 0 0 0 0 147068 87 86 87 86 16|822.48 0 822.49
139 173 1 1 0 0 0 0 147074 87 86 87 86 16|822.50 0 822.51
139 173 1 1 0 0 0 0 147080 87 86 87 86 16|822.52 0 822.53
139 173 1 1 0 0 0 0 147086 87 86 87 86 16|822.54 0 822.55
139 173 1 1 0 0 0 0 147094 87 86 87 86 16|822.57 0 822.57
139 173 1 1 0 0 0 0 147096 87 86 87 86 16|822.59 0 822.59
139 173 1 1 0 0 0 0 147113 87 86 87 86 16|822.61 0 822.62
139 173 1 1 0 0 0 0 147133 87 86 87 86 16|822.65 0 822.66
139 173 1 1 0 0 0 0 147134 87 86 87 86 16|822.67 0 822.68
139 173 1 1 0 0 0 0 147143 87 86 87 86 16|822.70 0 822.71
139 173 1 1 0 0 0 0 147153 87 86 87 86 16|822.73 0 822.74
139 173 1 1 0 0 0 0 147164 87 86 87 86 16|822.77 0 822.78
139 173 1 1 0 0 0 0 147182 87 86 87 86 16|822.81 0 822.82
139 173 1 1 0 0 0 0 147189 87 86 87 86 16|822.84 0 822.86
139 173 1 1 0 0 0 0 147199 87 86 87 86 16|822.89 0 822.89
139 173 1 1 0 0 0 0 147205 87 86 87 86 16|822.91 0 822.91
139 173 1 1 0 0 0 0 147220 87 86 87 86 16|822.94 0 822.96
139 173 1 1 0 0 0 0 147228 87 86 87 86 16|822.98 0 823.00
139 173 1 1 0 0 0 0 147239 87 86 87 86 16|823.02 0 823.03
139 173 1 1 0 0 0 0 147248 87 86 87 86 16|823.04 0 823.05
139 173 1 1 0 0 0 0 147253 87 86 87 86 16|823.06 0 823.07
139 173 1 1 0 0 0 0 147259 87 86 87 86 16|823.08 0 823.09
139 173 1 1 0 0 0 0 147261 87 86 87 86 16|823.10 0 823.11
139 173 1 1 0 0 0 0 147270 87 86 87 86 16|823.12 0 823.13
139 173 1 1 0 0 0 0 147273 87 86 87 86 16|823.14 0 823.15
139 173 1 1 0 0 0 0 147281 87 86 87 86 16|823.17 0 823.18
139 173 1 1 0 0 0 0 147287 87 86 87 86 16|823.19 0 823.20
139 173 1 1 0 0 0 0 147299 87 86 87 86 16|823.23 0 823.24
139 173 1 1 0 0 0 0 147308 87 86 87 86 16|823.25 0 823.26
139 173 1 1 0 0 0 0 147311 87 86 87 86 16|823.27 0 823.28
139 173 1 1 0 0 0 0 147321 87 86 87 86 16|823.30 0 823.30
139 173 1 1 0 0 0 0 147326 87 86 87 86 16|823.32 0 823.32
139 173 1 1 0 0 0 0 147334 87 86 87 86 16|823.33 0 823.34
139 173 1 1 0 0 0 0 147336 87 86 87 86 16|823.36 0 823.36
139 173 1 1 0 0 0 0 147347 87 86 87 86 16|823.38 0 823.38
139 173 1 1 0 0 0 0 147358 87 86 87 86 16|823.41 0 823.42
139 173 1 1 0 0 0 0 147369 87 86 87 86 16|823.44 0 823.45
139 173 1 1 0 0 0 0 147376 87 86 87 86 16|823.46 0 823.47
139 173 1 1 0 0 0 0 147387 87 86 87 86 16|823.49 0 823.50
139 173 1 1 0 0 0 0 147389 87 86 87 86 16|823.52 0 823.52
139 173 1 1 0 0 0 0 147400 87 86 87 86 16|823.54 0 823.55
139 173 1 1 0 0 0 0 147410 87 86 87 86 16|823.57 0 823.58
139 173 1 1 0 0 0 0 147418 87 86 87 86 16|823.60 0 823.61
139 173 1 1 0 0 0 0 147427 87 86 87 86 16|823.63 0 823.64
139 173 1 1 0 0 0 0 147439 87 86 87 86 16|823.65 0 823.66
139 173 1 1 0 0 0 0 147445 87 86 87 86 16|823.67 0 823.68
139 173 1 1 0 0 0 0 147451 87 86 87 86 16|823.69 0 823.70
139 173 1 1 0 0 0 0 147460 87 86 87 86 16|823.72 0 823.73
139 173 1 1 0 0 0 0 147466 87 86 87 86 16|823.75 0 823.76
139 173 1 1 0 0 0 0 147480 87 86 87 86 16|823.79 0 823.81
139 173 1 1 0 0 0 0 147490 87 86 87 86 16|823.82 0 823.83
139 173 1 1 0 0 0 0 147498 87 86 87 86 16|823.85 0 823.85
139 173 1 1 0 0 0 0 147502 87 86 87 86 16|823.87 0 823.87
139 173 1 1 0 0 0 0 147511 87 86 87 86 16|823.89 0 823.90
139 173 1 1 0 0 0 0 147522 87 86 87 86 16|823.94 0 823.95
139 173 1 1 0 0 0 0 147532 87 86 87 86 16|823.97 0 823.98
139 173 1 1 0 0 0 0 147533 87 86 87 86 16|823.99 0 824.00
139 173 1 1 0 0 0 0 147546 87 86 87 86 16|824.03 0 824.05
139 173 1 1 0 0 0 0 147557 87 86 87 86 16|824.06 0 824.07
139 173 1 1 0 0 0 0 147562 87 86 87 86 16|824.08 0 824.09
139 173 1 1 0 0 0 0 147571 87 86 87 86 16|824.10 0 824.11
139 173 1 1 0 0 0 0 147578 87 86 87 86 16|824.12 0 824.13
139 173 1 1 0 0 0 0 147583 87 86 87 86 16|824.15 0 824.16
139 173 1 1 0 0 0 0 147595 87 86 87 86 16|824.17 0 824.18
139 173 1 1 0 0 0 0 147604 87 86 87 86 16|824.20 0 824.22
139 173 1 1 0 0 0 0 147618 87 86 87 86 16|824.23 0 824.24
139 173 1 1 0 0 0 0 147626 87 86 87 86 16|824.25 0 824.26
139 173 1 1 0 0 0 0 147630 87 86 87 86 16|824.27 0 824.28
139 173 1 1 0 0 0 0 147639 87 86 87 86 16|824.29 0 824.30
139 173 1 1 0 0 0 0 147648 87 86 87 86 16|824.31 0 824.32
139 173 1 1 0 0 0 0 147668 87 86 87 86 16|824.33 0 824.34
139 173 1 1 0 0 0 0 147676 87 86 87 86 16|824.35 0 824.36
139 173 1 1 0 0 0 0 147692 87 86 87 86 16|824.38 0 824.39
139 173 1 1 0 0 0 0 147704 87 86 87 86 16|824.42 0 824.43
139 173 1 1 0 0 0 0 147710 87 86 87 86 16|824.44 0 824.45
139 173 1 1 0 0 0 0 147717 87 86 87 86 16|824.47 0 824.47
139 173 1 1 0 0 0 0 147730 87 86 87 86 16|824.49 0 824.50
139 173 1 1 0 0 0 0 147736 87 86 87 86 16|824.51 0 824.52
139 173 1 1 0 0 0 0 147744 87 86 87 86 16|824.53 0 824.54
139 173 1 1 0 0 0 0 147750 87 86 87 86 16|824.55 0 824.56
139 173 1 1 0 0 0 0 147760 87 86 87 86 16|824.57 0 824.58
139 173 1 1 0 0 0 0 147769 87 86 87 86 16|824.59 0 824.60
139 173 1 1 0 0 0 0 147778 87 86 87 86 16|824.61 0 824.62
139 173 1 1 0 0 0 0 147789 87 86 87 86 16|824.64 0 824.64
139 173 1 1 0 0 0 0 147805 87 86 87 86 16|824.66 0 824.66
139 173 1 1 0 0 0 0 147814 87 86 87 86 16|824.68 0 824.69
139 173 1 1 0 0 0 0 147828 87 86 87 86 16|824.70 0 824.71
139 173 1 1 0 0 0 0 147837 87 86 87 86 16|824.72 0 824.73
139 173 1 1 0 0 0 0 147838 87 86 87 86 16|824.74 0 824.75
139 173 1 1 0 0 0 0 147851 87 86 87 86 16|824.77 0 824.78
139 173 1 1 0 0 0 0 147860 87 86 87 86 16|824.79 0 824.80
139 173 1 1 0 0 0 0 147870 87 86 87 86 16|824.81 0 824.82
139 173 1 1 0 0 0 0 147886 87 86 87 86 16|824.84 0 824.85
139 173 1 1 0 0 0 0 147889 87 86 87 86 16|824.87 0 824.87
139 173 1 1 0 0 0 0 147903 87 86 87 86 16|824.89 0 824.89
139 173 1 1 0 0 0 0 147909 87 86 87 86 16|824.91 0 824.92
139 173 1 1 0 0 0 0 147919 87 86 87 86 16|824.93 0 824.94
139 173 1 1 0 0 0 0 147927 87 86 87 86 16|824.97 0 824.97
139 173 1 1 0 0 0 0 147933 87 86 87 86 16|824.99 0 825.00
139 173 1 1 0 0 0 0 147941 87 86 87 86 16|825.01 0 825.02
139 173 1 1 0 0 0 0 147951 87 86 87 86 16|825.03 0 825.04
139 173 1 1 0 0 0 0 147960 87 86 87 86 16|825.06 0 825.06
139 173 1 1 0 0 0 0 147965 87 86 87 86 16|825.10 0 825.10
139 173 1 1 0 0 0 0 147967 87 86 87 86 16|825.12 0 825.12
139 173 1 1 0 0 0 0 147975 87 86 87 86 16|825.14 0 825.14
139 173 1 1 0 0 0 0 147984 87 86 87 86 16|825.16 0 825.17
139 173 1 1 0 0 0 0 147992 87 86 87 86 16|825.18 0 825.19
139 173 1 1 0 0 0 0 148000 87 86 87 86 16|825.21 0 825.21
139 173 1 1 0 0 0 0 148006 87 86 87 86 16|825.23 0 825.24
139 173 1 1 0 0 0 0 148020 87 86 87 86 16|825.26 0 825.27
139 173 1 1 0 0 0 0 148030 87 86 87 86 16|825.28 0 825.29
139 173 1 1 0 0 0 0 148037 87 86 87 86 16|825.31 0 825.31
139 173 1 1 0 0 0 0 148050 87 86 87 86 16|825.33 0 825.35
139 173 1 1 0 0 0 0 148060 87 86 87 86 16|825.36 0 825.37
139 173 1 1 0 0 0 0 148070 87 86 87 86 16|825.39 0 825.40
139 173 1 1 0 0 0 0 148088 87 86 87 86 16|825.44 0 825.45
139 173 1 1 0 0 0 0 148100 87 86 87 86 16|825.47 0 825.48
139 173 1 1 0 0 0 0 148112 87 86 87 86 16|825.49 0 825.50
139 173 1 1 0 0 0 0 148126 87 86 87 86 16|825.52 0 825.53
139 173 1 1 0 0 0 0 148137 87 86 87 86 16|825.55 0 825.55
139 173 1 1 0 0 0 0 148153 87 86 87 86 16|825.57 0 825.59
139 173 1 1 0 0 0 0 148167 87 86 87 86 16|825.60 0 825.61
139 173 1 1 0 0 0 0 148177 87 86 87 86 16|825.62 0 825.63
139 173 1 1 0 0 0 0 148186 87 86 87 86 16|825.64 0 825.65
139 173 1 1 0 0 0 0 148190 87 86 87 86 16|825.66 0 825.67
139 173 1 1 0 0 0 0 148198 87 86 87 86 16|825.68 0 825.69
139 173 1 1 0 0 0 0 148208 87 86 87 86 16|825.70 0 825.71
139 173 1 1 0 0 0 0 148214 87 86 87 86 16|825.72 0 825.73
139 173 1 1 0 0 0 0 148224 87 86 87 86 16|825.74 0 825.75
139 173 1 1 0 0 0 0 148235 87 86 87 86 16|825.77 0 825.78
139 173 1 1 0 0 0 0 148246 87 86 87 86 16|825.79 0 825.80
139 173 1 1 0 0 0 0 148268 87 86 87 86 16|825.82 0 825.84
139 173 1 1 0 0 0 0 148278 87 86 87 86 16|825.85 0 825.86
139 173 1 1 0 0 0 0 148296 87 86 87 86 16|825.89 0 825.91
139 173 1 1 0 0 0 0 148306 87 86 87 86 16|825.93 0 825.93
139 173 1 1 0 0 0 0 148333 87 86 87 86 16|825.97 0 825.98
139 173 1 1 0 0 0 0 148348 87 86 87 86 16|826.00 0 826.01
139 173 1 1 0 0 0 0 148353 87 86 87 86 16|826.02 0 826.03
139 173 1 1 0 0 0 0 148364 87 86 87 86 16|826.04 0 826.05
139 173 1 1 0 0 0 0 148390 87 86 87 86 16|826.06 0 826.07
139 173 1 1 0 0 0 0 148406 87 86 87 86 16|826.08 0 826.09
139 173 1 1 0 0 0 0 148422 87 86 87 86 16|826.10 0 826.11
139 173 1 1 0 0 0 0 148430 87 86 87 86 16|826.12 0 826.13
139 173 1 1 0 0 0 0 148432 87 86 87 86 16|826.14 0 826.14
139 173 1 1 0 0 0 0 148436 87 86 87 86 16|826.15 0 826.16
139 173 1 1 0 0 0 0 148446 87 86 87 86 16|826.17 0 826.18
139 173 1 1 0 0 0 0 148451 87 86 87 86 16|826.20 0 826.20
139 173 1 1 0 0 0 0 148460 87 86 87 86 16|826.21 0 826.22
139 173 1 1 0 0 0 0 148475 87 86 87 86 16|826.23 0 826.24
139 173 1 1 0 0 0 0 148483 87 86 87 86 16|826.26 0 826.26
139 173 1 1 0 0 0 0 148498 87 86 87 86 16|826.28 0 826.28
139 173 1 1 0 0 0 0 148514 87 86 87 86 16|826.30 0 826.30
139 173 1 1 0 0 0 0 148522 87 86 87 86 16|826.32 0 826.33
139 173 1 1 0 0 0 0 148539 87 86 87 86 16|826.34 0 826.35
139 173 1 1 0 0 0 0 148544 87 86 87 86 16|826.36 0 826.37
139 173 1 1 0 0 0 0 148549 87 86 87 86 16|826.38 0 826.38
139 173 1 1 0 0 0 0 148557 87 86 87 86 16|826.39 0 826.40
139 173 1 1 0 0 0 0 148569 87 86 87 86 16|826.41 0 826.42
139 173 1 1 0 0 0 0 148573 87 86 87 86 16|826.43 0 826.43
139 173 1 1 0 0 0 0 148581 87 86 87 86 16|826.46 0 826.47
139 173 1 1 0 0 0 0 148588 87 86 87 86 16|826.48 0 826.49
139 173 1 1 0 0 0 0 148602 87 86 87 86 16|826.50 0 826.50
139 173 1 1 0 0 0 0 148605 87 86 87 86 16|826.51 0 826.52
139 173 1 1 0 0 0 0 148612 87 86 87 86 16|826.53 0 826.54
139 173 1 1 0 0 0 0 148622 87 86 87 86 16|826.55 0 826.56
139 173 1 1 0 0 0 0 148628 87 86 87 86 16|826.57 0 826.57
139 173 1 1 0 0 0 0 148641 87 86 87 86 16|826.58 0 826.59
139 173 1 1 0 0 0 0 148647 87 86 87 86 16|826.60 0 826.61
139 173 1 1 0 0 0 0 148653 87 86 87 86 16|826.62 0 826.62
139 173 1 1 0 0 0 0 148659 87 86 87 86 16|826.63 0 826.65
139 173 1 1 0 0 0 0 148668 87 86 87 86 16|826.67 0 826.69
139 173 1 1 0 0 0 0 148674 87 86 87 86 16|826.71 0 826.73
139 173 1 1 0 0 0 0 148697 87 86 87 86 16|826.75 0 826.77
139 173 1 1 0 0 0 0 148715 87 86 87 86 16|826.79 0 826.81
139 173 1 1 0 0 0 0 148730 87 86 87 86 16|826.83 0 826.85
139 173 1 1 0 0 0 0 148745 87 86 87 86 16|826.87 0 826.89
139 173 1 1 0 0 0 0 148759 87 86 87 86 16|826.92 0 826.93
139 173 1 1 0 0 0 0 148778 87 86 87 86 16|826.96 0 826.98
139 173 1 1 0 0 0 0 148787 87 86 87 86 16|827.00 0 827.02
139 173 1 1 0 0 0 0 148809 87 86 87 86 16|827.05 0 827.06
139 173 1 1 0 0 0 0 148815 87 86 87 86 16|827.08 0 827.10
139 173 1 1 0 0 0 0 148842 87 86 87 86 16|827.12 0 827.14
139 173 1 1 0 0 0 0 148850 87 86 87 86 16|827.16 0 827.18
139 173 1 1 0 0 0 0 148859 87 86 87 86 16|827.19 0 827.20
139 173 1 1 0 0 0 0 148872 87 86 87 86 16|827.21 0 827.22
139 173 1 1 0 0 0 0 148878 87 86 87 86 16|827.23 0 827.24
139 173 1 1 0 0 0 0 148889 87 86 87 86 16|827.25 0 827.26
139 173 1 1 0 0 0 0 148892 87 86 87 86 16|827.27 0 827.28
139 173 1 1 0 0 0 0 148903 87 86 87 86 16|827.29 0 827.30
139 173 1 1 0 0 0 0 148907 87 86 87 86 16|827.31 0 827.32
139 173 1 1 0 0 0 0 148918 87 86 87 86 16|827.33 0 827.34
139 173 1 1 0 0 0 0 148923 87 86 87 86 16|827.36 0 827.37
139 173 1 1 0 0 0 0 148932 87 86 87 86 16|827.38 0 827.39
139 173 1 1 0 0 0 0 148937 87 86 87 86 16|827.40 0 827.41
139 173 1 1 0 0 0 0 148950 87 86 87 86 16|827.42 0 827.43
139 173 1 1 0 0 0 0 148963 87 86 87 86 16|827.45 0 827.46
139 173 1 1 0 0 0 0 148969 87 86 87 86 16|827.49 0 827.50
139 173 1 1 0 0 0 0 148975 87 86 87 86 16|827.52 0 827.52
139 173 1 1 0 0 0 0 148983 87 86 87 86 16|827.54 0 827.54
139 173 1 1 0 0 0 0 148990 87 86 87 86 16|827.56 0 827.57
139 173 1 1 0 0 0 0 148998 87 86 87 86 16|827.58 0 827.59
139 173 1 1 0 0 0 0 149000 87 86 87 86 16|827.60 0 827.61
139 173 1 1 0 0 0 0 149009 87 86 87 86 16|827.62 0 827.63
139 173 1 1 0 0 0 0 149021 87 86 87 86 16|827.65 0 827.66
139 173 1 1 0 0 0 0 149024 87 86 87 86 16|827.67 0 827.68
139 173 1 0 0 0 0 0 149024 87 87 87 87 16|828.93 0 828.93
140 174 0 0 0 0 0 1 149024 87 87 87 87 16|829.16 21 829.18
140 174 0 1 0 0 0 1 149024 88 87 88 87 16|830.34 1201 830.35
141 175 1 1 0 1 0 0 149024 88 87 88 87 16|830.42 0 830.43
141 175 1 1 0 1 0 0 149025 88 87 88 87 16|830.50 0 830.52
141 175 1 1 0 1 0 0 149026 88 87 88 87 16|830.71 0 830.73
141 175 1 1 0 1 0 0 149028 88 87 88 87 16|830.88 0 830.89
141 175 1 1 0 1 0 0 149030 88 87 88 87 16|831.07 0 831.09
141 176 1 1 0 1 0 0 149030 88 88 88 88 16|832.29 0 832.30
142 176 0 0 0 1 0 1 149030 88 88 88 88 16|832.49 17 832.49
142 176 0 1 0 1 0 1 149030 89 88 89 88 16|832.75 281 832.76
143 177 1 1 0 1 0 0 149030 89 88 89 88 16|832.93 0 832.94
143 177 1 1 0 1 0 0 149042 89 88 89 88 16|833.01 0 833.02
143 177 1 1 0 1 0 0 149049 89 88 89 88 16|833.05 0 833.07
143 177 1 1 0 1 0 0 149051 89 88 89 88 16|833.09 0 833.10
143 177 1 1 0 1 0 0 149056 89 88 89 88 16|833.65 0 833.65
143 177 1 1 0 1 0 0 149058 89 88 89 88 16|833.81 0 833.82
143 177 1 1 0 1 0 0 149059 89 88 89 88 16|834.62 0 834.64
143 178 1 1 0 1 0 0 149059 89 89 89 89 16|835.85 0 835.85
144 178 0 0 0 1 0 1 149059 89 89 89 89 16|835.99 0 836.00
145 179 1 1 0 1 0 0 149059 90 89 90 89 16|836.98 0 836.99
145 179 1 1 0 1 0 0 149060 90 89 90 89 16|837.05 0 837.05
145 179 1 1 0 1 0 0 149062 90 89 90 89 16|838.22 0 838.23
145 179 1 1 0 1 0 0 149064 90 89 90 89 16|838.32 0 838.33
145 179 1 1 0 1 0 0 149065 90 89 90 89 16|838.49 0 838.50
145 180 1 1 0 1 0 0 149065 90 90 90 90 16|839.48 0 839.49
146 180 0 0 0 1 0 1 149065 90 90 90 90 16|840.04 12 840.05
147 181 1 1 0 1 0 0 149065 91 90 91 90 16|844.05 0 844.06
147 181 1 1 0 1 0 0 149066 91 90 91 90 16|844.24 0 844.25
147 181 1 1 0 1 0 0 149067 91 90 91 90 16|844.79 0 844.80
147 182 1 1 0 1 0 0 149067 91 91 91 91 16|846.04 0 846.04
148 182 0 0 0 1 0 1 149067 91 91 91 91 16|846.24 16 846.25
